# File	Original source path	Original SHA256	Bundled SHA256
1f004.png	assets/Mahjong red dragon/3D/mahjong_red_dragon_3d.png	55acb708ee62d5ab8f9f7edcf5059bdb331f2fc8762bcb6c0afac8f9e2523853	fee7afa13b1b02aa1c99f9d4440d4015963faa325fd2059cfe4dbf475b6215dc
1f0cf.png	assets/Joker/3D/joker_3d.png	f08837fd5257214390ed5a4dd59b6f8a588305819d668f1fd6a15c526e7684b6	d6da43581b347165c577f3bfb07464a5ac307be7dfbd75e9b41772fb1f24c547
1f170.png	assets/A button blood type/3D/a_button_blood_type_3d.png	a2523ad896d8139570c4ec73d2933a9930f85ada4f9be7d7ef52f1923a601528	833dbf11b820a5aabddf96eb31046998efb0bafa12c8741f373debe4d8cde16a
1f171.png	assets/B button blood type/3D/b_button_blood_type_3d.png	b4bf68fbbb9505d7414150a6067abb53136b6fb54ca55290d3afc01b77478f14	f7ece2a22fa0f46aede27e0ceebf6a4aef5eb537fed3955e905280a786c72ee6
1f17e.png	assets/O button blood type/3D/o_button_(blood_type)_3d.png	e0d88962900d5ae1d55ca31a8177cb99ee38129e345381f7f3b861a31dc95a42	9838d6e00ed630cbc3fbf94473bd68beff318d60973bf9f56b4e919837a58dc9
1f17f.png	assets/P button/3D/p_button_3d.png	b0d0ecccaf1016a47a509d2042200d8e4017d912b6be7d8393ccf3a4162e61fb	dd5e9ad6a1f2fa70e889beb1a91be89b8e80f99035af800e321490163baa0cb3
1f18e.png	assets/Ab button blood type/3D/ab_button_blood_type_3d.png	c53bc7d76512ca1270537aa4e2b1d91ad64ba7203be1ed66ba30ee98747cc7c6	d68cf95cf8e878df8d68d4abf40a45600c98e3d1ddebcea0b35434995424fbca
1f191.png	assets/Cl button/3D/cl_button_3d.png	37b533f0b54b356d5e469537cce209b5266b058c3256c8cb23b10e01b7578e69	e0549b12c0135e27b8b800dbdae080d8e9125f9117def0b82e843783d017e9f8
1f192.png	assets/Cool button/3D/cool_button_3d.png	0eec7e1990b5c0b26a8b1120b47d96fb1ea52605328124e21a6abe326347a576	e4eaa34885efd9b49790de0136a97abc45364da39d4ec84c548bbef4d5b3548e
1f193.png	assets/Free button/3D/free_button_3d.png	cfbfbf08ee68eccabbbfbf36fdef9f5231b8fba0514094d40bf931ee139a0259	e366b3aec4f31105e5f334cea848310aa8b08039ddaaf6055e322adb7e32d25d
1f194.png	assets/Id button/3D/id_button_3d.png	51243edc651fe5610f6b18e8a7cb62184b538c3de8a10cfc2330b63e922ebde8	4eaa489d62a46b5af2e2cf4f4fff5fd5e800948ddef1194995f1354f2926b166
1f195.png	assets/New button/3D/new_button_3d.png	91a749792ce9a18f3b08b1508662315339718748798c39aa7e142249f965a5d2	4c973d940baec925dca2c9991aae656023f8c43081dbeb0145240606942862eb
1f196.png	assets/Ng button/3D/ng_button_3d.png	5ac7dd78d5a402c2d4a352eb765a6db85dc4056dd8ce639f034a41921d727267	ad86720d0de2821c66f55d16f8109e16244570901ddbb46d66cc862e703fb5b0
1f197.png	assets/Ok button/3D/ok_button_3d.png	4e0d3725fc13b5537b8a9051d8f191d64b9cc2933c4d0113c05e3b4a1f0eb9e6	e3aafef70fbbd5eccfe3b4649f946112c278daa3cc868613d23fb167b3198b09
1f198.png	assets/Sos button/3D/sos_button_3d.png	780df0263772bb6492e82298c41cfb4a20e98177604c5710df77f471baaa43d1	4fbedd3dde8f537c81e1d3efef32cb1b3f480dc75a7371f71a591b3041b9ef24
1f199.png	assets/Up! button/3D/up!_button_3d.png	f0cc0b328133ab2746c2427b545aab68452c14c43a8f3be059383ab53dc0a267	aee2f46a014190e4cd5c5eac88cd3fd0c154b24833849bac47e04e2a477d3793
1f19a.png	assets/Vs button/3D/vs_button_3d.png	ca7d097ed6501963a0b45ed3753c515809bf13a091dbb325f4ec7d3c392969e4	069ec751109f781ecf1495d483331aa94befb79930a927f08971fb81c2f6aa5d
1f201.png	assets/Japanese here button/3D/japanese_here_button_3d.png	1aeb8b720e3fa2e2c16ec861916583006b0708fa5a265dcd893e2720078d49ef	082c756e012ade4d1f7b7a96b6dcc3bdac7c2c8425414af5a747f78a1594b0b2
1f202.png	assets/Japanese service charge button/3D/japanese_service_charge_button_3d.png	e97c7f20df6d3348566c42ea375410f8c72ef89cec3bbe47df303571965a90c7	2e93a06c9d14e53e7de4ba85fc885864b60a4fb0e10a721e591d3c233e318f02
1f21a.png	assets/Japanese free of charge button/3D/japanese_free_of_charge_button_3d.png	0dfb3df8a4125c12bf460e15ea9da2fe211b06a37db2f074f368fca45d422983	aa0dea2d01f0c69abec359785878e49536eb7b74a1d2856e3c205ac9e745c030
1f22f.png	assets/Japanese reserved button/3D/japanese_reserved_button_3d.png	d4933e428212933376c64fc6a308def703d9583f868a6bad20030a8ee1051da9	7674a5c49782c63383354494d6756bf1753520c3dd81f3045b8b4471d5289b68
1f232.png	assets/Japanese prohibited button/3D/japanese_prohibited_button_3d.png	b329ea48d62e4b290a2b071c2e18813ae04d92af74ac2ea4af66c9282f89110e	c96ec417c446baa494f7b10219902c712f280efed3376063d4d3edea68b96b80
1f233.png	assets/Japanese vacancy button/3D/japanese_vacancy_button_3d.png	18fa00c082921489e7e5dbc174ce1d0ddbbcfcb9cb95044012214a4f03cc9729	7e10a419901dedc469189a29aac013ef59a0048d9ae6ac8f5b378a564679c236
1f234.png	assets/Japanese passing grade button/3D/japanese_passing_grade_button_3d.png	0ba1efd8da8ac3b64db897a3843a8e218ebcfbbbeff59bd50b819e6a7b8f6307	9d11e9250c63db6036c83e23ee0d1d78d2c0b27f97bf0a0e4fe68f616a958ac6
1f235.png	assets/Japanese no vacancy button/3D/japanese_no_vacancy_button_3d.png	bee4588ef5ac3e1b52b8c7d95cc54eb7c8a61756b28de2bdf5cfe9dbf8c466b8	72b2b8f19ffa87d68adc7890b9a253dd204db73ed4ea4b9e19e0e7495d493df4
1f236.png	assets/Japanese not free of charge button/3D/japanese_not_free_of_charge_button_3d.png	3b941a6d841d49ab13101d7291b70cbc3be6da6aa0c4b82fef33229cb0aa4a53	2a6f192c9e8c5114dd7ad66ed2dec5bf452c41f868f1fcaa3fee91f8d3644eb8
1f237.png	assets/Japanese monthly amount button/3D/japanese_monthly_amount_button_3d.png	f2dd529dbf53e59d03846765fa3acb3711fe646e507c4ab19d15edf66190f904	2750b6de157562a0987019ed91873d917e517367d9325438c6705dc656af149e
1f238.png	assets/Japanese application button/3D/japanese_application_button_3d.png	0e14c9eae78eba3183eccf9370cabc5bca4ed5af473e6f078d00a1214c78b21f	e7a71ec763886c80049856c41f92969f019da9000d5f96f04eacae72e9eff0f6
1f239.png	assets/Japanese discount button/3D/japanese_discount_button_3d.png	418d90159ed28eeece4755ad96e81bb6581e8ce818547ce6b3c943a1652de854	d49d65c5805e6858fd9d1422cd50c47915777713826ed1d19ec836957faba430
1f23a.png	assets/Japanese open for business button/3D/japanese_open_for_business_button_3d.png	f7675da2d3a74316054f1cad111fd00580b87c6298d6f6b49d687dc81f837d87	5ecbb8b0ece37ddf883c1e654d919f307e3c9268a26b9e4649248168ab177e78
1f250.png	assets/Japanese bargain button/3D/japanese_bargain_button_3d.png	58e28be3143aba0ec9250505ae86b2db692a247bf66b1bb2bb928654240fe81e	c16d9adf709d3f5a09624d34fa7bc2445d0aa8d9759f524b38bd5aa7d8cb373e
1f251.png	assets/Japanese acceptable button/3D/japanese_acceptable_button_3d.png	32a21f032b530389f7c7f36f6f8d3c73ddffd88d8f17ed12ff4ae5d860fcd96c	f34e5c12af0a25b5696e46e3b10e1347fee40a2b1ed000c6e5bb3888ce73f320
1f300.png	assets/Cyclone/3D/cyclone_3d.png	4e91e9797d07fbf2a7e6e1b7d5b1af30395abd2b25ec67fe5ddf33364bb728b2	6d8c3364add34b8cd3076020ce686797e2c5c9958c47ddc45ae036fc9cd5b2bd
1f301.png	assets/Foggy/3D/foggy_3d.png	f5edd7d869423b949bf7c181def068af5000c59d5891d89786543fe2afc873fe	a27886710646bbff7d725b9c4408d1040e92f5fa73b8d70bdaccbfff9abc9ee6
1f302.png	assets/Closed umbrella/3D/closed_umbrella_3d.png	f56a5d13e3cf953020886ebcbaafe901c5a77254bcb6418018559878e8f06071	5e37cb400dfb32115bdfa133a81bfbb61a5b885bd1776d62f19481848bde2d50
1f303.png	assets/Night with stars/3D/night_with_stars_3d.png	048d4865f20d20a6c67b3634fbd97689f99b605f09cd5972176e29b0a83f01c3	81b9c5b29da49e2d7e782bde396cda640b34b67f8d2f7e41b98aa07b4b12133b
1f304.png	assets/Sunrise over mountains/3D/sunrise_over_mountains_3d.png	3cd3d1edcf5c6d804d342eaab966bce64a3771e2e82db6fc302319b4c1efdf2a	3ed4cd47c851bdbf69c2f8e9889e446a652087a6e5679d6f475f3de52495cc7c
1f305.png	assets/Sunrise/3D/sunrise_3d.png	c0c29c2c4d095cd4cd1a8bafbc8a21ad375db82e6b0f11b6d521a994e8343067	2868607407c6b84a273e21ed6e22e9ceff3db86ca39cd6b698719e7404c092c8
1f306.png	assets/Cityscape at dusk/3D/cityscape_at_dusk_3d.png	dc48a6fec5186ac7acd66423046bb81ebdbb7e4a571fae4e941c225ec6559f41	56259130b72f4f3e39286dbc966a3f74bea09c787e3e76b3f8c93d65e151ca6a
1f307.png	assets/Sunset/3D/sunset_3d.png	eaf81d22207a684c48758bb85e11d207df4a4bd4ebae21ce98f6a6a8dc8ed5a0	d99cb5f508d8a052ca6ad14cd5a8b0067709c45897d2d41484660bea1944cbae
1f308.png	assets/Rainbow/3D/rainbow_3d.png	81c60a96369047dd287b9fb54d02d29fe1e9b7fe3f00924330037e861b1fbd81	c7cc1337963bb3e91b254b20ad0a661f835f5ebab8a0d1b8e38e1af4644f73bc
1f309.png	assets/Bridge at night/3D/bridge_at_night_3d.png	1be89a2424b05cf6e565b89f298a3498d0ae16c9724374965b20db407736353c	289a245e4419b908182b8fb03facb2e37d2b75529f54bffdeef34bdeaa9c51e0
1f30a.png	assets/Water wave/3D/water_wave_3d.png	b9e2164113966a33f547f336ba5e8b3517bdc28dca7a6646fc3ade9d99e2454c	cb38021f6c4c540fa0acbdd4ae26b99ae24e5db13527bda161121b09336e5658
1f30b.png	assets/Volcano/3D/volcano_3d.png	fb44ceca45206af4f746699a52de3ef8f324c1827f64763dd2a9813871af5969	e115882c934f142aa729555f3962f8a9d20ad48a01db3997004602ede2b46980
1f30c.png	assets/Milky way/3D/milky_way_3d.png	f15827e7e2ddc06e679fe5373072f7f62341e0b28e22e1d88ea419f4b3442cde	28c8474aef6a2a659fdb5d31aa3a290e606ad602fb63825d6034ca6eac572a27
1f30d.png	assets/Globe showing europe-africa/3D/globe_showing_europe-africa_3d.png	a69baec3cc48ed5206d171f5f494e3ab06665277ec4a3acc7e6bf3962ee460ad	9a504dd31a19e0461ebae42de535644642f299224134f03d46ba9ae25d74f6f0
1f30e.png	assets/Globe showing americas/3D/globe_showing_americas_3d.png	4acbea40bef64badd9acd7430cc51318ba57381786818e3df338b7cee8f5d855	d9ee30f2f54ac98971da02d56b941719a5bdff89d6f6b50311926cbe9c3c7e40
1f30f.png	assets/Globe showing asia-australia/3D/globe_showing_asia-australia_3d.png	2425b438be805a2e54bfc1a40f93418c484c6ec392a17090f18ab3fbf62868ac	fd5ac4b9fb0147d4d837f1fe6ba8fc0ebf90a5bba2214e96ede47e5dcfbbcf25
1f310.png	assets/Globe with meridians/3D/globe_with_meridians_3d.png	4a9f820aa69194995d91c6a23432814d67ea6740acc9939eadcc8d6ad1b90546	8ca294ff3debe3d1c57179f679533ff76c3b0943d55b851ddeae1bd5648cad9f
1f311.png	assets/New moon/3D/new_moon_3d.png	d035da009afcc21b93aab54728bdebc018edd524220075d22ec9ab1f7a57d1bc	12ca6cf5513b42f11edbeb95c0126a3f7785c735d664a9f17b727246f52c483d
1f312.png	assets/Waxing crescent moon/3D/waxing_crescent_moon_3d.png	51bde6d57cc91954e10ee42bc223f661b5d7323b9d507c63ae8dc02dffd999bd	5a195d9911badba72b776f998f65d8552f39c658041f5fd3451cd21067232098
1f313.png	assets/First quarter moon/3D/first_quarter_moon_3d.png	e5fd47d4be3f2b614897eb1d379675569bf5b4e45574f4558357d76b0a72a22b	1810221462605266eaa8ad0ba86c89fc103a050b8dc7e73e3f6f61b555360bff
1f314.png	assets/Waxing gibbous moon/3D/waxing_gibbous_moon_3d.png	4723a54f69a2d9de27793d97270e34546bf5071fe7bfab5b349af123379f980d	563356922cb8ac4811587efa2bd22cc122a85da904f479d8270c2a62246f9487
1f315.png	assets/Full moon/3D/full_moon_3d.png	00dd24efe4fc9b13a020f59309d962ecd3bede581abeca5111056a8fc84c779e	4d83cf51ddb00e5e0b298ba2ff66c3224fc1f51198b0828be9a83dd721f0ba00
1f316.png	assets/Waning gibbous moon/3D/waning_gibbous_moon_3d.png	ab852de2cb4fa0dc7575fe14184adabad9db21be10a99f7b6cef6b3087514583	bb3ddf200575756d9c1682e02be84d4212538a755c014eff1c50529b338378de
1f317.png	assets/Last quarter moon/3D/last_quarter_moon_3d.png	4d5a07f28be60a408219631b1c8ffa2869793b355d9aa888fbebb189f488a5a4	c6bf9b1a9606c4be4730b11afcc2e14131de24e2d69c9c2ad575029a8545753b
1f318.png	assets/Waning crescent moon/3D/waning_crescent_moon_3d.png	9054f9b379d58d8a88fd4a9fe38324ca041773c35f8066d7bb067be3a16dccaf	c584025ba327d1e22278aa8a19ba434197c6a913c6859af71e07c4244fcdba17
1f319.png	assets/Crescent moon/3D/crescent_moon_3d.png	0a5b5192390983789d430e37582dfda343be19bf8246feda73108484771ba09d	38f0ad8b7a83f4d3d7d07fcd6cce2244955260d6599aa297a735b23a04032152
1f31a.png	assets/New moon face/3D/new_moon_face_3d.png	f5565d019469829e19f6496314380c7a6eb86da071f995f062fae57b6bfb6977	dd093deb30f33d28103f5e282d158fc8b824e2cc3b13c28b7b23132f4c584b82
1f31b.png	assets/First quarter moon face/3D/first_quarter_moon_face_3d.png	421c52df764dc7b8a53fb368cc6207ea6c6ea93e69572fd1d7b108e0441dc21c	a4ec896e45d5eeea77923ff2fb70fa4700fd5d4d12f9cbf6fabee1b25862352a
1f31c.png	assets/Last quarter moon face/3D/last_quarter_moon_face_3d.png	e3cfe060ba0e4a3d83c1cbc6623be5da2d50cbde92cc8658df4ad7028bb9d256	b08e66e23cdcc5ab157168d670e7934e28b09d5f42f9861107271c87b31b619e
1f31d.png	assets/Full moon face/3D/full_moon_face_3d.png	6c4c21b85be8e2009009844455e00b7dff00647d0fe4eb49738ec7378700bc57	8775b3ead91856f5ba886edf2e3dce876a510790936988b31fa716735e12b94f
1f31e.png	assets/Sun with face/3D/sun_with_face_3d.png	f8a161586bf6eb7635845ec8ad7bdf0672fa97947ab4ece4fdfdc1f3f671730a	dae50cc2e9271840cec1761581f51e914fafcfb66ff895f2ed1169e73cebe917
1f31f.png	assets/Glowing star/3D/glowing_star_3d.png	a8041e122bfebbc72ff85c294568561ae77dc97ae322f747292c082901a3bef7	d4bc22e9ab084a7c3b15d2fc6e435f1bbcfc9c644c5b5ba3102fd60b2d867368
1f320.png	assets/Shooting star/3D/shooting_star_3d.png	780df133da58745c45b7da2f61e5fadba3c7eeb39ac8372d6703fd01190b47eb	57fe87b1cdb2b367ea28a31b1e3ba63fdc63db658a15460973a61d064bba28b1
1f321.png	assets/Thermometer/3D/thermometer_3d.png	5bde254ad0f29e3b3280b25e52c036e7a3fbb37c0e2ac3d1e9803dd4abb83c42	412bb052dafc7f783e9d6e6792f754fd20095d4ebcf6506e29463ba02016ad32
1f324.png	assets/Sun behind small cloud/3D/sun_behind_small_cloud_3d.png	f39945a2f4b042b7d12ad67462e9bb1b6954c80f79d9b08f3c38d7bfbbb6522e	c2dac8788a6996a744d7d35f98477066f65c03b7fad0c433e5865db4f585eaca
1f325.png	assets/Sun behind large cloud/3D/sun_behind_large_cloud_3d.png	9853476202c101f1b5913da0b2160d651e491968420f0ac6c57e24bc26a7dba6	4f5ce0f45f5b1e1c92765d6720ab2d749a2a40e14400ee6d4cb0693fd86ed47b
1f326.png	assets/Sun behind rain cloud/3D/sun_behind_rain_cloud_3d.png	4e9aaa34703f42dcde99a32eef923ab0fa196d250260339259477a7c045ba03e	9b76ccafca55d3232583e53dbb2040b1d3da33648ddb641ec54b4e810e02f06a
1f327.png	assets/Cloud with rain/3D/cloud_with_rain_3d.png	75dd1e6fc5f6b92cbc222ab0b9c10e60f889af2b82453ba784ba0517ffd690b4	dda7bd23c1d8443f0bec98146a05b74e82637f856b3acd827dfd4c240c29f0c9
1f328.png	assets/Cloud with snow/3D/cloud_with_snow_3d.png	24d8b8eaf2123f475b7ca32f8dbb702cb26418621c1c1dab7c3a56fa6506e4fd	6a08087d7d814e10ce2a4f15349f4476452e85d269b155a86b9f5c32724dc557
1f329.png	assets/Cloud with lightning/3D/cloud_with_lightning_3d.png	e81dfa0546d527f3c27b265df8dd1a27a5d1358fdf711c6fb5ba01195b08bc59	742fba3c426c5c5a56be6d24cdc870c75f4ee8033a35a0443b5faa7eb5e5030d
1f32a.png	assets/Tornado/3D/tornado_3d.png	48b06fdc54ce6f8debf9dd12e6e2afb2304859f7a3e6ce5b51b1180a317c06ce	f5629b5d5d9fd4f363efbf36446faa866a326c2826b19a5f05f92841f71ea9ce
1f32b.png	assets/Fog/3D/fog_3d.png	445768dba68aabcaf7c5cc825099272fec1fe0550db9d991d6e4be300eb643b0	7cb92ae4584cc3113440c60afba78c59015e171d6b6062929681e4e70e79c2a8
1f32c.png	assets/Wind face/3D/wind_face_3d.png	15725deaeed9ba043402f676670daff2720f09c145b815140cb160b16e98317d	d02a1454eb74f613e26cdc321cd2e9c1c34a969e192857b5ecc93d78fc31f9e9
1f32d.png	assets/Hot dog/3D/hot_dog_3d.png	dd2de011487b7c1fc34fc6313ad221b81633b6d85c180622e6d56ccd88a81108	55114e3c11e9d8f2555681ca1abcfb9d2441f5069b16372afa97223c79cad02d
1f32e.png	assets/Taco/3D/taco_3d.png	33687d9e320233c811998633f5ff1ac95f82fba22d8f31a9af62cf49ea96fa44	04f7fb6401fc6e8db70f48c2200c664ecd46a92b6d3290f557adbd2fe5e165e3
1f32f.png	assets/Burrito/3D/burrito_3d.png	a8ab92492746974f8a5da00f44693ee9b298f10c6e55e71c33ab5c9192e4e712	b3d9c10488ccf6595c25a136845385aa65803e570bda009b5bdf2730cca69a95
1f330.png	assets/Chestnut/3D/chestnut_3d.png	76d51a406647e570a6596b85e37f2947c6221e13cefb09dc850e38392d98856c	20289bc9231c1abb9943ced532d8df4335b0d4d6f59e00d95417dfc4557e4f48
1f331.png	assets/Seedling/3D/seedling_3d.png	b16c51b1b36c68b87bc05b92841d3cbd25d93919911057bb0eb3648717615cc1	7d2d1c06e4966382aea2641931c7762c44576fecffdba95e940927006b843946
1f332.png	assets/Evergreen tree/3D/evergreen_tree_3d.png	4a510cfc89722a73bbb79e2148ae0719a49bdc62eb67bccc0f9b475e354f87f2	03d3dee3f5b034eb828f62c41965854d513aa6491b75e44261f6ed38ce27f1a2
1f333.png	assets/Deciduous tree/3D/deciduous_tree_3d.png	3c13998c6b866d824703327296c0317de5f079c2b31a6c22defd49d819d6e7f9	b54d1a1ccf74de09a1ca0e35ea02d775222514d44016274ec25b85ec8b9f5752
1f334.png	assets/Palm tree/3D/palm_tree_3d.png	c29dcf2e535992b76f5e400d18c0b5dfd6ad9c69f9351a394ac9d8dcc622591a	e0a87a9cc51f73ed65715ce9410fc21cf43724380649cfd1e52390c9d283c70a
1f335.png	assets/Cactus/3D/cactus_3d.png	29b605a5fe3559f5830192a5d73df0685f7b3961c49a2df1150880444f99f436	b7f432f77437b55ac6432a7ae0c8bbb084ef06d61dda6b89ed3fdb730509c373
1f336.png	assets/Hot pepper/3D/hot_pepper_3d.png	a7d7e8e2629fa035ea82aebe390eff920619cccfaa8f992091ca539f788fdd3b	0649c8d08fb522625d5796db326ff356c5a499f1431695b06223153a104c5d92
1f337.png	assets/Tulip/3D/tulip_3d.png	dbf0252b8c748da89c3436e109926979167ce9225c0b999823ef32b5a973bda5	c861e6d5615435f2392c477a5f91b6cf71de5e5e2597b69299a932ca744148d0
1f338.png	assets/Cherry blossom/3D/cherry_blossom_3d.png	e911aad0884966bbeb2a3feda131d5b5aa2fb3d70284e97b9cc1e94a75f953c0	0858a1ef509d65c5ff55d8b854c9666ee36e268b6f4c2a70554f46f0d5a5d2d8
1f339.png	assets/Rose/3D/rose_3d.png	24a9794f108eb27d8d51ac8fc1898f8cee20e19f1b4e8c063efec5215d28d947	f785849086285bd961e0b2f5c6fd108b945407299c13e1de429dc8abcccbafbc
1f33a.png	assets/Hibiscus/3D/hibiscus_3d.png	91d2d16a023e8b2f4bb8de3aeb5c3e6063d5baaacc70a29f58df7133bf215d7b	535386ea42657dd2b099d6e08ed4d8543bf60ccb60700e58589b8553a3361edb
1f33b.png	assets/Sunflower/3D/sunflower_3d.png	14eb41f2cb9afa1387e9b925a9458d8fc768be3bd32210e3064fb7f320e123ca	08b8199e4613175865dbbc298814590fc6e4284caff20b0486c1816846fbf2c0
1f33c.png	assets/Blossom/3D/blossom_3d.png	2ff4c5405a79e81d134fa27e563e9a381a8bcae7e46c014f1ac3401f5342c850	eec8eb80721be12ca247b243f33390d978dc8889278a386ef5340190c788adcf
1f33d.png	assets/Ear of corn/3D/ear_of_corn_3d.png	ed99feeaf391a301ed16480b0e6bf8bbe8e470d9e036a7fe77b4a5e19af2b696	62185e7ce28547bd41deabdde23586941fc6a3f48d844355dd0788373356780c
1f33e.png	assets/Sheaf of rice/3D/sheaf_of_rice_3d.png	9b0ecc450838f858af68fc29eba95c14dec269785a2258b3c5520e312d5eeabb	9afc06a80f65c32745e05656039dd16cdb31c20238bbd5910ab858304931595f
1f33f.png	assets/Herb/3D/herb_3d.png	d3067e96989cb432c525c47c9e79f4facc3c85b1b52651737b698fe4131e9f92	97beec5688e4f60e38ec2b29e344bdf9ce65f8357960eaaa6785d9ec36f5cb16
1f340.png	assets/Four leaf clover/3D/four_leaf_clover_3d.png	37b310abbb0914050cb033ffcb99fe25b09c4e47d1d0ef93988f60f6fd849d07	be9b92a83ee3bd23a18f4348b222481512186d22a859a01320bbfb02babc5889
1f341.png	assets/Maple leaf/3D/maple_leaf_3d.png	28004dbde0c0a6622ed4e53df0b7c0c77c3c29ad4f5b66d91819c390bcfb4f8d	101c1cb26a7c8ee156015d8c9dd174e8838fb69f02fbe5ce216f400b2da99e48
1f342.png	assets/Fallen leaf/3D/fallen_leaf_3d.png	27f45d4c9640e0f13d72831507d36a35e05db46f5907643da8a6d135217cca4d	745761678fd5d1665ed517e0f5afc74687514aa15045b88873b1bf57cc2c65f3
1f343.png	assets/Leaf fluttering in wind/3D/leaf_fluttering_in_wind_3d.png	5a7dfcacc94c57166dc2d7b0e7517981a35fcc6ed231eafa6719aee642c1d166	7e1a8229a85bd81282b9bd8228f778b759d4f95d7754ae8dc3cd91188f22eb07
1f344.png	assets/Mushroom/3D/mushroom_3d.png	cd3d240093294db7a66b3aa9570b558405d0d31dc31604fe1be46c9b4e0f836a	cbeebcc3e6a93ad5f16c0a53d2732bd42c37abdc324950d74fc9154e391df551
1f344-200d-1f7eb.png	assets/Brown mushroom/3D/brown_mushroom_3d.png	c19fc72dec6ca8bcab82fbea019984d840bef775605db4e708312b05f6918933	df458afd87b97ab5c4a60844f7cf04554c8af3917a012a3be40c76fdfc225922
1f345.png	assets/Tomato/3D/tomato_3d.png	563f6a0c3b5f7bc614689ecb724a169eab3cfc8fff9c866654529d0692b8033e	93de2e245ac70859b9f41b2d0d991f80d2fee86d98684ba62027586d45885f12
1f346.png	assets/Eggplant/3D/eggplant_3d.png	a590fa4249e50a3fd9f10e6d808109457a62d9d908f19409fc374d1be486d159	a4cf43a319421d4fd92be17bd17e990e72f3dc3d473f83bae3ab56393266af65
1f347.png	assets/Grapes/3D/grapes_3d.png	862ea99e063a228682b5b2da59613ddb2e64d7ad0144712125eb34d9cd2fa36d	ab56a6a4b7c152f2e329d93b60791183be906ad810c13906da5539771af4f5a1
1f348.png	assets/Melon/3D/melon_3d.png	72de7056826fc7854b311da62d11df2fdbd294b4650efc87d567f7e28000c268	e0ffc2ab34657c99025c5c4f85640f98ef22af843760a54a5bacf6deade6f2ac
1f349.png	assets/Watermelon/3D/watermelon_3d.png	00bacc111ae855cf0621d35ba987d519c07fb4103500edc4af2152fa6d27177e	736f23e76cde0248cefcf99c984a6096b083787f03642ca31e7e7271beb4111b
1f34a.png	assets/Tangerine/3D/tangerine_3d.png	dd21b66eb226ea4598141bd598eeb7ed037493b028fa1736712f8768009d3d89	cbc909a4944364f7dd5d96280a209ca953da37e2966dcb384390cd3c672a6264
1f34b.png	assets/Lemon/3D/lemon_3d.png	b0919ced1b7ae879f8900af4a71a001491280dbd9a6592eca808ee4801c673dc	1494cf68d38e02422cf006fa2173002406e8444066281a9bcca16a24d84212f8
1f34b-200d-1f7e9.png	assets/Lime/3D/lime_3d.png	710576d0da17da713cb282a6c46d07127e7ee2ef7a530b0802166776165ea960	8dcaf15208e29e485588190c13b8da5d9b9ae52e92f79c0e4db9c40be49353ac
1f34c.png	assets/Banana/3D/banana_3d.png	b82cd3cc7e56e70026b599aeec5d811568b507adc96473bf854096f5e67d92a5	f2ddf5c7971a932fe036abaa8dd605be08b741e425391c0c7f26fbb2998e26b3
1f34d.png	assets/Pineapple/3D/pineapple_3d.png	428706e3eb27e9c34a4740f7264a75f8bc0be6aac3f7d8999dc3746c7afefef0	32205ec5f72fcc2b9bf41ec040c806c7d2e5e94f79dd9b8f17284990010a7690
1f34e.png	assets/Red apple/3D/red_apple_3d.png	7e37f4ad4d227d283f9afad0605fcddf67406bf8c6c4964419efbd23de7ad60c	a8ad854d317925566275aea4973047dc53865ce205b1b162bfe086dc72d1b461
1f34f.png	assets/Green apple/3D/green_apple_3d.png	24c8ae85882b158d84cd9da16e87f62dc60f2c36e451b45a04f3f3601e1eb002	ad26c058bdd5b0eb0dec99d7362ea2d5aa84648064fd889ac7e0cdb3ff0aef5a
1f350.png	assets/Pear/3D/pear_3d.png	1bf8e3a7dce44a916fdb8977ec52fcf456dd5ed3581db37f5b4fadae00aa882d	b4707949a20b7c463ee1e8d1fca0b4efed591723ab824050db8c7e89451ebd27
1f351.png	assets/Peach/3D/peach_3d.png	16c8580f3d7e81234fb8dc0e2a56853efc2735d851ad26f55fba94d13341753a	9111e61d3e6c80fa6a7faec2a13f09d07bf3dcda1839064ee940c906c2f0560f
1f352.png	assets/Cherries/3D/cherries_3d.png	3ebbdc0c13ab42cdf9b5ed27f444b17e92a01b08eac76a4c893c2210e86bca73	212cd0ca7aff7cc15f5c491a0be032804951027fef44a953951cd30aef6d1606
1f353.png	assets/Strawberry/3D/strawberry_3d.png	446d640c24e146d03e8382c61ae52862848b11aadf74e7b47d200bc44d2f0223	b17271fd1308bb6e7457e8d172c5bdeb9fe174c5de82ca426757a99eee34603f
1f354.png	assets/Hamburger/3D/hamburger_3d.png	5a078744b30da58e854ab7700c501180e0b11337c9d64e33b70585c8b98088a5	e47774cb1a396a99ca8b963028bb59c0c29abebea4d725826a62b8af8d40d93d
1f355.png	assets/Pizza/3D/pizza_3d.png	beb2d1ac000003d96711ea8364815641442523285fa59007dd5b589059c74b9a	607ceaca2a075adb8d89f10bbfe450b461a5173254834ed2efa835ed55660dbc
1f356.png	assets/Meat on bone/3D/meat_on_bone_3d.png	44457c749336f395318c246ce3920a472f6e6a16840937d3eb84ca1e368df61b	159055512c190c366ecbe73ef4aae557aa758b3ea79c51bd53e151f6abfaf1ef
1f357.png	assets/Poultry leg/3D/poultry_leg_3d.png	b2edc05ff8a3b2fd21c87f884cc5e0062b276f23f6ecdb025002fc3ad2096293	560c291315849a081bf06dee74f77be7882f683d09345329107c138fddc434be
1f358.png	assets/Rice cracker/3D/rice_cracker_3d.png	d527ff0c0f6b9844718d1fe975bb3b371174e21535272d3e232d7c4dfbd4ac3b	efe2ff467af5a97ebb929d6c174c816315230e9c9b0ba21f2a04bf45292fc10a
1f359.png	assets/Rice ball/3D/rice_ball_3d.png	c5ff45239dd720ed7f41fa0449904e1bbb4f3b2b478f7c33dcc096115f31b3a1	55bc1d46f26f58ef672cd1d3208507023e150f65aa9334ad8026f8e12dfd7f5f
1f35a.png	assets/Cooked rice/3D/cooked_rice_3d.png	8fb8d0a253eec06e8f0bc7cea6f77cbe16454d689d29609349da33f18d04bf56	2c8f03819603792801f222b237e3451ff075510dddf585195135f59c1a34ae90
1f35b.png	assets/Curry rice/3D/curry_rice_3d.png	d143dd5a5abbb7018404580e44c84c9756b51accf73f25d837257f4f377db734	ad1d91fc48b97deb1ea296c8e4df081430d02472139e65883d72ac4622aeb96d
1f35c.png	assets/Steaming bowl/3D/steaming_bowl_3d.png	753c2250ef9f60fe4933e21ee1d53e6820413486f75bffc29ef092957bae583b	e78f4aef320d0d525ba9dc51cc29fd0c8844e0e68135e904dfafd668bf3eebca
1f35d.png	assets/Spaghetti/3D/spaghetti_3d.png	466b00d96569fb84dd8f975ed39ff9d8af9488a5877f8075d39c847a8323bdaf	a5e21316bb5b619b7e06048ee2a3a263724f38444d56e131f4cf842efda1f098
1f35e.png	assets/Bread/3D/bread_3d.png	648d935809d028ce4b583a77a2206d11c54ff981d392703c7fb68dd5c90f0315	df0f8831483208013f4714d596e92691bddb65addfcc8aafd59d1939628edd69
1f35f.png	assets/French fries/3D/french_fries_3d.png	b151bcc12de63b16a4cdb57a2cd71b7d3421d64550fb361bb849a3562ddedc52	4a3375eddbd14a0766b15e3eb7ba65b3a3903392618385c598bb5879b6772eaa
1f360.png	assets/Roasted sweet potato/3D/roasted_sweet_potato_3d.png	725e10e65572d344aec1cd33d1777866933aca7664c0ca66b516ca3ca7e4cc54	e5013094a6b9007b6a0af3f0a31395215b04f435de1a6fdabb35fe5a39bd316f
1f361.png	assets/Dango/3D/dango_3d.png	38d93395a79ec1478ab75294ddca2786f1405ceeb70d1604ed96f4cb928b9567	7d3350e00b6bbfb6b6e04b4cac0c759d88e3edfda09281bb66eb411589b6d3df
1f362.png	assets/Oden/3D/oden_3d.png	35575a7d60d2e7f2b6106b089fc4f3c10fc3071345927a3db49184f72d0d19f1	7527b70187dfa4ff6cb5cab8c4f96c1ab0be02725a37599e81340017a5da390f
1f363.png	assets/Sushi/3D/sushi_3d.png	5992070c8e4af0af12643e16999606b891bfd5b49b0f8aa33e9bf9e7bba5ed68	d229198d8b98090da8b0fbc11977dc0dd4be9c13166a8e365494ede326933ef8
1f364.png	assets/Fried shrimp/3D/fried_shrimp_3d.png	7f11703fa891268d380583700300b7c8cda68da2eba7b11bfef3efce19cc083e	d12185e7f0d842d1c4c262f228c4ee9bde3283b06562e7f7c365dc008403b0b1
1f365.png	assets/Fish cake with swirl/3D/fish_cake_with_swirl_3d.png	233777069f278f9f6a641c7333d0667848e886f73a4fd69317d8740fc16fcda6	859a7361709630a3ea35385ea064a438e67946c7b3de8767a96a19d6780f727c
1f366.png	assets/Soft ice cream/3D/soft_ice_cream_3d.png	085679c473ca9e25152b21b5e746c7e03a8753bba5e7daefca68efde7045e1bb	791d4d71a0fecf931e24eca8a856f52f25518b7fb0f339748fc2deb024e32a1d
1f367.png	assets/Shaved ice/3D/shaved_ice_3d.png	a74f6092a9657e5b2f67fee021c59fe76a5f26127b1ebdf2abbb7924370d4432	248aee3c23a474b1f55ce7bbfbcd0020eb27d2871f27e0967f2e87e634676f28
1f368.png	assets/Ice cream/3D/ice_cream_3d.png	cbe49b092b8e38d86e353595c8c1ccfc8d7b9803307e893b43cfb970c113275f	4685ec9a5ad56872ce47d89676208342dd9d7e9b361e83933c419700a26f41ce
1f369.png	assets/Doughnut/3D/doughnut_3d.png	5527fa6a366ad366a45f84b71432e8a54aa502debea3b53d3926c2823fcdf986	512c5ded62506c1fa570fa1465389b0559a2722141389089e9735b6fe8757b5b
1f36a.png	assets/Cookie/3D/cookie_3d.png	d3c5f5e2864d3178bf2033074c0cf679b067192fa9b5e1aa136267c7ac95d376	d069cc46714ec3f3ac0e49f340b54442902b692c02b3d89c9a1c2dfab3ef057e
1f36b.png	assets/Chocolate bar/3D/chocolate_bar_3d.png	cc1d1cf934113021204000db8e42574f243ebd668d5490c8242bb4263e79faee	be32cea1eb9bf06c7a19499ab8a9f5121d95f194d649e526c7e5d21c1e887826
1f36c.png	assets/Candy/3D/candy_3d.png	79607ed1b5a0b96117723261fb9c79db77e63b154cebbd9af42ee8ddb6776fb9	007604b74a047c6f3cad30ed571667f4a3a0b99aebf593fc307287b95e82ab6c
1f36d.png	assets/Lollipop/3D/lollipop_3d.png	7ef53e6ecee64e3f032d4a6dca45f4ab6ee32df95c8d2911f934cc9d53767ee0	69d5ad01fa4122ecd198c7b5e6538aa3a7bde2eb5599b54df0f41cd745e184c8
1f36e.png	assets/Custard/3D/custard_3d.png	08a418286840e8814e898c56616206efc343b472618f8aba6220c1a814c26e3b	6a63cb448c96c53c0d393ba773e446c159908eceee88dda59bfe4aafbfd8b2eb
1f36f.png	assets/Honey pot/3D/honey_pot_3d.png	cbaaf7c2e53ff4c1ad4100dce96438f947131cf458dcd4472ed3333d6d3269d5	4df8ed16587ea49566c3414aacb28c33ba587fa490d6c61347db1e586f1e78df
1f370.png	assets/Shortcake/3D/shortcake_3d.png	0acebe0de7e4d5393c8825ee1a233ea8780e52bfec71ab52dd3e0135e8a9fb37	e8c895ac80b764eb290dec606dbfd618c65d2b709d870d5e94b93798877d4e5f
1f371.png	assets/Bento box/3D/bento_box_3d.png	7578704a1f66d8f5bf47c4be398bd3f33c6cbce2c3900703a3eec460994d4946	10922af5782189f474daa478ab05a352d1d0b9744f78c63d480818f7f656c996
1f372.png	assets/Pot of food/3D/pot_of_food_3d.png	6cd6e6d2a80107bb017e385c40d2ac3281aff24fa6bf2ab1a912650c38c6ee8d	13d6ef71ad811bbbb2227c112995adef46f3cd337ce1708ab2d3838dabbb746c
1f373.png	assets/Cooking/3D/cooking_3d.png	bb6b8501b89493b8bf29209b87f14bfc0a347750ab693ce21fe81741c2128fe4	4cc3967ee5aa008f8a1b79b1e517a4b4cf3d9d8028a22c7c715a5a221d6c8496
1f374.png	assets/Fork and knife/3D/fork_and_knife_3d.png	c0f2eda50812fe77a3612fa2932915ec066c5051a4f44b65673e7f1f7941f63d	36738395471e1e765d7128ef96adeef238137d12ad0dcfaf32461c2cd1600461
1f375.png	assets/Teacup without handle/3D/teacup_without_handle_3d.png	dfe2e8975bab243637c9d05a2453850c99fe4a4b9c762f55fd8b631dfadff954	94437af6a09c730b21f94c7bf170c248d31d0f2a162ec9768de477f07d3c20d2
1f376.png	assets/Sake/3D/sake_3d.png	99e99389f6ffd5adec9416e7eac74a7194c817a06db9bf841b3265a8b154a518	b65039e15a13a94bc869ef49e14106bd97df8bb229be4e748d1a57b0d1a60379
1f377.png	assets/Wine glass/3D/wine_glass_3d.png	cb3ae7ba64b9418565e025ac58eec4c0719c03ee73e281685fca0abfcdf8c189	f271638505c3d1716e3b00f77b53c8953dae3f195c203f58e6465ca05f04faa3
1f378.png	assets/Cocktail glass/3D/cocktail_glass_3d.png	390f0150ce7d239440de5fd5d4613f58aa4132e64d4227ff7ba26b44db46befb	0eaaff4e20bef772d3415f18a629ded26daeb064cc08d243be857ceb8be6b289
1f379.png	assets/Tropical drink/3D/tropical_drink_3d.png	c974d1e29b90de607ecdafa7200f3f6c53dc554a45c4c79caf1308f800529c6a	2ffc76b1dcac0a741a5ee22b42f72e07bdac2d309531173df523dd93b0fb96d7
1f37a.png	assets/Beer mug/3D/beer_mug_3d.png	f03abaa231dd78bcdd5e98804398a32b12dab60485ec54466bf4efc526efc770	bc1fd0a00fa2d3cdb674d7206bfd34733384f17e9c33c509ab838441ad629b61
1f37b.png	assets/Clinking beer mugs/3D/clinking_beer_mugs_3d.png	10a5d71fcf8031ffb64e03a5df4f0bf48b97d7ee62cded393f0d2fa9cb736e7a	4b3f1be8f9a911f41a812d85be29ee0dd7e2415b6c74b93c21d1dc4e4c0182d1
1f37c.png	assets/Baby bottle/3D/baby_bottle_3d.png	fb408a1e198fb7d81e8236f1f5de7121a975a5a8b098b6e645a4b73c3a432165	b695c6ae6b3b235efec2f62e02409d263fb0e2a0941b5a60b9130e3d47d27beb
1f37d.png	assets/Fork and knife with plate/3D/fork_and_knife_with_plate_3d.png	fa0516ce35666517a49daf7a62183c053dc5e99e9232f1bf5f7fbfb08d6ef0af	e504ffbff12dbb437e66d9a37d7ecd76b1f188df379bbf9e70cc9d88fefda44a
1f37e.png	assets/Bottle with popping cork/3D/bottle_with_popping_cork_3d.png	05e5126f15a1cb73fe27227100784e353140539aeccdd8d4808f900c0231a671	1b4ad2c15cb89a08b825d3dc898753e7ca48a8de5dbcdf28ef376ee305a52baa
1f37f.png	assets/Popcorn/3D/popcorn_3d.png	28ef7634d377bd78856b9ce45ba252e4455bf82988ce7e468a89042a4d805f6c	4f66215a36c31d63c7ddc0b1c1702334f329a7a0a17572890fc4f406f413782e
1f380.png	assets/Ribbon/3D/ribbon_3d.png	c2612db2b5070992a67c56667e8b80e8344112c28ef668cbd554962b5bb63b42	aac798d94b53ddb732fdcc87a4867337672233d18d7da0d7b3fb582c7b43bce7
1f381.png	assets/Wrapped gift/3D/wrapped_gift_3d.png	fc9c446401c9fb347f4e9f47e6023247208126047d9ec32059d5e14e127fb562	f60efdd664939b36b213309993bbcda88eec5bf83b3b848b458da49287377727
1f382.png	assets/Birthday cake/3D/birthday_cake_3d.png	5c5d6961fde0fa82d1aa2242f938ff10b0327e791674c625c912f13ff206933b	c61be0a2dc47b6185936bc9299a02ded0c04c99f7cbeda699425e988a8fb7da8
1f383.png	assets/Jack-o-lantern/3D/jack-o-lantern_3d.png	8a50525726bf64ba78f853f244857a1cfc3207be4d6b47da4bba823f67b6dbbf	8accb2b68b0696507e3607d42f022b78aabbd17b67cd6b25dc0dc86c8b9eea6a
1f384.png	assets/Christmas tree/3D/christmas_tree_3d.png	79cc3bb2f59d01c050776511fec403ad87fa4ed181c0efc4b91e16be5c3898b5	64e35520923058a3047c162cee87d3108ee8c1d52c3ae02f7009a8c1afba7c60
1f385.png	assets/Santa claus/Default/3D/santa_claus_3d_default.png	a5fe776f4c44d8536cf89d33cb05b53f2abaf1264423be38ff8d0100edb9fef3	164edd62100ff15904ebc7d4355d8a5d7da933c92ac6c8fef500f6c9ef79c156
1f385-1f3fb.png	assets/Santa claus/Light/3D/santa_claus_3d_light.png	5994f1017ef63645aa7cd5fb38fadcb885f752d1654f092044439f9126da72f8	f6492ac0703f1f652f07ad00728a7bdc7a10c66343228873f578c75a2be738b7
1f385-1f3fc.png	assets/Santa claus/Medium-Light/3D/santa_claus_3d_medium-light.png	558e4de8ce67a217f073a58fef5bfcb5b079c34c308dc79ccaae1ecb1d069108	0792f3b9d1d5765d57a07d0c017463b16c42d7528193c5a91c5613361c5a1a6b
1f385-1f3fd.png	assets/Santa claus/Medium/3D/santa_claus_3d_medium.png	61dee75ce7405451bd01d4f7cb603665554a5c7745f131b425a5242c9800872b	1944aa59ac9cf6cb2c06d0bb6a445d4d9156aec6368d61f04e938229a1da897a
1f385-1f3fe.png	assets/Santa claus/Medium-Dark/3D/santa_claus_3d_medium-dark.png	39728a2a1a5f1e45cc3a7c611bc3b09bfb7b86202b489d2d13d299479f7ec97e	c047ce079f4010ce2a7f25666772fff35e6122aeaaaa956e1735e19d0664c1ac
1f385-1f3ff.png	assets/Santa claus/Dark/3D/santa_claus_3d_dark.png	a54a5984d5ebfec9899408ce7ad8c82e945c0994d76724dc9d872df3352d154c	66204625b45ba623ea0d3df764b9e12eb1ee685c663a6b19777d5828cf722152
1f386.png	assets/Fireworks/3D/fireworks_3d.png	25838694c923a57e5c7912af18893d7eb031da0b1591a1c3e648a3e7807bfd2c	29bbdb5aec3a8fe7c1ff3b55533e5b69818242f478e5ea2a911f5e2995db6aa5
1f387.png	assets/Sparkler/3D/sparkler_3d.png	972a621d1e903152335c62ee1210f54356e3b219f0685d32c4ad01f5276a7778	5cae04c837a2d28e57b819db35635e037eed5280fb3535dda72bd00c33f9b87f
1f388.png	assets/Balloon/3D/balloon_3d.png	1f3ae11652b440750cfd3e724888b3827d8e9349367cea80e57e33fd45588215	8c52ae61f0140aed3ce94a166f8de330ef187d4ebd5545e919a894fa6a7e3fe1
1f389.png	assets/Party popper/3D/party_popper_3d.png	70a8e2f9daf1646be9e773751b7f3b6b281a2415cf29c3c3aeebd9c923cdc3e0	80ebc464a0329162e81a8b2edfb6ac10a8b9f6bc088349e8f72b06526d669de1
1f38a.png	assets/Confetti ball/3D/confetti_ball_3d.png	92dc91f0566a3e103c71bf8e96ef693aa7509cf810b239203ae2d8b66a11bf0b	2fcf4d7ba97c8d1faec53de8639be38529151196300eabd938e51b84a6ebedd6
1f38b.png	assets/Tanabata tree/3D/tanabata_tree_3d.png	a4df93bbc776014817ea2eaf94de4ced544fb4b59daa3a15864bf3025eb5c5d6	a89596ca6b364e6ca87449a17d80fdc5720510767a21fb03242f4d480cbe8774
1f38c.png	assets/Crossed flags/3D/crossed_flags_3d.png	e9b896d3f3ee5f4192b8ffbdc663ceea1023866290e7111bbec08bed48d7e06b	ac113aff662b09a5ff5a20c9447c179ccf8a3da88c3f89d5f6a28eecc89ba145
1f38d.png	assets/Pine decoration/3D/pine_decoration_3d.png	4c3307661257bc71f73e12d473a84ba84cf05e57047bfc91991c6c502932aa4b	96525d3cb371c966a71102311264a312c9a8905ff49d81c01aaee999790d723a
1f38e.png	assets/Japanese dolls/3D/japanese_dolls_3d.png	1614327e39fbd872da69f00547c478443bb0f929a2d06112d15a846b26554d1f	787dcd2a2bc3a8a78037a816cf1f3a0365acfc1ea2cfbfe08a2a6f75c6b5bf89
1f38f.png	assets/Carp streamer/3D/carp_streamer_3d.png	561b9ee1e9fe23c701153d87a73a0b8463eb32967bff56e250cc5d88d00f76b7	4c161fd73b2d8f3063f1afb816cacad8decf60081474ca74ed927349f98bdc28
1f390.png	assets/Wind chime/3D/wind_chime_3d.png	17d40473592f34fc171dff041d4238e154d33431c86e0163cfd649b2cde67670	02620fd359c052d0b0b72f23900a8927b25ae5faf41fe1192904b8ea416f5f4d
1f391.png	assets/Moon viewing ceremony/3D/moon_viewing_ceremony_3d.png	3f61e613f527733bf5804f2b44c4f29e46d37991e5c38a758cd01ff1b901d3f1	00057759be34982f0d93dae95bd6369bb7a7b8fa51598a172f15cc5ae95f8614
1f392.png	assets/Backpack/3D/backpack_3d.png	f4b1256cc163f2102984a34edffd8b3e7b9d833288e838d6f3423695a61953a6	e2591c72ce7f6ecebb25dcb40c102e381465a3e6b5729d5655ab72db7bf43935
1f393.png	assets/Graduation cap/3D/graduation_cap_3d.png	af7b4d07c067b9cdb4fa7b717c1c2bcb716a893e6b134c0f33ddeefd86f0be55	96e98b2213205e30608fb81375532200b70091f72963afc2f32f7a74d6d0eb5d
1f396.png	assets/Military medal/3D/military_medal_3d.png	47d4457eb1ca2c963a3f6708e5a29ec9e4d220b3450d81a0ca8709830bdab3d7	62331f3b69198a36ed2284e5f062f6aa9d2b6bf9e2a0ad52e452a5cb7a6e4d0a
1f397.png	assets/Reminder ribbon/3D/reminder_ribbon_3d.png	5225e2c4d4e62ee005c95c127628d492bc37a1fa994e8d9f25177cb3e42afa1c	8834db315928cbf3b89cc57b3657742b6d8d7e2cc3c34c93f92a3398b01fc946
1f399.png	assets/Studio microphone/3D/studio_microphone_3d.png	7a0c685baf47e2d2d7107ff5c01433a19553bea1115d19332e5b865e2f323a61	9697fb589a2e05ab18d281f3738a5dfe441aca90ab6ad4906c560a8bb00b8bff
1f39a.png	assets/Level slider/3D/level_slider_3d.png	ecfb30de43765da1d17a21ec42f49f36f4ef6780846b0e1021989b49dd0bc902	6fd4b80958f761ddbedbe5dec41659b939a4c06f1b19691c51a1576060dd81c6
1f39b.png	assets/Control knobs/3D/control_knobs_3d.png	2365d422c70108fcf0c4529ea3a958946b134c9605974bd21cefa1c25e16b1a0	b36aa5bd53aa4714ea18b24e57a7f8f35509090691b86e6875c2499b8e6de1a5
1f39e.png	assets/Film frames/3D/film_frames_3d.png	3fa36c09de78704e74c7c02d226b96eca3c152221f513366ff930655970ba9b9	38b72b6b1709e208195ffe984dbc4979c4e5f41f6f7d1e39138c654d93e17583
1f39f.png	assets/Admission tickets/3D/admission_tickets_3d.png	e9b2b406070c40ec04f03ef3e5b8f6ce3cdef642e9fe25d4570af3514827f3fa	a659bfd09000d5358f3840f6d91d518079602ddd6512cb73bd068a037ad1ce63
1f3a0.png	assets/Carousel horse/3D/carousel_horse_3d.png	244bde9ea14779395d6fae24e7f0d37bcf346e0d819ac18937fda03a29aae903	2470bfb64ad6114721a19b70489a1579eeff667740cf8ae04278ad7f22fefa87
1f3a1.png	assets/Ferris wheel/3D/ferris_wheel_3d.png	f41b716bda7149f0fbe5885878b88d40de5602d9164c0189b905113a30b42937	bf16865b402bef9e2c543b3b2063c158fea89a7804ddd2472aa68d05962fb727
1f3a2.png	assets/Roller coaster/3D/roller_coaster_3d.png	0fea01b67725f63ca6c4b7ace1f4d87479b5236f83a898a6f81c9e1de2dd2637	e2daa6c1ceff701236f3c44742434747c1ac483a4b827bf202866e4f4aa00591
1f3a3.png	assets/Fishing pole/3D/fishing_pole_3d.png	ffe85fc48674dfd5f99aae72a82dd1802bb04167a22f8c019c34b21d295602f3	3faeb347866de9a14a48d9294be1da8cfe9404173afac0ff1d5c81165d6cd58a
1f3a4.png	assets/Microphone/3D/microphone_3d.png	99ccf1ae9f0df5a0449441da687cd5337581c029f452db8ed135f14c6a6e0121	8f8de55c2540f090e0e36ef16ad4fbadb8320e90fc3bd46ca6054b5dc10a9441
1f3a5.png	assets/Movie camera/3D/movie_camera_3d.png	1a62dfdbca5a6a9e90aeacd9a0b3781ff588f4cb96025155fb55829f4020dd0c	2019689efc76dd10a3c76b314563e4751541beee866570d6985baafbbe2a54ae
1f3a6.png	assets/Cinema/3D/cinema_3d.png	e17a8b21e27c44389c54b4c4593565da111ab841a5edf3a926a0e32b934b4fff	e177984b655b8fcc6e091e8978563371e2efc48025a517282c5f8d0183ff7938
1f3a7.png	assets/Headphone/3D/headphone_3d.png	e7c26d433340b1706f20c733558da412cbf70b1a95048d51a80eb0ed2c0a02c9	45e68dd3d461a02eeaf3ce3a035921651e9ea92e133630ff73d6cb12071f1153
1f3a8.png	assets/Artist palette/3D/artist_palette_3d.png	147e62f6523e7e923add4ed5497bf90982d22e04eb2e65ab916b743de2dbe1d2	d79c83a312912dd824843df0e6c3e5c80894ac3f203f53307690fdecf0f8fd14
1f3a9.png	assets/Top hat/3D/top_hat_3d.png	8e8cbb3755a0165960b048250e768a3783a9d91352313a48022c3f2cf9ddfd14	a502f523eed73dd6e427c11bb56bbe6769efbda437a6bcc37ea04d65da7749e6
1f3aa.png	assets/Circus tent/3D/circus_tent_3d.png	09562f2196cc978b7786b8376f628d37b9d82502d563a3769e370e922913b895	0eeb85561dc648a525e061212763dea703458ad1e85fa1f286d58bdb4838ddbe
1f3ab.png	assets/Ticket/3D/ticket_3d.png	028205d97187bcfedcb2001bd45eb816d33fb321c1bdea3d056856ba5e78c4cf	4a0a2f8dc95dd5de761b7a32acce5c14a3c47917fa28829401526122d3f01dfd
1f3ac.png	assets/Clapper board/3D/clapper_board_3d.png	1a6e2d6681865c8834b29576398f82045b170177e4e745d7bce210e80cc98561	51b83e52c1976244e200a20302d6d8d063c72bd255eee779a75da7db70f7ebf3
1f3ad.png	assets/Performing arts/3D/performing_arts_3d.png	fdf3c47ed2292c844cd4795ef4fbbe482fafbf0102dd1391796ecc182444b5c6	d4d3aa2d865ababbb785b8cfe4e9e0cf93040ee9758980517ffae1fa1165cd11
1f3ae.png	assets/Video game/3D/video_game_3d.png	4b01e22089defe553717d49624e673cb5492ecdd9c6a8eddb7e6ba12d400c0da	39bf47b8eb217be0ad18e12ba40b24f6db5424f071c1b155186987f247a620cc
1f3af.png	assets/Bullseye/3D/bullseye_3d.png	2b2a2d9eec76c5649b8207b050f9135ce666c9d94694e5577aade50c53768437	d0d98a244031fdabc3ac519f83d5659d7dfb1908e50d5f1471afbb312b49415a
1f3b0.png	assets/Slot machine/3D/slot_machine_3d.png	5c483ca5eafe2386681c282fa4149b32ddfb8070c29aea50cb3c32936e3ac8f9	5ace9e7f2d7072af8e9918bc0b69280825b9b6b71bfb89845ec2acb431e14030
1f3b1.png	assets/Pool 8 ball/3D/pool_8_ball_3d.png	64325730767d30ff6dba303ea3f56bca7b294fa204641d66eaef725b75fa77d0	7e3e3bc183e244ffdb40b93e24bbc1368cb6176c0f3c0d4245c77e1bc4715004
1f3b2.png	assets/Game die/3D/game_die_3d.png	454d51562973cf3af447db64832905d8f3fc3bbc7508c5a8bf79d2771edbbe4c	209c3558d014ae7ede729ba64a5166ace028ff1b255db6b1a5f5efaf45b2e873
1f3b3.png	assets/Bowling/3D/bowling_3d.png	8e7ad6d7cae8b96a2024b95a68bd38f4238f38fa02a234d8f0ee703afa2c43a1	9180db56c05e02274af08bd831749fd34b7e1c97381815484b509aaa60edb26b
1f3b4.png	assets/Flower playing cards/3D/flower_playing_cards_3d.png	57e6794ee3bb050185b65523cb0436cafbd9b99b4804587c445aed3ac15eb3a5	ec4dc39e2346f6cfa22864e9fd8d8712cc374fbc41d10d5a017f99c0b4c9d73f
1f3b5.png	assets/Musical note/3D/musical_note_3d.png	24f7ec2e5cdf032c3605ec8c57399f72b96585ea6495f8da59695f5ea86da2ff	daf63e142ed45c321f1bac68c2a111568036f3d4bcf9575e4327b4dd522338ce
1f3b6.png	assets/Musical notes/3D/musical_notes_3d.png	72bd5c2870b7bcad31bb591a789107c92825b7dd844006366e6fc4e1fa31ab36	fae650320622e5b3e50f53332a82897891887bda40f973d14dbd715f3434e0f7
1f3b7.png	assets/Saxophone/3D/saxophone_3d.png	3ee61258ef1bf10ca0eaf4a1804a65788566b47c3b0153043c5a9a4f57cde1db	cc263f307c6a5855b488510ee657920fdcc0d48b7e9418f891e4945285edfa41
1f3b8.png	assets/Guitar/3D/guitar_3d.png	a993e9066855f890c1c89eaa0295e75fbc5a1accb17db41fcb3b05c888fb9b27	f11dc769956d166fdfa423f1f9b56720edf76b755613e8bd3926fb43f6467267
1f3b9.png	assets/Musical keyboard/3D/musical_keyboard_3d.png	dbaa3e3571d5baf68ca705bd233bc26a5ab58b8a3cb106f54c08a61d3420a8e2	bbb9c3e4a982f011674ccff598d2eda75dc442221483217615fc28530a496ac7
1f3ba.png	assets/Trumpet/3D/trumpet_3d.png	78496ef4bc77bb188f7f49ca5c89db9a68c19589d9da874a0e73c99a18ad29a6	e80059be0c288af39e0d77726c02d1b5943fbb072919bcacc3e50676b93352cc
1f3bb.png	assets/Violin/3D/violin_3d.png	8539f986974efb1e9fa7cfba61e9e9be91756058766f63822ca77347598d2e3f	23812087797da43aadd84a7781f0e2dc08c2da952bd70c1c1347d5ea66d2acfa
1f3bc.png	assets/Musical score/3D/musical_score_3d.png	417cbba020bf72adf246d386ffebdcf335dc7e53086142754cbe794e213bc2e7	b3fc1af059a593a9575bf26702c60089f130a5d619a09530273b1d7ba96239da
1f3bd.png	assets/Running shirt/3D/running_shirt_3d.png	3b0f24e5a475b4ff8a9a7bd103779df9cf3a1adde948ffdc8cd52ea9cb7b606b	17efd14505c9665f5c7477dff37c94f95e664f4b18ba616a7bcae6868ec90cec
1f3be.png	assets/Tennis/3D/tennis_3d.png	48991f754eda621e8f84c9769189bb43cf707729bc3474b94f0adf75203fb67f	6da98259d078ff8b2afba89ee3520c5222c2d226b3cbe99505cc11f0658c3f35
1f3bf.png	assets/Skis/3D/skis_3d.png	4971603890d36a94ecd31b16864392601c980368b512e1125022e0e8cbc5631d	10c10978b46dccddf2d3c9c7eb8be1b864b29b5e211316be12456842383cb3c8
1f3c0.png	assets/Basketball/3D/basketball_3d.png	cdca1c9b81130ab7b1f8da385984bfaba3f577176bb84b927ad70cfe367cecff	299e4dc4140867ff58935e00efea995c68f7a73f5fbf581e9b80da7f057fd7b5
1f3c1.png	assets/Chequered flag/3D/chequered_flag_3d.png	7298ed973fd29a14ca32bf40885c424718e9c5117796b0c25c2fdc8223262e1c	405a83d897496e3660448af9c128fe326af60b7408697fe9f056b86d43928480
1f3c2.png	assets/Snowboarder/Default/3D/snowboarder_3d_default.png	2e0a9ee677bc35cd247314c29ad8eb45ca96d28c5d24a939a46b3b32e797f69c	be110d642f34bed7ce401938d251e609b8c99470f1780ea68bcd6e2bbfd5cb6a
1f3c2-1f3fb.png	assets/Snowboarder/Light/3D/snowboarder_3d_light.png	f2fc10ed9c013b5e28d86509f7b0c7228ee428c3cafc790c2dbe67c514287620	e9433c69e9eaf141915d3b997c125a6493b8426079b343106620bc93b439b329
1f3c2-1f3fc.png	assets/Snowboarder/Medium-Light/3D/snowboarder_3d_medium-light.png	fa69992148e57c734fadf089f4c3a9df4f94c0021c90985edc9dc2808168d741	e4534e953b6200b488b3f956282c427db569cf4aded4eca6ada7ab03a7d7e952
1f3c2-1f3fd.png	assets/Snowboarder/Medium/3D/snowboarder_3d_medium.png	64a4bcf7a6e9cd51b6ca69cee54decfbcaeb2f113ff09b3c5ade9e379fd29bf5	da7a650b71eaca99c45bbaabdd7633d9fc7406b88336efbb1ed404fc17b0a685
1f3c2-1f3fe.png	assets/Snowboarder/Medium-Dark/3D/snowboarder_3d_medium-dark.png	a7d8bb3f94e95fe802f786f0707e6ab7405509e90d41d9c9b3d7f84f0301c6f2	789105395da3ffef4e53971725428e229806e7dca32ddb2d9dfdb504d7f12d67
1f3c2-1f3ff.png	assets/Snowboarder/Dark/3D/snowboarder_3d_dark.png	441962aae172663b5a4053dce2ceee456b273a37e4b0ced20af9bccc8ec1ac4c	a3cd06c38525048d1fe85ab90e9825d1caad4ad47fd9f03643688ba460a1363f
1f3c3.png	assets/Person running/Default/3D/person_running_3d_default.png	7fb8f896fee354034305c2c202859b1a1bbfdfead8e9ebb63d4675806e75c960	0524a92132ecc2a102514cd84ea7f9f23538574970794d9acd71cb14cd05bde8
1f3c3-1f3fb.png	assets/Person running/Light/3D/person_running_3d_light.png	30807fa8f745829857357ece84c4d5bae616d7cda8f676c51406c5745290d01e	3f17b1c84eef4cb313388d12e8ce7c17fcbf50a2a6bf6567b91de841558ca2e1
1f3c3-1f3fb-200d-2640.png	assets/Woman running/Light/3D/woman_running_3d_light.png	79c6f051c72ac054b178ad5b704c21cca698e3c0bb2e6e929f030f1bbe6d14c2	45c100233416dee9f00141e0f000444bfbf43d8038244a9263703579d01e66d9
1f3c3-1f3fb-200d-2640-200d-27a1.png	assets/Woman running facing right/Light/3D/woman_running_facing_right_3d_light.png	1c4b6ba0d7f55dfa19f8994b1073e3ea1562d5011345be5bf6f29aded459293d	0f42fe235d3be5ebe8c6dfa7b49dec332b0d492efb1b235774ea487e18eeacdd
1f3c3-1f3fb-200d-2642.png	assets/Man running/Light/3D/man_running_3d_light.png	9d4e9f3766bd12e51580408ad87c6a2e2f145db8ec8b069a08b9ce248daa76b2	d5bcb5e0e5a4850b178f6638ac572f618e5535caae1027a28ed6e34d0ad7adf6
1f3c3-1f3fb-200d-2642-200d-27a1.png	assets/Man running facing right/Light/3D/man_running_facing_right_3d_light.png	1497c30e0f30537e25622483097075994bed1347451f28e4c0667596241db752	d4436ebe5612c125b816f956805f844f27ceb5eb06049e81a3e02b1731eb1683
1f3c3-1f3fb-200d-27a1.png	assets/Person running facing right/Light/3D/person_running_facing_right_3d_light.png	8db523f59600930ffe0f115fcba05318f4b04a3a3d5ead2dbf359d5126556661	694e7807b7a864014bfb220abd98f0490fe75cbefcd3ce15f4d690f85eeca3fe
1f3c3-1f3fc.png	assets/Person running/Medium-Light/3D/person_running_3d_medium-light.png	bc4f02ab9c5758719a3ff3379931d7827cf54478ea7497f630cf6e2b37a30eb0	01b3899557237d0362e3a2ad76729fe537c19b27e953cf4e6653b4f266812c76
1f3c3-1f3fc-200d-2640.png	assets/Woman running/Medium-Light/3D/woman_running_3d_medium-light.png	8b9e2062d5e6f5a7a6238dfc74edadad71c27950e0ee4c0ffb808af132827886	5f6ef83aaa1879d880144d4441f99d0d05c445e16ceb5b7baaceb2f13a9ea957
1f3c3-1f3fc-200d-2640-200d-27a1.png	assets/Woman running facing right/Medium-Light/3D/woman_running_facing_right_3d_medium-light.png	3a67de9318ffaf6959e85e9805d04ec6e06cdfb5dd853ec1445cf76ee41c4cb4	c1bb9bf3411f6e3f6a684c583fd63c45ef47d33fcab7084a6d2dc25f37c4d9c8
1f3c3-1f3fc-200d-2642.png	assets/Man running/Medium-Light/3D/man_running_3d_medium-light.png	a499bd52cedb35990c038fab151de8618af9d0d10a2fce9db68ac982614bc461	029bb2191992cd85922268ed6060f8cddde0f5eec0b8f6f5a51474ad2053f2fd
1f3c3-1f3fc-200d-2642-200d-27a1.png	assets/Man running facing right/Medium-Light/3D/man_running_facing_right_3d_medium-light.png	1b6c4344383c4282ac525b9591625887ae1bf9623abdbe1ecc05ef40f9428c66	76be543f32ddf9dccd4267bb9f1f550402a099c2f57acd299dd0428156491f51
1f3c3-1f3fc-200d-27a1.png	assets/Person running facing right/Medium-Light/3D/person_running_facing_right_3d_medium-light.png	17bf0d83f4167972b6a66c0b7d593bd31ee3c40432dd569b3a5befb1588a288b	fb18963a24e47bec7f62bca39f21d0af6491ef4486ed86c9de551be262d8b36e
1f3c3-1f3fd.png	assets/Person running/Medium/3D/person_running_3d_medium.png	a4c71602779ebe42f0b2a839829a93026b8a593dfb0ed435f7f8e59d6d69b963	a878131a66824253342dcb56d6b1f92a563998f18eae5590445903a6f1e09060
1f3c3-1f3fd-200d-2640.png	assets/Woman running/Medium/3D/woman_running_3d_medium.png	40c91d8a46790d08a9728aa70f1f397a87943470fcd7213c6bdf4c10247ebc16	5132d76eeced72960607e9460dc2fe09ca66868b4322661311f8b9902eed61ff
1f3c3-1f3fd-200d-2640-200d-27a1.png	assets/Woman running facing right/Medium/3D/woman_running_facing_right_3d_medium.png	ee665263bbdbf88d96bf191b0d2d0ff1127aea4077e545396643685418f7b2aa	f72fc552dc9fb7683a00ad74c7ea3ed04c058de761e95fb8d5c0823e478cc831
1f3c3-1f3fd-200d-2642.png	assets/Man running/Medium/3D/man_running_3d_medium.png	e67d9e790980cf43f58a712ff3f2f18203f24c96fca302312b9c23d4d69c081f	0a890db1e36bfd55f2e541359516d99e1c9326427ee210f9ecc2dac3a945a677
1f3c3-1f3fd-200d-2642-200d-27a1.png	assets/Man running facing right/Medium/3D/man_running_facing_right_3d_medium.png	fb8e12e8c869eb6c247628e168edbb376cc5189197a700af78a22e2f20daa81d	d62de2e7e9be37dab4de86abbc47187dcf2cd390fdffcfaec3047b9317c17539
1f3c3-1f3fd-200d-27a1.png	assets/Person running facing right/Medium/3D/person_running_facing_right_3d_medium.png	2ba90cb9fbd6fd33702385f926bbaa35c343cef20ec6b87584722fdbd256c4c7	f77e73a28a87de090b33b72f5b483ea99b06b59211c2594ea43a03728b1dd6ac
1f3c3-1f3fe.png	assets/Person running/Medium-Dark/3D/person_running_3d_medium-dark.png	aabc9f73843c4227f2f7a04f3b32a783fb72ac0092bd4050e5436156e1713750	5d6cccb273b64b41f46e6616bb2a262c56ed058b0671a508f0dd27c9ea7c9b0c
1f3c3-1f3fe-200d-2640.png	assets/Woman running/Medium-Dark/3D/woman_running_3d_medium-dark.png	02c01cbb54856c0eed4b53e1394d201b5b09d3d0eb1da0ddf58391baa160128d	f1b2d25fdea63d0c104fd13eae33eb99e55d9580ba4dcf204f3e5e3c3e630cdf
1f3c3-1f3fe-200d-2640-200d-27a1.png	assets/Woman running facing right/Medium-Dark/3D/woman_running_facing_right_3d_medium-dark.png	118f70a5c3feb3cc3d0d7c8f854dbffc6bd7d85a0d76c3e842df887320ddcb4e	840889da85d8fec1f8f69f57f3fa1a917df5ce2e08363eae02bbe3f40c6848e3
1f3c3-1f3fe-200d-2642.png	assets/Man running/Medium-Dark/3D/man_running_3d_medium-dark.png	5d3d9a03c41d7e0696b596469ae82d06a158f56640c8e826cb22e354b14812d4	e2ca2b371b85ea046ba5e34b246cf268fa74a9a4423b0fd32d2ef376506d026c
1f3c3-1f3fe-200d-2642-200d-27a1.png	assets/Man running facing right/Medium-Dark/3D/man_running_facing_right_3d_medium-dark.png	9d82f113832ed167b50e3f3065ccf91cd103785ff23ddb57a84b2441aa50908f	d1d2fba455817b0810d0bff2914505af65551d872b37cc9db2dc720cddf5186c
1f3c3-1f3fe-200d-27a1.png	assets/Person running facing right/Medium-Dark/3D/person_running_facing_right_3d_medium-dark.png	1c9e0f35ea7e0f26fc4d0f9b0f33fa553f6081255fd3669fd4226043adccec68	b5ac1af6c8f24fc62cf5cd193ce9e3a7c26ca18e2e760af9ff528a8979ba2bd1
1f3c3-1f3ff.png	assets/Person running/Dark/3D/person_running_3d_dark.png	b1545113ccd29ea5a39f7caa2b58356e57dc0acf1ee33047a5191296b9966311	c16395cc79ba9b64401f7e25af97309d5f211c4982f088615880aa9d5279de4a
1f3c3-1f3ff-200d-2640.png	assets/Woman running/Dark/3D/woman_running_3d_dark.png	715406fc3159c62acdfe0ea5bf755f40e1fb1aa49725d0de7c3e3a81b4dcc028	dd0869bb4fef6e99e059dfc832b0dc40031d3fbf675694da930b312b25eeb6a4
1f3c3-1f3ff-200d-2640-200d-27a1.png	assets/Woman running facing right/Dark/3D/woman_running_facing_right_3d_dark.png	ac35b55fe15c06b80fd46d33011110bd97dae974a6756c278da5c1eb39a0a1b1	a6fc27a98ec43dd2530f320fecf42f44bfe0131323ce5a42f4ef041e0b02a26d
1f3c3-1f3ff-200d-2642.png	assets/Man running/Dark/3D/man_running_3d_dark.png	f3c699cc4fb1871ff9afa22d2bf6739e6b52a2c8ff9aa36b0dc8aff8c4ea38ef	6170ad5af20a3cccbad91a7c77ca17ac4217b6a420f36c5586fc3cdd5a1ab7ee
1f3c3-1f3ff-200d-2642-200d-27a1.png	assets/Man running facing right/Dark/3D/man_running_facing_right_3d_dark.png	e1a86e2c4375a3caf550f992b09004fd214c1ad2afc693ad237229404714fecf	fccbcb6bc93734c9d1aed004f36dd290c9c84fbb0616e4935401288545dc13c9
1f3c3-1f3ff-200d-27a1.png	assets/Person running facing right/Dark/3D/person_running_facing_right_3d_dark.png	5cf498154fdfb685cdf35659f62e5ffc9a5e29f4a34a795b52f5b91ad3e519f8	e607bc628522444275db6e7629b54681d6e0d02ef1f5a8e51bd9ce5fd0e54757
1f3c3-200d-2640.png	assets/Woman running/Default/3D/woman_running_3d_default.png	4ff2e0e211114c23f5ad3d4fb90684d6c560654668c6f2090a161553b52fdc7b	ec009490ac36ccc79c9eb5e432edf95a2ca4fa34a177c9b5ab0d26012a30b3e2
1f3c3-200d-2640-200d-27a1.png	assets/Woman running facing right/Default/3D/woman_running_facing_right_3d_default.png	d7e3e763c9558eea6f841cd029abeb9c8f79a836cecb81dad00f6383cd197d33	5858c9f3aecf24df618ce9ef8f3c13448c5175722c47fd4cc2fb7dc0c56ed39c
1f3c3-200d-2642.png	assets/Man running/Default/3D/man_running_3d_default.png	a0b7f40bf270b84b9e153524b117253da7302d13d032cdc99afe842b1e335b86	a74b0a9a1a6363e6c16e6bb82d97efa2a6d8a22040c3a7b3a1090637ca80d2f6
1f3c3-200d-2642-200d-27a1.png	assets/Man running facing right/Default/3D/man_running_facing_right_3d_default.png	d9eabba3fd02d6e377ac1f265e9cd916ed4c282e4968faa728ebd629ca3817d7	57e90b2a203b14de96b7e71c7ab59f9c44ff2c9b9422a271c6cb5019908b6560
1f3c3-200d-27a1.png	assets/Person running facing right/Default/3D/person_running_facing_right_3d_default.png	02ee8b0ed13e1073ee5716193d586a35bbfb504d0035378110796a5b13ff77a3	f570680c0354b828857d4e2f668f6e98d2e3d584cc1f8b70edf4203306f70453
1f3c4.png	assets/Person surfing/Default/3D/person_surfing_3d_default.png	fbe16193f7370b17f98a9a4ecfb8065876ba6e0c981062e9bc0b8b72e4c63497	5e7433c6becc085fb3456f8868c60d4d5f240c231225796469824d1f42b25daa
1f3c4-1f3fb.png	assets/Person surfing/Light/3D/person_surfing_3d_light.png	ec8932f5c1e136ff4428e355996f920d469c0f910e8794e9d7d27139c4db07c7	319a84fa92096547b2a7000e72a87739d035b4722ea0f22338747cce5e27a2ac
1f3c4-1f3fb-200d-2640.png	assets/Woman surfing/Light/3D/woman_surfing_3d_light.png	df1d656215b2c477461aca1296159b848c9ce677ff22425fb96b3dbb5b1a5bb9	373792e4d1a87298fb1baa0a57990fb839c6c9b08c0a3d1e49943c169b6e8b76
1f3c4-1f3fb-200d-2642.png	assets/Man surfing/Light/3D/man_surfing_3d_light.png	501a96847f35006ca93794c6772f89844e8f9134bb8c0c1e9794400b577f87c7	f2426ee2efdb88b48116dede8529d420dc5fdbd787bb52f6ddddac349017809b
1f3c4-1f3fc.png	assets/Person surfing/Medium-Light/3D/person_surfing_3d_medium-light.png	7da60a6cb63610193ea5567778bc2d5525a98de7bd7502676897a69a755cacdc	432b694597b9e448664f876cc142f41f8bd83c6c22eac4af31491724c0cc6168
1f3c4-1f3fc-200d-2640.png	assets/Woman surfing/Medium-Light/3D/woman_surfing_3d_medium-light.png	15ec5aa630f78fa821de199e55dca44508e5c0fd1ef3489ae8daaf9e33265c59	5408d8aea6d8b1a6fff59082d06b00fa8a6160a74215f144ff95876978d0fac7
1f3c4-1f3fc-200d-2642.png	assets/Man surfing/Medium-Light/3D/man_surfing_3d_medium-light.png	53f5c5820cc679b0de624526bb37dbd3a4ee735e361a0f60e7cb6b1806c974c0	bda3be13539b0d5455a6d8534c383678aae226fa1ef7b1d4aa9c0fde4c181823
1f3c4-1f3fd.png	assets/Person surfing/Medium/3D/person_surfing_3d_medium.png	f2a218d4609f0da07fffa14275023f42686ac5c4ef69f6b2d85e2e165e9d3f71	c3523f5094a1117cde7e5560a5baf80d81f8e69bf4b79b9642d58b845eebcd56
1f3c4-1f3fd-200d-2640.png	assets/Woman surfing/Medium/3D/woman_surfing_3d_medium.png	e5689c5fd82c7520dbad679a39abfe0d8ab4b8c1182894b8d50003099a514f66	9eb3642b816404852a1f053b2b8be7123cc23831bfa9f034073ab590542f53e5
1f3c4-1f3fd-200d-2642.png	assets/Man surfing/Medium/3D/man_surfing_3d_medium.png	08ea658e95f3ac2622c450562e073cf61119b630d72eddb00e23ccc8699a7bda	ffe1de3f6a96acafbbd425db0f8a463cf59eb5510179281ea751308c4522e96a
1f3c4-1f3fe.png	assets/Person surfing/Medium-Dark/3D/person_surfing_3d_medium-dark.png	655ad4bd126ae49d55635745cd5fa03bbf6c1daff7061e5af8196b65d6de8113	ee66fee5b387073935fef1044a8b1e03005c02947df665baad16d6de94de4002
1f3c4-1f3fe-200d-2640.png	assets/Woman surfing/Medium-Dark/3D/woman_surfing_3d_medium-dark.png	209181214cf68a7ba68814351fd831d224069855d521daec8d880eef1b674291	cc2a448452a57dd4dd8fd5e4cf8dad93a4cd8ed4213db1f799290a84b86be827
1f3c4-1f3fe-200d-2642.png	assets/Man surfing/Medium-Dark/3D/man_surfing_3d_medium-dark.png	b280e1f4dfac92805f5de0ba67fa7b9a45ac931222174b283b8b6289d55a1384	a3dd36415436ddc7fd302b02202fdb4765953f04ef5c6e3ffb1acebc537301cf
1f3c4-1f3ff.png	assets/Person surfing/Dark/3D/person_surfing_3d_dark.png	9de17328324c39649612cd46365eb0b623e1e64b1896c1867bf3e5bc1cf2923f	36fc334859aedd0abc91f03b26f0d0fa25b136614ebba3dc04fe3cff551f06e5
1f3c4-1f3ff-200d-2640.png	assets/Woman surfing/Dark/3D/woman_surfing_3d_dark.png	38bf5b4fa9944cee2a2aee593331e1e3c9a21bbec45b5071a04406721a8e365a	ceb018ec68bf62cb0c2f894ee2b117651be7f6e5cd63c3902cb607bc1a748260
1f3c4-1f3ff-200d-2642.png	assets/Man surfing/Dark/3D/man_surfing_3d_dark.png	ba446155988b63f87d8624a5106c9ee67f8a1ec3688e9f1059899faa7ad18052	45db990c4eb7f0679159bcbb29a83c982be7f6553632c091e98b6956255a10f2
1f3c4-200d-2640.png	assets/Woman surfing/Default/3D/woman_surfing_3d_default.png	6492fcc65777614fbfb4bd7356b21a85c718f4ba94bf03d9793f2fb737273458	4531344924215c2b6a8fe6f0df7aed58bcb8897105f0db802eabcd4728c60275
1f3c4-200d-2642.png	assets/Man surfing/Default/3D/man_surfing_3d_default.png	e9d0f8e44a1466918a8b319ed80bab5414f691b50cf62c9fd5c71ac9a4508a7f	d756d018371975dd53b123d3dbbeb56bf230545db33dffb0eb07c1338b4a60ae
1f3c5.png	assets/Sports medal/3D/sports_medal_3d.png	7d62249a2978fb4be1bb6286d6dbd569e8cf1013d760ae89e7a38c63801c0f5c	c44dbd7803384cb5114c14e01a8f36d5d77da56882bf46a19c8794d03eeab2ec
1f3c6.png	assets/Trophy/3D/trophy_3d.png	7c4a9805f354eb2aec35063a95a4043306efc726324c0d128883f24497857bbc	dc3654e8aad4e8e6c9b6fd06b5f5f02b570a42e098fb9aeca9049d50e74eef31
1f3c7.png	assets/Horse racing/Default/3D/horse_racing_3d_default.png	cf73e9ac2357526fa499e9c68f268e1a668f80d45be4f8b4a07f34309bd79433	dc676a2c34be6d94f6f24119628b720aac41954684830e7f0f454affe6ae1fc7
1f3c7-1f3fb.png	assets/Horse racing/Light/3D/horse_racing_3d_light.png	97359e79c0242d38ccd782788e2cdf1db0d226e9011799d2850d01dc02f05b89	55f721e06c1f38fa8f867892269eb825556926292d40df94ff46ad151386116a
1f3c7-1f3fc.png	assets/Horse racing/Medium-Light/3D/horse_racing_3d_medium-light.png	1c0d975a02fb7392840a0ac70906e7f2bbbdc42b91ba4027477573e9c2c10836	ef1d22fe052e67a586391f1c8239dd554ffb912b435a3f478f56d5f8801afeff
1f3c7-1f3fd.png	assets/Horse racing/Medium/3D/horse_racing_3d_medium.png	8fbd1da7de45418600ad8f9d5813be7936e282196a56006840794281aa4de4b1	e2f9ecd7d2aee5b390f71eef33eb302b43540c7e7fbedbb83f8a045ce94a9256
1f3c7-1f3fe.png	assets/Horse racing/Medium-Dark/3D/horse_racing_3d_medium-dark.png	7d597977663285b648e63fa6f9ed7cf9910979579abaab6aa70384759533f6c5	737fa5a5d6601c216f6ca159e4065265e657fe6d47292d02e6aa3b74b46f79f5
1f3c7-1f3ff.png	assets/Horse racing/Dark/3D/horse_racing_3d_dark.png	866ca188f27601676160e62a1de799f1b8f530653e29426feb546f687c05a63f	0d33a960fb229fec9413baa19e75f13376dcb13453c5c17622b533e249042cf6
1f3c8.png	assets/American football/3D/american_football_3d.png	c88dfd0fc165b8293cb6fcbe8bc4bf131e021204909418e3944833ee0a749c31	1af218f0a5266df7adf4edf338cb62c0888c481d11f560232a0f397ebdaf8b8a
1f3c9.png	assets/Rugby football/3D/rugby_football_3d.png	beba563d3e0de02f39ea9220e3aaa624fd7a0175956af4e1636b4605785b59f9	76216ed67a2c616bf5e06a73fa22e0e13242cbb9203f52147b3861bba32d3001
1f3ca.png	assets/Person swimming/Default/3D/person_swimming_3d_default.png	41ab0f7ae63a833ca887dfff61b5057e227752f2a2ac568125c8c0cade4f001f	002723ed90a18310d84f9274ec0c7555ff2c9bc161c1a35a1823d3c785cedfa5
1f3ca-1f3fb.png	assets/Person swimming/Light/3D/person_swimming_3d_light.png	5997240cbfd1b777d44824a2b3c9ea3e00926b0051553535b7106fbc871d4c7a	31c316f2a9c5f6f1abe9265a740c0c9a7c39b279d1a3975be86f7490eaeb240a
1f3ca-1f3fb-200d-2640.png	assets/Woman swimming/Light/3D/woman_swimming_3d_light.png	64de6bda73cbec935c0e6d4fc95163315b2c1bff87feefacc369be7e85dd0ff6	5bb1ed397cfcdb0c58e36e999d1604c99e84bbf8ded9b15dbffdf6007246f058
1f3ca-1f3fb-200d-2642.png	assets/Man swimming/Light/3D/man_swimming_3d_light.png	353f73b27e6d4c67f1b3018d0120aeebca2049c0d3ac455d1217493ff957b234	0d4d7d172ec741e3ec3663738e62ebcf58c76ec56f7a3c697eba92e1d186eeb7
1f3ca-1f3fc.png	assets/Person swimming/Medium-Light/3D/person_swimming_3d_medium-light.png	1cc19405155dc94e3e150a0117b72ba96024cd2c1d7c671516b65cf2a7f5dabc	d01dbe6bd287f1adcb609071850f9e01a5ed77bed161375edc5100402b5ae006
1f3ca-1f3fc-200d-2640.png	assets/Woman swimming/Medium-Light/3D/woman_swimming_3d_medium-light.png	5be0998c84d681ac496c27add87c7f3d2a2ef2606b70938065d02256c2c43d27	a67fb4524046353464e9d3ab124ec14be9dbbed23c6b211d811c90294a5558fc
1f3ca-1f3fc-200d-2642.png	assets/Man swimming/Medium-Light/3D/man_swimming_3d_medium-light.png	429b8ba81858d08db22d26e87b8a00e238c2f2ee12f98c53ad323cdd7999a8c0	6120859d97a465771c4d1bc7575a2037dfae40fc91f7d4ab98b2b8c4b0faf85d
1f3ca-1f3fd.png	assets/Person swimming/Medium/3D/person_swimming_3d_medium.png	afcdd3e222b9aae0b57ddbaa321a5133aea83ce7adf632cebd44147496b5861c	08f796a128d64c218d2eccc40189c885244742bb4d0531e70d1bd6f2b1a785d1
1f3ca-1f3fd-200d-2640.png	assets/Woman swimming/Medium/3D/woman_swimming_3d_medium.png	94df910e80922d132e8092a1b4ef8d8e8eaded54d4280b9349649c8bc93ffd73	e835ecf867257ad694a89d9cc41d951d188ba3e1b70856782455f88555ff0e66
1f3ca-1f3fd-200d-2642.png	assets/Man swimming/Medium/3D/man_swimming_3d_medium.png	ee7801af2db6a76c9ef1eba8e1db2c1de0bc3a8e94527d7da0048c86a97c83c3	43f114892adcb9f15280fe894c929659308b9bcfd1a346f2e588b1ad346048a5
1f3ca-1f3fe.png	assets/Person swimming/Medium-Dark/3D/person_swimming_3d_medium-dark.png	b859708b67494cfb3908707f52434adc6f976e4e1e676710a7b91de67871437b	fcc8cf99add7bbdd0fd3bed35ca6df141947a822614a37ccc178c0a2b1dcc33d
1f3ca-1f3fe-200d-2640.png	assets/Woman swimming/Medium-Dark/3D/woman_swimming_3d_medium-dark.png	6b0038f22527f5178060e22d48c2426eecada8c0790671bc41d82000989e566c	0b0c7ffe68ef4ea1201d2ffdff98f927cbfee4bef48e7835a9dc6226ced6757c
1f3ca-1f3fe-200d-2642.png	assets/Man swimming/Medium-Dark/3D/man_swimming_3d_medium-dark.png	61eab799763069025c695c8f29c935af446547b654bc1863e819e78d9a113caf	930f910dd1a1efd9434591d3cc50579fcd7a605f9a15bfa7e205309b2dec3048
1f3ca-1f3ff.png	assets/Person swimming/Dark/3D/person_swimming_3d_dark.png	ab8e04b481ecd68b2aca8130c32adc8e4311541358fed2da72c750f4ccfca3a4	bec7ff8611592010f0265d6ee3594c285b6b311508834535cc15224936a79fe6
1f3ca-1f3ff-200d-2640.png	assets/Woman swimming/Dark/3D/woman_swimming_3d_dark.png	8b61f9cad09bee18c2fff43058f15f64139bf0280a6185cf98575a5dab56e592	a7c5c9a227823a27c1dcf3743ba82139e9d58e6bd0d4cd8195f8481dddc0b75a
1f3ca-1f3ff-200d-2642.png	assets/Man swimming/Dark/3D/man_swimming_3d_dark.png	df15c7380488595d19dcaf8760da391c2eb5b32a752f74ef7c9e8fe61451d3fb	700b4fd52bbd12cdb6f71eba7e7815456c60ab8738a7bc8da336cce7ba333c15
1f3ca-200d-2640.png	assets/Woman swimming/Default/3D/woman_swimming_3d_default.png	a57b2e459c8d8aad8bd814d0eeea12c17a0848d167832ccd2844ceff91cc9183	097d82fe346d84385182a30a0a4a81b06af93c149ab86849cf7d64d461dd92a9
1f3ca-200d-2642.png	assets/Man swimming/Default/3D/man_swimming_3d_default.png	540deada8775ffe960cf89b7a9aeaa14ff24ca85dc6d753a6c8b36704a603fe0	3f88738f32bfa1764d5e5fb226b7e9ff98257cb0c984f4671ef2d59987f26fba
1f3cb.png	assets/Person lifting weights/Default/3D/person_lifting_weights_3d_default.png	b08e5800ccb886ca234d96197ba94e5dfcf2a851c0a71c40224696f84d82e75f	cb0e5cf7e9c2ac49b19cb7cbbd7c5712cc8cd0d8e007ed200d768eeb1a981c55
1f3cb-1f3fb.png	assets/Person lifting weights/Light/3D/person_lifting_weights_3d_light.png	f207c668f934c4f5f8222895e112d1f978f595e097dd805e146bc91b75ff4d21	4a94c4a0da0886f9e164d4f4997805ead58378b2eec6022ead469442af340aff
1f3cb-1f3fb-200d-2640.png	assets/Woman lifting weights/Light/3D/woman_lifting_weights_3d_light.png	2663fd1a757529fa13773ac61c2f033189e8b34fc5c198947c55d83202b7711b	704924ccf55affdc7cc9821c307a0d1380bad0e39880592c549ca1e50832b7db
1f3cb-1f3fb-200d-2642.png	assets/Man lifting weights/Light/3D/man_lifting_weights_3d_light.png	2069d45a183dd17724b2368675117e1857607bcf2aea7fd8464382ffde4ae743	d233034c68a33008a3e42d2076b5974323ab42a565b20a1bd5f69db8158c3048
1f3cb-1f3fc.png	assets/Person lifting weights/Medium-Light/3D/person_lifting_weights_3d_medium-light.png	86db35d3f6be8f496b98429fe8a597ff65e2fa9b7ce30fefb84729d80386a18d	517e59884026aa6be0ae11431a23d83a531e05efc38447908b129abe2eb0869a
1f3cb-1f3fc-200d-2640.png	assets/Woman lifting weights/Medium-Light/3D/woman_lifting_weights_3d_medium-light.png	bb421e2d920e1b304cdc007fd0b7380265938ad6d1a45fc8433bce2f3f73926a	d4c3ab744b6178db36343c01d3680da3aac9c075a3c6cdaf1804e25a14411368
1f3cb-1f3fc-200d-2642.png	assets/Man lifting weights/Medium-Light/3D/man_lifting_weights_3d_medium-light.png	4397987a77288724d518c4351be4302ff756b81d6e781a0ed8ff14c21757384c	ed3e5d6956492c57aabb07303145f6ddf579e6a6900446b49fbdefab464dfa65
1f3cb-1f3fd.png	assets/Person lifting weights/Medium/3D/person_lifting_weights_3d_medium.png	e4430fc28538c88a444832f1e78c67fdb360849dd5d63c582572eaf1434cecdc	2161a8f7dd9f50fd1eb937f14838262c6dbd95e6a791e835edbd1596b50819ff
1f3cb-1f3fd-200d-2640.png	assets/Woman lifting weights/Medium/3D/woman_lifting_weights_3d_medium.png	b349f15a6e41b2144ad06bef37d07fbdc0e4e496a40e44b9ff4ee6ad8d5f3fd2	22d53b2dfe7641f34027b0f0b42961373f8581f9c602a24b3b5bcef15cf72f64
1f3cb-1f3fd-200d-2642.png	assets/Man lifting weights/Medium/3D/man_lifting_weights_3d_medium.png	f44f9b699c2cf7b545020ec34a5c2e9c4b49e37682e99716785cc7eb263c15a3	f509af1dc258eb22a991e28e5e75604028e19344a7d235c5982f56900cc82c5a
1f3cb-1f3fe.png	assets/Person lifting weights/Medium-Dark/3D/person_lifting_weights_3d_medium-dark.png	5d79e79a407932f6b6a7525fd4a33e79e8799d1d9b4ffa1bc300775bae162f45	2b793eebe0754199aade3bae22d0296769ebc1b3c2edea8728e31fdeeba8e0b1
1f3cb-1f3fe-200d-2640.png	assets/Woman lifting weights/Medium-Dark/3D/woman_lifting_weights_3d_medium-dark.png	ea541c3d53b1455628924b489010eedaf86d34e812b1a29266608f78038a567a	01498150515b37477db3c2efcfed07c540471142ae75256b4500f5f4a028bccb
1f3cb-1f3fe-200d-2642.png	assets/Man lifting weights/Medium-Dark/3D/man_lifting_weights_3d_medium-dark.png	a2a90b5ecae363d18c7b6b27b688c40159af61eb38ee6cde58b32d0e43b8eb54	7d4c54b4618bfd6356c559cc0082b3e94a97b2a956a0ee43d10d0aef56b2eafe
1f3cb-1f3ff.png	assets/Person lifting weights/Dark/3D/person_lifting_weights_3d_dark.png	3a91dc9a9d8d0d81fa607b5024014e7afa1c1a35895bd9219165e9b05160e90c	3b304f816942e0633517ed4f01285882995838f604d91598c5efd9e4b391e214
1f3cb-1f3ff-200d-2640.png	assets/Woman lifting weights/Dark/3D/woman_lifting_weights_3d_dark.png	0223127e16c9b4da838874478a4b2963fc3b4ac5d39c9046f463dd0520b8d443	5532fd303eb19566b1d5bef2dd3151f0e7ba34de02a87a065b74351c7d78bd2b
1f3cb-1f3ff-200d-2642.png	assets/Man lifting weights/Dark/3D/man_lifting_weights_3d_dark.png	0e1a156801b0396927d4593447cad55d71b8d21ca69d6b0210d07d85ec27777d	26caac280b59eb8450b7404cde583ed4c671c92a7ce89a556f284643beb3fefc
1f3cb-200d-2640.png	assets/Woman lifting weights/Default/3D/woman_lifting_weights_3d_default.png	4b3eed3bc543a54bf24d08cf88db934724ef21f9232d67c9f6ec225ee8e00b6d	a57a027dac8eacca1ba366bba0039ed691a424b600f0338ac6e3152de20afe21
1f3cb-200d-2642.png	assets/Man lifting weights/Default/3D/man_lifting_weights_3d_default.png	36005da53a4a174d4dd769d4e54f4fab9f2716edbe77073025b2a0984fe3b8f6	f216ae31b45f020561493fa3fa1b4f3b5810e5e4836d41c2f15565d490a494d1
1f3cc.png	assets/Person golfing/Default/3D/person_golfing_3d_default.png	05b970a20b6b4b1b116cb596ad660cb055f5c5ae43588f729d8edb0c9febf7bc	e2222737cdc4f4517a7ce3da8892d4332ae937e7cb7c9852977b505f3ee75a5c
1f3cc-1f3fb.png	assets/Person golfing/Light/3D/person_golfing_3d_light.png	3c6f5bcb98d306b67e7010d21f6a87bb0b717b33b9ba0ffc18e22c8212676457	da36dc8c8c494fabc88b27007423f3bd65298a011a45fcb6052750bd51a86174
1f3cc-1f3fb-200d-2640.png	assets/Woman golfing/Light/3D/woman_golfing_3d_light.png	03d6fa1228d725363733eb420ce6faa3bed54487127d6d29f1d23631a8043666	da0e165f7792b70c0c4b4298f66c0f0d45ddf97066ab2a93bbf39994c3174bf1
1f3cc-1f3fb-200d-2642.png	assets/Man golfing/Light/3D/man_golfing_3d_light.png	655878202bada22b7022d4e73cd9c18d0e1a958955ec196b285c8f2b65d8dd3a	d7d8d04dc12af4aa296adb6511e5e3a0783271322c8f6a5d400d3d8ef789f10c
1f3cc-1f3fc.png	assets/Person golfing/Medium-Light/3D/person_golfing_3d_medium-light.png	ef3485c5c18d00c50586ec6041acdd02b0b1db80bc7da48dda6c64433e9d942d	4e8804f55e19fc9cafe580d5f4be05f3db71e43cab5ec0357e9f70e972796796
1f3cc-1f3fc-200d-2640.png	assets/Woman golfing/Medium-Light/3D/woman_golfing_3d_medium-light.png	f472c3de55dc58e2983874c5e05f2300cef2f7a2b859b95e5c863f8c5d7d0f8c	8576a249b0044862ca6d52cad5cbe5aec1cd530425705da6f2d58696fb6dda5a
1f3cc-1f3fc-200d-2642.png	assets/Man golfing/Medium-Light/3D/man_golfing_3d_medium-light.png	f6ea6de10f60b99c1bd3266c8bbbd574bdbca521dcd2f1757fbcb6572be5d206	297786c3af3f5483220edf4d00f90cb1b328fe14b5d7b5a2aa0feb7725e72398
1f3cc-1f3fd.png	assets/Person golfing/Medium/3D/person_golfing_3d_medium.png	9124b60d2e2712aed97cf1e35d3466b4b43ff378fcf53a5acd6d96381c4a49f9	ed4add6c7f496c93c79e3c1f2caf8051fcaa890d90f48ad7ecc695492e237ea5
1f3cc-1f3fd-200d-2640.png	assets/Woman golfing/Medium/3D/woman_golfing_3d_medium.png	0b0434f89678b54d6b61b9275939490be73b35ca302fa60fdd4c8aebf5d9a6f6	18a870f6e55b6e7f7a7ddfd01a66c034b8d438f1eb9b6688953080bbe296af93
1f3cc-1f3fd-200d-2642.png	assets/Man golfing/Medium/3D/man_golfing_3d_medium.png	f77aa11fb8e91982713cee686d33f246b8fb114e36fc12d4841c3d1214de5fb7	80b17c868bcaaef0ff2ed70f20839977c1e9d802426b1f12f0689e8813eda2cb
1f3cc-1f3fe.png	assets/Person golfing/Medium-Dark/3D/person_golfing_3d_medium-dark.png	be683d09218a4554778fc423f9545d36d9a250c23b28c770a18fc053f3f6355a	522c9264d5e655a2640ac9d64d282bdffc5f7b9d2fb90beadbd8ace78372bb36
1f3cc-1f3fe-200d-2640.png	assets/Woman golfing/Medium-Dark/3D/woman_golfing_3d_medium-dark.png	e17a2270c59ad61403c7073b77c31c1dcffe37dfbb676621ce9d2dfd5a9d9bcf	6f38ef682b1fd1812780d9a06836bc129a214d3031180a3c491e85fc3b68c1cb
1f3cc-1f3fe-200d-2642.png	assets/Man golfing/Medium-Dark/3D/man_golfing_3d_medium-dark.png	ca7590e2c4ed78f4fa430ab68535a8767c344dfda103529a9ff9ab775fde624c	8f87823523561e5842a62b474cff92299fd23a2e637937d0afc06e5190a0749b
1f3cc-1f3ff.png	assets/Person golfing/Dark/3D/person_golfing_3d_dark.png	ed63c19fd1a489b24da10b52b1ae9a91a46c8e47a6084eb6c5d2302deab44219	c38f6dba1ea2a3746a4c388d03a4c0ea72376b5f41d7cc3e1194033867ee46b7
1f3cc-1f3ff-200d-2640.png	assets/Woman golfing/Dark/3D/woman_golfing_3d_dark.png	68d29aa27ca49a6ebe1ff104d9722f87865aa1ec029af3c08f2c2d41667e03bd	2c99e5a793e10716885fe72c4c24302a1fcc4a413ebaa581cc55792834e92993
1f3cc-1f3ff-200d-2642.png	assets/Man golfing/Dark/3D/man_golfing_3d_dark.png	599159904f76969b3519936490b687ea76a0b363cbb6fd750527f103b8577841	0e6faf0bcfc44b0c3d758bcfc51b2789c667dd567dd28911d3d8709eba9f2139
1f3cc-200d-2640.png	assets/Woman golfing/Default/3D/woman_golfing_3d_default.png	02f35d8887291275cc5abd6aec90e36f6c506d3e9fa26b36394f6ff7f3ba63f0	ad0da5366208fd738be7a9747262fa4a0fc14d879aa3d6d75a5c043b0ef10a70
1f3cc-200d-2642.png	assets/Man golfing/Default/3D/man_golfing_3d_default.png	6bcbc3bd0e01a7dce1217467408914d4ccdd9bc42e8049de45996f7486f70a12	6f20b79be36236622e00f543e3da160446c5d483424822395c610ba1f545d5d5
1f3cd.png	assets/Motorcycle/3D/motorcycle_3d.png	b1d42d17357d5480ad92b92942a550d870601dbdd3cac66a300dbcc582eb0619	3a51c5c9ce645e5dfc8e044de7508d4d0dab8debf64ae947f1621aed15f6e93a
1f3ce.png	assets/Racing car/3D/racing_car_3d.png	c4bb8da165432f0d29670fdf5da79b14045a9707d51225e7138338562daa9c75	16f3bdba834a6a41446f463fae21d3438b1cb1699eb5e8b1f4dc54226509f1f2
1f3cf.png	assets/Cricket game/3D/cricket_game_3d.png	97ca986a348edf2f555c04519b74578140e58e31e47e2a8862de20134142bd1a	9bec665eac5264333bb2fdc9e24d65300853c87f83793b81f21c183b37082231
1f3d0.png	assets/Volleyball/3D/volleyball_3d.png	684b85d6e0db2180ea0f337328ec39597a3141d7c6d504f44aa72b5eaa8d46a7	e7f10d566c401329f1b9db53a8cad0a9a72eb3387c5c293a6c1ea720d21a3d44
1f3d1.png	assets/Field hockey/3D/field_hockey_3d.png	f16d14e304f0e4c130a49cdf8d3f9c089d11cd73bbcbdb94523db19efdcfa4fa	f5166e585caf0ec4144f57c38ef0ce1f012706d711df826e036e10909159ce97
1f3d2.png	assets/Ice hockey/3D/ice_hockey_3d.png	83a21f6f53b4e428d679e0e4cbd95a306698dd1331c6811afa3bdd4dd2738b81	2d2af3b4c0bf812d3e3cff6db256dfaf037e9ef632d8d84141adc9603b7041bc
1f3d3.png	assets/Ping pong/3D/ping_pong_3d.png	869db5098a622899967e236f5ad5c93b4bb9b3710095e23b3197bfe013a8070a	e1d56686a6ff2e0894217f0e05bf7dd714066744e0d208f36916d8ec22e6152b
1f3d4.png	assets/Snow-capped mountain/3D/snow-capped_mountain_3d.png	d90e27d3ba0502337756afa1485977da8d5580b60f08c0fa9a1128b60f3f2035	7195f60181777bbc8155158e5dbf5dc88885b235dd2e5fc28b8d4566cbf54aa5
1f3d5.png	assets/Camping/3D/camping_3d.png	c3b9a78c1b6df54884512f64b5b249feda7b071de29160cf4f4e28863cb87e62	2da9c69bf1cf5ed1a22fe3cc6b7377703a2e1c5110c93fb1069c0c0359d68cf1
1f3d6.png	assets/Beach with umbrella/3D/beach_with_umbrella_3d.png	f1be4e3c04f152edd10eb5d44d850d09b8b3166cc27ca76db1aa19e0106a7cbb	28c2afbefd218cd68f6e75f557a361679c2887464dba9b03b5e424ecfeebc609
1f3d7.png	assets/Building construction/3D/building_construction_3d.png	eb5fefdc87925b3a86084672c3bfa9c25d4b41dab01d19a1c3877ec6f2213b2b	f8a378bc8a468ac00f86b0ecc0452d8715b71bcbe04dd78baf970654e3adb782
1f3d8.png	assets/Houses/3D/houses_3d.png	d053e03d151568a94b5f2b1f0cb91ae84ece3f942d8e94246a9905f41051e7b6	02a7a6a9353faafacaa7962131e8ce5eff269128e115a8905ec89b889006f068
1f3d9.png	assets/Cityscape/3D/cityscape_3d.png	7b47d6331e8ed149495dd78d403c7066eec22c05d835ef87a6148bd2ce5aec68	e8f6c361304a3bdc34b7f6503c4e83bae021d482a7edb5700df1d138a8b68093
1f3da.png	assets/Derelict house/3D/derelict_house_3d.png	e720aa3d3964ec7d5475f41c84aa9cd78c5c81b6b8a249459125c42b05d08149	bc29cfe76525a9af223b815fab914fa9692ba8ce9871cca3e78e21b20b6cfc75
1f3db.png	assets/Classical building/3D/classical_building_3d.png	b2a54a07b3f3bed1766254a37afd44f2237a3e5e76f88275215135cea994f8c3	c82f603cdac7ac70b39bc91ca0dc6fb973a305a30beedea4f25876f7275423a2
1f3dc.png	assets/Desert/3D/desert_3d.png	aef2c400f62926c4b47ecf8ec0e92782ca906d4ed11ea193b72eb79f4d912ba3	1ec903f5a81602cf0d7b932527e7e3b0f3bc57fe6286e5b1396cd2e8d7b92bb6
1f3dd.png	assets/Desert island/3D/desert_island_3d.png	8ba252c3390d681b29ffb302cfc28027d8f13e7d5e18617761f60420f2257242	4c81fd81ee8806a9bee582d203b47d3ca1b8b5ab98564997e8a70d38a99a5437
1f3de.png	assets/National park/3D/national_park_3d.png	7923efeea75cd3ebfaf5589064b7ea5fd8c89d68d17555c5083f28483300fc48	91f40f39ad796598fe053f2d2152b2d23f1049faeb8dd1b52daca2fe22d6fd29
1f3df.png	assets/Stadium/3D/stadium_3d.png	e8951b5815f54244377e690941865e73197fe428e5b2fcb00479f540234876f2	e5bd6a75631cacfe337ac8879a562398c2703dde50f9779cf84302c243836b0b
1f3e0.png	assets/House/3D/house_3d.png	0279b073321551b55c86a10dc2fff5bf66c8dec895672004da43482c5a1de87c	6a8a0c19c9200a369eafb838b672e398b6c07aeb44fcaa058167d8ae8d9c4b5b
1f3e1.png	assets/House with garden/3D/house_with_garden_3d.png	57f676a85409d18348c069cebf35b4b4082498b0ddb783c54166eac15d402b81	f5ad5a6a48fa1bec78fdcb88b670e349669d1bbb29e3fd719fa9cd30603a158b
1f3e2.png	assets/Office building/3D/office_building_3d.png	a7bb5b154e6ea40eb22c2221333d51522c65ae0021320801383fe50ae32b0649	50cbbb6b3c50f81e02609ea04fb61c8bee11010f7ed767877092dbf94cb23d3a
1f3e3.png	assets/Japanese post office/3D/japanese_post_office_3d.png	6eb69a109f65a5fd5d516ee7f3475e132110bbe9921fe2498bb9bdb8e2656e96	b17a532d8b9ae283f34d683034e3e93597920799876d7509d29a845d04b566f8
1f3e4.png	assets/Post office/3D/post_office_3d.png	14490c982ce87ed28b4612121edf8847cd629f361bb4e4c8bb08a5110550abb5	660cf44f8e3b5a820782f786193969e923125840bbe9dd8cf8ecf843c0c0217d
1f3e5.png	assets/Hospital/3D/hospital_3d.png	efdd62ac17fe3d726f82c67fe22b08d14138402648409ef4fe48d3e89f80d837	6ce8b82e1dd43d448732d92c71a00ba26b84b7488fe0f7c1aafc00737b94c0c4
1f3e6.png	assets/Bank/3D/bank_3d.png	0f2cede0a2ec7e6c4463341969fba70a46ab4647e1c4c1a8a9f4c7af28130067	92ff109910612ff6000a0b52a7d718aa8e48e13a0cff591cbb34a17e7142f8cf
1f3e7.png	assets/Atm sign/3D/atm_sign_3d.png	4f10d8a55aaef5a7282a3c42588b434e71a4b72e1d1d9289751d2de2229ef1b3	b814b9b37a24c244cc7de0707420b46d0f603b9ffc5dfd38ba38a6f364a7ec8a
1f3e8.png	assets/Hotel/3D/hotel_3d.png	c96882c404d9ee6240eab2c3ddbf6189fc7c68f53224643a72283ac84015cd20	35ff13e5a31a106c86e4a331f80c9a70ef52488ec97eb237fe09342981d71cbf
1f3e9.png	assets/Love hotel/3D/love_hotel_3d.png	38f97b890564f4c0c61de1b701d549267f6f1e98978deb7676ec0afee671d4e7	b6d194b4e0c960ef6b94b4f94e1b044e49b9ab427dbbe9af06a5de02bd7ba3e9
1f3ea.png	assets/Convenience store/3D/convenience_store_3d.png	cdc2ef03afe122787dda924fc1a2fbaeb114afe4372bb28aef68a61d915d61c5	bcb1988b1ef35caba98e1df9534b00c672b8c7e66fdd51bf216a368195d20e54
1f3eb.png	assets/School/3D/school_3d.png	fdbd89cc0e4e7a80b776fd12275bb1c7867e364b3017aee7e5a0b736e332ec24	b46754e3df912423e21f9efd7d792d0992ee673972312cc1f0cf01478a1d1e43
1f3ec.png	assets/Department store/3D/department_store_3d.png	671fe9fe1255ddb8324504d7b14435899d67192ded70685cc89c203c16fbadf5	31009d88ce37753b05736e380a05a4feaac12f33dcea5897120309448443c403
1f3ed.png	assets/Factory/3D/factory_3d.png	4b2d8cb50ffd54b8958d33dc19c4a0164e0fba762384d108e3863bfa91633b22	3df11e42a99eea19a00599596daa21aa493d4fd71b3ce52caf6a063ca6c89061
1f3ee.png	assets/Red paper lantern/3D/red_paper_lantern_3d.png	f3d13bb1a9163fb575359cfcd4832c75de605cdf841614fb3b914dcca4a803e8	ac07b8e1662d3170bcfc48fe2fffcb2c4ba3c27dcad85a785be29ab146a40ad5
1f3ef.png	assets/Japanese castle/3D/japanese_castle_3d.png	51174cafd057f830034bf72fb68911ad6764d1ea0db67c24cc63f77791411f2c	952e075c37a27c27c0ee6c212aa6c184cb12cc3c11a40b7ffae24a5109560788
1f3f0.png	assets/Castle/3D/castle_3d.png	4b4444c9397626ecbc6f1503b0ff3859156ded020d71986d0c2a1655e72cf5ca	d7acefbc75f571e354ed217d01c5110c15989d44492ca5366d59d8b2ce55bb91
1f3f3.png	assets/White flag/3D/white_flag_3d.png	d4e05f89e613d79694a767c39bfefba05965b0d72ec85e4c0d5564d20eb36eba	794a046f7b2a579d85b839e9e7caee6580329939a830930818b5db101d651844
1f3f3-200d-1f308.png	assets/Rainbow flag/3D/rainbow_flag_3d.png	d904057062db58db71685695aa552b7737a0349494faed24f6b77bc518e29d06	015c05ee94c2e4718b119cc7a71855ccd803ebfd692492c7cbb96eb7c0f07e88
1f3f3-200d-26a7.png	assets/Transgender flag/3D/transgender_flag_3d.png	23ade81280f4415a1949ca548f5cb90fd0ad6b006765f901a4e0dc5c0491235c	5302df29517e33d3f734b6f8406c5b4db6dc6eecce5678fd29f5a020611b3b08
1f3f4.png	assets/Black flag/3D/black_flag_3d.png	cb71b38ec91af04862cf7290e7294d603097021ff9c24196268fe8bd6ffc1812	ffbebe57296b6cecc3c8673d94e6a85730cf7f59bca32da7aa2648503e022925
1f3f4-200d-2620.png	assets/Pirate flag/3D/pirate_flag_3d.png	b1a2260078b367cad922afaebee3358c40de028ffe786bb050670e9c436605c0	b8a6f530f475d7fc2f9dfab9760fb71ece074018f71ee6316cfa66e2aa99b3d1
1f3f5.png	assets/Rosette/3D/rosette_3d.png	8d88bebe5e89d0bf9635459b266edc8a3a5a70727bb198487ee899254e625d5c	0ca37bc38589e558871ec40c51e3261b1774058398dfb565a7789eaf44d73e68
1f3f7.png	assets/Label/3D/label_3d.png	42d25018165b51539a3598fcd48ad8d84731b6642295d88b050531a8d17a5945	8a23310efa12dae18717fec6de030f8e8db77e7eb512680ea70e38663ff972f7
1f3f8.png	assets/Badminton/3D/badminton_3d.png	ca2ecc2871111703b41ec34e2b450b687b6443faf83462cea6a6cfa0c7617fbb	52f627614eb59ef0dead1f35b454f3a3ff9ad780d1e0ac3f0f970d2b056f64b4
1f3f9.png	assets/Bow and arrow/3D/bow_and_arrow_3d.png	963951282ed289fa7c75a6922426c78c4853eb1ccaa5bf8f162f1acf722c2dfa	5d03f3f24cf81bc20c0b3432e8ced50ad1d002dc998e83d84c232a56d66c30e9
1f3fa.png	assets/Amphora/3D/amphora_3d.png	8873f7a81f05194a4558e4bd84deac04da85737e23a98bc35fc2e52a8fcd08ba	4ebf31e591cd97cb10c47890cb778a2cc55cbdb1a13112b151ab1e422cf8c5ef
1f400.png	assets/Rat/3D/rat_3d.png	1275c4c937385c836ec756e5c2c3ca7d017978e978057c9ac09814e5498a18f8	f6f0775fdfdd7e49c0de6facd73a8dbf3f2b45b6b6c4716115d08f2f681b9995
1f401.png	assets/Mouse/3D/mouse_3d.png	8a75bd33bf8ec02a707bbfcc634f153c8e379cfacf6f9b662bbecb0976303077	24af4497ecee3a305278610722efc4544d1b06811019269b5f703c1d4e9ac492
1f402.png	assets/Ox/3D/ox_3d.png	fd1980b4674d2b3fdd7983f9b3ba17f141a3e18745f6cfadd465490e47e2f313	028d12b8484467938829eee2f3c7e86acf300224b0be70e4fcd3ef79f54e078d
1f403.png	assets/Water buffalo/3D/water_buffalo_3d.png	c7511b688e810cc7380f18e542b645a3c6b4554f4e2a73b41eb11573b868858a	95d49f58676241ff61b6a1b126fd51bba50d4583ffc8c8e0f07fb3cbc0607678
1f404.png	assets/Cow/3D/cow_3d.png	38ab704ca4ffc464f7ac13ab05fe525c2e0e628d2a3e1fb12d51af4114b7d110	598f51b45fac7331e0f7419930a900948d531c59d4c7704f982ad43375bfe045
1f405.png	assets/Tiger/3D/tiger_3d.png	ebea0cb7d52cd5f16c053f05dce3fffd81275481bc44bc2d95812d3dc30a502a	dd7af442e6c3b3e432ecb2546020f21a6df1390b5532a30917a0930ef74777e4
1f406.png	assets/Leopard/3D/leopard_3d.png	59e20bf5c7c4b2edc0e568afaa7e4d82ea4be5322b85cbef99aeaaead77320d8	c06c8c59372c4415fb8d24eb0196bcea380c92305222dabf32149761da75b232
1f407.png	assets/Rabbit/3D/rabbit_3d.png	7562dc09000d602286688df3adf20a082250b7d944348cc5c76639fc5a9c9ca4	54666806e94fe1dd0640090cc62f0eddaac128f4574b5c6f2ff10c3c11bb2857
1f408.png	assets/Cat/3D/cat_3d.png	5d3fcbbfb0be45d9be0ade47fe4eb1b97d33130fe67d46a8db697e434f13289b	87376716eafb04fe60009d1e260b5ca513574201cf905fb4805d1ae2d3ca0fbe
1f408-200d-2b1b.png	assets/Black cat/3D/black_cat_3d.png	fdfca4afdc8f2b771ada8ffa5efd848fd9dcab747b8fe9ca8f7e806557648ce8	f214e24fd6020c5f98f9d7f9eee7c2020f5b578b4cfa312a27c0a9143d116719
1f409.png	assets/Dragon/3D/dragon_3d.png	c29e7f01b3a376bdb2ce55e2b631fa00395a3ea9d0d4870b8475d494ba760f34	c2454113fd29dbddf62647c4854caa070257bd821d77ecf46a01b7711751e38c
1f40a.png	assets/Crocodile/3D/crocodile_3d.png	defa9f80af9049f9dc3e5f9732712c0f0bf6d72a8dcece2901a28aa4186bc75c	b1b2b930d04abf8946aa6ecd1d61e055088f678b288b95de030de3f5b293fa2e
1f40b.png	assets/Whale/3D/whale_3d.png	f5c6da4e8e26ffff443017efec37f881b41c81f08320488ffa62bcbd1031b9ce	0d73f2ac939251e47895921078c73e4731152c07a31838720784b977793fed62
1f40c.png	assets/Snail/3D/snail_3d.png	4520e1a8ab0d83d7a42d7dddf8529be7d5c3b31bb0f7f4d79a44279748da2d9d	0a095c680d4595026eb886c077ad6871882df9afdf7b407dfbd96b3c3b180721
1f40d.png	assets/Snake/3D/snake_3d.png	3d9ad552f970ebcf8d9adf27d0d08b4f783646a25378d6283e956e2f73c0466c	06b7b8aaf258c13ace8f4e8a0373cb8fc106f8cb5f38fa25c7e0797452d9285e
1f40e.png	assets/Horse/3D/horse_3d.png	ff0729b37bc624b02e115e2e5b52c1e92461a3764751a65ce676f4ee26cef72d	6e499ca58833c89f5d3b499924d95f831220dafb33f67c0b74a66833f3725be2
1f40f.png	assets/Ram/3D/ram_3d.png	687f91a098861f58999a1936373bea8890cab8318cfec3dfb6e5955d7983d996	d9007b4647f44c8f70051c16fe0f744ea09c0c8911a549b5ff29a3ea0e7a2180
1f410.png	assets/Goat/3D/goat_3d.png	eaefcf17760065c1c208018e06c0860f920b045cd418538330a5f80d51b0940a	595f74c3078b307071f385abe392db77ed865fc3c89c724ed53408b354747f16
1f411.png	assets/Ewe/3D/ewe_3d.png	e82c2a988e7e6310a7cb444ed1db508a038831b7bcdb07ac9581ad1db8624499	bb2060240b63d95d110084af360d049f329ae3df8170a91c87e3c9d769204438
1f412.png	assets/Monkey/3D/monkey_3d.png	614fe6d45b2af454d767ec632b1dd209c8d9d8e911eded35e27086939fe869c2	06d112cf55f59c119c9c228ea42df47310471aff1001414787797d9bcb87ae82
1f413.png	assets/Rooster/3D/rooster_3d.png	c17448ec2b1e094f062e19f186c17747582b0980faab5852a24155920edc8198	11cd2b4532903a0830f0d01f34e1e0e405e3b8089b2152126a18f337af008920
1f414.png	assets/Chicken/3D/chicken_3d.png	78a069bc06c3e266ad600804840c44ba2cf291d24d090b3f627c1d5a09cb5a29	f4ce272b4f45368ea088fdbddcf380be3cd70677e3b2e0fa95c97ba59eb85fd8
1f415.png	assets/Dog/3D/dog_3d.png	27ce5eadb088d9c7a5658b6c3b6aa4484c7a75983e8e1a9988845a54f90f1bcb	b38e8031eb76a30dbaf4bb91d932d182a88c086fd962775c7b54a44c069bad8c
1f415-200d-1f9ba.png	assets/Service dog/3D/service_dog_3d.png	2d0ee2dd1a1a60b1872bbeb76ce8f62b00dca4659cd0e67163e4574495025598	39a7340b15b4fe68427cf84b2b7abf2bea329c374e11b0377cebbb2bd441c717
1f416.png	assets/Pig/3D/pig_3d.png	a99ba267149dd19533d06385704da9961b8b1079bb45ae580d7f405f41c958b6	1068ac41703a521fc93090b2cb531a01421638f139fab53302f370b392a8bd26
1f417.png	assets/Boar/3D/boar_3d.png	0d2cfc7f291f76e0d409c9271166acbfc23e42e9345999a770647f00af7fd8f6	beb6975cb653f6a9118b43f1b69771842f74dad1ad86ff7107fca4c7e7475633
1f418.png	assets/Elephant/3D/elephant_3d.png	d3046f53f45dc20b818484dec97f53634d5c71b277015fc96aebcdc0d49a8f91	2ae155239583526665b56026cfc810f6c9ee85b1b727e4001e42945866cb82f8
1f419.png	assets/Octopus/3D/octopus_3d.png	4dfd49959bc303d641dca3b36c35c3d4d3c4b248c9394aa5879fe2c5edfeb089	3e66a53575883e43fbd4e9bd73c00e6acf785c193c18fd504bde065bc14d2ac1
1f41a.png	assets/Spiral shell/3D/spiral_shell_3d.png	396cc96a0163458992ac8d5ed2e362eefdd7223067345723e776f437db2fb258	112686ef6ece0b92a10308448a5e065b4dea3852150a2f37aa85207b3c004495
1f41b.png	assets/Bug/3D/bug_3d.png	f8fca56bd7f689e758c7de388c343acecf1c40cc09e666e6fcc99c2e38df0031	ef096e5ff3db80fb2f71e9650a9ee0d13d5a3c97106696ac718b405f8a6237c0
1f41c.png	assets/Ant/3D/ant_3d.png	6c567df5af574862b30ad67f03133546089d4d5ad47db37670e01c62ece6e383	7281fc1c0d6eecebcee2293622f968987e560823f5acddfae719b713f31e3cf1
1f41d.png	assets/Honeybee/3D/honeybee_3d.png	7769854974b0fe9d75ccf16943f7f01773c87a1b1f2f84feb16327be46c69ef2	48bb799dc8926b5f5da827d903855e1b846ef02dc2c3b2e109d143c4fb66662e
1f41e.png	assets/Lady beetle/3D/lady_beetle_3d.png	2aaf2b3e1147a19237fd0350d094e8260023a2d3058ee8872f48f716c694bca1	bd4ec1791057bb4bc846d93f21fb9648a3beea0b48942be19d8ec8aff3b20853
1f41f.png	assets/Fish/3D/fish_3d.png	d219342f1f416f2a89b5f6d412743bc809ac75d3be3d8cff0bc0cf5af5e288fa	236e62e218bc6a44fd5e3108c43e9f2459ebeb9b4ce91fb5c47404c77a1feaa2
1f420.png	assets/Tropical fish/3D/tropical_fish_3d.png	6179b36bbd40d25863d2dc7e9680a2e6d922f354fdada4fb707c5ebfae845808	6e5a5c6cdda21f060b3ec70f7698e5dfa5a87c9ea8f3a2db82ad8023de19d122
1f421.png	assets/Blowfish/3D/blowfish_3d.png	46984bce881dea516089cdcbb66a9ce48ec3bbe5034d24678ce9f437ce28f547	b73f6794e5eeb8b44f846c56e46049d08074f54ad49230d562fee6d1fff92906
1f422.png	assets/Turtle/3D/turtle_3d.png	86486ad9e55664aad9e28af70a8b35dbbadd0678be5f0d1f0b1b5baba616649c	b60585092f69f0703539883974dd19b137834f0a0a8970704e7b959e989f734f
1f423.png	assets/Hatching chick/3D/hatching_chick_3d.png	2f6ad08c05582f25685d4d6947aee6b801cf4899aade24ce2b3b3b2d96b13fd9	0eff7b9a549793a18396a7ed0169319188195abac461c17ac2e088bf84ecad96
1f424.png	assets/Baby chick/3D/baby_chick_3d.png	7039ebad0c3811ee3828956ad14c7cc24f2732ead0b987659b1bd6cc886dc5b0	23b511e06037d7195735a22b3a7320cb6b95a05b7a093c6961bc0d6e140f981e
1f425.png	assets/Front-facing baby chick/3D/front-facing_baby_chick_3d.png	c78c128a7684a73203ae1d1130aed806819e5546deaffd7da06888d9d048afcf	becf9194328ffb811c67e8fe5fa303505a6ad5d91ee7a1e431c44ebfff96b24d
1f426.png	assets/Bird/3D/bird_3d.png	eeb6e0a3a54f7b5ec2b32995a1062ba3380eebd5f9a00d7158f3cfbb978c31a2	183989f547bc5e9415833fa928d6054b6fc45a51e14b85493811545dbd703fd2
1f426-200d-1f525.png	assets/Phoenix bird/3D/phoenix_bird_3d.png	034bad9c5fccb7384ae3bfe961a02997881b9132a1e9c7437c57f8774b86153c	6fd852226ab5eac989f1b1f154a8803ced395cdcad49c9aa79a066f0d08c970b
1f426-200d-2b1b.png	assets/Blackbird/3D/blackbird_3d.png	62472e2ca2c29b45c9180d740169c51696f2cd78c36953570feda8b7f2a0b05d	a6e601e3c2e5ca82e62ba75a26f27fdb4d6335b1a85c04d20f94e96c643639c3
1f427.png	assets/Penguin/3D/penguin_3d.png	c513a326631f3758e3ef9729ed2aa3bba46432340657ae63f32fd0332f648341	6b9f26b988761d3c75a7b92695fff3fcf5e14a6d73d83397bf7cfcc884fd9721
1f428.png	assets/Koala/3D/koala_3d.png	e5ec59d366cffe5e0f7d49144264633c71af2e50961d5cfe011f155a7ddfce1a	8323d51444bdee0ee37f4584515aa911825bb0c7530fa37a1ed10c60df1c3b72
1f429.png	assets/Poodle/3D/poodle_3d.png	6b5ef840cdd4c4a4827d668abdd3799714463ff72c073a8a160ee35c932dcb0f	f9a95057076634d75f61003f662f68713f501478a246082c492e7a1f927b1f0a
1f42a.png	assets/Camel/3D/camel_3d.png	f7f125c49f7b21f3031d88ec71a82a217ff55fcb606588d8b462fd90e70a9981	cb56c15f02695dafa845343092cb12c246fda1835b9861135d7366cc9a835680
1f42b.png	assets/Two-hump camel/3D/two-hump_camel_3d.png	1dfecdd2a4709a0b6adecddaeefc84123f86d3a3eb2dde62dd3cd042eb7bf45a	f867cba73a70df050b1958139d88f38b8a3bec8f54ed43b91de47280f44d2f6f
1f42c.png	assets/Dolphin/3D/dolphin_3d.png	03ba3937393cf760b90a3d20fc2ca36fa1219713b54838088c2b1bbe67c11181	3e868a3dd804803dad1b1105ac4ff8b00365a9c1f96de91a78a0dd866393574d
1f42d.png	assets/Mouse face/3D/mouse_face_3d.png	a14db12e1c223a3b87d0813310e83ae0f2f17e48cd748b18fe43b013282c7494	ce7731f8b702458ac3fa54ee3749045e5464761ce31f5d34a8cabd663c7dc78d
1f42e.png	assets/Cow face/3D/cow_face_3d.png	d26b39b80c43051e072c864570e7561db099646d9c8eea9ec4cd8d417ed3b29a	b856331e76f772330a7a082859a36099051881db92f4b62cb5188d206b4ca19a
1f42f.png	assets/Tiger face/3D/tiger_face_3d.png	124229ecfb2fa27d6d343aa0827f728ff36c2b7ce6f297f103db76dc847ac3d7	8ef162e48bff61886f3573250e5df607f6b6679eef3ccc0f3fbf67609a02a30e
1f430.png	assets/Rabbit face/3D/rabbit_face_3d.png	49e3894d0e17c2eeea2b81f50d36ff407731d8b1983f3b5d71a7f7304dcbd5b3	ee9cff58128b56957bdc3d12ee7abcbbc712c21438a00c82c9772bc70a359c2b
1f431.png	assets/Cat face/3D/cat_face_3d.png	d930f2aee8ae47cb3ca26f2594ddd15df42345d952b5903b776adf4a728860b5	676351d25905799ef2562f35d1c0ce83abea988ffdb38d5b497bed3d5bb53c01
1f432.png	assets/Dragon face/3D/dragon_face_3d.png	b70a38cc438470f7e35477f0741fb0e7941bdd8543a866741009472f3d4fbd51	088a0aabeca002c8e1573cd2d22ce9c30dcf98a8afd17540880de42f4b67e2ba
1f433.png	assets/Spouting whale/3D/spouting_whale_3d.png	6d54f3331c142690c6762c4cf5e2b212a45e652e16653f1a765ce3346db0f8db	71087104297818c6d2fb6ac28ee3975516b66156f04c1961db6cfad56c63b3df
1f434.png	assets/Horse face/3D/horse_face_3d.png	8bb57bb52b9af304c148d87e324eefd89252de4d2f6403f8bab37ceb11649a2c	3b9c1404c7e361327880cc7bb031a5b908acd1d84428b6620a63c8983f99db26
1f435.png	assets/Monkey face/3D/monkey_face_3d.png	28457ce308d7563afe96f1e1fc703c7ca760045a56596f89329159c55233e7bd	b246d1fe80bc6d37b3f96cb21442f8e68095fd628941eebb2f6a98c9a5c3639c
1f436.png	assets/Dog face/3D/dog_face_3d.png	7db4c311218a47053e490ec53e7b3995bb83246b0d6992e135868a5220bb32e7	8f1b72906f6741872d6a5dea979a0029684556d96df7948241b18abfb999e975
1f437.png	assets/Pig face/3D/pig_face_3d.png	8446bb06dc2c1049b28e5413ac6aa3c2cecc18036d1d6f49b135c0ac6c1123fa	608961380cdbea57f3f9fd51faf7bf9357e4813a59bc83f3e1677a51a4b43096
1f438.png	assets/Frog/3D/frog_3d.png	c7926ce26b08536982d021237b10024fd5dd0153fd8bd0334a4eb8e457fb2111	96635250b0f1060d3aa115320d574577a19964810791687073a8d77a5f34d53f
1f439.png	assets/Hamster/3D/hamster_3d.png	36a63a367b1d4e1bbba74284f5b2c4c741a3ff611bfec764f377ae4da4e2d51c	ddf7a04033ad212b32b7670ba9219aab5cdde447954939da7dd3c8b3a0177f2e
1f43a.png	assets/Wolf/3D/wolf_3d.png	6e4f1a171cecc2ef682b41209e72677535741a88d78838a5de13f6696d2d821b	dc9665be1d779161a0c0fe46207ffc1d799399a6e4f3b33eafec2e5262e541bd
1f43b.png	assets/Bear/3D/bear_3d.png	8f108a036c28d25378e3970eea68d00fbf155228b349707f0456e557013a87c9	f819a376d454d2956ebc36dbd6a6a6302aa95cb5bbc545d8450ec8538974329a
1f43b-200d-2744.png	assets/Polar bear/3D/polar_bear_3d.png	10b8dffa13631db6936ef898052001de11a2ac4f8065ce28d32e45e582e0420e	fb44b8cfa8d93d86cafe5d01b5042c1d8e2075bd276a090f99cd21533377e640
1f43c.png	assets/Panda/3D/panda_3d.png	31524ed035f8d769bc7d437268f30a65eb309ea216e84c09823d4f36c2f97070	d98cb3db91acecce46182042e4c10f26e80f4d0366252c43be22150c312fc22e
1f43d.png	assets/Pig nose/3D/pig_nose_3d.png	acb59bb600d34fa7d8cc1a6e0dbbc9f5e451ec5380f1faee9bf3a23f745c131a	c5bc970e688a0764419270d53ab2f998185a27c1248002e5a6b631998622c1f8
1f43e.png	assets/Paw prints/3D/paw_prints_3d.png	4332fe23d9d3c6f0c5a91b26bc835b972301d9b50031a7365c176d3c5afbbf51	1b72f5b9ae32629289275b7b371f63ebf207b73e9e536dcc158bb37908c22cca
1f43f.png	assets/Chipmunk/3D/chipmunk_3d.png	f382284ab2f091516b9e261f5a73fd542444e3402b93d8f75a68cb78c25c88d3	cd88c79c3cf0e09906f04880acb74b07d79fe1c3e1533a6b2a4424d56e4030d0
1f440.png	assets/Eyes/3D/eyes_3d.png	b3049f399cb0947b423610f5876077efa86bc640fba5cb9d138b149773d4c793	12ea3da3e39ee9a118cb19610c85ff7b2a24c695c188b9c2c3dc1be4c839c6ec
1f441.png	assets/Eye/3D/eye_3d.png	72637d9098e4918172b9e2b3d0001ad9fe501cbb48bf770c3469ef4bfd93f52f	41220643ebfa64378ededd6bba7c02146039aeed9bf652187f74cde635cf6017
1f441-200d-1f5e8.png	assets/Eye in speech bubble/3D/eye_in_speech_bubble_3d.png	b559a9c018ad4a56be0ca5293aa70c98064ada211c63d799aba9229f017db149	33ebb50435d2adb8ac23758b86e3de6aae18875ebb44e3bfc5647129b9612bc2
1f442.png	assets/Ear/Default/3D/ear_3d_default.png	5a99f0962b459724734eb244201949122c29a4ab8f07cbbcd33f1264c3251d78	7b8db85d4ddd8f8bf97e6a76118d48247f4446b8f4106ab623365e4f993833c9
1f442-1f3fb.png	assets/Ear/Light/3D/ear_3d_light.png	58e87de24881516077f54c488b52d9dedfd87e037799fda9f73dc52c79b2c45e	1469bc2f52caa1ab75d2d6999a4b9a4af446620900e1fca5f15eb63d3e1bf88f
1f442-1f3fc.png	assets/Ear/Medium-Light/3D/ear_3d_medium-light.png	5c59db13a0213de2fc2bab2d86551808e3936edbcb1ec42174497d9b72a3f89a	99d528341a074ff0c463ba0f16fa7712744de58f91f4313ffbf1017e2da0fe1c
1f442-1f3fd.png	assets/Ear/Medium/3D/ear_3d_medium.png	ad611f93b5574b4ba6f330523dadead10c0b4a553987a067baab4148bcb0c94e	27ce9b4b849366294b7d6779188e488f63d23db68c226da6f78115ab5c42593c
1f442-1f3fe.png	assets/Ear/Medium-Dark/3D/ear_3d_medium-dark.png	5c3939e9cabd76dca4db76e0295cdfb938b39f01f16606220997b67ceadead91	11507f2a02951d60056a3ca52eba7cc8d0d721f96030994438125960c482c6be
1f442-1f3ff.png	assets/Ear/Dark/3D/ear_3d_dark.png	69ee3302b67d66c267eb1b4c70472a96faffeeecbf50505e55e7d7d5dfbd9190	f4270fa6c48219979a8871388e4f3a664d0fef9630918637ae55652a361f6d4d
1f443.png	assets/Nose/Default/3D/nose_3d_default.png	14b9677b78b05af0b617513887e6aea2013e229c68e19a87b03088f595d20c1c	8c7f6c8dee4472269bc93b29e3199338e82df0bda0bc5c1b5f72e89736136c57
1f443-1f3fb.png	assets/Nose/Light/3D/nose_3d_light.png	555abbe0ec9f0ddffa64452fe1a62436be30962877f2e7ab8f04ffa37d172ced	2a128f1b8847a93028f2468bf0816d22a2b0d854513d23fdfc4e31a021e2b686
1f443-1f3fc.png	assets/Nose/Medium-Light/3D/nose_3d_medium-light.png	05bff3ebc0922df01196658f35a88b2291a550aa464b97a4225796c31bad8348	63063b5658232d313870b04952bf19732676ff3b971c7c18db6fd546daac9820
1f443-1f3fd.png	assets/Nose/Medium/3D/nose_3d_medium.png	05e2d207d68f5c59b9cfcd94c01de5288f2e8b02c31d9356785dc19c900a16b2	38486e0ebd1712f045ae100412dde87ad080216b90ee6ff3e672aa03f9dc4a4d
1f443-1f3fe.png	assets/Nose/Medium-Dark/3D/nose_3d_medium-dark.png	0b58d9c08932652312d2eefee314561b05a17612a9b06b7fd13c2c983bb5b860	08ae20d3adaa1d22448c1d3ba4b3514e4f63fc5069a5b01502c67c136c114d84
1f443-1f3ff.png	assets/Nose/Dark/3D/nose_3d_dark.png	07730a720cc4122d0828fa90d2cd9814f8749cbe48ddc4ceacf4fe541fd1508f	eff3310937d1c3f0a0f9a4c7a5c258cd7ea3e48258f2681bc0e2b67b5f322252
1f444.png	assets/Mouth/3D/mouth_3d.png	96fcfe41b70fd1f536cf5ff3f9eeb376c9c1448d06d9bf6d7b3979a92f000237	b7d67b3d8834bdafa62f3093a58a0c036f8b171a77377829bbb3b8480e02fae1
1f445.png	assets/Tongue/3D/tongue_3d.png	e7598c10caa41206dc1f4530a3d4a213fa6df635f35bde5a08c3598f6fc0cb8e	cbc5d69ea2c524b1bda65af7ba8ba9c0080bc56249f1eeff045a0863d11cd84b
1f446.png	assets/Backhand index pointing up/Default/3D/backhand_index_pointing_up_3d_default.png	71a036d4d74cb61d92c037724dc1ba8696b07625d4692ef7edd47768f0d10c63	8266067d9ebb29dfbb341238c4b975ae9e51e153011b81a63c5c6a1c6b9f53b0
1f446-1f3fb.png	assets/Backhand index pointing up/Light/3D/backhand_index_pointing_up_3d_light.png	2289f992fba55d4c4c004f49eff9f6779530a40850e8863c9528970df22d745d	629c66ae235b6e61d3ea7a8c6b14e1a1f19aaffa31a69aef0a49dbb4edb66be1
1f446-1f3fc.png	assets/Backhand index pointing up/Medium-Light/3D/backhand_index_pointing_up_3d_medium-light.png	49d4b3db4ffe2f4bbf3f16747a1cf8231d2ef8b205ed5b90208b920fe2155ae0	e132d21376bab2229c3bcdcd1f4be2a7bd4d341789508e4fa9c03ca8ab0c7b96
1f446-1f3fd.png	assets/Backhand index pointing up/Medium/3D/backhand_index_pointing_up_3d_medium.png	f70c659826f35d4b8a51436332b1996014c98e2c1350f1b48e2ba52e26089fed	06e71c06223183f44b585e422f912343350de538a85e4263249f411931e1c045
1f446-1f3fe.png	assets/Backhand index pointing up/Medium-Dark/3D/backhand_index_pointing_up_3d_medium-dark.png	0aaad53a382e580c89398b7fbcc6546d2e5e5536b1e3e62b8d5cfcc409783a5c	3d9409cbecd7d573656a9ed5e8d42401e02e4b680ab312a1f54a45680ea17168
1f446-1f3ff.png	assets/Backhand index pointing up/Dark/3D/backhand_index_pointing_up_3d_dark.png	7f00d41c2d1685e609597a60d7f2933f122ef0f109d38b7b2af74e6301df8d92	58e511481c596ea6e0a9ee4343c5f6e9ac3bd1a1cbacd5e35742ca87c3f37139
1f447.png	assets/Backhand index pointing down/Default/3D/backhand_index_pointing_down_3d_default.png	ace09c0778f6653b1254fe3040eacbfea1795195f19f598fb788f2ace3e00e1f	96c9aae58320d491e052a0c377e27618fdab20bfb3e22643dbf49f91cb10c606
1f447-1f3fb.png	assets/Backhand index pointing down/Light/3D/backhand_index_pointing_down_3d_light.png	eb6ac89def51b9f20194ba5050e4197e8fb4335116b8cf3b88e044e31919c670	69cb48828a1682a9b4a799fedc1f5b014b89f3c9dbcad5128297fc9a61965cdf
1f447-1f3fc.png	assets/Backhand index pointing down/Medium-Light/3D/backhand_index_pointing_down_3d_medium-light.png	2486c0460059c3f8c321f83f895d59caf76477ee4be3b171a062b90ee9e5a3c7	96a22ad2f8c2cd96226d78c27449a701cf223508225cbc09bceb62fe1d785063
1f447-1f3fd.png	assets/Backhand index pointing down/Medium/3D/backhand_index_pointing_down_3d_medium.png	569799b66ff0b04b055bf5d46dd1953ff00b043a0312680786eb51b30a5364fe	a9e16d47bc0674511324e54843516a7aba8f44440f66e5c756a342e23e93c989
1f447-1f3fe.png	assets/Backhand index pointing down/Medium-Dark/3D/backhand_index_pointing_down_3d_medium-dark.png	2095bed002900bd11a1202dc954cc452068d2e07feeebea647dc3c96f5ee42fb	a38a6f2575fe79146be23a12df61b568e956727166cb9ec5a5a0e491b362e0e5
1f447-1f3ff.png	assets/Backhand index pointing down/Dark/3D/backhand_index_pointing_down_3d_dark.png	5a474cc7f8aa3527bf932565d3071bb61dd956942e9ce19927a2ab4193eb432a	3b972424d27a2376919b159373036e13610bb4b6cb880870a9580b66b7852437
1f448.png	assets/Backhand index pointing left/Default/3D/backhand_index_pointing_left_3d_default.png	1675f449d38145e54f2b3ffa8551d2b2a9b98efd64b54547c55471c0ce978f12	69edb6f7e8009da9f33ee53fd6c924a7b71c1cdc1d545a7baa029a8879e42c51
1f448-1f3fb.png	assets/Backhand index pointing left/Light/3D/backhand_index_pointing_left_3d_light.png	afb99d45fde82e4bead7c8e746da106ef02f8a96f0747fc54fc6465cdc0ed4d1	156d9baf2275dfdeedb2e1400d28ddaf50d47d8d87b09e420933f0fe15169728
1f448-1f3fc.png	assets/Backhand index pointing left/Medium-Light/3D/backhand_index_pointing_left_3d_medium-light.png	2d3befeeb933f5b6fb25811c9a419266a4f835576c251d1d518160c805eb9bae	c6488e603bf11442b8158031ef77e2bb1afe2f638179852157516363ea578bfb
1f448-1f3fd.png	assets/Backhand index pointing left/Medium/3D/backhand_index_pointing_left_3d_medium.png	1d49e996cece58c149a744fa759fc45f9109cf6258596ad091ebca19a5c71719	d1bed42a7e1ec2dc6f2601947bf30222002f145a3de34161dcb3baa6d91bc73f
1f448-1f3fe.png	assets/Backhand index pointing left/Medium-Dark/3D/backhand_index_pointing_left_3d_medium-dark.png	3dddcf614235058f9ac34d526bdddbedfab91b86f2e14b9c3573f7661c2c0eba	33ccec8ec6f77678c0fe9ac834213950b89e7dc2dfdc12b1046cc7b0d3aebe85
1f448-1f3ff.png	assets/Backhand index pointing left/Dark/3D/backhand_index_pointing_left_3d_dark.png	a0ff941f76b0104358b33a1c244c37064671790c6a0c20c8a42726b63b85f6f9	8e0cab3b175ba4ee93f0675582600829eaff8fd5d502aa5a9c9a20ef333b5d97
1f449.png	assets/Backhand index pointing right/Default/3D/backhand_index_pointing_right_3d_default.png	af6942496976b7e1ccb76da13b307576b83fcfa1c3153462dc190db7c96cee9d	3e7c72a6733b31c810d607258a025a4b02e1bb04f2bda8a3e3a005fa13c8563f
1f449-1f3fb.png	assets/Backhand index pointing right/Light/3D/backhand_index_pointing_right_3d_light.png	7cec456058e979adc97a68353aade912700a020b5b2ce804f9c8046551d28501	15c6d61c6b94777014092755d08d4f435f9c0e2573e1383580ff9914ec1b0b3e
1f449-1f3fc.png	assets/Backhand index pointing right/Medium-Light/3D/backhand_index_pointing_right_3d_medium-light.png	b6d95ada55d15c3510a4e6ad5471bc6e7d9a186a77be2dbe91e959866d37cf2f	0adf73f1cfb430a1089584ebfb3fc19260fd202c9c46452948dade311ad53d28
1f449-1f3fd.png	assets/Backhand index pointing right/Medium/3D/backhand_index_pointing_right_3d_medium.png	02f2f6a2d67849751b10f63574817bf1f648828401b80205261e2a732966cffb	6a387a9016f103eeca4c9e771f17279f85787ff1644a4747571926e7708c651c
1f449-1f3fe.png	assets/Backhand index pointing right/Medium-Dark/3D/backhand_index_pointing_right_3d_medium-dark.png	56b52e96a36c0fca3d056b3aa9ad71b62b874f0e03c9df9bec20af30d69c1d3f	f82c4d043a86b817a7d2a3e845a148c62ce9a5d01b4351bff671645cd67bf395
1f449-1f3ff.png	assets/Backhand index pointing right/Dark/3D/backhand_index_pointing_right_3d_dark.png	f3e848d61b0bae241bff30c0a1c8f149406836d5250198aeac8dd797a3c5610b	558215e118ee1c8e77025b4b6e84eeb0cdc3aefe07504b76fc53c7b85ba9ad3e
1f44a.png	assets/Oncoming fist/Default/3D/oncoming_fist_3d_default.png	88806fa95230c09949b0746a279f65e417cd0a8527e4f8ad1629954881be23ff	366a460869ecd41c86eb753a152b1238599b657dc957ee3f28d69428e8e43da4
1f44a-1f3fb.png	assets/Oncoming fist/Light/3D/oncoming_fist_3d_light.png	4a0d02ca21af701e8347679c5ca13040288e39673145d01820d7953be9e56252	a2c8e78b025b572c298961361855bdb469f8090db6c9a490d6971633e062b4af
1f44a-1f3fc.png	assets/Oncoming fist/Medium-Light/3D/oncoming_fist_3d_medium-light.png	30bc590c0e49b6fe371e813b0693f739869fb64a2b2176a3645fcb082ec8a360	54f27d25e814fe5452e0f0ffdbef6dcbb2a05b8093374423623f0327b9942f29
1f44a-1f3fd.png	assets/Oncoming fist/Medium/3D/oncoming_fist_3d_medium.png	727b50bc4582081a10238822fee8d5419accb451c29968f3431c2db080badbba	d03d7f88cce877d9d3c130f6e5cc806297730fed3cb019faf884d66ff5a7a590
1f44a-1f3fe.png	assets/Oncoming fist/Medium-Dark/3D/oncoming_fist_3d_medium-dark.png	9c96930f4b1e230beb1359568d77561a16922aadffcea26b6d000192dd2df623	5f84f372c19fd6c053e398da82e845e453be7ff0dee5df2fe4121b8200763502
1f44a-1f3ff.png	assets/Oncoming fist/Dark/3D/oncoming_fist_3d_dark.png	28a0673f62e0b09f483e208c9a79bea7928be6959a9572ca1b613431bed6c237	ae5bf793d3394789193b54d6b5df217f194404ea3bfa317d1c63e538457a2d68
1f44b.png	assets/Waving hand/Default/3D/waving_hand_3d_default.png	fd8d684a2dd4bca71b53eea530ffa226fdd9a17a50b9bebec2788447477f0d39	93a4505c84ba663bcae79fee5d48c245bc5710d948ba2e56a44bf3ae1951ae32
1f44b-1f3fb.png	assets/Waving hand/Light/3D/waving_hand_3d_light.png	179e2890a16048194dd58b479c7c42899fda2094fd8002a4098d8247e3fbfbb3	a1238df32a7abd4b6939d3cc8ccb7a319f17c116a6b89813554908d8ac5ab92e
1f44b-1f3fc.png	assets/Waving hand/Medium-Light/3D/waving_hand_3d_medium-light.png	d1f778e5d27966913926c3ab885f80ec2c1c426689e6e9c5ee19db4589ae12b9	4e28d4180e5f78c95e548014f5ec813c6bb6b9b23649598eff8b66d819933a66
1f44b-1f3fd.png	assets/Waving hand/Medium/3D/waving_hand_3d_medium.png	8d5b46408b9e4431e93acdf1b45b55b1fac89bf932dbf6aaaae517b349381fcd	5e8eb6139b22e912a78d0637557c75d2528f5e55a58cd7e6692164eb0cc8fa5f
1f44b-1f3fe.png	assets/Waving hand/Medium-Dark/3D/waving_hand_3d_medium-dark.png	beb36f821e4a4366ee8002fe2e1a82004baeee3e87bebaa6cedbf03d5ba554d7	a945a955aee983aa2b19399ea29e8e3aeb93f2bd597669f05f9e2c7a76a7ab4e
1f44b-1f3ff.png	assets/Waving hand/Dark/3D/waving_hand_3d_dark.png	52088fd46e2f4e8e9a134d25a1610c276cd7f5d593b0f8620c2bdc55bd41e4a1	c8eadeab1680d456057c9fa708625125b8b4168d990afb4b085cc99b71b1c5b4
1f44c.png	assets/Ok hand/Default/3D/ok_hand_3d_default.png	cb506278a6b54b1d60b7a9e513f1513aa1d1cd245f9cf7c14e930b3ee8cc8fa1	3a27672a83124ef73a5860c4afe7105c05df2e97f24f829d969d2a7b955da51f
1f44c-1f3fb.png	assets/Ok hand/Light/3D/ok_hand_3d_light.png	b9c6411be1752a18f6efa2d78cff15055c933dace850d50aa57aa89b3d5abddb	fd5c6dc49d187098f3b7ff066552fb99f94ba7a51f072a93044f9dfc48dab708
1f44c-1f3fc.png	assets/Ok hand/Medium-Light/3D/ok_hand_3d_medium-light.png	e933b46a736cf0206a307afdd36f179202df557b3c8fd002d92c0ec32011fed2	3f67117cb843d1ad1a900cdba11241399a8a43a245b1a0fee99905d2134a022b
1f44c-1f3fd.png	assets/Ok hand/Medium/3D/ok_hand_3d_medium.png	d84d186b9f60926530ab6f9c77bb6305e492113514c50e21ef5979342e60340d	5d33e4f2079562b39c590ea50e168917009316f225e6e81e74f1f567f448936c
1f44c-1f3fe.png	assets/Ok hand/Medium-Dark/3D/ok_hand_3d_medium-dark.png	c20b5860f7bef7c92a94e2d4325c81cf567deedf9529ff8d06683ef2899732e8	3ed91cee7b0cd40a85566748eaa6e8b519e5a0cce8fc33ec7cd4e62c06502c69
1f44c-1f3ff.png	assets/Ok hand/Dark/3D/ok_hand_3d_dark.png	e166756f7799fc9f282933992567aa789d2a090027ce6cfb2fc9b5dcac72c2d2	baacdd8db738823e530d4088f0652079f4d5f30505c03818ced32b19152fb13e
1f44d.png	assets/Thumbs up/Default/3D/thumbs_up_3d_default.png	a48dbe89a1a16969593db76f5bec45e9e537e0f090e7609caa8d9a3ff598d1d2	c83f2089ffb62751d8728a2a4331f52c109c397dc89f4caba84bceccfb5b0d5b
1f44d-1f3fb.png	assets/Thumbs up/Light/3D/thumbs_up_3d_light.png	6c8a58409a16669ee4a9180b1cbbe4805825feb81e112cc2bdafd907c9ab75e3	f4443ee2c352270500953236b13ff70a850bbae3995ea7c7d77474b4e65c4b4f
1f44d-1f3fc.png	assets/Thumbs up/Medium-Light/3D/thumbs_up_3d_medium-light.png	1f62e3f69914717c2f7bb826fdb2dfca42488001e9cc8761462b1707140f1086	cd5f6c81fbbe436cf6e166c47269b19d3d01bb6345fa83abd361431dbed0d393
1f44d-1f3fd.png	assets/Thumbs up/Medium/3D/thumbs_up_3d_medium.png	66b546a89f8a85b060a80535e50622b9ae12f099f6f9bfcece2dca666cd710c9	62f3634f1850bec5f0bf3bf946cb9d784ea38a11fd2915f08e7db74b69ff759c
1f44d-1f3fe.png	assets/Thumbs up/Medium-Dark/3D/thumbs_up_3d_medium-dark.png	425a2ae83c1f3a2800b766719291a037bb495f2968b2d9bd2e9c2f70c59b1c35	e3a263ff289a1a5b96f058ea72ed5a59b05756cdbdbd19e4889678817cfd7cc0
1f44d-1f3ff.png	assets/Thumbs up/Dark/3D/thumbs_up_3d_dark.png	52911750016cff0eae4dc1e3e3ae8420b05839fd900ffbde0d80376bc1482632	d89d6fe05ca02cd8cf023220b05cba9fa44957df54329c7a1cdd0c4ca19fa71e
1f44e.png	assets/Thumbs down/Default/3D/thumbs_down_3d_default.png	12020dc8a616138d0ab3daa94008b97d0ed35dbdb1f0d80d5f17657e8aee492f	ef04076b89dac7393fa1d097a52affab57d5385b397c4616a576555ee7144779
1f44e-1f3fb.png	assets/Thumbs down/Light/3D/thumbs_down_3d_light.png	fd6d4f819277d46a480d4b1a84d42c550b2d79172cd7254d4b601554cc18abe4	644c740675bbc88ef49b865f6fe4f22fea11ff2d65e7c25f3a732e6146ade17d
1f44e-1f3fc.png	assets/Thumbs down/Medium-Light/3D/thumbs_down_3d_medium-light.png	e83f5bd20e85a36acbea16830f73f34e13e16a030d01c8b7e86ba20f9b6e00a9	8476e0254d407936c7dd4458f455bc92d379fb7fdbd35635bc237e0c42b37f7a
1f44e-1f3fd.png	assets/Thumbs down/Medium/3D/thumbs_down_3d_medium.png	bad371122a926c4583e0c4d57dbe17f1d726b307802b6209e6d7e9c144cd948a	0a096a4956922c6d83ce8e65c2da4be1f5afecda43d0859efd12d30123650370
1f44e-1f3fe.png	assets/Thumbs down/Medium-Dark/3D/thumbs_down_3d_medium-dark.png	8d7418e886bb0abea224992dd9fe6eba2a8bc2eedeca162262f221329d1ac5a3	1665548c1a8be3bcc094b6fc34318f86e5ff0583a6429e3cc10b9681f5c3c96b
1f44e-1f3ff.png	assets/Thumbs down/Dark/3D/thumbs_down_3d_dark.png	765964793e9bd49d5381c92ec64aefd600b38f620b9a76a37b89d6b39437dc0e	7d3ca8d816ed49f24b6690324cbb2c6fc27a7838f22e35420f8ae03b56a0ec91
1f44f.png	assets/Clapping hands/Default/3D/clapping_hands_3d_default.png	54075bd39fd3e1860ba39898d73e61096c0e0e633ac5e9840beefddaf1d75113	5f7061c8db8a7cc1865d3bb3bcda399d4f13128ca58fc5d73b68ad9426b8aa8c
1f44f-1f3fb.png	assets/Clapping hands/Light/3D/clapping_hands_3d_light.png	95c59b8c56ff491fafd0711137c09b8df932b06af6c7c5263a12cfcf7f3fe9a1	4474aabd51aac9a91367d24af25cf679a80a52ec41b9c2c4a9068dad8f38834d
1f44f-1f3fc.png	assets/Clapping hands/Medium-Light/3D/clapping_hands_3d_medium-light.png	1316392f8e6d5b5a403ea6299a8d2686ae46ed70e2ea93eb8ad02a8b9fbe6672	f8eba75b74b11b53f6a4ef724c01ea0feb4c7bfc3053992d03a9490d17a10bbf
1f44f-1f3fd.png	assets/Clapping hands/Medium/3D/clapping_hands_3d_medium.png	945c236ed2cbb8223862746b7370f34c85e4388cb54643626e6ba3e3e1559680	6b1c7000234e1f10705528d9f8b484af62673c3f4e97ef333f0ca8c1ce308919
1f44f-1f3fe.png	assets/Clapping hands/Medium-Dark/3D/clapping_hands_3d_medium-dark.png	3038f4299908804f5aac5f975ca497c6689d9fac414b5c2721a2f67776d1d6f1	0963a45944e0491a39ece0ab6969212dd80aa483578d52ec2869fca214b62eea
1f44f-1f3ff.png	assets/Clapping hands/Dark/3D/clapping_hands_3d_dark.png	3d2cb514b66cb9e6534664323145a7c6b7fc834c46deffa3719bb40cfb8c9e85	331a2d51ce128a3aaa103d4bd9066af7e5f5a06d5ca33f94b5b2b0acb7c8fa62
1f450.png	assets/Open hands/Default/3D/open_hands_3d_default.png	b05296b85d2604e4aa2a56fd5b348c9d0b5456ee1295f88836a2b7c3f6a1ab13	00d745d0544bcbaa28635116f9e68dd0ff71b3323f38eef383986b1d65eb1ae2
1f450-1f3fb.png	assets/Open hands/Light/3D/open_hands_3d_light.png	97f00cc86f406b17fa63746db50023acad6d67f25f524232ce5f67ee5df6979c	bc506461f40278937c294437a350d9970d6781bf8fe3c2786c0e27c39401677a
1f450-1f3fc.png	assets/Open hands/Medium-Light/3D/open_hands_3d_medium-light.png	2b9f3d70834e826366a790e5167f5de17f7b7a78681d94f443d36edefb267edc	0db9c9fce8994338c6b183b1ef2da1b65d03f7a8f3dcf8cddbdcd46e73a07c3f
1f450-1f3fd.png	assets/Open hands/Medium/3D/open_hands_3d_medium.png	43d3312856cd3b82c64c76ae24981b3208aab11cf9160e922b54183cff44cd90	760f8319a14ca84de5dba7bea4503d316c509e1a16f3b08a06f6a130a71d4514
1f450-1f3fe.png	assets/Open hands/Medium-Dark/3D/open_hands_3d_medium-dark.png	094eb25345bf172818ff5cd0f9a8ed6391959b215fae7ac693ff3a491f69d20e	8eac0b356a633d7280bdd7880bfa9c678c987f210d42818c25d72908fd6d97cb
1f450-1f3ff.png	assets/Open hands/Dark/3D/open_hands_3d_dark.png	8b2caf15344ed4cd49a9a7f55f29c4aeb2701b072c10f53dcb5735ce49ddd3dc	138aa3b9c9bad219763058f78dffd9a2ba2baa35a33027fa82246ef013744cbe
1f451.png	assets/Crown/3D/crown_3d.png	817095bb1423468afa155317ba04ca333957d51757a8d3326856ee8707c0edd6	edbb9e6f6fd0472e06e536b47d6c2fcc8b48da0dd4eb0a5ae8da229bf6b5d551
1f452.png	assets/Womans hat/3D/womans_hat_3d.png	f5888e3c50c93b2d249f35fd97af2473ff4207bb9cb149669dcf781d4bc04184	398bbdacc90a1eb86afef76dffe5b8ac1c8d1ec8fba6858431743cb76a869d11
1f453.png	assets/Glasses/3D/glasses_3d.png	10a5cfe48753130cf73ec5248d2fdec3199d768124ba3eed52db2c8804e97497	e70a88d3f267d1938f45dd6ba1349dcf089a0182af3e5381f5d8a689e35b4666
1f454.png	assets/Necktie/3D/necktie_3d.png	0c62ca3423ab729bd9de9a60803e233e412a51c8d338a079060c601296b42eb3	3e845a102b5c0ca5a146fe7b388b54e8d693da44c475c1e72567562e8845d28a
1f455.png	assets/T-shirt/3D/t-shirt_3d.png	e343973ae02fc0cb537413d0ddaf7bd45f41acf22854898321367567909375d7	9aa712fdecb2104018bfc114408bc30f490e6f79c1d309a198d497cca94f75b4
1f456.png	assets/Jeans/3D/jeans_3d.png	fee54f83199aaefcd30b7cd61c835c4d0bce21b00a99ec82eb0c30801129aeba	061a56bae4f863300bd4d572ee59ba6460eeffd8456741f835b38fbcd9172f63
1f457.png	assets/Dress/3D/dress_3d.png	f1faa6bfe0c2b741110065d53f57d2d142d3ba758e827fc8fe410f230865b72f	6b8774c9f8161e14b0fb2062864b998d2e5c851fd771e4b02ba986ee37fbe1f5
1f458.png	assets/Kimono/3D/kimono_3d.png	c9fdafe5b58adc1e93cd6bbca01869a897a801805327307593e3d5921d417717	f8fdf1a744231e6620600c6e8f20b9bf6a446df366e05cc69d1391c2a0a58dea
1f459.png	assets/Bikini/3D/bikini_3d.png	2747ffb25aa1ce4e3304652bf8b48b87780fad5959673f27f24bba9f9953dd6f	24b431caa2fcc6276e3d947fede4e289b1fa7ac4b28a3a2b7f71f8c1990bc38b
1f45a.png	assets/Womans clothes/3D/womans_clothes_3d.png	730643ba845ed7787803967ad1fcc09d601668fedb088518b1b7f24dbe5b09af	48ab80186631a03d30e950ef3fbe6980786033251743942e545b47d5e0576682
1f45b.png	assets/Purse/3D/purse_3d.png	da3b5da309d81e7757d6d06c566c6da7bf2c9031546a201ce2fa950a715af61f	c31256ae27b1bd031c10499f254e52fba34ed49f9a49313bab696af47ef2317f
1f45c.png	assets/Handbag/3D/handbag_3d.png	ec13a2f40d2e8c632904c9bb670f737b743c4ceeb6fe72bac8e555b9b59ce949	1f0a813c77d3567c41f9f45de78e8432d5dd1ace62063d017311ce8f5f9326bc
1f45d.png	assets/Clutch bag/3D/clutch_bag_3d.png	d482a2ad78774a229293c723963673730dcf9b522f1a2acf99d0977fc7c7e9be	9606c54fa6d6cd637e2ac445a9ec93a4d82982d5c4f38f50d866c10f272c0f9c
1f45e.png	assets/Mans shoe/3D/mans_shoe_3d.png	b11ed30b7672b2fbef63118f5817e170251b04a819fbd6286ec5c9d0eba3f6da	b570d8d9aed558bcb9b59bfc7be820e5b6f58806c7c7e941b8569012d09a7547
1f45f.png	assets/Running shoe/3D/running_shoe_3d.png	33cdf4673e2a909e096dd6301ba50903e0d3507429bb4bc8e219211a825ca2c6	9afd9372c22936a2475f7eaff3048060bd6286d041f48072344fbcf74bc67818
1f460.png	assets/High-heeled shoe/3D/high-heeled_shoe_3d.png	3e7507c3a9fde272afb1bd759861e3f0317003b4a2282716c602bd33289bc1d3	d9fe4095d0dd745d1ca3550d0a31fa19f7c1aeff7d86fc794aaf039906ea74b1
1f461.png	assets/Womans sandal/3D/womans_sandal_3d.png	f8330c87eaf50d65f63447dd62e4e1e0ac7336ef248e4c95406d7a9747c01dbd	950821cbb1d3ce1f1e65e9f2afd281a4f633984669d95b8631c9b310eb0e8537
1f462.png	assets/Womans boot/3D/womans_boot_3d.png	92b57bd36ec1de478d83bdad180a875f92961bb645767dbc946d16ad5807e9bc	11a1913e54186ccc014fc56b7faac91e46c4446c09157114a41b3625987572d4
1f463.png	assets/Footprints/3D/footprints_3d.png	c89dccdeaa10caafdeb7f8cb1a0efb0260f4a8ed92f494f54fe6d2811076c01f	a2331828bc24ec5439bdfef19ea65b3c607b407bfa02eb8a9bd985b0659da98c
1f464.png	assets/Bust in silhouette/3D/bust_in_silhouette_3d.png	4fe6381e0754dd1f9096fe8d0c99ca9ec7e238c43ccf0b45501f8e154a77ff56	8715bb2df9fcabcbf407fe547855076195bd0b593e88af40401cfd6f45d35aef
1f465.png	assets/Busts in silhouette/3D/busts_in_silhouette_3d.png	1169de2f4d600067bc3a135d584cbbfc38ef5212148089dcaff7dedb0dc3d805	9608ff50e5a2617c76585f69b58138d013106d60eb2df71e032a4eb36a4c07cc
1f466.png	assets/Boy/Default/3D/boy_3d_default.png	f117e4341a896dbddd375f2a3e56053a029cbeb9d70836da58fe43ea1911eaf1	268be62fa3e776562eb72f847c8d774f5e70332b5f281e1c7af1865a2e5512d8
1f466-1f3fb.png	assets/Boy/Light/3D/boy_3d_light.png	e2be71110d4b651d70e74741d07a1d25e8b033645ad123e7fbda0ab139ca652b	244ba46abc119716bacde85f05b9275743a76da25dce3123e751b79789d6a7e1
1f466-1f3fc.png	assets/Boy/Medium-Light/3D/boy_3d_medium-light.png	5019d92cae4f8a5d6a8b84c3abb59080f7cb180d7f95c2e3b2916236b4c88353	0ced0ebf353296a49827dec8b385ae281fe6b36da497e752b929d846108a9187
1f466-1f3fd.png	assets/Boy/Medium/3D/boy_3d_medium.png	08c42aa0ebfd47dd7702c9cf404698ed98270d05ecc25860b118349db3a35ba4	56bd74d9e2807d3b6a42f0c674ea9ee998ec5f1be469a8213397639b7485e4bf
1f466-1f3fe.png	assets/Boy/Medium-Dark/3D/boy_3d_medium-dark.png	2f97a317a1f0fec7d115ab49ce235058ded180ade8bd152d8034f4737d3dcd80	7d74a6219eda9391d7043f4925e1292f96329b4572e059cb648eb3edcc9ed7f1
1f466-1f3ff.png	assets/Boy/Dark/3D/boy_3d_dark.png	8154090a0459897bfc9b4fcc28cd1d94b1603fd4bff26860e5a310d870a3890e	f7a0a9ce157915a01f1eb555be64d83aed2d311809702f749ed0cfb6eec46b3b
1f467.png	assets/Girl/Default/3D/girl_3d_default.png	8149bb3e93cde0f2ba17f0f802debc03fead3bd20301bd7e99ecab78a01bb719	0f7e36968140b4878984fbac5aa8bc122a81d1edf9ea09a4e4b05ab76a424399
1f467-1f3fb.png	assets/Girl/Light/3D/girl_3d_light.png	5b5655dc1b091f6c2cf177e2c821edecc08923d03e8efc85f544d2eebba26728	ac75e89a755cca8fb6bb38c67f7c9542cbae4757af7f6d2fd8c58c3e9aa9d03b
1f467-1f3fc.png	assets/Girl/Medium-Light/3D/girl_3d_medium-light.png	25ff7ee8ef96ed787089b0831a545f6147bdb9c888b43366c8e989f0112bd045	5079d58c70ee08b39dabc5a40df70f711a8c9e04abc1fbef4ce8dc530804597c
1f467-1f3fd.png	assets/Girl/Medium/3D/girl_3d_medium.png	15a37ad2d8aa76e4a46843a81168cc04495bc8ad09000053973e88f5ae8a0533	7da66533df1477bbeec32016f9cba88bf8ddbbfaae628d0c7bbee17de3c7f0e0
1f467-1f3fe.png	assets/Girl/Medium-Dark/3D/girl_3d_medium-dark.png	577f23d100b2ca39f198194124040417ef8d749b2648d61d518f7933f76889d8	98e224386751f907845cbaff1cb587703808f045991b230978fda49e90179a97
1f467-1f3ff.png	assets/Girl/Dark/3D/girl_3d_dark.png	4c92a3aafd98a0e8fe87d6365e2c1fbe39339ce5e8c1919df174bf111239996d	647ad456618e30e7d976e206b5270f6012c8e49072050c6b6e77f31060c76b74
1f468.png	assets/Man/Default/3D/man_3d_default.png	2b9d1eee644cae73e3194251e5403d910110e085ba7e8f212a2bbdb66ed32b1c	7e6cf26d6d34508eba6f010bfa05724cdcbd8e1957d03cb93fd8c963207b17cf
1f468-1f3fb.png	assets/Man/Light/3D/man_3d_light.png	b928e12b23b33f928ae89bafe1193db573c3cb9b2b1bea97de53e6234ff26ac7	d6d0d13b0fd56c531dfa5af3ab332f9e12f221bd90659dae36f19c1e5657a0dc
1f468-1f3fb-200d-1f33e.png	assets/Man farmer/Light/3D/man_farmer_3d_light.png	316a95ba2d8204b2f4bcc600b41609fbf0cd2e74c4d941e9f7e962e929af251b	3fb337f4f899baa0df5be96c49d35b1cda11a8bf62002e05ee130a9751989621
1f468-1f3fb-200d-1f373.png	assets/Man cook/Light/3D/man_cook_3d_light.png	ee8e0441dbb8dcb7546bdc3ab1a65b58f7f9af9d711bdef1ff098585d2d1f9d2	f1b632d8eff4ad380e1c5f453d7f76e37a404732cd343f0dcda457a717be64ce
1f468-1f3fb-200d-1f37c.png	assets/Man feeding baby/Light/3D/man_feeding_baby_3d_light.png	52ec23f64d06ddb426404f1366ae4396e965ff97d5dedc314ab40f2137c3ddb1	57727f34a7425e8e611f4d825a230f45e33db68020d25a107f61d28a8326db62
1f468-1f3fb-200d-1f393.png	assets/Man student/Light/3D/man_student_3d_light.png	e3e6e663b3cbc320b5fad5be8f837d93c903c2d7bb17b74a56bbd5febb55de14	1d33d900f7a39344d9cd78c539efaf7b1c94bb3e70394efad1307a0610b21b10
1f468-1f3fb-200d-1f3a4.png	assets/Man singer/Light/3D/man_singer_3d_light.png	c98b30c73f63537232b93475a4268070a1f04a686033a0e95c5a9580297828df	b2f52109cc3c13d8a0eb3c6b2e55277c75256bf4078c107b35f7a5389b72b9b3
1f468-1f3fb-200d-1f3a8.png	assets/Man artist/Light/3D/man_artist_3d_light.png	d36795819894f0e508ba462e66231428fcfafe8e36037c218d5f958080ef29d1	948a2cda16a24b653a5c71973aa49226987d62ba150c9aa029cd545a6fa93f5c
1f468-1f3fb-200d-1f3eb.png	assets/Man teacher/Light/3D/man_teacher_3d_light.png	013818ba65b50f4c84d6d9b157edb08ec4c2bf1be63184eb8bb5383d21d40552	228c9a8ba20e047eeffaf321c4841824293c9afc5dc2e5ae8fdf87fefb732b82
1f468-1f3fb-200d-1f3ed.png	assets/Man factory worker/Light/3D/man_factory_worker_3d_light.png	ed20208296d8191955249acf04732261425583e1e8c9acf43faf4c480b057893	564c327b9ce7c3429f97e31ec39af54fdc64332498b078129ed9d7ba77c6689e
1f468-1f3fb-200d-1f4bb.png	assets/Man technologist/Light/3D/man_technologist_3d_light.png	228cd5ad8e424ea0b268c132e39adac9ca25e178b47dc5e9ce63eb52091a10a7	03cd270a78272bce44a8c71f7495c4b4dac3f9955960ae33ef86039d47cd7f3b
1f468-1f3fb-200d-1f4bc.png	assets/Man office worker/Light/3D/man_office_worker_3d_light.png	0dd37650000edaa58399b84a8ff0428d2a759893e9cf13eb11ba8fcfa3350591	2692bdabcfb3b010ac90215be30e4b4e7700aa932ed9d8e56728bf0f263133a0
1f468-1f3fb-200d-1f527.png	assets/Man mechanic/Light/3D/man_mechanic_3d_light.png	1d15b2169bf13fefdd66a076d1d44c5db7b596eb12d170b265f638d37acb6a73	8e5f45e39d183d3dd85b90b74ffd907e94d22d787dc6d83f02a0bdc0c143400e
1f468-1f3fb-200d-1f52c.png	assets/Man scientist/Light/3D/man_scientist_3d_light.png	8bbf1655520de3380d6079f7e37bcef1c353572f37de646bade70af846039af2	125ca46f4fafa2117e8c17f4dd1e28f8a7d46c4f140ed08c719ad6b03319c270
1f468-1f3fb-200d-1f680.png	assets/Man astronaut/Light/3D/man_astronaut_3d_light.png	23298f2e29d47765536c111af2f5298e8e0429712adab872d51b9b477494267e	46a53316ba282084cd9016e112288b49b85cde07e120fbf449addd06c99bcd62
1f468-1f3fb-200d-1f692.png	assets/Man firefighter/Light/3D/man_firefighter_3d_light.png	e23fca278aebe549c605074b7b2fe990775b4391a2d383bd4a24d03426da71a2	5899bdf7aa3a39aa83a70b42659e304593115eb361ca85ecd20fec6bd4a566ec
1f468-1f3fb-200d-1f9af.png	assets/Man with white cane/Light/3D/man_with_white_cane_3d_light.png	9471be20fae5c80f051367c4bc2188f1c8574acb4b585f3374b20cd29d13c977	ab0a0722f4fa36fb97cc412fcdae61965582c607a65ae0dfb4d43d50c722df57
1f468-1f3fb-200d-1f9af-200d-27a1.png	assets/Man with white cane facing right/Light/3D/man_with_white_cane_facing_right_3d_light.png	2ab1f24bde409ca042909aab28cfc8a4b76ee3da324c081e9e5b0e4369a643d1	3ecf16ee9a14051d9b8af11e4543327a78586ab2e240ec0519e3313a2cccff51
1f468-1f3fb-200d-1f9b0.png	assets/Man red hair/Light/3D/man_red_hair_3d_light.png	8ad88fd062437cef5df5c72d0f64bbf77ea6f9234b1d36b8d7072750a4811fee	6e400cf4881b4cab36ac722468da4498e329fc27a41f8570ed174a76db3df4b2
1f468-1f3fb-200d-1f9b1.png	assets/Man curly hair/Light/3D/man_curly_hair_3d_light.png	75d733cd2af7c41f91a741545a70568a530265a94b25097a93f030a0af01cf31	e258e4ed2aead72161741d8e3b84245efb0133869cfd715b7707eeb60b6221d5
1f468-1f3fb-200d-1f9b2.png	assets/Man bald/Light/3D/man_bald_3d_light.png	9e0b309dca5458ca579eec1861e041f5d3ffa06f014eccb4e787b56bd02fc130	a5761a78d17e093fff05397a184f219a8e84306656f31c97cad70b8f2a131060
1f468-1f3fb-200d-1f9b3.png	assets/Man white hair/Light/3D/man_white_hair_3d_light.png	5b24c90f5d71dfbfba2f33462dd1f8428a4bd51092c8408a806be5ba505a1103	983c4d038ca22b0539c4f63d49dc61206b41871bde32b9b224a4e16b1719b71c
1f468-1f3fb-200d-1f9bc.png	assets/Man in motorized wheelchair/Light/3D/man_in_motorized_wheelchair_3d_light.png	07ba19c44b963a15455248f15705137c85556537c7947e0acb7f149c01690c5f	907f45c149cc8dc4c34fd63c4f3cb0ab05526493519ec0b5b534964c407e67d8
1f468-1f3fb-200d-1f9bc-200d-27a1.png	assets/Man in motorized wheelchair facing right/Light/3D/man_in_motorized_wheelchair_facing_right_3d_light.png	9a147eb32b2fefc71951eee232098a00140e4efecb5a2cf0cedce27ded804476	79e7a9f7cc7b03f5ddfd5af0319678ea43ffc8f112cb094c89d9ce32a9590cd8
1f468-1f3fb-200d-1f9bd.png	assets/Man in manual wheelchair/Light/3D/man_in_manual_wheelchair_3d_light.png	332ab30371f76c7b7e6d3073404bcc05329661160b3ea2dab41e2d63705da927	20cf363509182251c0c303e5c77b45b6728f60e5166265d3fcab805cdf86725c
1f468-1f3fb-200d-1f9bd-200d-27a1.png	assets/Man in manual wheelchair facing right/Light/3D/man_in_manual_wheelchair_facing_right_3d_light.png	7d4f1f3ca904efd1361405aa0c3d198c249ae76cd322a275d9663c1fa5f12abb	493fd4bd637300ef913f3a3fe41e6adc7fdb4b2a095db2dfa4d6d6117703cf4a
1f468-1f3fb-200d-2695.png	assets/Man health worker/Light/3D/man_health_worker_3d_light.png	15a7e934d524c4126ea00de04f38f789135fd43c154401e275564724e1b4c7bb	b1d4802d81dc66f0ee64d54721b4ca053b49f4fc02c4fc56322dc7cf25a50911
1f468-1f3fb-200d-2696.png	assets/Man judge/Light/3D/man_judge_3d_light.png	d3925db4052ef313ef8ac4b242225e59d3b8280d9a8bb97d8217c5cff0ccb8d8	a63b3414113bc696f70ce543d8b201bb628db443fb1e5e64571120f84dcce9a5
1f468-1f3fb-200d-2708.png	assets/Man pilot/Light/3D/man_pilot_3d_light.png	6278adfd60898a929bc95ba2f8e60ae82acfe8f0acbfde2ed25787e17cf6cfef	45dfcce85e40473cbede8c5b57f9e3bb3bc712ef7f7d46cfeedc6424c3f284b3
1f468-1f3fc.png	assets/Man/Medium-Light/3D/man_3d_medium-light.png	13625d5bee4e22233ed4505fcb842f2e0dfb0bb2474f6ac4792fda5d86446888	cd6899d852a1d3a974e7d367bc4971de50fa553d5d7374157c401a9ed5c7426c
1f468-1f3fc-200d-1f33e.png	assets/Man farmer/Medium-Light/3D/man_farmer_3d_medium-light.png	52639dd132186954eb386d2ffb64c05238105aa944e41b57ca56d9774677667a	debad65a75020e5463e4567fc2d7c247660f863b21a6fc74a10133d7203568e5
1f468-1f3fc-200d-1f373.png	assets/Man cook/Medium-Light/3D/man_cook_3d_medium-light.png	ad2f1dc963f34ed5518613cf5befd5513387c397f008b34a3b53e3d3275a2e71	a5f8efc14e8cf593627e33f63645c24ac1ebe287a73463d952906968b88290e5
1f468-1f3fc-200d-1f37c.png	assets/Man feeding baby/Medium-Light/3D/man_feeding_baby_3d_medium-light.png	b38ec2749bee7ee81c89d6ea453effac454ca7141a3e2018c4d76bdf9c13c9a0	4b5968e6b8163eb744e823cbc74f4a508ce45964306c544efb9029c4c7a61741
1f468-1f3fc-200d-1f393.png	assets/Man student/Medium-Light/3D/man_student_3d_medium-light.png	fc170326f063a672c26ab02e8a9cd00fddad5f63b62e84582d27ddcbfb78ef38	c093151317845bb773871e057ca6ef04bd79e0fc7b679dca04f3f6a685ac28a6
1f468-1f3fc-200d-1f3a4.png	assets/Man singer/Medium-Light/3D/man_singer_3d_medium-light.png	9d8ce0e08f2a8f1aa2e3efc283e1464599e6e1fd02d4af3e3718ab32a3055679	1dc3ab4e27746ff5e5609c662dc06a40749a3328e7290b9e9e195530331faea1
1f468-1f3fc-200d-1f3a8.png	assets/Man artist/Medium-Light/3D/man_artist_3d_medium-light.png	24f8338e74998af9721b74e83a1890b38abe9a4c44e81a34cbbceaf3e728fc20	c476ee7ef7e50fb5c4d6a2a1565b4dd1deebe68b27484f45a4ad1f87f7560e76
1f468-1f3fc-200d-1f3eb.png	assets/Man teacher/Medium-Light/3D/man_teacher_3d_medium-light.png	94785e40caae910ed1d0d9cc908800e755b15523b6a06974afa7853110069fed	bbf36c9749f4a302f805c4220e1bec0a431a030e05b4e6879280313125b42ba7
1f468-1f3fc-200d-1f3ed.png	assets/Man factory worker/Medium-Light/3D/man_factory_worker_3d_medium-light.png	f70148b9e68d603ed34afedf43361d13fae3aef184c7c02dc55216d64c88f6ba	95f3de1a4b2533c3fa6f2d622e3b6404278f87b07c44fda9cc89bd3ef8481a2b
1f468-1f3fc-200d-1f4bb.png	assets/Man technologist/Medium-Light/3D/man_technologist_3d_medium-light.png	5300c32ec56a616ce272d1b8b509d9b1dc194af8a63572c9bfeeaa05079475a0	f0d835d3fd2d138881239f07f613024e9f465686a472b61143ea8bacb940b66e
1f468-1f3fc-200d-1f4bc.png	assets/Man office worker/Medium-Light/3D/man_office_worker_3d_medium-light.png	4fc51540d8ee06c69755780243c834b53ab6e7faaef18c75333d596ae8f0fedf	32ad43e6db395e3588d57f874545066c2a52b40178f026c1b4de90184b1dabd4
1f468-1f3fc-200d-1f527.png	assets/Man mechanic/Medium-Light/3D/man_mechanic_3d_medium-light.png	a41597b088d7a01eb6585dda4f9995d55ae97fb0da3f528670507117f4bcae2a	bba6cd41cbf0b4b5057b6e71f17a940e613decf3c7883609f6b5c7449c516b8e
1f468-1f3fc-200d-1f52c.png	assets/Man scientist/Medium-Light/3D/man_scientist_3d_medium-light.png	55218b5e856afc99b6796170e4a5311190cea7cea0846531cfb0a565b2f4e03a	ca59bd514dc6e95d78ff315c116c005584806a51378b8169cfec75b9d0695b1b
1f468-1f3fc-200d-1f680.png	assets/Man astronaut/Medium-Light/3D/man_astronaut_3d_medium-light.png	a6328a4943708d26e32de65ebafb81bc5e4290d16d95b3c190bf6b9ca559e479	955c8a0188214050fa37357bf9c5aacd5b69418a536df905361c838c676f2e18
1f468-1f3fc-200d-1f692.png	assets/Man firefighter/Medium-Light/3D/man_firefighter_3d_medium-light.png	c4ffeffcdc57275f443fbc289b1c3d97716dd35fcb1561cb554dd8001b5da907	efa332de8527beb45f2ca5e06e3eedf3e6d14593382fb9ca45723ca0be1aa4dc
1f468-1f3fc-200d-1f9af.png	assets/Man with white cane/Medium-Light/3D/man_with_white_cane_3d_medium-light.png	bec3cd1f1545ed9b7d68a8f4536ec1f5d52741093e2a89ac44a287ec580f0ef1	432a3f79bbe6fdbd4d316b5793fc5744dbd2c29bb90354ae1d191cf3a5884eef
1f468-1f3fc-200d-1f9af-200d-27a1.png	assets/Man with white cane facing right/Medium-Light/3D/man_with_white_cane_facing_right_3d_medium-light.png	aaa66fcc7971b1c430499d0ee9242a46700e429dd40f09793fc20f293b75f025	bae276012c7ae6b7bd4a21f4a8854d01bf84abe310d5bd91cea41d55bffa93b5
1f468-1f3fc-200d-1f9b0.png	assets/Man red hair/Medium-Light/3D/man_red_hair_3d_medium-light.png	7af282954f67c1361c07c488189a8e2219d8ddfbf11089cd5daec40422fcb8da	58bb9e7b0c3be7c609c6f958869f20e6304adafdd50d5a5dbde06a0f07d482da
1f468-1f3fc-200d-1f9b1.png	assets/Man curly hair/Medium-Light/3D/man_curly_hair_3d_medium-light.png	80446da611d533c0e6a6217580fc00805d216defa94a1485c5cf3e40631f1314	a4f529272d9e29205da2bf3d07ad58d424c813692b2e063b75c510b6d4c2d996
1f468-1f3fc-200d-1f9b2.png	assets/Man bald/Medium-Light/3D/man_bald_3d_medium-light.png	ca563347afdd5084d99467c7dd18c86d45107beadd2a91141d655a02bf5c8142	4eb28ac07333fc9a38f359625266ce9963d1396fa57ec201aa42143305f04a3c
1f468-1f3fc-200d-1f9b3.png	assets/Man white hair/Medium-Light/3D/man_white_hair_3d_medium-light.png	22889965625edcc61953ade2f104dc2cd51165ae4cd75a43dc7f133d06589188	e31491980f2c2ce714fbb2c58093985e3e1b0fa97d224ea46c165599c5607647
1f468-1f3fc-200d-1f9bc.png	assets/Man in motorized wheelchair/Medium-Light/3D/man_in_motorized_wheelchair_3d_medium-light.png	bc76a5ab1889310377abbd7e4d383cfefc1a9feee98af89ff32a306a275a7299	70583b93ce7c2115b8f0268c7f16c24e1747cdbc420d98672d6f719fcb0796d3
1f468-1f3fc-200d-1f9bc-200d-27a1.png	assets/Man in motorized wheelchair facing right/Medium-Light/3D/man_in_motorized_wheelchair_facing_right_3d_medium-light.png	f4f511171ed44f2a93b10d91afa4296f3f10e04ae2f73c746cdf28a9f63aed35	587b84b7d9025db13cb72a674729d32a4524f47b9bb76fa6615f66aced3df7f1
1f468-1f3fc-200d-1f9bd.png	assets/Man in manual wheelchair/Medium-Light/3D/man_in_manual_wheelchair_3d_medium-light.png	2d66785e8cb173089fb6a07c53bff6c6e6cdc8ad885b24f415a2b9a2651edad6	8eed0c63e3ec388dd0fd282cab2ff04131ca4ecf0374f999f3c30a43357cc0f9
1f468-1f3fc-200d-1f9bd-200d-27a1.png	assets/Man in manual wheelchair facing right/Medium-Light/3D/man_in_manual_wheelchair_facing_right_3d_medium-light.png	31c04f057907ee60e199ad4ff769c1e28e54df36dcd830675c0f3b5347903106	53756e31ba5d277bed5d88435fe2f3a38540720a8935fb1491505c2c10c53119
1f468-1f3fc-200d-2695.png	assets/Man health worker/Medium-Light/3D/man_health_worker_3d_medium-light.png	3ae885e8d3d894321b708e359f3c74120e886175bba6711a8da13fd79bd1da82	7852c65c462754896fbb1d338d67577075bf8222fb41f49730be33724235c9b5
1f468-1f3fc-200d-2696.png	assets/Man judge/Medium-Light/3D/man_judge_3d_medium-light.png	924a5fca3dd5e85380a7c88d550fcad64091215fb0ce74c3452872b551782696	c76aee91f60faa848ef59a9c54ca72aec3270e96fc5c4effe6b6919af0c200a4
1f468-1f3fc-200d-2708.png	assets/Man pilot/Medium-Light/3D/man_pilot_3d_medium-light.png	0c98cadcd2e25a90e2fd7fc4a1fbf26f3835623099a85e4d11a8c5682cafe4a0	57df7dafef37c94e256f85d4d872891e7d337e6f72f65ed0a2fbe2990bee3e83
1f468-1f3fd.png	assets/Man/Medium/3D/man_3d_medium.png	a1132586167b758efb8e5719eea6ebf209db71bfa19568e1cbe0d2f79a880136	2ddc9f655eacc2a2fefbf7c8b25da37abd94d4f7ebbd5c311a016780e785e023
1f468-1f3fd-200d-1f33e.png	assets/Man farmer/Medium/3D/man_farmer_3d_medium.png	288bba30b50f8170f0b2bac2a42f8cd03d7fa413cf9cfc96652188b2e5b1e05b	ab9ee8d3c45eaebd30a3927509ca3b681116c465d2bd94bd0d6242f3f6998778
1f468-1f3fd-200d-1f373.png	assets/Man cook/Medium/3D/man_cook_3d_medium.png	13d0d76c360635dc5a5ad3ecef8273cf6e9545127c3c2e0448aeb53f35679cdc	39119d57fd51af260d22b76578508d2604e1f2d6a41a91a8c447cfb4c83accb7
1f468-1f3fd-200d-1f37c.png	assets/Man feeding baby/Medium/3D/man_feeding_baby_3d_medium.png	d0c70fa94f0ce9239c21dd347f7c60e5803eeceed784fb2f5aa5348a40ffb5ee	877753462483fec4bf358b9668d7e2b127f528a5f5070f0e94abb2ac014c2635
1f468-1f3fd-200d-1f393.png	assets/Man student/Medium/3D/man_student_3d_medium.png	a2cdbc802f199d1147d0c0cd5c8876e4882b04ba84c0c340053712bebe17973a	1e906265df679ce88858bcaa0d282a0b13087ea25a9952459c49779e4afec303
1f468-1f3fd-200d-1f3a4.png	assets/Man singer/Medium/3D/man_singer_3d_medium.png	47a982df6611fd8bb600695e8e8236f4492f4708956a34aedee4e16845468ac6	896ea83657363d331e0d8454d1c47a0c7f1ce9e88a8eced756039737263fd570
1f468-1f3fd-200d-1f3a8.png	assets/Man artist/Medium/3D/man_artist_3d_medium.png	2162c2b55f038d80c9a7522384e79c622d2a86c4d72d279752232e772e3fff0b	89cd23b612e15aec3412edc61ed6cef974aa0e9e0ac73e314a149f2db6336b11
1f468-1f3fd-200d-1f3eb.png	assets/Man teacher/Medium/3D/man_teacher_3d_medium.png	4d5847f54e9786a083b6af265d508b00642170946c3741335648b5b8ff0aa5b9	81ae01c8a9936484a65725983dca6dbe33bc297c123e2138eaa98cd263829872
1f468-1f3fd-200d-1f3ed.png	assets/Man factory worker/Medium/3D/man_factory_worker_3d_medium.png	e57dc5b1aa4a055a181e051f6b83783fc0b52cab553d85d3fbadcab53091c0b9	ea5a44b1ca8173bbbde98db7f3d22302774e7f7afdbc47b3028093c05c4c7ca2
1f468-1f3fd-200d-1f4bb.png	assets/Man technologist/Medium/3D/man_technologist_3d_medium.png	07c5f96da1941317eeee003f20be991eec66a853dbd9a6cbd72dbd78527cfbc8	31fd779ae73d0a57dc0ddb00bdf88e797977a330e9e73e94c6b50008f3ae0cbb
1f468-1f3fd-200d-1f4bc.png	assets/Man office worker/Medium/3D/man_office_worker_3d_medium.png	f0597e29de50991b83c6e16cb426e15afe2341cd39ed075d5d7e08c3d54e321d	121bb6a3c5aa4e13ab40fabb79c9a09095ee95207053ed3fe85e12a875ddb38a
1f468-1f3fd-200d-1f527.png	assets/Man mechanic/Medium/3D/man_mechanic_3d_medium.png	4ef5d309e0bbad5fcc8e1f0c5ed871c2a0840952ff30e562570662121f1dcca4	93aef64925dd2913d6f7887f04e584e252f787c4a96a2646e60a8001e09c4b83
1f468-1f3fd-200d-1f52c.png	assets/Man scientist/Medium/3D/man_scientist_3d_medium.png	96d66b10a52fecf2b486d95f34e23ab799deb7d20a34fdf34e9ed33ff0f3b147	0c994c122f1e1acca5a3e19b447b05bf80e299d4e2a6f3352f59df03cc7b8151
1f468-1f3fd-200d-1f680.png	assets/Man astronaut/Medium/3D/man_astronaut_3d_medium.png	a5993ca816be93c653893e7fe8a0eec1c0bd05f93fcf8a11156036ead7275428	e86bec585b02eab5a50df9561d3baf4beb70ddf512cb043f08fe296ef1f3f28f
1f468-1f3fd-200d-1f692.png	assets/Man firefighter/Medium/3D/man_firefighter_3d_medium.png	ae21221e6c2beffb9da66b0cecff371bc4c17148e92593701047a266631a32ef	c7b12be6ad2e71c56588915fdf0d93ea982b19924e6c6846871c9f8b2de13cc5
1f468-1f3fd-200d-1f9af.png	assets/Man with white cane/Medium/3D/man_with_white_cane_3d_medium.png	da83d09c8f06b9c261a4f6e8ff0b3251ef7d3a788e57ba955393332ddc218ae6	2a0b78d30d393e940ca082185f47cdc000a7b309bdffc71ca899f51a8781a8ed
1f468-1f3fd-200d-1f9af-200d-27a1.png	assets/Man with white cane facing right/Medium/3D/man_with_white_cane_facing_right_3d_medium.png	201f42fdb0689d805033614ae7c8d50a7e65f587a87194c3ab65535d473007b8	8a057913bf45ace3ad4f5c2cb6802da2ac3613bbfcfe491722172be043369876
1f468-1f3fd-200d-1f9b0.png	assets/Man red hair/Medium/3D/man_red_hair_3d_medium.png	003618ca8b8ac7073f281055207a572bccf472f7168961a85d2096dd30961ef8	691bba92853d55c567b5bed610dd75e3867667b5bfbd7e8aa713eb03fa0b7375
1f468-1f3fd-200d-1f9b1.png	assets/Man curly hair/Medium/3D/man_curly_hair_3d_medium.png	20cbdae2132716c48c20a50d714a0a11e56a4736c033b7792cec8917973c8be0	2ec1987dfdf599958e9ee4f843a7a909cf1b87488801624acd4d82074132face
1f468-1f3fd-200d-1f9b2.png	assets/Man bald/Medium/3D/man_bald_3d_medium.png	7e0cb6a569a71cf079816f9708be2b800bfdedef2459819f1340c562f08968bd	074464b8fc5d74b7ae55cc94ec0048bb6abbe6e02f250f47bbf992710ec46b32
1f468-1f3fd-200d-1f9b3.png	assets/Man white hair/Medium/3D/man_white_hair_3d_medium.png	65b971738de7cd329c5edba43de8d06db7101db75698339a4c5e1d2b3367af30	c31ec3e18ed31d08de7fce200abd7fde61e1aff054852f26b145847b271cd329
1f468-1f3fd-200d-1f9bc.png	assets/Man in motorized wheelchair/Medium/3D/man_in_motorized_wheelchair_3d_medium.png	79b5f85e4261e946194ad859d8bd68b2b3e0e1273f1d749780433b144a44bcac	e0acd7ca0247e5d5d043de21d0b6ac248a318d789d3ef045fad9f157df648161
1f468-1f3fd-200d-1f9bc-200d-27a1.png	assets/Man in motorized wheelchair facing right/Medium/3D/man_in_motorized_wheelchair_facing_right_3d_medium.png	54e28fff0f3f8f8e8ac44c57b0f77ac8b9739c58f55c842d9e50aee631171c7a	0be36b2cb464c55f3f5a9b00e2e309f46911de92381d8d21fd8286c3962d2440
1f468-1f3fd-200d-1f9bd.png	assets/Man in manual wheelchair/Medium/3D/man_in_manual_wheelchair_3d_medium.png	f29ef5239afe4e9e266374914c29d3340e89a4a187701bd93510b7db2de44d0e	089858318d8fa711a704d56f667f2296d6d3de44c0f9b95ac51e4f75c2e66508
1f468-1f3fd-200d-1f9bd-200d-27a1.png	assets/Man in manual wheelchair facing right/Medium/3D/man_in_manual_wheelchair_facing_right_3d_medium.png	7daef1cacbc062787a13b746182fc830dd549fe198e0e78a72f6a2f07b966663	a2ebb45e0a88c6a389ff7a6c41a4caf00baabb82a67b2dbe5abfdc3cdd887c59
1f468-1f3fd-200d-2695.png	assets/Man health worker/Medium/3D/man_health_worker_3d_medium.png	703fba98639f080de4156905ce9b46d93c7344b9d4889e68c6a4bdb6eb8103dd	e6630917c02a10a640e36712c9fe59ae61bfa061f7ce4e0e7eb4ade0613a2371
1f468-1f3fd-200d-2696.png	assets/Man judge/Medium/3D/man_judge_3d_medium.png	e29b7864c06885046f7034988ef106a285e0d436a60f2deaf86ca1143cc45bac	45fae689d55ea8f25e9e6fc8351d203839cb5b122239c0163e1f9ca456cbc060
1f468-1f3fd-200d-2708.png	assets/Man pilot/Medium/3D/man_pilot_3d_medium.png	77acbb0109edd4ac41456d59498f959ba29213cc1ccf8242159883339e4e18da	e0861f64e6ecfe3c5ef3adf777f5a4dfccfcf182132ed8d43f5d9a8581e6158d
1f468-1f3fe.png	assets/Man/Medium-Dark/3D/man_3d_medium-dark.png	295d998f0da132d455519375b449f10e62a985f5be5c42fbfc5ef21317c5a719	8916a2a54fa4c0f7a24ce2cb5eca92edf475d051447a710bccf6f7dbb8c303fa
1f468-1f3fe-200d-1f33e.png	assets/Man farmer/Medium-Dark/3D/man_farmer_3d_medium-dark.png	8f2640ff3290e6f584f191e6c9b703280d70593ebd99874dc9f9c2d3d91bc425	581e7a5f8c4ab148818def030596ea3ff38a4c7f0c378183d6a59744216c5b0f
1f468-1f3fe-200d-1f373.png	assets/Man cook/Medium-Dark/3D/man_cook_3d_medium-dark.png	9f8bd7954a211c8a47d051c7e7edcd99e4078c184deb5086ac9b4336b6e8d2c2	4bd0052cfe4ce3d701ca10e1c2f8ac7daf8817fb3d4ef12605742f035c90cb9f
1f468-1f3fe-200d-1f37c.png	assets/Man feeding baby/Medium-Dark/3D/man_feeding_baby_3d_medium-dark.png	f1d22e3e205a45a263dfc75ace3ab9fc8a411ead753c64cb70a7df70064bdbec	5ab02ce4c8ede3d034036ea74037d05f744f91fb1cffac3a3da99d6d28afa17c
1f468-1f3fe-200d-1f393.png	assets/Man student/Medium-Dark/3D/man_student_3d_medium-dark.png	376e0d558ee71403d90bbb668ebc0ea1b542453fd4d64b62a0dc5cee47510b1e	24ddf150dce666f1b9af1e6fd43c6762e7cd6bc6c546522f301797c1720dcd91
1f468-1f3fe-200d-1f3a4.png	assets/Man singer/Medium-Dark/3D/man_singer_3d_medium-dark.png	7c4d95ced2cd6489cebaa7b19720dd88b388e6283fb0b1d276bff7733c489b15	5586f845b2fc45bdfdc058010b011cab774057abe88e8f1519da69b93bd06cd5
1f468-1f3fe-200d-1f3a8.png	assets/Man artist/Medium-Dark/3D/man_artist_3d_medium-dark.png	b1c87c2ba4d12782d4f53a2a8cedd98296561262b93f28beebef7ded6f51fc31	dba8b6b7853df8fa73d46812b1981365ff869a059a520979734009238996b66d
1f468-1f3fe-200d-1f3eb.png	assets/Man teacher/Medium-Dark/3D/man_teacher_3d_medium-dark.png	a122109ee0a349a51b82af2e4800de9e2e61eeb3c1f5f9d87c530219fe6ca476	37a16a673f8a75f73862ff4cb53c794c8521bf13dac9694eb9a6f20e771209cf
1f468-1f3fe-200d-1f3ed.png	assets/Man factory worker/Medium-Dark/3D/man_factory_worker_3d_medium-dark.png	86f667b68780917ec428287658585f2702657d1107b9579194e556d977d3fe85	dae8b327ca18a432c9926fcd12a3a44cf644fb761f64dca475250aad41a80a9b
1f468-1f3fe-200d-1f4bb.png	assets/Man technologist/Medium-Dark/3D/man_technologist_3d_medium-dark.png	e78f47e152649229c1dbe27fad89b8f5b206b31f90651e503457444ad7f6f978	ddc90b2a35fb5d53ee486b49988703e16a63ce016b0626a7dcaf9e7a0c87181b
1f468-1f3fe-200d-1f4bc.png	assets/Man office worker/Medium-Dark/3D/man_office_worker_3d_medium-dark.png	42b8d96fb70ee8f8858652642bff51062cbbbca0d1a4fab223d0f73a8bce0733	577f5526764cdf75238546f4a51a273772ca9e5240184c5f9b7eb0c910c94248
1f468-1f3fe-200d-1f527.png	assets/Man mechanic/Medium-Dark/3D/man_mechanic_3d_medium-dark.png	17813934236c8ae9988d02166daff0d705b690c735aa14d8ec0addf308cc0c69	203cb1538f26012f3911247e618a4f8e9d29fda447f9373c75b78b65447fcf25
1f468-1f3fe-200d-1f52c.png	assets/Man scientist/Medium-Dark/3D/man_scientist_3d_medium-dark.png	0f52a1bfbdde1827b24202565933c7e29068a3d1cddc27f4963a525872e33011	7bb9fd6a8d3755cdd1c6ddd2cf02b20730642f02584f87cbd5058a09dd4411ce
1f468-1f3fe-200d-1f680.png	assets/Man astronaut/Medium-Dark/3D/man_astronaut_3d_medium-dark.png	b29226aff055aa97617254deb59a27046c000789f0fb5c73b5f0828f862a38d0	163200b9a8f180d59ee05983dad0331aee32473ffdcb355e7b7b12039cc64000
1f468-1f3fe-200d-1f692.png	assets/Man firefighter/Medium-Dark/3D/man_firefighter_3d_medium-dark.png	f96b70a21ff7085b8a50d324dc94a373118ee7e5d84e698a58d94fa36ed8bc8e	e31751d948a7e87bd071ff93502965ec8d8fb223d12dafb973c09f02042e82c2
1f468-1f3fe-200d-1f9af.png	assets/Man with white cane/Medium-Dark/3D/man_with_white_cane_3d_medium-dark.png	aa5b3f17378d7aeb730a5c83aeea22d1a1f67138417948236fe885c79d1c3f5e	a442218015321e2cd9caf9ed7e943f4ad74b2ba5ac4ec0fd9f476a85d4706b3f
1f468-1f3fe-200d-1f9af-200d-27a1.png	assets/Man with white cane facing right/Medium-Dark/3D/man_with_white_cane_facing_right_3d_medium-dark.png	db0aecd6b1cc2ca8f8d1bd35e6a4799ecae09f53ebfe8b1c89948bb0771b4dd2	e100adc2a2fe39b4c6cb9c79dc65f9aff639907c806f9b0b260c3dccad2e223d
1f468-1f3fe-200d-1f9b0.png	assets/Man red hair/Medium-Dark/3D/man_red_hair_3d_medium-dark.png	b8ebc463c1d94dd06ab552bb952d84bafdb0a92cadb6c244398d7cc8c9585322	ac317cdb3150d5b43672ff7d95a5f5b24bec7203cdda58cbcfdd0162005ca100
1f468-1f3fe-200d-1f9b1.png	assets/Man curly hair/Medium-Dark/3D/man_curly_hair_3d_medium-dark.png	94d2dc0ac1779df2df0a9be8c94286927c6fbbe9111adcc3ca899786e277501d	2161c9aa49b6043c97061af68503210a862c451576a8d4a24cf33a9cb0718109
1f468-1f3fe-200d-1f9b2.png	assets/Man bald/Medium-Dark/3D/man_bald_3d_medium-dark.png	36fbf8005c733dd910a972a262fdb0e02738f14cfbd7aab251336b58066615f7	5002846679d9dab8a91d13f818ef92b40a2f137c7ecbd97841a2207adb7200a3
1f468-1f3fe-200d-1f9b3.png	assets/Man white hair/Medium-Dark/3D/man_white_hair_3d_medium-dark.png	19edbb497ccaf97adf65bf066d297effca61c5753bc732018031e4a209de316e	2a4d7d9afc20887845201514984955d3725c914359f2b94460720f7cace4a87a
1f468-1f3fe-200d-1f9bc.png	assets/Man in motorized wheelchair/Medium-Dark/3D/man_in_motorized_wheelchair_3d_medium-dark.png	a92a572fdb9d0fb269eed65d7aab26c2f20e364d0f114c370ce431762ee4e7e4	edc8d7140375410ff975973ef20537e2417e64474444117c6342d0215f0e4422
1f468-1f3fe-200d-1f9bc-200d-27a1.png	assets/Man in motorized wheelchair facing right/Medium-Dark/3D/man_in_motorized_wheelchair_facing_right_3d_medium-dark.png	07ade30a8635b216dceb331431c8e3550dc29868866a442f2b45519d63a77506	c9ec3d6657c53bcdb3318e71f69d7ead06f95a3582aeb0b66cef16f429ee140a
1f468-1f3fe-200d-1f9bd.png	assets/Man in manual wheelchair/Medium-Dark/3D/man_in_manual_wheelchair_3d_medium-dark.png	957e214b5a3910282b98cb90b09be0333f6b2249eb595770f17508d724cf9aec	7ba562383944fb8b971fc424d2e678beda12f76f3c9e153a3c08c1e335039abd
1f468-1f3fe-200d-1f9bd-200d-27a1.png	assets/Man in manual wheelchair facing right/Medium-Dark/3D/man_in_manual_wheelchair_facing_right_3d_medium-dark.png	5585159185f8ba33935ba15031b8a45622badcb0a306702792bb5354ccc7e5da	e991ab81f43a2387d6c4cd90af81a784af539b331ad1a4782815d62a172f83b3
1f468-1f3fe-200d-2695.png	assets/Man health worker/Medium-Dark/3D/man_health_worker_3d_medium-dark.png	9062018dc35a351755c1024689aa872c5f82db3e0f0bd886bd220307c606dae6	6bd4c5a266c9085f6911e5aec91469c67ffc6e56ee28afc38a13ca64a0f4f5f4
1f468-1f3fe-200d-2696.png	assets/Man judge/Medium-Dark/3D/man_judge_3d_medium-dark.png	ae05d69bc59e7bee383dbc3a8f7b5f9349bd27c67acd295510e1146e5e0089f0	a0eb36af32ebc8e2a86271f9f73ccdf15dfa4635d0184e1fad6a97f03dc88a31
1f468-1f3fe-200d-2708.png	assets/Man pilot/Medium-Dark/3D/man_pilot_3d_medium-dark.png	4db6c7101cb23ae5d69bc50ebe7e6cd4ed0c17a033de74227881a3a40204c63f	5e1c80083bdd50b605b698fb81af3a89d396b7f80c0cb520c6a58dab85959a7c
1f468-1f3ff.png	assets/Man/Dark/3D/man_3d_dark.png	6aba21e127ae8b0ad8db6a8bcba4132975598006284dc98014416896691719c4	737e9358420fde49fe4ce8138f27b6ff25772c35d0b9d8ac7ccca5b0254a9558
1f468-1f3ff-200d-1f33e.png	assets/Man farmer/Dark/3D/man_farmer_3d_dark.png	b282c60aa0a606a28e2cb3fa8b9c81e0a2e329d24717ab16fb01b93f7dfe5000	df2e257428620da4a115ae67c4965cad3f1009b9473bb687032608b4bf92c038
1f468-1f3ff-200d-1f373.png	assets/Man cook/Dark/3D/man_cook_3d_dark.png	b9894bc96784729a57c117d9f90ec3fee40b52f07e85912f874c2c91886ea618	e2434e66640f13612204043c3b1e92cdb7d756890829fe671dd62217f676bb12
1f468-1f3ff-200d-1f37c.png	assets/Man feeding baby/Dark/3D/man_feeding_baby_3d_dark.png	f551e8b1c4162193b040f20aa1c8af70190143bfbe1e88db89debf71318d8110	9d4ee2f0d86a30c4262d8b3a77eb812220aa06cf71979296bccf757e06b63289
1f468-1f3ff-200d-1f393.png	assets/Man student/Dark/3D/man_student_3d_dark.png	aa6826cf7d3ed3117dfed62946babb766d313e7460b71a60d391c1f1e5761b38	2ed899ef01ac3bba83bae0970ec843c0d38fcf58e810cbae8908b7d708cb5bec
1f468-1f3ff-200d-1f3a4.png	assets/Man singer/Dark/3D/man_singer_3d_dark.png	7d214c0964f0a8f6315ec494d2dea95f4dff01168cdb1ea96a6c802085dde4c2	39b9d5c0906d7b97fffd91904b755b23f390a65b9bdba7f8b16f54104a207563
1f468-1f3ff-200d-1f3a8.png	assets/Man artist/Dark/3D/man_artist_3d_dark.png	1ebe131fbbc48e51e32ef4d5e2c00a0d2d006720b64c5c1192581078c2e1f9a8	017b2d39fd9e47338348aac15875345ec7016081762675dedba6c3d6783d2c58
1f468-1f3ff-200d-1f3eb.png	assets/Man teacher/Dark/3D/man_teacher_3d_dark.png	1c9976e8577d1649833eaee54e50ed1d287dfd2a8c54b2dd5b2b4e591de72bae	7ae5a01559351e26e5e218b8546ee0a2e3e23445727272677d881716237e753e
1f468-1f3ff-200d-1f3ed.png	assets/Man factory worker/Dark/3D/man_factory_worker_3d_dark.png	265da9f05dd87cb2d4f6e06bfebf44d97d16abeb4fb5acfef386746e122dd6b1	e2f650617a84bcbe465b8c85647957f0be5325c1b7efcc0f1b1b0a447150bb7a
1f468-1f3ff-200d-1f4bb.png	assets/Man technologist/Dark/3D/man_technologist_3d_dark.png	6b1e5802d46d36256aacaa16b733c4d3a2aae453073eec80bb014cfe300ea727	a77a02018c17fab4b04c8e1831002474a2d7cda50abb4942134abf69d2c3ab96
1f468-1f3ff-200d-1f4bc.png	assets/Man office worker/Dark/3D/man_office_worker_3d_dark.png	76e00f5d11e0e6dac41f13383ff110e1ea792fa3c271cc36cb1e22a3715d5447	610963f40dd86859d2d7a2afe4e0768871ddeafa9f1c9837e22b801185e0b4cb
1f468-1f3ff-200d-1f527.png	assets/Man mechanic/Dark/3D/man_mechanic_3d_dark.png	83550ef947a8f41f4519afd2f59c71f28ffc0dfdde2276c91179427cce528529	fdeef77ebbafaca392d87d10cde6c49ef446af3753d41e3ec75798214fc9d2dd
1f468-1f3ff-200d-1f52c.png	assets/Man scientist/Dark/3D/man_scientist_3d_dark.png	75ea399284badbb7070c38bcf16888bb2a64ca8dff411fb435100b91d2616145	90f0d4a8cdc394b6f4c7b739708909bc488f35c6ce7fa0f140bd620cfd414e94
1f468-1f3ff-200d-1f680.png	assets/Man astronaut/Dark/3D/man_astronaut_3d_dark.png	6e65d9476648e39c666e98e24915926f5dba7e83d87c1df6d8fb5735efbca37b	b64c6c81c068cca67f497db4513fdfe648b0933af8d44297ca8c9761741e2a7f
1f468-1f3ff-200d-1f692.png	assets/Man firefighter/Dark/3D/man_firefighter_3d_dark.png	8688ae3a331f1e3b51008d4f6fa740a5ad1a672eb3fb42ea535b9202503d48dd	251cbb06a1cded46818d374c26fe56adada4eb37e3a4202fab48f9d48cad4fcc
1f468-1f3ff-200d-1f9af.png	assets/Man with white cane/Dark/3D/man_with_white_cane_3d_dark.png	c42aa1a66fcc55a48b6387522ef7519ef6fd7c60dabc513be15527cfcd3491ca	4f667163cfeed6e294e986ee88d51b8bddda5f5ba9dd6b3fc781d2a392365fa4
1f468-1f3ff-200d-1f9af-200d-27a1.png	assets/Man with white cane facing right/Dark/3D/man_with_white_cane_facing_right_3d_dark.png	880c7db73a1745721fc46c060e6daa9eb344f804412ae36ed8bdcd7854ac7bdc	03ecdfe05da850cf87b0505f59274912874a145651b7f5c2b8b0bce7d8e7958b
1f468-1f3ff-200d-1f9b0.png	assets/Man red hair/Dark/3D/man_red_hair_3d_dark.png	a7cd13ea562210d8ff443170ad63605b857b949383e6ce82bcee527b2595b60d	1f106fdebd5f0261cdfb55d31ce255240bbc806d1110387bcab29f5f9b776d29
1f468-1f3ff-200d-1f9b1.png	assets/Man curly hair/Dark/3D/man_curly_hair_3d_dark.png	d8c3a9292201625f7e730be73de633b748aa45cb1db71334fff0c6bb4b497f7d	23c2dce3da69ecadf99434691419ee4168e1ec6be2e32f5344a69b1dce40e068
1f468-1f3ff-200d-1f9b2.png	assets/Man bald/Dark/3D/man_bald_3d_dark.png	464b0e46a372d2e4d3d5f297c880a1a504f66f2bf68f8c9060f2c1e9b24d4876	01f58f60076b96a38e72bdb55cc7dfc11dbee715aa25b0f2dfbe3f0696091096
1f468-1f3ff-200d-1f9b3.png	assets/Man white hair/Dark/3D/man_white_hair_3d_dark.png	a5e12f231b07801bd5012212238ea4ca7185c2286da9a890ef6fc5f4269d2042	242f1454d9d3927e7c7e6c7ff8cb665480de3bade352078cf47bb3f7402efe8c
1f468-1f3ff-200d-1f9bc.png	assets/Man in motorized wheelchair/Dark/3D/man_in_motorized_wheelchair_3d_dark.png	3b98d1f66da079fde66a2d51992586dfa576a7015832e5b7561e5822ca948c56	5e09cf12a16bab531fcfd838f23de9653f2b8d5b6d633c6d7a256d17964bf93a
1f468-1f3ff-200d-1f9bc-200d-27a1.png	assets/Man in motorized wheelchair facing right/Dark/3D/man_in_motorized_wheelchair_facing_right_3d_dark.png	30f331d7192c29ec2b22c4edacf932185256ed3da6c90513d570fba9910034ac	d1195f270461585916dcda35b87307d19001d99617711359781e63d66e13970d
1f468-1f3ff-200d-1f9bd.png	assets/Man in manual wheelchair/Dark/3D/man_in_manual_wheelchair_3d_dark.png	b6ce2adba94318f26e0989d539df15decc0027abd83b139e1966dd2fb0c0b10c	3d2894c3369a62f46ebd6edfde7d270a6771606457a0ef3a147b3f632ff543c2
1f468-1f3ff-200d-1f9bd-200d-27a1.png	assets/Man in manual wheelchair facing right/Dark/3D/man_in_manual_wheelchair_facing_right_3d_dark.png	a80c2241fd7d392f4e9cf0a9943c73904584e6f21ef622d905658b44b63bb997	213df42fc56426c7e3dc4ff382911e1d1a6be0812295174bc78e510b43e02285
1f468-1f3ff-200d-2695.png	assets/Man health worker/Dark/3D/man_health_worker_3d_dark.png	4885a46ac13e8e2ef7a59622814b8c5a7bc76c9b185187a4dfd4559b8fb222ba	68ced3f217f1d4ddb016b6d4d00983aebae9cbbb3bb3289876d6c6b674ee3406
1f468-1f3ff-200d-2696.png	assets/Man judge/Dark/3D/man_judge_3d_dark.png	50a81fe50e6056a0368e9958a9e3409a9e8ee948897575c01038a947a8f02d05	a4b5d38407bbd3ddaae922149fdca92d0d5fa0fb162eb397cc9c21a23cd89b9b
1f468-1f3ff-200d-2708.png	assets/Man pilot/Dark/3D/man_pilot_3d_dark.png	42d2d983e738781d3b042eb4113ebc1eb774f61a711eee8fb157f7689d2b4754	125b6353efff018311d4231291093d2d86241593b4bd2a4d711a0b15e73a65ad
1f468-200d-1f33e.png	assets/Man farmer/Default/3D/man_farmer_3d_default.png	9eadcc77aec6552235a9df0adfa6656026577f1aa57b17586d997f6d953e0d17	b5db0f739aa0bf238b96305b8f26cceafab3ce574ce76e06b80ae59af134e5b9
1f468-200d-1f373.png	assets/Man cook/Default/3D/man_cook_3d_default.png	c7e1030f1d7e287965766494a3f6518df96090856ad6e16593c56eeb339fde31	82a48094ef315d046212d645f274b5319d480093888d2af025a005b1db2252d5
1f468-200d-1f37c.png	assets/Man feeding baby/Default/3D/man_feeding_baby_3d_default.png	ee77d4830e111da0fc443e58415bfa2b7f24f6e58d05d7faf6412754f1a0f513	d70bf7aebb6345eac32b38a9734405813f0fb5d36cb6055fb20165ae89039c48
1f468-200d-1f393.png	assets/Man student/Default/3D/man_student_3d_default.png	9c7ff4250be3208f105baaab882ea172c0613d2070fc5edd3164fc1b21c35a84	b3298f51369b5b65b74ca6802086895403cfb44f32bd185421f9bb3389a40b5c
1f468-200d-1f3a4.png	assets/Man singer/Default/3D/man_singer_3d_default.png	2d604dac96465a65314b11b5fbcc0903c269798bcc5a51f026aae4713713ca82	1489f7947a0f4f6f158c16ad871eddd22d4448fd3e0af279e04429462d9ddc5d
1f468-200d-1f3a8.png	assets/Man artist/Default/3D/man_artist_3d_default.png	06aa3b64efda6b185e949bbce21b47c1142f8e86a1a82bedd8080347dbf5df8f	811178165a3996da5331f7a508dda97656a00bf700192d3e8802e8a61746318a
1f468-200d-1f3eb.png	assets/Man teacher/Default/3D/man_teacher_3d_default.png	5966ee677f4a1aabbdaaab260be526ada6738e30cfa40c8e96c1ac6ebbd1b86a	7e5f855ac6d16ace0bed98def9fa84d8f865acf44635a83e39081400320a00af
1f468-200d-1f3ed.png	assets/Man factory worker/Default/3D/man_factory_worker_3d_default.png	adfb3897d8082ad6daf0b66fe99d9b54246b521eecb8d4a75ba69d12088c7fd5	9b7a2d6078bb755ef950a33216b5180b1c2300fdda6e03acf9899436f203b7cf
1f468-200d-1f4bb.png	assets/Man technologist/Default/3D/man_technologist_3d_default.png	3ff378383a06142cc9ecef9d2ae4aab6b9f31698744fe1db3f26594a9f486605	4b67472ff4440fbe1a4cbf96b3f9c27342cc4e76af2383c442b28928ef181b17
1f468-200d-1f4bc.png	assets/Man office worker/Default/3D/man_office_worker_3d_default.png	2bd18ab048c397dcf50377fcabda9523211ffde3343b07759a93dede45124914	f517806b53690f3bf0265f0ca6e377bd0cba82468309cdfb22b5351557943a5e
1f468-200d-1f527.png	assets/Man mechanic/Default/3D/man_mechanic_3d_default.png	0e8e05f6349a323e4a79aef3870bc6201fea9c0c5d58d056a43eb50e3833ddc1	2fe7e6e0581371fad2348c68e30cffd7148ff65ce1423ea83406d0d7f94091c0
1f468-200d-1f52c.png	assets/Man scientist/Default/3D/man_scientist_3d_default.png	998853ef94ac891df8fe17aaf6d4fea4a1d0347c43a4d873ac08d8e4b0d6b037	e99c568b959695d39eb431b317e68c9bf754a2fa6cd0cc4c095fb49c467258d3
1f468-200d-1f680.png	assets/Man astronaut/Default/3D/man_astronaut_3d_default.png	4b0044ae01ede952ecc7c2a6bf8fec59f102f5e917431772a15e6f13e25aa0a9	7bda3b8c6b519cab06d501b35b3202fb585aca41da9a35b3f00cdf63144522e8
1f468-200d-1f692.png	assets/Man firefighter/Default/3D/man_firefighter_3d_default.png	4638461a102f70f3aa728f377d47318a594cc9677bc2a8c502b4449111779143	4ede533379782360ded58718c6ad63847d8caea602ea678895c4516c18f55bc2
1f468-200d-1f9af.png	assets/Man with white cane/Default/3D/man_with_white_cane_3d_default.png	9f3cbc9af1f126a218fd4bf4df6068476ff0dbbfc9737d5c39c28afbc79c1c8c	99812104ab726491007518d5a60a97fc93098dafcba019637edf51a3e7252154
1f468-200d-1f9af-200d-27a1.png	assets/Man with white cane facing right/Default/3D/man_with_white_cane_facing_right_3d_default.png	9c3fc96f014815c5f5851eaf7bc6deb0fca81c66945bc0440496741bceb562cb	ad73029983b7fe38988e679474572268012b62e99f8e47342b8143482452f390
1f468-200d-1f9b0.png	assets/Man red hair/Default/3D/man_red_hair_3d_default.png	f62794f699def22f5a56f228a64567f505483f4b1d4aaaa9826fd4a539167886	49eb1dea249f922b5db99654270588df86ad212eb39d801885ce34ef8ca43d62
1f468-200d-1f9b1.png	assets/Man curly hair/Default/3D/man_curly_hair_3d_default.png	29cdf15f81122533005ae712568b08e040bdd8c22a34bb8e04e7da352d7c2c02	1411f1d9814e8940f73e5ac32f958725efc57d189fa3ba7a91feb93df351b24d
1f468-200d-1f9b2.png	assets/Man bald/Default/3D/man_bald_3d_default.png	c3ae88f1564959d813194ab24d7ed7dd7d2dc5bad8e22f073fc7b4af91b86b77	fdf8b26b92505f2d470d8ba7f1d5f4bf4788b4bb0a365a3600f39bacacc4aef6
1f468-200d-1f9b3.png	assets/Man white hair/Default/3D/man_white_hair_3d_default.png	f05c5456b5f1d752a9b8b36173d44bc2944c07379290186293ba79fc33e39fd7	522d1b3fc0eb28984dd99d558cd5dd57b991e25a23446ba70ef91eb94ea9f791
1f468-200d-1f9bc.png	assets/Man in motorized wheelchair/Default/3D/man_in_motorized_wheelchair_3d_default.png	5673bc2f57ce63c607e4c5d9f5a60c379588b7bcde902660eff3ea6da7fec903	bba969d3d76691646e1eee4b40c6139891f7e8640702a7b252db66f2d5f39d4e
1f468-200d-1f9bc-200d-27a1.png	assets/Man in motorized wheelchair facing right/Default/3D/man_in_motorized_wheelchair_facing_right_3d_default.png	8ae7d459db349e70a58fa2c630473fbbaf85b98c3ddbe4a59ea91d97a0e043ed	349d29d9f6388acb1d662995814031a67fb3aa63f55fa9f6e8d6363691bbf212
1f468-200d-1f9bd.png	assets/Man in manual wheelchair/Default/3D/man_in_manual_wheelchair_3d_default.png	539f382c5c5e6b4b1b19aac25d4fb0bc73d2505e54d87c898f487b6e9c4a2282	fd547b09fef38f5ba03c7a1af3b439f66923ab399733d2c6a7e073df08402aff
1f468-200d-1f9bd-200d-27a1.png	assets/Man in manual wheelchair facing right/Default/3D/man_in_manual_wheelchair_facing_right_3d_default.png	8a7eef73a2e11a4e4b2102deafefd11d5cdc80fd0e801e6becfb899d7ab2c814	c00d1c99c845a4360b657bd0bc1c1a8d7f835d16e5331f36eeedeafeba9b30b8
1f468-200d-2695.png	assets/Man health worker/Default/3D/man_health_worker_3d_default.png	93fbfeec67b650b9883b6412eb2b83b2c8931bcbead1ba9dcb53465d8bf614cb	367f4cf92d622b835be8d9c11c0fba30d97462f5a3c8cb344b19b89c51165c82
1f468-200d-2696.png	assets/Man judge/Default/3D/man_judge_3d_default.png	71a95c3632e6c683fc8eb718cf69ea5d0225722e1ca018fb94395c2ec15988c8	9195b8636f1af18f32b25bf167264709d929198030d7cdb81b19980d3148438e
1f468-200d-2708.png	assets/Man pilot/Default/3D/man_pilot_3d_default.png	1767f640c3127c77679640e69d4199d335fe598783316bbc21c3a910d3e585f3	8d145d3018ebc28feaab5c324a651740e00f7cfd0cfa5be10f776d322958acae
1f469.png	assets/Woman/Default/3D/woman_3d_default.png	92083a355b38b6a54f43ad124e2f8abdcece7da9d0fab7d28947d236e80caf4e	1c80008ca90a8acc104a549226c2539ccf21a933d6850a87e78bd7dedc7c2995
1f469-1f3fb.png	assets/Woman/Light/3D/woman_3d_light.png	4578c68f5fb611ca7e26427f1d88dec1acb355575439d62470692655e6a3a0ac	778f46772257018108a5ce52153ed37673fd500363eb619349f114f716eaa625
1f469-1f3fb-200d-1f33e.png	assets/Woman farmer/Light/3D/woman_farmer_3d_light.png	70679ff713cba6252c227012c122bf77cada8699e393f901b9e6e1649043f77a	135e84091ce0c01a23fe44a4f42572df9a0a96cf089d60da524606c4d2b2f83d
1f469-1f3fb-200d-1f373.png	assets/Woman cook/Light/3D/woman_cook_3d_light.png	bede46b5ef488cea9c35708911d5adec3b2d974857472d1721d6bb62994e64dc	6be35d7ae13d0e1e486bc216d425c684f05f06bb6ecf20d5b7fa551e978869cd
1f469-1f3fb-200d-1f37c.png	assets/Woman feeding baby/Light/3D/woman_feeding_baby_3d_light.png	3c97bccbc0e63e1e650eacc44680a88319f269fc1f6206f6b50f7199582016df	6786cba195cd063b0f6d5712aeb6937b61ab600af809c40e2a35e4947b6cd12a
1f469-1f3fb-200d-1f393.png	assets/Woman student/Light/3D/woman_student_3d_light.png	752130b56980467cfed5df1df9e3db23fc458ae5207b98229cd42cd2bc860b36	8b6d100fec353290f592372ed388c489f8fe6e370e503e3b5b79936bba58051e
1f469-1f3fb-200d-1f3a4.png	assets/Woman singer/Light/3D/woman_singer_3d_light.png	547a16edb7a2156329b1d78c6ad7e36e1ef6b4c931a2b73aa60cebac1e68f6ed	74c41d44f4daa8ff63315ce1fad1e6f1a1b0322b3f4a7a7be1f1439ce66525ce
1f469-1f3fb-200d-1f3a8.png	assets/Woman artist/Light/3D/woman_artist_3d_light.png	b75c84bafc472731b208ff9ea915d8abc674c8d4bf68e3b9a0cf16d4b77c6ee3	3ef71a69f07560c269638894195d6ac13d41cc3f4092a975ad683a0de706f8ca
1f469-1f3fb-200d-1f3eb.png	assets/Woman teacher/Light/3D/woman_teacher_3d_light.png	c5f5ca3a05e2015ba7a1325e869455c349713f379231b36aaa38de7d585b9faa	43f465f3ac9764cf6724807e58030fcc282d34091ebe5d65041cca8821f17ee4
1f469-1f3fb-200d-1f3ed.png	assets/Woman factory worker/Light/3D/woman_factory_worker_3d_light.png	3b53a1e2584dbee7c09b0bee2d9eb2b5482f8125d633cd5019db7bc23ae891e8	8f6f147f4c61f851ca5241405a246e81258f71920d193efeb1b7461ccbea5a1d
1f469-1f3fb-200d-1f4bb.png	assets/Woman technologist/Light/3D/woman_technologist_3d_light.png	b41a6a4f8d3d86504a7349b69fab052fedca64a9ad8ba899bdc6ae2ef18653d3	131efd5123d6dde6f48f0f8e7c9918800a786e91dfe7660f342def7544464998
1f469-1f3fb-200d-1f4bc.png	assets/Woman office worker/Light/3D/woman_office_worker_3d_light.png	4e2b6685c3287e5fc17dc454aeba9b0969ad553c0596eccc01c61313733219f8	a833d6728e9e39a864713ceefc12f78d3355447ec2f05216706694e48e202de3
1f469-1f3fb-200d-1f527.png	assets/Woman mechanic/Light/3D/woman_mechanic_3d_light.png	a394e24e9691506020af1c5b564a5f1e8ffb29392aa763f10bf4b8c6e5846bc4	298f0165cf77e0be5c90e83d54a80f64718a1d629fa4b158f228c842ecb83fe1
1f469-1f3fb-200d-1f52c.png	assets/Woman scientist/Light/3D/woman_scientist_3d_light.png	d400dcc4e789a1f75f0b22701d28cae28ff20e5f9bec3f171f2974f4c99c5bc1	3ea083225a1a59fe06a31247728429d52309051885af4f7187b2d0231b92b492
1f469-1f3fb-200d-1f680.png	assets/Woman astronaut/Light/3D/woman_astronaut_3d_light.png	0d5c2a08a19b3af070787872afa3b04069e658a5f1137d9c26bc5aca89e22b27	c95924ad11e54963bbb5f498ff49788ed3607ac365f15f0538f0335b357fb5c8
1f469-1f3fb-200d-1f692.png	assets/Woman firefighter/Light/3D/woman_firefighter_3d_light.png	6da61286c69aba24045bfce7e91a585fe8b4a0aa21ae11b3cbd056c26602eb52	d71d4e5ee137c03108693f59b45388d0e83325c6555c72abd93a1b5fac9f0ff4
1f469-1f3fb-200d-1f9af.png	assets/Woman with white cane/Light/3D/woman_with_white_cane_3d_light.png	ccd343e68362a9cf2e7c8521c0176267be912951494c203aebd7f640d992aebc	262cef399d6e4fd034becd81cf166e706d4bd3f3a61b7666a457102bed8e7711
1f469-1f3fb-200d-1f9af-200d-27a1.png	assets/Woman with white cane facing right/Light/3D/woman_with_white_cane_facing_right_3d_light.png	76f25bbf0871b925194923f0e41f4b0662c1208e3683bef9658c7969d9434050	2ca4889b08a80b79b165507bae56050f6fe72a31d546184fc76818495bf42a57
1f469-1f3fb-200d-1f9b0.png	assets/Woman red hair/Light/3D/woman_red_hair_3d_light.png	1bece4c8f98059f30fdb9c4266a68cf21749949f0017fe77426169a1b7979318	7606bdc045c83944f0619473a5b55c5a7c422fd66701a2d912f6354d7341d6cc
1f469-1f3fb-200d-1f9b1.png	assets/Woman curly hair/Light/3D/woman_curly_hair_3d_light.png	9b75c05a7385610b5d421d2522d76a1c9f115f5043de560994bfbf439bfa7c02	519d011b9914c4f18f877c7957811700f5e49fedbd6ed4f4630a301c321f136c
1f469-1f3fb-200d-1f9b2.png	assets/Woman bald/Light/3D/woman_bald_3d_light.png	c34875488343f462ed7d0da2f3d9730583cb8b22a802a25117bc0b953c09de73	0cab2afb86ab2baca45f3d25f779a675640dc376012c0f675c66690305b29ef7
1f469-1f3fb-200d-1f9b3.png	assets/Woman white hair/Light/3D/woman_white_hair_3d_light.png	68328832c5df1acc1f5e5786c83b0733828c8765ba39174700bb23feb88893d3	516e84b78a3c4be4bd123ead058a8721b7dfb133eb88a99f1976a1911ad91e72
1f469-1f3fb-200d-1f9bc.png	assets/Woman in motorized wheelchair/Light/3D/woman_in_motorized_wheelchair_3d_light.png	e6f0d4e0210caf23076c4d0d168503e7b3515d9283962adf0911e1e0b39854b6	fdbad64a8e3f3ca684b23a169d391d7da389895f3abe24dea6a8a010fb5b3fd0
1f469-1f3fb-200d-1f9bc-200d-27a1.png	assets/Woman in motorized wheelchair facing right/Light/3D/woman_in_motorized_wheelchair_facing_right_3d_light.png	f9fc6d58ba7367d8a35f0fc97053caef4ec14ab7e25f018032c01ae2c2c51d9e	c4f108cab1dfcfa990ed6d31d7789b1b1b4fd4d87a2991095fccaaa8be204624
1f469-1f3fb-200d-1f9bd.png	assets/Woman in manual wheelchair/Light/3D/woman_in_manual_wheelchair_3d_light.png	44ec5f31796885fd7d00636c9412077f5b1f64fa1efd09649a999b8106d0c8b0	a38b306d1bf1e40c2ffed687c7e85e944842b3d3c787c7e5edc9ed0066a851d0
1f469-1f3fb-200d-1f9bd-200d-27a1.png	assets/Woman in manual wheelchair facing right/Light/3D/woman_in_manual_wheelchair_facing_right_3d_light.png	176735c5e6c152c8683e59d7eb8e0de3437f68cd003abe5486189674c894ead1	247aee6e1d92a8f48df357f12b306671aedb528ccf640dee9e7bb3d4d97fa625
1f469-1f3fb-200d-2695.png	assets/Woman health worker/Light/3D/woman_health_worker_3d_light.png	06579538ff522cd90c8f98d8a560f2dc9e34895cabe180cd67c6848b1ba59e8f	1855d64e57db43aacace4fb6d96fec7e08d94ee0e04534b40ec88472ece12366
1f469-1f3fb-200d-2696.png	assets/Woman judge/Light/3D/woman_judge_3d_light.png	74df00383a9cd487fdb545cc5b290b2801256a0778341886c639ee8e11f10467	8869cc9b899d49dbbff5687b7be89af4bfa9bd1689a6ffa937b29d687d953961
1f469-1f3fb-200d-2708.png	assets/Woman pilot/Light/3D/woman_pilot_3d_light.png	ec0c8b077da0d66fedc938cd7cc82ca8c5b58e3ac912a1498abc3e91c4acae76	a9b1ee60c3a276d840a38d8ef61995e15c281b6ba1e2e36840615de696b1c27a
1f469-1f3fc.png	assets/Woman/Medium-Light/3D/woman_3d_medium-light.png	737de7a0a4de892d4cb14cee3fec451106eb99fdfedae75d08b5fef401588ad5	72c029bb79d8a60c566009c46401bf4016538fc9062eafba96e2c86c33638cf4
1f469-1f3fc-200d-1f33e.png	assets/Woman farmer/Medium-Light/3D/woman_farmer_3d_medium-light.png	a936d6c6d4e08fbc8f14df3ceaa09edf67d8701c37816c5daa3f36b3acf9be81	e0f2585b4ae7bfeab512f17213d8e144389ae30a353ee46c60f735bf3e8557d9
1f469-1f3fc-200d-1f373.png	assets/Woman cook/Medium-Light/3D/woman_cook_3d_medium-light.png	cfa13ae7defcf8b3a436874dfdf13dffbb5d50ff2a3b45d0a35b48c764107bca	ac230c32b5fb52dd98aa96b07734d2fa4e32863affba0e8dc0648507660005b2
1f469-1f3fc-200d-1f37c.png	assets/Woman feeding baby/Medium-Light/3D/woman_feeding_baby_3d_medium-light.png	d02de96faa89c6040a0d5d12478dda7c60e542801526036c48d0a2c7cecbc236	620876ef26edd4b528c63ef006ae59bbb4ca97fc262edef5c73aeec6158a6482
1f469-1f3fc-200d-1f393.png	assets/Woman student/Medium-Light/3D/woman_student_3d_medium-light.png	ef7ec29b2683c4e93642dd851c4447f8f324c73bba67a4450f0d1fe449672cc1	e0a073b7fdceca047c013f10ea7df77e90d996d83900048b917fee6988b3749f
1f469-1f3fc-200d-1f3a4.png	assets/Woman singer/Medium-Light/3D/woman_singer_3d_medium-light.png	9c861a81624e36b00cb714f40398c8a02eeca1324dfda1f2fc6bde47ed4dfd55	ab5d668f5dd1aa4409fbbb1303f92b58c36ec7366c5230d314e35322a77202e7
1f469-1f3fc-200d-1f3a8.png	assets/Woman artist/Medium-Light/3D/woman_artist_3d_medium-light.png	8593a68d6576598fec5f9cc5d73bbd66085125a10ae33f7505ec17111047f8ba	05b80a4e8a742fb2275c94e2f9f20b590749a41a4a8f73320ad82de520d6f7a6
1f469-1f3fc-200d-1f3eb.png	assets/Woman teacher/Medium-Light/3D/woman_teacher_3d_medium-light.png	73f3ccef12121d3b3ae35e2d1bee01281e066a87b5d3f4e4636a9832f2758edf	3c1f599bb2cddb20c39ea9c27cf02c367e904f8ef1dc65d8a8da35dd9a4d5ecf
1f469-1f3fc-200d-1f3ed.png	assets/Woman factory worker/Medium-Light/3D/woman_factory_worker_3d_medium-light.png	ce74c8f038c37456a9435f6082e015e86452512e0fe508f232c37f1a6eb7bfa3	6177049428c92297596e86c24c4c09a5ecb0d4cd4682185d1486637ff1bb512e
1f469-1f3fc-200d-1f4bb.png	assets/Woman technologist/Medium-Light/3D/woman_technologist_3d_medium-light.png	fe8b1a49459d157650ea558b1238f0e64af89507d24b26170bcacaa5f4b1e817	3b3aa918f031ba2c37ed24206e8be3744897c709d7e74ed5c1a6ec71ab965684
1f469-1f3fc-200d-1f4bc.png	assets/Woman office worker/Medium-Light/3D/woman_office_worker_3d_medium-light.png	9b3c58838ec4476b57438503117782f635785f547217c2006f860345defad43a	0ad3e6916ae7f4fb40560826b4f75ce6e1c94bcf8e9431fd6cd6213c56d68ad8
1f469-1f3fc-200d-1f527.png	assets/Woman mechanic/Medium-Light/3D/woman_mechanic_3d_medium-light.png	6cab26a16ef348e19c3dae2841a75ab276930f434cd4443185d7c3e611e71ae3	9335b9bff3ce5ec5ef80bf1834595a3883eeaa832727c2e6d6c628bb9e3c7d5c
1f469-1f3fc-200d-1f52c.png	assets/Woman scientist/Medium-Light/3D/woman_scientist_3d_medium-light.png	9e005de424483d12006044fe04bac08695d26db1718acaa5fdbe8cef14cfd88f	1c5f65966758b0b1cdc613b4e816afb5b52d5dc452ab4ee74091de06fc4707df
1f469-1f3fc-200d-1f680.png	assets/Woman astronaut/Medium-Light/3D/woman_astronaut_3d_medium-light.png	71891e634c05d9d75903626c309065bd47f37a508116d6ce21754a788050e970	c7c79888353838a4bd950ae9e1352e250aeeed8e0ff71884c342dfa8da8c2c16
1f469-1f3fc-200d-1f692.png	assets/Woman firefighter/Medium-Light/3D/woman_firefighter_3d_medium-light.png	3272543907a3ee5e1cfd12ededc02d36c39f41d48437ed81001b9a791e0a21b0	d0d76d505ed27057cb9db4d57aedcb30f9fc6bf4d681232ab120ec56d033490f
1f469-1f3fc-200d-1f9af.png	assets/Woman with white cane/Medium-Light/3D/woman_with_white_cane_3d_medium-light.png	66770e5e5698a1f81977fc99c4da83d7b59aa61745b6346e6bc6aa57ae1c7159	b95fac2f4b79090e861b8d8de2e09415b1aad57c2090ee2a0ca73a6af0931f66
1f469-1f3fc-200d-1f9af-200d-27a1.png	assets/Woman with white cane facing right/Medium-Light/3D/woman_with_white_cane_facing_right_3d_medium-light.png	588af1235f3a4749d31fa627ddc3af35052d1708b76acfe0c105c0bc4e1ea986	6364b5cbd7a9e8c0f421aafa64c7ebf821bdab9940c5e538ab6f997faadf0357
1f469-1f3fc-200d-1f9b0.png	assets/Woman red hair/Medium-Light/3D/woman_red_hair_3d_medium-light.png	583db0719dcd6da037f4edaa1c32dcd7952e9400a72a5d8325516033c10c4d4e	a4072eb1e305fc97e36d1292d057a752dafccaf22a1376e82dcf4d75bab84e18
1f469-1f3fc-200d-1f9b1.png	assets/Woman curly hair/Medium-Light/3D/woman_curly_hair_3d_medium-light.png	22987141f5b913243ab0c9258f9e613fa9ebebb7200d5ddcf48f3cfd7eeb2922	e82a97f8ab161dcf5aeebd1107996eb3ef76b39c93450042aa2937b70307de2e
1f469-1f3fc-200d-1f9b2.png	assets/Woman bald/Medium-Light/3D/woman_bald_3d_medium-light.png	6e537a4b8097b113f9ea33dddb76ac2b3cd454e97fd195ab11371eb243db0f86	3adf2f802e3a6dbded8ac541131fa9df938130eaca252bc6829dc31a32d4abbe
1f469-1f3fc-200d-1f9b3.png	assets/Woman white hair/Medium-Light/3D/woman_white_hair_3d_medium-light.png	58e327177e4fdba25fc3118d9d67c63d7f5d84e54a459db495d1555fccd58410	038c35fdaf0d29c8d48bfe11bf841651731f0ae4c6bbc3fb4a60cd0382607cd7
1f469-1f3fc-200d-1f9bc.png	assets/Woman in motorized wheelchair/Medium-Light/3D/woman_in_motorized_wheelchair_3d_medium-light.png	00436b99ad112c62ae4214894b7a8656c17ea0dcaed70942bca3f308bc447e25	cd7ace32de06ce751b3bf04f7e97d259024a8d83326db332883004f01816909d
1f469-1f3fc-200d-1f9bc-200d-27a1.png	assets/Woman in motorized wheelchair facing right/Medium-Light/3D/woman_in_motorized_wheelchair_facing_right_3d_medium-light.png	fb289d1660bbd052f45976e893062677951ce70fc3f21e20987d9070442f3ff0	9feadb6b542cfdcce38c6bce264c4205a92804c74b40e8c9ae323fda9e419c35
1f469-1f3fc-200d-1f9bd.png	assets/Woman in manual wheelchair/Medium-Light/3D/woman_in_manual_wheelchair_3d_medium-light.png	586994c6c30b511285ced16eb2ba5177be2fcecf664a4b0f2df311adb0ad587e	535aa26906cfa9363709c122d7df4689dd24e000f49f9d606d4cf5e700aa3da9
1f469-1f3fc-200d-1f9bd-200d-27a1.png	assets/Woman in manual wheelchair facing right/Medium-Light/3D/woman_in_manual_wheelchair_facing_right_3d_medium-light.png	896b781a5a5b4dad442f47bb634e38f4f1314ed6a7ce0af4986e43453412d26a	9f2f8ef70be1d6c417af6b67c2b28d77e3c103306c0141fbe6a329b21d588d9b
1f469-1f3fc-200d-2695.png	assets/Woman health worker/Medium-Light/3D/woman_health_worker_3d_medium-light.png	993891abce4207a0a13cf033919363d4b76c0249e221fd47dbea299977dd4f3b	4cd20cf9c9935b8d729b0c6d5249af5f48540a7560142d0d0af11ff664cd1ae9
1f469-1f3fc-200d-2696.png	assets/Woman judge/Medium-Light/3D/woman_judge_3d_medium-light.png	35f0dd43a05af6911140b4411db53c10167f14180204f59b98b7c88630708d2b	280dccdb5e0eb0ae2532a77252f3e9250bb4494d52b0da0e63479ea526c3f5ef
1f469-1f3fc-200d-2708.png	assets/Woman pilot/Medium-Light/3D/woman_pilot_3d_medium-light.png	515a96a9d717c887c2a167f913c951162f94229ccaad073bdbdeecb77c27fb66	a9327b4bf297da2608f2aab633caaefe32e36e3045d127e7779aae74b89be5de
1f469-1f3fd.png	assets/Woman/Medium/3D/woman_3d_medium.png	34aef8443ecb00d56a29f66a00f6aec14883faceafe4e3a89117d7bea22eeb08	9b63a92ab74979623b4f1c1220cafd9030dfebd8e093337c961de2ff986b51ef
1f469-1f3fd-200d-1f33e.png	assets/Woman farmer/Medium/3D/woman_farmer_3d_medium.png	d1e89d6a055653bcff0a2e64ad1630a118153f693bc81b094f589fcb37fcf758	d38a7dc5193e49e461ee2dc16e0b7d945e064493009457992a6333a5f95a44c5
1f469-1f3fd-200d-1f373.png	assets/Woman cook/Medium/3D/woman_cook_3d_medium.png	d8b38c09d191f9f7541e399d55580a31ea7723dd2ece2a9ad1d7e7d37d461557	074b029763e5fe2841f3701a2388dd32a6d42c69dc613b20612000818a7c3bad
1f469-1f3fd-200d-1f37c.png	assets/Woman feeding baby/Medium/3D/woman_feeding_baby_3d_medium.png	afdfc3e617ed4f1227693404afdd4a6c122029977a177bb1bc6642814d8f9938	3f1544ac1d22a3813fe8779c017934caa9534308605b8b3f451ad6400f900ce0
1f469-1f3fd-200d-1f393.png	assets/Woman student/Medium/3D/woman_student_3d_medium.png	f844914e8cdb3869a3b9f50d8cf35448dea01614582469d10d2473a7b5b5bf48	93568ba38706e88cf9a6c1b829631a2d715d9e544373c1a0cb3aeec7e9543519
1f469-1f3fd-200d-1f3a4.png	assets/Woman singer/Medium/3D/woman_singer_3d_medium.png	2bb60b2d1acab3224b07d1641c40c60697c6c9e92c55354c3d7c295131b8dd1c	29015e651a82fdcbd8c2a60dd1cef32fd8a723a1182478cd1418d8106953dad9
1f469-1f3fd-200d-1f3a8.png	assets/Woman artist/Medium/3D/woman_artist_3d_medium.png	7678ee64b4efa6c697c5ab9dfb6dd26f8f834f6cb5f8530483711a1163236662	518148cfbb43140bbfd89e008ed6bf9e680b7a22b10667e71829c24abd60241e
1f469-1f3fd-200d-1f3eb.png	assets/Woman teacher/Medium/3D/woman_teacher_3d_medium.png	1c7a170ed97b283eacf56db5db280b1a3ccce3d207bb4977f35d88076c24a8e8	72272052337d760ad8bd03d660391cc0580f70f67352664eff6908b9ff2e3d8b
1f469-1f3fd-200d-1f3ed.png	assets/Woman factory worker/Medium/3D/woman_factory_worker_3d_medium.png	8fa0df5465e02aa2e40702219153d6c11c9cca5d9b60eb1be708060503ea8c03	da6845af15915f3343883a9a4c8e1002f7035b64b75f469f370dd54612638923
1f469-1f3fd-200d-1f4bb.png	assets/Woman technologist/Medium/3D/woman_technologist_3d_medium.png	1501547b3d5f83693822833e2368e661ca33721756a4a7205cbd93c70422d443	f8930a6927b30f058473b60c2fcf215fe70872c8675fbe7b956ca8ba160f480b
1f469-1f3fd-200d-1f4bc.png	assets/Woman office worker/Medium/3D/woman_office_worker_3d_medium.png	cc558c7cefeb7bfef730c5b8305e5d62f4c4e8ea807ff5469c1f3432caa4e021	7a4ded7dea48fec16b12e0a657f7eded1a382188e68d9a8052dbe36b8dcac9be
1f469-1f3fd-200d-1f527.png	assets/Woman mechanic/Medium/3D/woman_mechanic_3d_medium.png	eee03bacae7347e225129d0eb0c7d1d744c1a966c5f3f063566ac78d67ebd6c7	ec90526707e7074ddeec6603c69addd7ed8552747df1ef2e42fdca1c392af37f
1f469-1f3fd-200d-1f52c.png	assets/Woman scientist/Medium/3D/woman_scientist_3d_medium.png	1cfca45acd2a580ba5990249e50dab05b966a00b18d9bd56e9c9ff33d444f9b8	5e499f96a1ebea3f389f3cdf86e2d3cf837d7e40fe0e32fd175b8987d3643563
1f469-1f3fd-200d-1f680.png	assets/Woman astronaut/Medium/3D/woman_astronaut_3d_medium.png	aae16c173b645cefee003570cd49c6683d0aa17c8f2f334385c61d9674d6d285	aeb91930cc945e7569d6d252b5124b4a48b49489f3011c91554c6bb1b3aab3fb
1f469-1f3fd-200d-1f692.png	assets/Woman firefighter/Medium/3D/woman_firefighter_3d_medium.png	7bb829a06e14d0412034c4f7b0636bf1d4db981d63f2c661118e5049eadc05b9	83d3567b674579f5c512ee371280c47d1d05c69916aa2959f9eb686badc9fbf5
1f469-1f3fd-200d-1f9af.png	assets/Woman with white cane/Medium/3D/woman_with_white_cane_3d_medium.png	1442ca3e8cf219d3b2dcb7030b69a58997dd43f8d7d3bd436101bf0f3b1a32d2	3f2760bfc5e2b16b09e4b771f4638d9ffdef5ae113bf2c863f5bbdb19e9f3efa
1f469-1f3fd-200d-1f9af-200d-27a1.png	assets/Woman with white cane facing right/Medium/3D/woman_with_white_cane_facing_right_3d_medium.png	d5a01f90d4a3088c23c025ad8cff09680be7b7c3ce9aeb6cef85adf8a43f6daa	b933b5d75b1581f5ed32d288cad1aa06c007bb79a15a0abb29656f6576be069f
1f469-1f3fd-200d-1f9b0.png	assets/Woman red hair/Medium/3D/woman_red_hair_3d_medium.png	a2d2f5ee9c38cd642e27cdeba981c75d75c1ca0937b9162ec6eb0ba1248bede5	904d564ea5bb294d3705fa68e649541d5b3a15ec002fd8b55b8661e36c406cb6
1f469-1f3fd-200d-1f9b1.png	assets/Woman curly hair/Medium/3D/woman_curly_hair_3d_medium.png	b1fad9552f16d88e885f28a18ec8ddd6797285b4545ace19c11f692383907caf	53dc74aee291ba32dcb7b11f2e30f01cbbb36c847172934566d3056fccf189b9
1f469-1f3fd-200d-1f9b2.png	assets/Woman bald/Medium/3D/woman_bald_3d_medium.png	a3d596f6aa8eda163ba6e62c7da4cbb57a98a8f355fa857d2aa7bf7a0c6a5d82	594e107c9e0933d1549a3a267b0223e573e4556ecfeb253f76b3a1c9651071fa
1f469-1f3fd-200d-1f9b3.png	assets/Woman white hair/Medium/3D/woman_white_hair_3d_medium.png	4a95f403133078dd536d237ec4f39d55a8f1ce04f782952968d22862c4548888	8d0101db8ad375f1a6bf8d4c9c9c9edcdaf9a2c227b4d6a4428b0341b10d626a
1f469-1f3fd-200d-1f9bc.png	assets/Woman in motorized wheelchair/Medium/3D/woman_in_motorized_wheelchair_3d_medium.png	a8987c53abd01ff2f8a769ed5ff728453cfa1c96403e05075180ab9bcbf8a1d8	aeee03e4aed5f4e51678a3ec3dd679a90233fcde5d9e7532f38b39153bff106d
1f469-1f3fd-200d-1f9bc-200d-27a1.png	assets/Woman in motorized wheelchair facing right/Medium/3D/woman_in_motorized_wheelchair_facing_right_3d_medium.png	bc5383697cbb10e6aca71f95e45b35d9b7afa9eda4e9922202bb8b26cc66fa03	2402874955f22ba991d801ebd3c7937752b5f318979c170f0462d7fdc9797d45
1f469-1f3fd-200d-1f9bd.png	assets/Woman in manual wheelchair/Medium/3D/woman_in_manual_wheelchair_3d_medium.png	34d42c18d375f134399e12c89068824d0b7650845510bae34d6945b24058b05e	a64e08b0b5e81c488e5786dda4e5db47f72c7e1d957788138b73fe0830f03dc7
1f469-1f3fd-200d-1f9bd-200d-27a1.png	assets/Woman in manual wheelchair facing right/Medium/3D/woman_in_manual_wheelchair_facing_right_3d_medium.png	8c91f8a021432d4f8094348bd6e72c4514b4ab8ac789a85502e6ea0b5d8d8e91	b1afdf70c0c17552bd331f6021e7dc05b8fdc0251b5a06315679bde5f340d05f
1f469-1f3fd-200d-2695.png	assets/Woman health worker/Medium/3D/woman_health_worker_3d_medium.png	81daaf7cb82419f840dab10077bb0b53a4d72f576ca22a3fd4d331bc77b41971	1b8312f30d9de93aa890d627878028cb4cc86f29719c324d21a94309ffa592a7
1f469-1f3fd-200d-2696.png	assets/Woman judge/Medium/3D/woman_judge_3d_medium.png	f60aefa1cf632c5e632e5ea26869c54007ec2404981b93fd6bd7fa343824aa5a	7bf3facbe641efedd237dc780ccf1674ffac1f6d0e791f2acd7bc7ca6400dccc
1f469-1f3fd-200d-2708.png	assets/Woman pilot/Medium/3D/woman_pilot_3d_medium.png	99c7abfcc38ad5616e1fb77d2f3737dc1decbcf087b10b5a2f2a691423aff2b9	5d08d4f69070b2757420d6420a393df87bf863a7e937fd6f7a9c7193ed4df406
1f469-1f3fe.png	assets/Woman/Medium-Dark/3D/woman_3d_medium-dark.png	9376554f11f6bebb745ebd96d9b7e2cc3acd28a278afabe7b0184040bfdf6c5b	ccc43a4753d99ccc729e59893c3e292da70ff7b086d64d08e750d60df07ace60
1f469-1f3fe-200d-1f33e.png	assets/Woman farmer/Medium-Dark/3D/woman_farmer_3d_medium-dark.png	734c9e17ab6ec6661c9c553693d91b386214d4b5c9c27db487107d966aa214f5	0f320be5a591cc24687bcd92c1351acc881449ee9fc04b648355e0e28d087df3
1f469-1f3fe-200d-1f373.png	assets/Woman cook/Medium-Dark/3D/woman_cook_3d_medium-dark.png	57e904c44725ee727ddc270f4837d4a9d5b868a76da47e9fd4d28297fbac6856	b318f3896098fe7755a1f3444666339f97b776fe04259164fe626d7080348544
1f469-1f3fe-200d-1f37c.png	assets/Woman feeding baby/Medium-Dark/3D/woman_feeding_baby_3d_medium-dark.png	593939d6eac06d2b58b781bc14ee482c589a6483bc101e8774bc6056035de852	cc59021230e26605536d6e9eed63158e8ca5598a678f6fe088efd30b5caa3ceb
1f469-1f3fe-200d-1f393.png	assets/Woman student/Medium-Dark/3D/woman_student_3d_medium-dark.png	9d763007836d48c2e7eae6d2f0638ef730dd99d1f62b10681169b7d4e2960653	e9df836cf95ff7e88caa582c9d325f0317886bdc6cf0530c970834e11cf06a37
1f469-1f3fe-200d-1f3a4.png	assets/Woman singer/Medium-Dark/3D/woman_singer_3d_medium-dark.png	ef53e1a90e2d11fc83b4781c271282f6412609aa00638a5d811daec0751a36c8	a1b70ce1d86ea0e01e124b23198e82b9f2238d11455d9e79724beed51b775ad1
1f469-1f3fe-200d-1f3a8.png	assets/Woman artist/Medium-Dark/3D/woman_artist_3d_medium-dark.png	43d9263511f0c0aacd5e6a0061af5e7948e9dacfbe4fa6edd6c917f6ab6edab4	22a5eb92400f1e376a7cc7c449da85477f825bd72456df1b322bd1cfc1c82acd
1f469-1f3fe-200d-1f3eb.png	assets/Woman teacher/Medium-Dark/3D/woman_teacher_3d_medium-dark.png	089ee730c9233586f26a0bd8743bd63280d4c317200da9719df25260ecb0d7c5	005a34bf554111623f8b9902dd066ce17593a18912d2d3e5fab13e8c4ba748fc
1f469-1f3fe-200d-1f3ed.png	assets/Woman factory worker/Medium-Dark/3D/woman_factory_worker_3d_medium-dark.png	51fa90b38be08da9fe67dfbb2430e6e19c7de9ce979ff26abfe05bdb98bd8c72	4d13e71ebee835ff7f7b12f2a9c126ab79792c51d6d7e1e7b62a70444e1f207f
1f469-1f3fe-200d-1f4bb.png	assets/Woman technologist/Medium-Dark/3D/woman_technologist_3d_medium-dark.png	d938f844b0802dec41432f54de0543e3429b7c56f3db41a2466ad352d3a9347e	beca1de7785e50a789cc4aed2201679657ad9b643e099efe1506be3f769d9242
1f469-1f3fe-200d-1f4bc.png	assets/Woman office worker/Medium-Dark/3D/woman_office_worker_3d_medium-dark.png	df1a9b034da04bf6dacfaa4a326f59ae8ce599bdbba1bdb32d9c9fcafa9b0030	14b4ddf574dc20b11c54d873696f3b67a89293cf63ecb637a6e9a9e89e6f0ca0
1f469-1f3fe-200d-1f527.png	assets/Woman mechanic/Medium-Dark/3D/woman_mechanic_3d_medium-dark.png	e4194663da08ae6e93ef02b1393f5ef8ef1ec5923053ab213c1d1e30f2a5c393	4f7da954df6c86894d25dac391d510116f7d1df06644dc9a579343728b404fa5
1f469-1f3fe-200d-1f52c.png	assets/Woman scientist/Medium-Dark/3D/woman_scientist_3d_medium-dark.png	abb9251fa60a9b55ca5b593523a9e68049ff1824bf21b619bb220e2cd6cf739e	478d48088ab9d1cd64c14ea665ae912f05b4ebcd175f5bff038f64193b94954e
1f469-1f3fe-200d-1f680.png	assets/Woman astronaut/Medium-Dark/3D/woman_astronaut_3d_medium-dark.png	e999bdcc5a016d30e35fab477f6722f170cd2657b1866c1b5807e56e84b7fef9	9263e598e5cb56a9eb2b222003da37e522de253e32d3cdea68daa369ab5d68aa
1f469-1f3fe-200d-1f692.png	assets/Woman firefighter/Medium-Dark/3D/woman_firefighter_3d_medium-dark.png	7c191567222874625d0c5022dfbd61868e9f61d70ed85a0a998f7290daefc449	ccfa4df75f8914d4abcfaaf7d75dbd5f14d4c078a1cc23666ac478548c170709
1f469-1f3fe-200d-1f9af.png	assets/Woman with white cane/Medium-Dark/3D/woman_with_white_cane_3d_medium-dark.png	d5dddde30dc1a824e644feedd5a4663b5127860a0b47ac65f3abd44670c444db	96852e94e686c4913c34786d09724098349df1e612f8c7e04830dd89f8c5338c
1f469-1f3fe-200d-1f9af-200d-27a1.png	assets/Woman with white cane facing right/Medium-Dark/3D/woman_with_white_cane_facing_right_3d_medium-dark.png	5be4ac872447666c205c3878b3914989e569b58a08968a95d892db36a0043c5e	397430bccb4e4a6b68509e8cfbb6c4eb71306bedc6dce6ab2344891a36ad8ef7
1f469-1f3fe-200d-1f9b0.png	assets/Woman red hair/Medium-Dark/3D/woman_red_hair_3d_medium-dark.png	d3858d9a574cbdeb5c6e505bdd000dab3976819d68e0d65cddfa3baead08fb44	9534faf640828ad31ab71698a774ba895e0b414e1daa94525c55057626ddc6cb
1f469-1f3fe-200d-1f9b1.png	assets/Woman curly hair/Medium-Dark/3D/woman_curly_hair_3d_medium-dark.png	0681dd52756898f170643652626b3d077fa27b97d48afe66f8c0ff06e1785d83	7ab94afbe937ed6ca791f502fd85a1972b6d296404d9d9562d31baa923447b65
1f469-1f3fe-200d-1f9b2.png	assets/Woman bald/Medium-Dark/3D/woman_bald_3d_medium-dark.png	9e60cb80f2c32a9eca7ee7fe5752b02e9d74411b97fd25d8e700536900f97d9e	0c2c57f1b58181d02607430c2ef415c2164c565844e5cf44c08ded66365007c5
1f469-1f3fe-200d-1f9b3.png	assets/Woman white hair/Medium-Dark/3D/woman_white_hair_3d_medium-dark.png	9a4a9b8c4040c6a89b171c65096cad7ce976aaf16fbbab48043f9680d20f6026	eae4bdd1270606d46085d51ce82be36a332922ae35a4c8e3c529e6ad122a4db7
1f469-1f3fe-200d-1f9bc.png	assets/Woman in motorized wheelchair/Medium-Dark/3D/woman_in_motorized_wheelchair_3d_medium-dark.png	f882087774abf655eea931245a5c954dafae884a38e4d1e05928251c403b0282	52a03283c8759ede7a3d801515480975b477b9296eff6134016ce1a235e9cd14
1f469-1f3fe-200d-1f9bc-200d-27a1.png	assets/Woman in motorized wheelchair facing right/Medium-Dark/3D/woman_in_motorized_wheelchair_facing_right_3d_medium-dark.png	8f3dba4e4cc44949dfc7ad81671c67c925cef00b9b81e5c4d929d33a421aa85c	faadd3725e7f954b7a42cfface35cfb5f52a2d6a2352cc5cd9927b95b02e8683
1f469-1f3fe-200d-1f9bd.png	assets/Woman in manual wheelchair/Medium-Dark/3D/woman_in_manual_wheelchair_3d_medium-dark.png	3b18336104540d56d7774d871cb37ab1cb5c93551bc333678db5d271bc068c48	94918c8a0c4ad71acde7b7fd935124cacb158e468d6da3f9553ab4875ce0075a
1f469-1f3fe-200d-1f9bd-200d-27a1.png	assets/Woman in manual wheelchair facing right/Medium-Dark/3D/woman_in_manual_wheelchair_facing_right_3d_medium-dark.png	f276e756b8ffb0dc4aca54413b4edbd7896f1b6813fc195f19de1e669cbeed54	60d0e75f11309b085402bc8594c6eee6076823b8d6ef9193fc53a9a63001fcec
1f469-1f3fe-200d-2695.png	assets/Woman health worker/Medium-Dark/3D/woman_health_worker_3d_medium-dark.png	2917c0fd24ebe8ae8d1f1f277cedcc7b55ba9877e52acaac516eb22c39447aa5	1952e754323b0e97d94e40ab099d9f6b37674d6adc36c6ab7b078a7084cd1b5d
1f469-1f3fe-200d-2696.png	assets/Woman judge/Medium-Dark/3D/woman_judge_3d_medium-dark.png	abe3b488f1faa2f6b64cf114b3112a920180b1eb59c45b4ef9df7f33244a3908	92663062b75e6b13f88fbb793defa747ef674b767919e10812aa0f1d61105cf2
1f469-1f3fe-200d-2708.png	assets/Woman pilot/Medium-Dark/3D/woman_pilot_3d_medium-dark.png	5da5c463e5dae0b136794087a3a4e9df9807a0cdaaaaf3d10a4ef64f1f20fb4f	262178e7bbd52bdf06de14b14bd1ac05e490b74eb243f76ef36204c7dcb6cdd0
1f469-1f3ff.png	assets/Woman/Dark/3D/woman_3d_dark.png	6c0982ea90e87d4d3b675aee164b22ff6c5ea4703e23e58a241be017d31f6710	f2a640cd12f178addcc97c651aef88c139afaf93cb3c26787a288df080992101
1f469-1f3ff-200d-1f33e.png	assets/Woman farmer/Dark/3D/woman_farmer_3d_dark.png	e552067dc8c36d6ba898d3ed0907036206b8059a5f85f12e89ff1a7c874db306	c300950b1d6283ad693ca3e11c45044b5bc7a822a971a406cf103a4187232d86
1f469-1f3ff-200d-1f373.png	assets/Woman cook/Dark/3D/woman_cook_3d_dark.png	9767d5a103154394e82bf5c1d29c3b67af3c09929a6c628349140f56ecf1ce07	40bb998462d9cbf09cacdb9e5f3b5aeb6447132c3fd763c05773cb556de3f20c
1f469-1f3ff-200d-1f37c.png	assets/Woman feeding baby/Dark/3D/woman_feeding_baby_3d_dark.png	e9b3b9af521f0951cd220d26661f10f92dabfb276973665824ee13135024d964	26e8ce6864dda1d569b99e9e5823a5fe8e5eb620367afcf13444492e6deeafc6
1f469-1f3ff-200d-1f393.png	assets/Woman student/Dark/3D/woman_student_3d_dark.png	972092a92cec9fa88cb1ade02b7c62b0a288444ef0e77e1837f8c90048350a5b	9348c7faf0c6fc86111aa29fbb53193be69929092507b8224f87e93e6a1265af
1f469-1f3ff-200d-1f3a4.png	assets/Woman singer/Dark/3D/woman_singer_3d_dark.png	0c4c057469b103753eb37464ce62d26557f6a2e03d32cd8a1978453bf2f4ab6a	1dbfa0bf5ddfc806fffc273702db42dc093226929090207246df0faaf2635ef4
1f469-1f3ff-200d-1f3a8.png	assets/Woman artist/Dark/3D/woman_artist_3d_dark.png	4841ace6dc8a88da21592bd3100b443c9826bc000eb0b006caf067bfec547dc6	f8450f0d3f25e720ffe505cbb9387f5a2196e641c51149f114ed96b42366f188
1f469-1f3ff-200d-1f3eb.png	assets/Woman teacher/Dark/3D/woman_teacher_3d_dark.png	81a9bf19d616c6228b74be6ba7c56eb1520fe31c23c9adb2d4d5e95e50254b6d	75caa869af4546b04a456f3cfe931576a3eeca1499f90d23b684f67c5633a855
1f469-1f3ff-200d-1f3ed.png	assets/Woman factory worker/Dark/3D/woman_factory_worker_3d_dark.png	633dec3313cf2a31b4122767cea073792079b1ea8a03265e4754be84bedc8ce2	6eda62a3c21335e5e6a0bc1b378afaf89cae0489e85fa7b5c02037f76b9650b6
1f469-1f3ff-200d-1f4bb.png	assets/Woman technologist/Dark/3D/woman_technologist_3d_dark.png	8c40fbf6f75983c13e19c8d07bf7e097759f87421bc7ddaa8bc55bbd2306ea4f	09a990058e15fc2b48b925fdc10dd8ac92d18225be84dc3ac5c71d0f8ee18775
1f469-1f3ff-200d-1f4bc.png	assets/Woman office worker/Dark/3D/woman_office_worker_3d_dark.png	b158efa6b62456cd64804082585abeba4f819c3118b105834a147a1a7749df2e	0c597cbac736c1702e1e9f104d156275e86b92b71b1bb11d4150582c71e90dde
1f469-1f3ff-200d-1f527.png	assets/Woman mechanic/Dark/3D/woman_mechanic_3d_dark.png	a4a181c36002de70bcd09fc6f153a4c59b43d4e4c88014c1f18d5598ae20e3a7	493032e734485f330b0c9ff8bc469f55660c2636f7011a096a7d7f38918ee867
1f469-1f3ff-200d-1f52c.png	assets/Woman scientist/Dark/3D/woman_scientist_3d_dark.png	7ff6315b1aad9c91c7acb312c85209719458f8e2f00c5c0144037e9d2610df17	a920635c132e9f407ebdf69a10c477944bcdc8ffa18b95208fb114b5c9941109
1f469-1f3ff-200d-1f680.png	assets/Woman astronaut/Dark/3D/woman_astronaut_3d_dark.png	e97019a410b04e2b600ac8f4a80d4120eb1b9a75c971c059a2f466a847eadf4c	489693daac9f798ec56118fc7894f46f89f29dd908a5b071a74624b2299748a3
1f469-1f3ff-200d-1f692.png	assets/Woman firefighter/Dark/3D/woman_firefighter_3d_dark.png	3577beea00385c9bb48b0c3555704bbc5c06b309922e264043d97397c2d1776a	d9719a28b11f9c2196cfeb69200167c577d5ad55d4a69e4f74af660e7813eacc
1f469-1f3ff-200d-1f9af.png	assets/Woman with white cane/Dark/3D/woman_with_white_cane_3d_dark.png	d4fe36b1d32f4cc3d29e48452f3038b83a6999d7a717370d5239b9bd977d7fe5	925f645f8b477aa0e9894210bbc973ab94f41d03699c9161b8c24d7282d2cf7b
1f469-1f3ff-200d-1f9af-200d-27a1.png	assets/Woman with white cane facing right/Dark/3D/woman_with_white_cane_facing_right_3d_dark.png	47e3d845d04df4539f4f9d2847733e9c22cb435e58ce570e95c9cc8d2835792c	187243cf7bf2653fd48cad6d7047857da4a7227648dccdd431d8fa1c3b80d80d
1f469-1f3ff-200d-1f9b0.png	assets/Woman red hair/Dark/3D/woman_red_hair_3d_dark.png	d47f5bedde7bab64dd3d00f3d7e2ac04dc236b3b40bc067e31c2e318b287e07a	812f6be3868df415207cea620b8505694925e79e1cb45cfca90f8b6c9f94184c
1f469-1f3ff-200d-1f9b1.png	assets/Woman curly hair/Dark/3D/woman_curly_hair_3d_dark.png	b7ccbd3a11d1fa5230df274723697c4142905f4ecee3f43b5ed98869857c63a3	1ac051fd5d449002e91efac271537bef7eb307a61c3c70ff5e716fea3cf401d1
1f469-1f3ff-200d-1f9b2.png	assets/Woman bald/Dark/3D/woman_bald_3d_dark.png	9547141052edfa25bb3161076bc847469868c7a052de0a0a6c1eb28f4d13111c	a7fbf5d313f61d5c9ff231ea4feb28f5bd9c1e59e18af878a3f08db5191b796f
1f469-1f3ff-200d-1f9b3.png	assets/Woman white hair/Dark/3D/woman_white_hair_3d_dark.png	14dc7f94f8ec2fc1a1ca0821c3aa631a62448235d23fcf122fe3d69e2b5f99cd	79ea72a42cdb8f32cf0a9960c349ba5c688554e9d5958e3fd22aa58e230e3ec9
1f469-1f3ff-200d-1f9bc.png	assets/Woman in motorized wheelchair/Dark/3D/woman_in_motorized_wheelchair_3d_dark.png	9f5889a0dea92b1f76e8e01575499c5fa6146e2dcffbc287bf49feb260c5e75e	c6db0ca70895cadc348591ffcf061eba09487b6c4bcbbf1aa16a022bc16d812e
1f469-1f3ff-200d-1f9bc-200d-27a1.png	assets/Woman in motorized wheelchair facing right/Dark/3D/woman_in_motorized_wheelchair_facing_right_3d_dark.png	ff90ea647be42795929c41f633029bbbe871f845fe40b214f4207ce0f06159d8	e447564647f6f540beac1e22351ecca6ba031336f8419e784eb53158d0aec5ad
1f469-1f3ff-200d-1f9bd.png	assets/Woman in manual wheelchair/Dark/3D/woman_in_manual_wheelchair_3d_dark.png	849684780e945df3603a31e6396bd3a0a688199842346968263bb12c1f7757f9	0631d855ed26277c8ed57f5f78ee85ac4617605cfec05b6bc0478bf153c52032
1f469-1f3ff-200d-1f9bd-200d-27a1.png	assets/Woman in manual wheelchair facing right/Dark/3D/woman_in_manual_wheelchair_facing_right_3d_dark.png	7a5d84994c9c980d536cb104fc9b579bba5f32d87fc303646ca8279771a94ab4	52ef92a78a3ed78ee763cbd1dd6cb56914fc3c829a6edfb421339403c0e4fd51
1f469-1f3ff-200d-2695.png	assets/Woman health worker/Dark/3D/woman_health_worker_3d_dark.png	0b2058fd755189b3182991583efe6f851ff03e51e5e1bf3655da83885986eeff	e1a919bfa0f47fc6703d4758a44d3f46e31d54fc110d5afae99d82d0329ce774
1f469-1f3ff-200d-2696.png	assets/Woman judge/Dark/3D/woman_judge_3d_dark.png	4995cccaab86d61c58ad6f9b9b8a7681aeffaa06f4720f32e3821064473557bf	46ce216fa00b873ba703c2ed7834c421ce4ca24f7bded9f85c381e81fc32861d
1f469-1f3ff-200d-2708.png	assets/Woman pilot/Dark/3D/woman_pilot_3d_dark.png	bf786914a8966d2e8b5360f4fe0328022998310cbbcd031b191b01796bc954a3	52bfb78c11e47e1c5531f6cd742b772f8c2f8c562fd4268425347bd798f0f6ea
1f469-200d-1f33e.png	assets/Woman farmer/Default/3D/woman_farmer_3d_default.png	de718e1fa877c9d046bbea4fa3612f00d6e2fb87a9ce78263c8447c47e03a7e5	e4c98e6d61b370afa5a442a2882b0cc5dc04b2f248973ca34025bb41188326f3
1f469-200d-1f373.png	assets/Woman cook/Default/3D/woman_cook_3d_default.png	b4ef75dea0c8efc778d6523532f0cb529ba321970078a571721c4b504de75bef	620ef9c4d9313df4c8cd9e703f7c5c54f1e86f576b894d40300333c28acc2df4
1f469-200d-1f37c.png	assets/Woman feeding baby/Default/3D/woman_feeding_baby_3d_default.png	17cb70efd94e0b4a06eacd7525f90b0307ed5fb600286991e45cfc7c85a6662a	d81b9faf6b5d887aa0fda780dfe0f30199916031746a4f06d28a688b7d3eb7e4
1f469-200d-1f393.png	assets/Woman student/Default/3D/woman_student_3d_default.png	603c24c28884a200d27fd64f3591e8fa6a616326b46eeb22516656d378938c52	2c757031736f445cee50aed25a82f1e5a85956d6153311d5e9442948a72f497d
1f469-200d-1f3a4.png	assets/Woman singer/Default/3D/woman_singer_3d_default.png	e708edc0f619b1437b99c6cd8ec1f7e368eef6f74f4d9345d6d7613c4a579235	23a2303f41c695f3a9d805a4f2ad95100895c9b704e62a194b839b576def937d
1f469-200d-1f3a8.png	assets/Woman artist/Default/3D/woman_artist_3d_default.png	2f4991cd44d5ede46b819a4b9c370b97150ebacc3b8a0169e528eb3a9b031ebc	f56afc25b765209b8d661f0d259553f2dce557bf622698a27c584cf06ab9063a
1f469-200d-1f3eb.png	assets/Woman teacher/Default/3D/woman_teacher_3d_default.png	e47a0daea9aba78de69ffef7ae3fa315e1b5e82fd3d7a719b39437113d62d208	a1cab99dfc43ff4b935128c9f0a1a73829808ad5178d6128e2ede564b8065851
1f469-200d-1f3ed.png	assets/Woman factory worker/Default/3D/woman_factory_worker_3d_default.png	8ae775d6f8a296afeb0eb1e7e39d3c08ece3937fca37cdfeda970e0d61e65ffa	88d2ae642daa5e700ea3d49b1eb50bb1a543c6522f6730ee55ec2b0b65e22688
1f469-200d-1f4bb.png	assets/Woman technologist/Default/3D/woman_technologist_3d_default.png	1fe6d451f8a204530ad54d9fff7af3129b9e6f26181c691fa0bcb93d402663dc	f5640c55a68e9fff6e64954bc78ffac814a57ee74c4ffb8fecf7eb0cc537d8cf
1f469-200d-1f4bc.png	assets/Woman office worker/Default/3D/woman_office_worker_3d_default.png	724528ca451490f7610474292a2806a9f930250d44656993f08dc5d1dba8d44a	86dc827b34cdd9954ca54bbfa2e8dcd2cef4f9f2fb3b989d5e50de1cf603d1b4
1f469-200d-1f527.png	assets/Woman mechanic/Default/3D/woman_mechanic_3d_default.png	f356b0fbb3dc93c27a060403a419624e715650bf3b898f9614a8fa6736fcb461	6fbfce52dccfae824181282b840f2f036e01f732ad0873af9e0803a97aa37072
1f469-200d-1f52c.png	assets/Woman scientist/Default/3D/woman_scientist_3d_default.png	06848567b6203d1c77dcfd872e2a9b06c0b747d2f1dec303e409e4c15fc9af9c	3822d1d426b86ecb9414baa48143e2df15114509360473d0088f27402960e230
1f469-200d-1f680.png	assets/Woman astronaut/Default/3D/woman_astronaut_3d_default.png	b3fe2fede7d1431679ec32c720037fb7a3038ebfe398ad6ea517863ce024009b	86bab8bece8352228e3a2ad06db5b300e3aef5c83d92ab8c06b8baf0ee4b11e6
1f469-200d-1f692.png	assets/Woman firefighter/Default/3D/woman_firefighter_3d_default.png	be3f42ce6edf55fc43109ead7886f82b458a9c38a66df52504a79944a4f4cacd	234d71078cfa9674e02c295545036ebc861e978fadc61018522ce4e44b46d570
1f469-200d-1f9af.png	assets/Woman with white cane/Default/3D/woman_with_white_cane_3d_default.png	514ef6abfa2aba87c2e720dfcbfa4250672771df7869ded9d52e9262de5e3545	0b7626e1750fc6105371215b92de371a93b150d3a226db088ad822ca12410014
1f469-200d-1f9af-200d-27a1.png	assets/Woman with white cane facing right/Default/3D/woman_with_white_cane_facing_right_3d_default.png	aec4e9e61e4bed4111d2f6104fa43cbad7bcafe7d75df90a15764c1444de676c	aeb60602f1cf30b5dda812dd1d2af278573f9acb9e176f87155087c436cb6ce8
1f469-200d-1f9b0.png	assets/Woman red hair/Default/3D/woman_red_hair_3d_default.png	d18a7c74570b788368627476f867b69d2350a42fe13c6984a96664975fab7240	a41f5736608a99b21291f4419dc90aebd67a93ca8898864b7f69a5d8368b7af8
1f469-200d-1f9b1.png	assets/Woman curly hair/Default/3D/woman_curly_hair_3d_default.png	b67fb7de8efd1db2fa2b20224bfa598afe400afd8e241f6194982ff8be74f8b6	35f1c45d4229b48960b4600b3a507129540fbd72b68879f51818554b9eba2dae
1f469-200d-1f9b2.png	assets/Woman bald/Default/3D/woman_bald_3d_default.png	886057f636e597b374c7694a8e203553e0077b7a7bd0cfd914588c112072af01	8cc1c29ea9d4688c7042359c07b623f42bd61fa4dc34870b912965ca72119320
1f469-200d-1f9b3.png	assets/Woman white hair/Default/3D/woman_white_hair_3d_default.png	e572fe552ab337dbe92e10cfa791cce025bdefd1f7c90395e371329d90d8310e	32ec413b001a497d32c06434de5c3795d7ce84eacad92d839af0ba8fcd332a2d
1f469-200d-1f9bc.png	assets/Woman in motorized wheelchair/Default/3D/woman_in_motorized_wheelchair_3d_default.png	c1b90d46b276471efbe7aa42bd8560d9c036b253c04134362969e823c02b9e26	b999856c2429eac6916a360cc34084ae0b20de9ac84a3699ed77b13013f14aa7
1f469-200d-1f9bc-200d-27a1.png	assets/Woman in motorized wheelchair facing right/Default/3D/woman_in_motorized_wheelchair_facing_right_3d_default.png	02c3b808beaf351f2173a57ce7188920590ea25db4e6c076acd580671fe5fd44	c1e2252647eccda5a47ab1cd6c281b1f76a88132ea1fc5e80747d9c6273119db
1f469-200d-1f9bd.png	assets/Woman in manual wheelchair/Default/3D/woman_in_manual_wheelchair_3d_default.png	ed9f4ecc7880ea2d0fe06e2d13669a146ad092baeb04a44da4300a40e8cb2f1b	e6a5e68b1996827aff4929d1ff96df5ca0cee39464dc0bc66f8a1b10678c87ea
1f469-200d-1f9bd-200d-27a1.png	assets/Woman in manual wheelchair facing right/Default/3D/woman_in_manual_wheelchair_facing_right_3d_default.png	2cfe13d3200c3e607bdaf39be5ee70bdaf9eed73b42fd954ccac176c05117275	0cab65ae25fdc4cd53738087f676b58e0f9aa21eb3b30df4e6f59f0890a93235
1f469-200d-2695.png	assets/Woman health worker/Default/3D/woman_health_worker_3d_default.png	65ec38d37d001b80a9ec1084c03d3f9314b061fad9800db44af3328d93ddb3bc	91273f3d82d00cab23dc07ce68ffd9a56005776fd5e2644f6862d3b9388a8be5
1f469-200d-2696.png	assets/Woman judge/Default/3D/woman_judge_3d_default.png	c26c0b428941d462bef48fc4b4a9f844e2920d0dc2ad565c8e980057403e5930	8a5628680784afad210f0cb5e6eb95947d4c052a4609aed35b89ed1cf6dd2ba8
1f469-200d-2708.png	assets/Woman pilot/Default/3D/woman_pilot_3d_default.png	4eef6cc758cb29f834c3f8114a17379652344cfda0cd3d8e33f4f6288aee79bc	3a0d2227e0c2427acb7c3d95af8e0259b35fb4286d797b882013ba31112d24ba
1f46e.png	assets/Police officer/Default/3D/police_officer_3d_default.png	d325c1ea8c6d592cc43111ef47cac29dbdc129c500235290e6f1b786203d04be	99267c86782802b225c32525a9d1eeb06c896dfc097773824c5893a44c4188da
1f46e-1f3fb.png	assets/Police officer/Light/3D/police_officer_3d_light.png	4a6d7aac175764d3d2b9e4b25da206c8943da27810f60326d7abe2f22fab4d0b	0fb5319adc4445609a3c7c009317d801e7c7b8c9e20fdbdd0a659edb195d74dc
1f46e-1f3fb-200d-2640.png	assets/Woman police officer/Light/3D/woman_police_officer_3d_light.png	85461b26faff4c691404e727890476581e3ca347b38595d017a572265bcf1b81	9a099174c71b1f330d302307e370d2968099257b796fbdd8fab4cc8e2ef72588
1f46e-1f3fb-200d-2642.png	assets/Man police officer/Light/3D/man_police_officer_3d_light.png	9a4aa8ab78f23aca9d9ef15d5abc4d0893bf02230f388926ab7e51f4f722195c	6056bc9f5732f2fbe45d66ad2ccda198d5dcb3aa5691de45608ca7e862420506
1f46e-1f3fc.png	assets/Police officer/Medium-Light/3D/police_officer_3d_medium-light.png	619d1770ce55a74c200f449017159df1bed0ae401d1ae84729e01829dac457e3	aa511b25424f5a5dce476303dcd63ac838cb8a7f2f0c2f7d73aa4df97811374b
1f46e-1f3fc-200d-2640.png	assets/Woman police officer/Medium-Light/3D/woman_police_officer_3d_medium-light.png	46a7f24d46978a58d3fc6c5d312942d8ac760371b89d46f46a7254df5e4d3131	df74dd6d2a4cfc1127bc97279c0b1cf1df64eaa4fd351ed4357120539e0ef245
1f46e-1f3fc-200d-2642.png	assets/Man police officer/Medium-Light/3D/man_police_officer_3d_medium-light.png	0b17171c756508313d42de0fb7f2a0015d761b654171b9a7e9110f563325697a	6699003093ea36bc7c3f901c9a24da5024d8c467f1848be0bd07ba6cdb9963fd
1f46e-1f3fd.png	assets/Police officer/Medium/3D/police_officer_3d_medium.png	4775aa518f835a60ca32f9791376ac853645bbc595b5252b74eb93c399ea3337	c71cbf6241312f9877076707e1308d62dc6b8a67a2335f5aa4d92047616ea5e0
1f46e-1f3fd-200d-2640.png	assets/Woman police officer/Medium/3D/woman_police_officer_3d_medium.png	5509df8e03976525d635bfec28f80065e0d250dfe2f2bede717c1ed2a96fc567	6dfb300df10fd3c80c8324c60aaece71f94e1a5d062b390bfe6547b4bac0371a
1f46e-1f3fd-200d-2642.png	assets/Man police officer/Medium/3D/man_police_officer_3d_medium.png	82d472f9a2836f48fec6068b37a7d821c4fa746be16501e311b5ac65b55c82aa	340488e06006a75968dbc1f2bbf0be6584d00cfe2d4a93dbd755445a036ffa72
1f46e-1f3fe.png	assets/Police officer/Medium-Dark/3D/police_officer_3d_medium-dark.png	16ea7805f6a7e2cf35bc1b1fea9a5163df6f65d8864a2a68c0140a3b39bd9a6a	7659c522560d7aa297c7bb6c2eadb7f2b5dc51b47d6e8a766b326c6089e3e86b
1f46e-1f3fe-200d-2640.png	assets/Woman police officer/Medium-Dark/3D/woman_police_officer_3d_medium-dark.png	50133736ec949150a9757ad1099ac22fe19bd359dad5aff3d6947489534a2d34	dfa117b4619c87195c24238f33b899d27b20f822175e06fe04f9d385b1d01e6a
1f46e-1f3fe-200d-2642.png	assets/Man police officer/Medium-Dark/3D/man_police_officer_3d_medium-dark.png	05009b43af12a74134295f7dddf20ff1dce2243ede8611829d8b4822c198ce93	2176239e0fab0473fb7e0046114064e50e67a0025a5e69d1711acc1c91911179
1f46e-1f3ff.png	assets/Police officer/Dark/3D/police_officer_3d_dark.png	a4cd2486997d2e69f24adaeaf9bce595d53be65cef787dab853d712020abadf3	f3af3e9ea01da151e2b0a050fddb1689cfcdd43efab7b5341b5ac41cca7ad17b
1f46e-1f3ff-200d-2640.png	assets/Woman police officer/Dark/3D/woman_police_officer_3d_dark.png	b84ded892356daea3b4d1cf95a4945fdf434faa9fd04eb77566e05e2ab5c42e2	00a0f4c9b20c8d04ad9af04b0a11d467e2421873ffb893718201210ac2631e71
1f46e-1f3ff-200d-2642.png	assets/Man police officer/Dark/3D/man_police_officer_3d_dark.png	da49f25a36e42651d8c9ee9a40cf00c75ff1fd25e88571912c588f6419688e6b	284695bde943dd4ef47b954ddb6256da9f815339b772eedc5405d3b21dc05e56
1f46e-200d-2640.png	assets/Woman police officer/Default/3D/woman_police_officer_3d_default.png	474fd211d78bb17594113f5b1ab6c17482a563ef8d714fc392ed4cd70d10502c	4fd8f0b362657cb718da95ea6f5bf165901191eb94602668e4797827fe95f1eb
1f46e-200d-2642.png	assets/Man police officer/Default/3D/man_police_officer_3d_default.png	4689ea02dab99808793dc9f7bf6994c566dd0a294473e8875f1f0c54b7ebc20d	fc69665a0c4946aacf786f4960b456a80b86af51546d0fab0c57b3ec7001f135
1f46f.png	assets/Person with bunny ears/3D/person_with_bunny_ears_3d.png	bc73b4f74fa0f083ea60a09f357632bd7e50a2b5836754773bff8b5d931410dd	7cd3a33e8da1379770dab92c93cb016098277682d8bb4f80299ce5e05afd3833
1f46f-200d-2640.png	assets/Woman with bunny ears/3D/woman_with_bunny_ears_3d.png	d2551262992fe1aa3a91f230647a088674a9159a03bc6a88e8b44884ef3004c2	5c09879a62473657f03d7503d48786470337fcba503b55af39cbd24c32724946
1f46f-200d-2642.png	assets/Man with bunny ears/3D/man_with_bunny_ears_3d.png	266275b5d386a9b369551f1bf2f6201a659bbc49d884eea4476b93073f743471	81cc9bc9ca40e330292be848f1526e157c4baa096f1909cb545349e7df822a8c
1f470.png	assets/Person with veil/Default/3D/person_with_veil_3d_default.png	d8855437b04dbb51d7c8e99eac5feab750bc2a8bef54cfccf1cad7a7e9df1b10	caf511469618f9668a89efc78bbd78f1bb6386eeddd35e43b83dd4eedc429531
1f470-1f3fb.png	assets/Person with veil/Light/3D/person_with_veil_3d_light.png	b7506b33d9218410f0d5984de541fb86e6ceb47948514c045c0c99e04fd2b0c7	aafbc39315e7f8dc7810ebefcc0253c06b4a198eba670aea1c262bace93f6631
1f470-1f3fb-200d-2640.png	assets/Woman with veil/Light/3D/woman_with_veil_3d_light.png	a1badce9c2f9faacfa4b2ffc852a8460ce071796fffc3ad83252d37c97b3d199	288654ebffc00e999c644bf9d73aea94947a634442dec62f53fead0ddc5b21e9
1f470-1f3fb-200d-2642.png	assets/Man with veil/Light/3D/man_with_veil_3d_light.png	3247940ff19d60710c776e22ec5638f72f21b5e4db33db26837c521bf040ca31	2ee9314182da0ca993656817209d9617bf72398f337ba2e39d538c8a3883deda
1f470-1f3fc.png	assets/Person with veil/Medium-Light/3D/person_with_veil_3d_medium-light.png	0cd6bc9aace96a4b60ca3e6493bff9105d1d7316406dc147169f8ea59704aaab	c22bb1ccf19c8e11355d6c3c734affd5eae7aefa70413367bf63c1117db815ea
1f470-1f3fc-200d-2640.png	assets/Woman with veil/Medium-Light/3D/woman_with_veil_3d_medium-light.png	b92975210f9f6c38b0103d82a45a90df256ae824e1fb17c443c11cb39ce91575	ea9224d5b8fe408cec620086f061c49c302c5ead61253e81def11d1d507ecee6
1f470-1f3fc-200d-2642.png	assets/Man with veil/Medium-Light/3D/man_with_veil_3d_medium-light.png	276dd9f19f69cf8b17119fc4ee55744c5ee3c608abb098314967fe94faa734b5	91ba9a0a00f61141115a9e821bfe6b72687d9c81498782d29fae2f2ada87a172
1f470-1f3fd.png	assets/Person with veil/Medium/3D/person_with_veil_3d_medium.png	4ffe48379370e80a81db0f8b906aaaa8e72d784b7fa46832c63e0bc70a6a7a26	e6ff95add6406851d808cfa67951461bd8e59e76748c0f311a0d6f597bffd385
1f470-1f3fd-200d-2640.png	assets/Woman with veil/Medium/3D/woman_with_veil_3d_medium.png	e4d0e6266875c79ce7af1f8788bd10836a4a513a12b3ac5ea08fcda11076ed40	ad8efc2405118b4a4805a014e38c0df1a145b5588e110dbd559083179ba1188a
1f470-1f3fd-200d-2642.png	assets/Man with veil/Medium/3D/man_with_veil_3d_medium.png	4c10e0611f4483337867aaeb78261ed0146d867474e6fbaa69bd0ba18216cfd8	bffcba5c865bbb2e3e8b366a20b892294208b68df96f25536233d1fb17597aac
1f470-1f3fe.png	assets/Person with veil/Medium-Dark/3D/person_with_veil_3d_medium-dark.png	91d40f25d3b195a6502396ba8f6158ab37aa17423bd3a393ffcf3df2c352deed	054645f74865dab307df3247d2a8529d96477c5f49161e303e8610e5164b6a97
1f470-1f3fe-200d-2640.png	assets/Woman with veil/Medium-Dark/3D/woman_with_veil_3d_medium-dark.png	baf8beaca672fb853ac27d89edca1be18cc17d44fda6f9b265897d4663853b36	6df6e215cf1ac403d89b7b44007305b4dd0b9a517d03f3a0f139488f5ec309e8
1f470-1f3fe-200d-2642.png	assets/Man with veil/Medium-Dark/3D/man_with_veil_3d_medium-dark.png	8864d46bc62c491d48ae8bdce2064046ffbfba7fd29a9732ba9e077a786cce14	82606703ad4a617e5369172e21a14066efca8eecc3ce0849b987a0660a7b1657
1f470-1f3ff.png	assets/Person with veil/Dark/3D/person_with_veil_3d_dark.png	a0a35872dce6c94f13981a55ec16cd4737269eae94651c34ed31447d10d18283	fabfa3f3421c4d0d9099a150a4b622f64336bcb661bac22cea077ace7973eb35
1f470-1f3ff-200d-2640.png	assets/Woman with veil/Dark/3D/woman_with_veil_3d_dark.png	379c23b905fac1f9fa352b3e32d7f207fc3a31a4380aefc1d7992acea44343f7	27189c15229ab6c3386865b53f0d6ff705a56352a9ad1be7d6eedf2835393aa1
1f470-1f3ff-200d-2642.png	assets/Man with veil/Dark/3D/man_with_veil_3d_dark.png	c37b8fa75ecb36444d02361eb0ed972c5ba903cd66f5263998401d91c2b05043	e2903232366e7437ca70fc87e357c65742395ff650d2fed6ef8cc2c0d8b1c20c
1f470-200d-2640.png	assets/Woman with veil/Default/3D/woman_with_veil_3d_default.png	f877b26bae5f46a4e12aad94299dc1b4e5876f2c826aa48f97734c94d1673c68	2e8940036eef447692c454d066300aaaacc086d408aa916e8579f769a0ca49ed
1f470-200d-2642.png	assets/Man with veil/Default/3D/man_with_veil_3d_default.png	579cd52da8c1d11e74dc4ddd2df3d5f651ed52ff812e98c70c4cc1afe3ddf10f	8e95dfe2fc9dbbed9d4e88f90f16042a8f17148352e866c85a83dff2e86ab490
1f471.png	assets/Person blonde hair/Default/3D/person_blonde_hair_3d_default.png	6ca7fee692a958033ca306e6361600e3c419d6160dd6f94cd14c1dcad3277565	0a7344b16418c58843ff70842fd8e2c6134e2bb91f09b026c7b2cba55c4b42d9
1f471-1f3fb.png	assets/Person blonde hair/Light/3D/person_blonde_hair_3d_light.png	1ba07db4882df2fd85bd69b70bd969bce8ff5094bbcfea56c2aeede82b270ce0	0576becc79a0d12ba31eb2d5a688f1e7081a196905f9da629892394773208ff3
1f471-1f3fb-200d-2640.png	assets/Woman blonde hair/Light/3D/woman_blonde_hair_3d_light.png	bd6eeabdeaf6e8ac1bec7894e371e8f0c4f00160b972acf32d33583eff1f82a5	884fca2e14e914fc9a38431a743087f1c65f1be0317605f2a383690f6eaaf58e
1f471-1f3fb-200d-2642.png	assets/Man blonde hair/Light/3D/man_blonde_hair_3d_light.png	58dd3bdd15be3bd9864e01a8b30af27063cbb442a59b4eebd4fcdcd51ff58456	bdf6aa8639641948ecfbdb3eb9acf4ec12652fee79691af0fd8f0bcac0c44d2e
1f471-1f3fc.png	assets/Person blonde hair/Medium-Light/3D/person_blonde_hair_3d_medium-light.png	d558cd202811e4631221a2bf801eb2fbcfe0042694d116c3240f09c62c9b9757	02c329f31e832fa47895a03a9a94bf5f45eb07bbf9a54618307b17aeacd4cf59
1f471-1f3fc-200d-2640.png	assets/Woman blonde hair/Medium-Light/3D/woman_blonde_hair_3d_medium-light.png	debd1355aa36c117e6edc409b40d69fccd573635eec0dd0b7cf853c679b44b99	0e7b929afe0f329dd5acda3415d880f40ae6826612a3e9afaab8430d14eaeaa8
1f471-1f3fc-200d-2642.png	assets/Man blonde hair/Medium-Light/3D/man_blonde_hair_3d_medium-light.png	1c0e82812191d380b1b69d254b0beeab045ef6001f4dd13efa5198942268f93f	90c0023f3bfe113431523166887ce13e3d2720a767b503b35153b4860bbe9903
1f471-1f3fd.png	assets/Person blonde hair/Medium/3D/person_blonde_hair_3d_medium.png	e3a98b9466471655c00f1dc89283476481842ee4ec44f731b9d05c4c3450732c	09aa515d92120a9696e9cb6cf0f19d98ccf05acce0d3f530654044f4d4416230
1f471-1f3fd-200d-2640.png	assets/Woman blonde hair/Medium/3D/woman_blonde_hair_3d_medium.png	23f7e9941b01a59e75141597ce681ed7279c678fd421b025bc029d5bd9fac11c	6621f5d1211d97aecf952667d09b912fc2921128aede538255b61f74bec56275
1f471-1f3fd-200d-2642.png	assets/Man blonde hair/Medium/3D/man_blonde_hair_3d_medium.png	7a883d0548982cc8991f1a9fd70c2c9128226dcaefe437a3463911ce5ab0abce	90c5add938782cda6f1d74e93aee2267a7af060c74a44cdb0ac331ffff4e0691
1f471-1f3fe.png	assets/Person blonde hair/Medium-Dark/3D/person_blonde_hair_3d_medium-dark.png	8be148fa040010bf728c6751d678ce77e3f382662685f63ed195225aadf8fc6b	fa957e4ef547eec3f809a1838cb271de197ee8547283bbfa33b7685a5a25e046
1f471-1f3fe-200d-2640.png	assets/Woman blonde hair/Medium-Dark/3D/woman_blonde_hair_3d_medium-dark.png	5b2ae5d560187dde5be7faf2b61f7aaa3aa4c5dfd9aa1208505a550694332991	f715263730ad9733a4d27382a46c99b6e3586e775319c4753775129fbddbc4b0
1f471-1f3fe-200d-2642.png	assets/Man blonde hair/Medium-Dark/3D/man_blonde_hair_3d_medium-dark.png	f9f45bc2f5870930530a46aa04d7bf367f1fe863654c1ccd84b1e03c7ea63050	17ac514d52f2edc0fca55779195d6e5ea2de085a2988612cca7c9357407db54e
1f471-1f3ff.png	assets/Person blonde hair/Dark/3D/person_blonde_hair_3d_dark.png	8f7f4b5803ca0a8a31f82d2fc6b75d67afa6be86aabeca26408943ddc6ddf199	01c47b69b6c897551487880b5faeb49afd64ff3f027acd1b8e4404f021b183e8
1f471-1f3ff-200d-2640.png	assets/Woman blonde hair/Dark/3D/woman_blonde_hair_3d_dark.png	6d95b3d67206fbc298b4a80fa932a87636268f8286621d9dae1fa279a7c8e6e7	f631e312ff4360e74e098b7a5c77b8623b3c6a79cc5249b4881ffcbb69517598
1f471-1f3ff-200d-2642.png	assets/Man blonde hair/Dark/3D/man_blonde_hair_3d_dark.png	a558792156afceea9bea4ec59d780476d25705fb06156323494cc908b894e388	2c004e1cb55662562c47ac29a12883f7ecce69888b691357b05da65175e9f942
1f471-200d-2640.png	assets/Woman blonde hair/Default/3D/woman_blonde_hair_3d_default.png	023136daeda75e24639af83629247f899ba09730b0ef04c7302e23e62e472bc4	67d5c9e6e80955719e73874b379a136db11ac0f3ee81f29502816d17d767e25c
1f471-200d-2642.png	assets/Man blonde hair/Default/3D/man_blonde_hair_3d_default.png	813ddfe20cb0d5f03da04ee529ef6513631caf0e1798b68c8dd230523180156a	a26a6ebe652226d794f8e3f12a241af328568255b1fc22b4f98ef7a54dfe551c
1f472.png	assets/Person with skullcap/Default/3D/person_with_skullcap_3d_default.png	00c17656f74fd6bf216da4a67104829500e4ca7bd8dd4c4f61383dbe34ffb89c	08b6d29b6f05804879384bb187e923d369d90577138164019051eebf585a0db0
1f472-1f3fb.png	assets/Person with skullcap/Light/3D/person_with_skullcap_3d_light.png	9daa544ad349cb7b73169ee944683cf546682015e4297c828f6299c4a84adcdf	f5b47bf4c677446d2b0629e89034c6e2858de4176e9bd1f3ab1803cb694b49a3
1f472-1f3fc.png	assets/Person with skullcap/Medium-Light/3D/person_with_skullcap_3d_medium-light.png	553ae9fe1e39cd7092c09d40cdc4dd8d1ddf25006dc39dcb50f7bebabab83b05	ad4bb8026f23f4997dc36afcd908fffc55d5f513be7cb183179e5c2748dcc082
1f472-1f3fd.png	assets/Person with skullcap/Medium/3D/person_with_skullcap_3d_medium.png	b6056ec0eca8c6e9fad5f4b9efc97aa93092e3ad42dc8506ed8e40e4cdbb7d01	e08a1f65dc6a6ed665ce4f21bc2d420eac7a7d9a80341232c4d0cc281eb002ea
1f472-1f3fe.png	assets/Person with skullcap/Medium-Dark/3D/person_with_skullcap_3d_medium-dark.png	b120d27d9a09c906912c16c752e8cd10d5a7b3abc7a1e21587cb75052287dfbf	d439970d9c34dec2eb8b48c61e69371b16124b09635598e39f19cd3b432c486f
1f472-1f3ff.png	assets/Person with skullcap/Dark/3D/person_with_skullcap_3d_dark.png	c48902a164947473acefd05dda114eb64e723e68189bb107c755ac39bbcf6e8c	8ea9454e30e9d1c80aa479311b56154762559d6546852d63840cf48bed9d870c
1f473.png	assets/Person wearing turban/Default/3D/person_wearing_turban_3d_default.png	90fd372cc5000a38e45a27fbfd429e8d40f0bf6d697d6403822c234216c9e8c1	da65a2fbb1acb58272f7d364112fe2e935e13a917bdd3d6ad727d47e60111cd7
1f473-1f3fb.png	assets/Person wearing turban/Light/3D/person_wearing_turban_3d_light.png	a82dd669b224366e81d7db0631d351dd985dc6307adbeb6063e0c35bb5d03e06	238a44c1838951556fb77ff45a48d7b5e57cc293881d57699303998b7efbe775
1f473-1f3fb-200d-2640.png	assets/Woman wearing turban/Light/3D/woman_wearing_turban_3d_light.png	93108976507ebfbab0d29fd4e2120f10780f40f01590cf49806081c7f58f0087	f70d5bc943b040a1c044ccc6e0b36719b8b23ce2e32e6cf0c11c79436b8ccdbe
1f473-1f3fb-200d-2642.png	assets/Man wearing turban/Light/3D/man_wearing_turban_3d_light.png	f376341f1fb2d7c25558ea8f860ab24b2b5e2804f7358d8a612b82c5246dc5cf	d8eff3af72c22b4f9eaceddba4049886cac28360243e4c88c1b6e9c739489a0f
1f473-1f3fc.png	assets/Person wearing turban/Medium-Light/3D/person_wearing_turban_3d_medium-light.png	9173b522812a1b0054ea15ab4a2cd80d596f8d8770c67e8e2d272c8f34fbd076	e27a67a96b64048c8b5481c01b858191046f8064a7c75dc01108d4b085c64bb1
1f473-1f3fc-200d-2640.png	assets/Woman wearing turban/Medium-Light/3D/woman_wearing_turban_3d_medium-light.png	dd4289732724fd7a76b3a0a69da1d7d6fceb7eb3d78faf515719d347a870f43c	8e7986ecefc770092be9dd4be74f658e746ba60d8d8be927e7d6480527715a91
1f473-1f3fc-200d-2642.png	assets/Man wearing turban/Medium-Light/3D/man_wearing_turban_3d_medium-light.png	56dfa776447431b352e8ad8f197005f10c29f8a4325b519d5516d48688fe0a4d	08952502c34103d3204f86ef24b7da6cb45b8e1e5a31035094b8f50f2369f74a
1f473-1f3fd.png	assets/Person wearing turban/Medium/3D/person_wearing_turban_3d_medium.png	886fc56846c7d6410f57c91321d5e339d02bc57485dfd2b7daba3693cbfae28d	86f60530a7101c5c1e06b650152c1a6b750b01df7934682aa91f060e24f04a6c
1f473-1f3fd-200d-2640.png	assets/Woman wearing turban/Medium/3D/woman_wearing_turban_3d_medium.png	daac27fce14c49317fd78ec4ab96f739cb3fa07f2460960946da5e69e19e32b0	f09f3a90fd5a338bbf0044375219d50278f573f6642e1bc8e7d76cda0c13381a
1f473-1f3fd-200d-2642.png	assets/Man wearing turban/Medium/3D/man_wearing_turban_3d_medium.png	8afec9dbfeb6b4f2b2c7815e2dfc5f38b817d7d43049732f02c03fe1db26b135	8ed471dc8bfd3a579a89fa97026473444a25be7f570c148496637dd684bd532c
1f473-1f3fe.png	assets/Person wearing turban/Medium-Dark/3D/person_wearing_turban_3d_medium-dark.png	8df4ead2c5cc3e96df5e15798c9a76461c2cf3c42e0c6088a638133d6b4ca148	26237257349d18b0dc886e51ae3f950948caff69ea5357d7937772d77a8bb0e9
1f473-1f3fe-200d-2640.png	assets/Woman wearing turban/Medium-Dark/3D/woman_wearing_turban_3d_medium-dark.png	0cb1703db526408c95ec400114047c5ea9827df28d737a95cecf3a70191262e7	94a8e85f139923c8ffee272ed81d4f5218b8b4da4c42e7d35078ffca8e57baec
1f473-1f3fe-200d-2642.png	assets/Man wearing turban/Medium-Dark/3D/man_wearing_turban_3d_medium-dark.png	3be5bc65aa311b1c641168b9bf8747e35f74c1a9a7bf4e26c3c310bca9c28fd8	14afd35a79706e595f6655a4d0d776306233738d4962abc52c63640ead197239
1f473-1f3ff.png	assets/Person wearing turban/Dark/3D/person_wearing_turban_3d_dark.png	8d5c9c8b26b62acbf3b36277aaca2364c56ef6d499074683cb64b26b5856a5ab	8ea8864baa54cf08e7f9d4acf884c09ccf88d9b3d86071d27c1675b09d28c3af
1f473-1f3ff-200d-2640.png	assets/Woman wearing turban/Dark/3D/woman_wearing_turban_3d_dark.png	d31bf7fd114a87169576700de3ab7ff82888d0fa8bf7517905396d5b55197cac	5e7b72ee526f076e74c9b202cb43b3dbc6869bc4213f8946b3e88e5d58eb6edf
1f473-1f3ff-200d-2642.png	assets/Man wearing turban/Dark/3D/man_wearing_turban_3d_dark.png	454590aacdc3d27be1217ff5debe557f50212666c527bd80ef6575880ad116b0	7049add6fc3e5b74d83851bc616d448ad88b423abb5f3b829d7152d9ff9efc38
1f473-200d-2640.png	assets/Woman wearing turban/Default/3D/woman_wearing_turban_3d_default.png	dbd4f7f04d6164137c280586407eb444b6a3c85b76dfc62a02338be3bda443f3	1a601e0d88b849d63ae7bb132c62a5bb69db552a92d1607b27792f1350559fdb
1f473-200d-2642.png	assets/Man wearing turban/Default/3D/man_wearing_turban_3d_default.png	50a21f19f3f1357d4b86329bed572e91f0a80d1846201c663f6ccdc3e121b514	2e76927a0b52a9070d6b1028ae0b2be2a957893784c75c0f1579afc08f200d15
1f474.png	assets/Old man/Default/3D/old_man_3d_default.png	2ec0e2e1e4ef60792f2c1d0096982d8476c57e21da30801455a1186393e07e6c	6f2ebf0e77fb67cedc5e007d6aebba06cb44a526b8ee8d65da20cbad3828099e
1f474-1f3fb.png	assets/Old man/Light/3D/old_man_3d_light.png	67f816455b2d444f1a68027633744b65b2ae5e48361fc5a12f0b41e4da448018	9a4a0f4f55872a5516846536a81f42ce231af483ce43e9f478869c965f60e515
1f474-1f3fc.png	assets/Old man/Medium-Light/3D/old_man_3d_medium-light.png	7962c160241965ab92e10d27ac296bf7fb488defce45969847c1583e1f22606f	546c991cb6c64ec404df955cec497bb0cca25ef2713167436f0abc346d625517
1f474-1f3fd.png	assets/Old man/Medium/3D/old_man_3d_medium.png	7b27f224d7e21f35e5ef78773e7404d3dee3e6bd2343271b7f1078350880b2c9	f3e1ab9fd61edb7d5239105e2a4e3c42776c7797be594099ecd2dcb5a7df30b4
1f474-1f3fe.png	assets/Old man/Medium-Dark/3D/old_man_3d_medium-dark.png	02d53402cd6bd93ec420cfa09c832dab3b4e14343344a8f2f03d061d85bd3107	f50f4d3f3856ad163462de08b416bd8e606fb61aaa9a31d87982fc6172aead9f
1f474-1f3ff.png	assets/Old man/Dark/3D/old_man_3d_dark.png	06a7a77a28ff233ec803ad220c0efa7f26093bbcc6ffe622ac412cb82cb346c8	0303a85408550734c1118030ccdb8ca5a1f1740c7c93f91f8274f01ee83a361b
1f475.png	assets/Old woman/Default/3D/old_woman_3d_default.png	aab879a853726886f35d7d5530f72d235665ac6905a01a2d730ae149fff6387f	b591d296898a9747b92182df5864fcafed3ad5dfb399a7e6833cc28a7d05cee1
1f475-1f3fb.png	assets/Old woman/Light/3D/old_woman_3d_light.png	b8177c2993f0471bc15f20aeb02a128d11bced1cbcf5098ef8f8f7f16d8100b7	c24ed1e5f7b03c208726970e882998ac8a1232e8390c8be22330bda7e9f69bb2
1f475-1f3fc.png	assets/Old woman/Medium-Light/3D/old_woman_3d_medium-light.png	7b11fe47ff7952d541ea2e6157a0fb2f43381e9ca27aaf13a8a8317419ac6f72	df7c2ff2e68f52f717ca311c33008706a8d80ec8151c4b5660d10bb600080bd8
1f475-1f3fd.png	assets/Old woman/Medium/3D/old_woman_3d_medium.png	2135cfe537031e8c8d9271022770b0c5086b9d080b5473eae666d4d8a0a3c1c4	54a224b8bdc9e7fa20f8f4365583bd352a517fc5fb9969c2e2d15c399f2d2db7
1f475-1f3fe.png	assets/Old woman/Medium-Dark/3D/old_woman_3d_medium-dark.png	7c727986f4624b4640e35ee285ad4a12e11460c3965f4e2f73e879af22b6cb2c	b3e7d293ea93dce67b1ac8bbc29bc0fff18ac82fca9df8e250642743d56752b0
1f475-1f3ff.png	assets/Old woman/Dark/3D/old_woman_3d_dark.png	3aae8edce3f3fe70aa362de555bfecf6eeb4d76ed68280a1ee6ef747084c10d1	f2210353f120c52d231492406297164f7696480d9d147772c15fb50e7d33981a
1f476.png	assets/Baby/Default/3D/baby_3d_default.png	a9f27d8ae4a277a572ccc3d49d56128cff229fef5ece1a9afe85059c2e97c96c	4532aa0c21edd17e1d9798031d0421349234280007f15dd62f59cec72f7409c7
1f476-1f3fb.png	assets/Baby/Light/3D/baby_3d_light.png	7d3d166f410f103fc7d0f0c4de3ab5eedef4fb701495fd2c7425a07757f144d5	2621b426ec23663b01ac617601d8464bf0f670b39dfb3fd93625133f6a889064
1f476-1f3fc.png	assets/Baby/Medium-Light/3D/baby_3d_medium-light.png	86f134893339e69cbce46c524f47dcec1cd3e475ef8b2a948267ab62d8902ea4	243a21ce737bd1707b1bf6611ed5bde11e34251ecbc1d0c9b73e2fbc2056feb1
1f476-1f3fd.png	assets/Baby/Medium/3D/baby_3d_medium.png	6093c22d107185ee418a3a01ea933fa5ad9455e9db2ee2eb53a30649d706e1cb	59c6a9f6b1bbca9d79d1166adfd151505387d23e8953581d14605aeaafc58783
1f476-1f3fe.png	assets/Baby/Medium-Dark/3D/baby_3d_medium-dark.png	2e39fb5e098cdbed7fe591782885d4fc5e87efded1e9d7cdb28c6d98782cfcdf	6457c9f5baf9a072c48c7f1de0463e1de85b35e88e9c83746e8e5b4e1f585546
1f476-1f3ff.png	assets/Baby/Dark/3D/baby_3d_dark.png	be03a87e5c7d53ca8d08ceadb9fb43d8892c2cc3fda321942cd228d97d04caaa	46e24ac8b10a82a3bdef465a45e21ea73a35a0bcc41d0e2ae9a6215540e86fef
1f477.png	assets/Construction worker/Default/3D/construction_worker_3d_default.png	477d29d4d933fc0b6aa0e20457d1d9635bde9f599d51f890d016385b825d4d60	cc689357c4210ee6209247046dafe47f18e5acdacea64b86d5f50e8d4e45be76
1f477-1f3fb.png	assets/Construction worker/Light/3D/construction_worker_3d_light.png	d15362ae422d8908efd32ee8cc26be3e973817ccd4081ab554d5b6c9e00d5d63	c5d8ac7d9befb5a3ead0e52547241de8d80cf27cea4fc6b293eef6f751505d93
1f477-1f3fb-200d-2640.png	assets/Woman construction worker/Light/3D/woman_construction_worker_3d_light.png	c95da6a56dd253cf20733abbb60d13c18fbdc868f18dd45efc0887741b3e8d08	539ec4b3ce78338e8d3ef100e48018a01c8b6f1054793f9e74c0b885a0856ecd
1f477-1f3fb-200d-2642.png	assets/Man construction worker/Light/3D/man_construction_worker_3d_light.png	3968f65ae81c96bd20ab841084069bf8f818e3a3e855b8eb3bc202adda652d5f	1e1ad395ef4a7fdad9e065527ca2d744fd298ad8c92bc28ae744547a6dda3ab7
1f477-1f3fc.png	assets/Construction worker/Medium-Light/3D/construction_worker_3d_medium-light.png	292d021343061dc516d0495b6d7aab3621f397b5af379c04a5c9d32adadede4f	662b0a986a7adb9905cbd191b038acfe5cd0c26bbbf5e617930fefdc5c5c2dcf
1f477-1f3fc-200d-2640.png	assets/Woman construction worker/Medium-Light/3D/woman_construction_worker_3d_medium-light.png	f071873d0cf91321663c05470b343bde3f0f5160b91dc92e4f6b14b2959dbe42	001f9514c6bdc29738f6438ec1aa621182c798d416edd6b136a595684f1a09a9
1f477-1f3fc-200d-2642.png	assets/Man construction worker/Medium-Light/3D/man_construction_worker_3d_medium-light.png	2577d0d14e3d30e9a4ff6094c4ea21acacefa1cfb7b1c85fb6810c39a0b06504	b113ef8d97ab7d2c4d77d4b7ac374d08a2d1d2a9468946a17005d329ccb6c0a0
1f477-1f3fd.png	assets/Construction worker/Medium/3D/construction_worker_3d_medium.png	e09087b405c88a1bb0f2996e6300a67acca0a07fbce9eb9619ca9982ba6688e8	dd868178b5e761a5972e72cdfe2a760738d54d8fcbc3d02d45b82572bcf797c4
1f477-1f3fd-200d-2640.png	assets/Woman construction worker/Medium/3D/woman_construction_worker_3d_medium.png	b9c0e4ca04aa2ee33955589dcc7f0e84cf290617baf3d8a48630731e4acf3c99	d5611183f72a12c4f3157365234ff4739287d2cda3442c8a52f83729ba029ccf
1f477-1f3fd-200d-2642.png	assets/Man construction worker/Medium/3D/man_construction_worker_3d_medium.png	18be624fb9ab95c364940bf1ecd8a671aed93db7259894a6e8c9bd6fd47e5ce1	73dc677dce28f7ace66894346697389abea512fc13e4d4fbb4ca96c5abb1335b
1f477-1f3fe.png	assets/Construction worker/Medium-Dark/3D/construction_worker_3d_medium-dark.png	1174e7c573be5930a42759e25e298130f2f8d072e7a31b00cfccef975c3fb997	b18b126fc2da36a5ff53c783e9329fab7529873c029aa441098aa4abf43cca9f
1f477-1f3fe-200d-2640.png	assets/Woman construction worker/Medium-Dark/3D/woman_construction_worker_3d_medium-dark.png	401589617a5c1b5b4b4f64db6ff5ceb4924fa85fd6a2b7f98864e2e342cbaf4d	364b25e7e10ec0542352de429c501e568b86b96fef4021395c631923f3e8686d
1f477-1f3fe-200d-2642.png	assets/Man construction worker/Medium-Dark/3D/man_construction_worker_3d_medium-dark.png	73fe7a68a635ee63f779cc94f19b187c0960cae4567418a79dd306e757c62b6d	7e32cdb4d7a62aeb4e604c25d3b267ebe51ad0c50c765200e03bf443b13bbc02
1f477-1f3ff.png	assets/Construction worker/Dark/3D/construction_worker_3d_dark.png	4f80ca4a6dfb8eeaac0836e7e38880bbcc0fb8f7bb5fb2eaf5ab13ca430fc21f	2176e8cf72322b399821023ded33ac2660b200c30a279bad2b4d18cffac92883
1f477-1f3ff-200d-2640.png	assets/Woman construction worker/Dark/3D/woman_construction_worker_3d_dark.png	c6c6d2ac9ac548b87b8d2feba3ddfabbeb97d014266ea21306b80fcae8f42265	d9392ed479cdb0de0f8773254638bd65aa69fa581a9763c87cad5a66a80c2691
1f477-1f3ff-200d-2642.png	assets/Man construction worker/Dark/3D/man_construction_worker_3d_dark.png	434e9d0cb864fd139ab8be45c354bf7356d19e787d6a3f29e3dc464cc9fd1535	ca550b2b426b2243346c204f7f40ccc16557081cb327caa64875a73ef21c4488
1f477-200d-2640.png	assets/Woman construction worker/Default/3D/woman_construction_worker_3d_default.png	b179649c8858765e07de209b23390b9e8b02551dfcba195e30a32b0e0405c75b	a41a8d3238424a5ab15cae421d4ec79dc5847404fdf70813263905ca84ff0951
1f477-200d-2642.png	assets/Man construction worker/Default/3D/man_construction_worker_3d_default.png	efdb600c6e9b37643a3f807039ca7cc1db81b2c3e40e45012290ab4debf8d723	01f577a2a040ea18973dedf1b150dad1f434b941492e613ed92604c09b66e4af
1f478.png	assets/Princess/Default/3D/princess_3d_default.png	12e62e0d634ca953b5069b970ccc79efa48d3bf4cc2da34d4a6c41f801771d95	60a28d79024d2d0695385ab70a26ac4cda1f20ab6f7ab194780794a9c4a3a3c5
1f478-1f3fb.png	assets/Princess/Light/3D/princess_3d_light.png	d8afca993600e21b69830737fc142678fb6b30d99af36dc8c26f49feef720ad9	6a1030d005341ddcb0dcd31984b5008b2fc67fe57fd17e0156d3017c6051054d
1f478-1f3fc.png	assets/Princess/Medium-Light/3D/princess_3d_medium-light.png	3613752bbf363202141b51e3c23fb59bb808119da2454ece7ebd458037a01e68	7a9b1dee46348343deaf6975ad4329376721391dd8f41aac6f0f4ae2d2d33617
1f478-1f3fd.png	assets/Princess/Medium/3D/princess_3d_medium.png	b581aebbe34a05c811fab03ed54d0926a2f889c3f1ffdf43af16848947d61a8a	520188bec2ddda356527db0acb06de9d07a78b4278e2592c357268bcf3aed22c
1f478-1f3fe.png	assets/Princess/Medium-Dark/3D/princess_3d_medium-dark.png	42b758a7f378f6f99ebc3d3f20c080473becb30ec655d6d95bae60c1ad2c7484	e2a1551e35583aef7c9e6ffec87d6d5c19cc9160323de5c7e7c8435db909c793
1f478-1f3ff.png	assets/Princess/Dark/3D/princess_3d_dark.png	39e20cdd54b573e931aa70afe8e5563d8f9cc151345fea917a266b763edb60e3	748fb455a689e2dd25498259e04a84fa6dc68f885a935dfa3e21e6e93f291487
1f479.png	assets/Ogre/3D/ogre_3d.png	efef72aa0413f0a681da8bd043d382c0bef846c89ac542b1b96911eae59767a9	3a3d63cb7b062745a622acd6ff455acd1a2a854186c125aa587d514c0f2e0c8a
1f47a.png	assets/Goblin/3D/goblin_3d.png	493c80b731d7690db27d1de38db07dce795d6ab3ee5909ef597240e2abee4dc5	1a4c4cb29d0f024fbcf4a48fb03babcf1a346acae3eaa008d49f819c8611b3f8
1f47b.png	assets/Ghost/3D/ghost_3d.png	2a07c00a4af13532717a201e201b7219f02ce91232ea86abd7e74cbf1b5fb42f	08a4fb1b8f1efd748e4fc43d3e43bb42082d85a57bb1e5c20ac527a2826f32ef
1f47c.png	assets/Baby angel/Default/3D/baby_angel_3d_default.png	16dc1cebaacfb96aaab2a623479a683517a4a6996b433413207bb633634167c1	fb18c88478d6cfde683c64aaa83883b78599d2a96a68e22e811766679ef7098b
1f47c-1f3fb.png	assets/Baby angel/Light/3D/baby_angel_3d_light.png	9faacb530c77920e7d53539d073e4d01136797bbdf6e7db605e8a41832312e0e	2657aae125d707011d310ca5ef8d38fbf24a45c270d28479fc2a95e0f3cb937d
1f47c-1f3fc.png	assets/Baby angel/Medium-Light/3D/baby_angel_3d_medium-light.png	75147d0d7b4d1c9a373af576327f845736ac44e765f01e8dda0ce8063b37acdb	6fce728d0c68f23097979183fb79fada09870e1e13c2de287cec8c4645358012
1f47c-1f3fd.png	assets/Baby angel/Medium/3D/baby_angel_3d_medium.png	713607653398c3e9fdde0b70f76aef8059ff91db195b11d8e3a665c6b945dc10	8d19e90683a87053980dcafda3b6463dc5fa06dc3a0eb6c881c4727523d85844
1f47c-1f3fe.png	assets/Baby angel/Medium-Dark/3D/baby_angel_3d_medium-dark.png	a6e9b3556c7dc8160a9d92a796507ea1d57c7fd24a9cf48ecd6fa3c6d55fa713	b5b3f411972293bcc7ae050a11c582019111d24894a22e5ae759bd9d6a2426d7
1f47c-1f3ff.png	assets/Baby angel/Dark/3D/baby_angel_3d_dark.png	d0afeaa95fe22582aa9ab577dd9c71a0cd5e387afdfcf9f991afa21d14b95ee0	ac35277fcd5ab9b19c1c69dc6020c962ccc9e8bca1cb287fe89471c7767b3c4c
1f47d.png	assets/Alien/3D/alien_3d.png	7b2318a60f36814c289e92643cbfa8d72caac26d98e955d8cae196d3db9abddf	4257df9fd01735da752965686786c4d24a9d19bb174d160c72a0be0ce86e4a6d
1f47e.png	assets/Alien monster/3D/alien_monster_3d.png	b4c7568f82af02448cc9be488732e46a35417dc8954455983d72f05d568e9452	299a53167fbaf4f650607008d08b24dcefd22028ac26a422e853534c49988228
1f47f.png	assets/Angry face with horns/3D/angry_face_with_horns_3d.png	2acf85a77e876ab19524398e269dabe87501d4d2413390edd19355c1b1227e6f	1349596bb38ebde3240e3b26c62afd190f2c1401fe8f6bfc42aaefc60102793a
1f480.png	assets/Skull/3D/skull_3d.png	9920d9e79017306b7af9eef09117070ff7fde28d7711fdb4861c14c446b5bf45	5847f33a87a80a3b58f58b7e3d17511da85887a2a8100c807b9c3c238899fc26
1f481.png	assets/Person tipping hand/Default/3D/person_tipping_hand_3d_default.png	4b8ef9556076298f05ad183f6ae9ccbe80023ca657b9f502beb1bca76b402ac0	d92344c9af1d142ab808df0f6e888d31a954e7d56675f9063feee3831bd6addb
1f481-1f3fb.png	assets/Person tipping hand/Light/3D/person_tipping_hand_3d_light.png	e75904bd933762bc814d4c927ea438e5e66178969889a8667f3462cf04e8cf28	77b3439720904704ba2014062107b84d6263030a3c0f7e9e18a06ffd03e301b8
1f481-1f3fb-200d-2640.png	assets/Woman tipping hand/Light/3D/woman_tipping_hand_3d_light.png	a788c712ae8c6fed0283d553c366dd0e5e00a16f7d40535feba1ba14f2e5190d	f9739c2e3c9b2a89661ea095b7d441c755938361b5fa6e08122bc9152d67ee20
1f481-1f3fb-200d-2642.png	assets/Man tipping hand/Light/3D/man_tipping_hand_3d_light.png	791b8376c552435bcaa24ba5490f6058b6b8bc109fafba85fcea97b8b4757441	f2d5eed0441c7db9b54b3c9e2532cb2b08ca795651c93646e5f807470af552a6
1f481-1f3fc.png	assets/Person tipping hand/Medium-Light/3D/person_tipping_hand_3d_medium-light.png	a9032fbba270cd412f5b501953c8e34ef50761ee1aeff39365cb38b7b8f08f6c	da773fe417181232bbf7fcd673cdc696ffb7ee3fbd24321e755f15e0232f6aca
1f481-1f3fc-200d-2640.png	assets/Woman tipping hand/Medium-Light/3D/woman_tipping_hand_3d_medium-light.png	d846f86a20e66550e4bf8fed879d6be2cac193af7c52d0b42cbf92630f52db0b	74d53b31e45ac23a78cead9de2103b39c85472050de5e8e3855c0cbe6e1c5ac6
1f481-1f3fc-200d-2642.png	assets/Man tipping hand/Medium-Light/3D/man_tipping_hand_3d_medium-light.png	708f50d6d2de6eea6e8d7a32e46f1712a6355779013f5fae1c9d31caa600a3a9	c73c1d53ecc806a212acb0c0af7f043ddca2e89ee91dbb897a3df53950dc6e87
1f481-1f3fd.png	assets/Person tipping hand/Medium/3D/person_tipping_hand_3d_medium.png	02199c36a9f4854361ffa82e346ddf012cdf7dd59598c5a38fd7899f005aa584	c90732ae467053957337dc84a2f908e6723f21b976bedcc1090f7d18a81a2921
1f481-1f3fd-200d-2640.png	assets/Woman tipping hand/Medium/3D/woman_tipping_hand_3d_medium.png	963619f4826c1d3e214c9458eb7bbf4c9cebc4ec9eb5c44aa0e891e944497ad2	92733eb7c0288ba4783c9583b59eef3cc6e8ad1403dceb635359eb08fd9d7208
1f481-1f3fd-200d-2642.png	assets/Man tipping hand/Medium/3D/man_tipping_hand_3d_medium.png	1ca835c5d87d9792cc309ad9d05e89f1d08e9698e95b9c235d99dbeeddbc8163	755ab04bfbe475cce1bb26782daa9b05205d5052359c00a05f7d4d5db0f07dad
1f481-1f3fe.png	assets/Person tipping hand/Medium-Dark/3D/person_tipping_hand_3d_medium-dark.png	c47d581a76bc5aa8bd85e6e07a2d769ef05744b9420c168e4e3dee633cd9fdb3	b3151f0d659ef23c66d1f47147d976ebfcf33d2bba4216d625dc4f5fa7108453
1f481-1f3fe-200d-2640.png	assets/Woman tipping hand/Medium-Dark/3D/woman_tipping_hand_3d_medium-dark.png	9374eab313eb13fbfdbf9e520089f0cccef88b37967a08794ad16f64b5556769	109bb30701d7e0cfbf8b7c82eaa2e3a574cf1124822a0c2c2b67d96f223c2f56
1f481-1f3fe-200d-2642.png	assets/Man tipping hand/Medium-Dark/3D/man_tipping_hand_3d_medium-dark.png	238f255be11f8fc4cef91286a7c3b031af0589a4ee97fa33b524b28c687c33c1	16b73ec9c9fa6f1593d48758cce9c14276bf120f0d6cd42d22a81e72e990486c
1f481-1f3ff.png	assets/Person tipping hand/Dark/3D/person_tipping_hand_3d_dark.png	a8c60a2261352aed8bc546f09e1969e42f165845489c67607603648363f4013b	a3fcd20ddeb47ba50d145abddaf88be10266c8ce0fd6f783279f3c094353bd44
1f481-1f3ff-200d-2640.png	assets/Woman tipping hand/Dark/3D/woman_tipping_hand_3d_dark.png	ef5f12248c823512597e32cb36efbe213adb41411347f89a0c0e306d8cbbdc0a	f5a652294bf8fd0f9844924071c1ab36a3b560d5d031e188845352735691b060
1f481-1f3ff-200d-2642.png	assets/Man tipping hand/Dark/3D/man_tipping_hand_3d_dark.png	05ab790be13cca5eae8bade43b218cc86d3249da1afc14344072bca79f5b3668	464a7980557f7178e2dce54a10020ee9ec6dba818469de7ef62d3d6884c618f1
1f481-200d-2640.png	assets/Woman tipping hand/Default/3D/woman_tipping_hand_3d_default.png	1a43b5b68b80e923621770a8db0623ff86c31d84f4fbeafe3bf7f38a6fe4a156	0053d1612362725f84d4e953f0ccc92f9ee62a7e4229223191894b44bb04737d
1f481-200d-2642.png	assets/Man tipping hand/Default/3D/man_tipping_hand_3d_default.png	c1f1b92b8dc2b569900900399ece8148b0a876a203c1075825d52b90a244ff71	f44351ead3f51e4227f02edd1ae2cc9505f8b7a2ec9ca619d0a76f60e9293ebd
1f482.png	assets/Guard/Default/3D/guard_3d_default.png	e0c02e7cdec3deabb6df5b898d7d49593edd755f0e3a8fd7a2cb1e79b18ed44a	953d830192496ade7147654ac2103e333b3eed4548b9101b5416548df91efb5d
1f482-1f3fb.png	assets/Guard/Light/3D/guard_3d_light.png	b67e36afe328f22aeabf355dab95fcec5c73298a6a04b9526dedb3598124c153	cbd37fcc57b6dfcb5b4902adeb94aa8a1d07227c720aca13efc26acd10ea08a8
1f482-1f3fb-200d-2640.png	assets/Woman guard/Light/3D/woman_guard_3d_light.png	ea35bd567b710c6e37dd77984b2935c630ab441e408f16c786d6c10ce466949c	866c51e9391680c7846253b8999abae6cb9c55f25d9a3e818397d4748f239411
1f482-1f3fb-200d-2642.png	assets/Man guard/Light/3D/man_guard_3d_light.png	87f9274df4c17d1c1349ede8aa56d1c59e6af4cfa6fb1a7623036565ec9e8bcb	d9c64dea8a30772e23c98d82eeb530f5e01aafc2de7a029df1fb6408c23a11e0
1f482-1f3fc.png	assets/Guard/Medium-Light/3D/guard_3d_medium-light.png	38d7407fa79359f20cbb66ed146567cb3d2ff9b2f872f713e010722f97e4e53c	6baa6287a2cb905ca44aad1ed78db15205554f9ac61e5676ac17207bbed49069
1f482-1f3fc-200d-2640.png	assets/Woman guard/Medium-Light/3D/woman_guard_3d_medium-light.png	e967f39c6a68ac0b7297ce2006ee1f3f3b959f2792434b767a0263598fcaff1c	90d2d3562143007bd88edcd7de8abda50df8e68ed38612a5f341ff66726c3738
1f482-1f3fc-200d-2642.png	assets/Man guard/Medium-Light/3D/man_guard_3d_medium-light.png	55c2faf2b592f831dabd1e75b9d6696bdfb1bec96ece3f8318cbe02460aeb170	0722574ecd9290c55d96e16b7febb422ce3f9c738eb686464c39c8bb5c6d887e
1f482-1f3fd.png	assets/Guard/Medium/3D/guard_3d_medium.png	522c013355681c719b42509a4b05dd160301fd25ade3640b69eeca98146f5d22	6378146655c1f5f1509b1b63bc1f13fb07d78214a83acfe392dabd20eb7252b5
1f482-1f3fd-200d-2640.png	assets/Woman guard/Medium/3D/woman_guard_3d_medium.png	4e3256e2a7549ab105f34a91a7c683c7381ec1d3d8af491a61690bc77da84c38	b3c15ba5523f30aa637c786d85cd5d6b48993f9747fc70975badc89ad9573398
1f482-1f3fd-200d-2642.png	assets/Man guard/Medium/3D/man_guard_3d_medium.png	2947d747c67f9055b5e329616f3021f2dc5e10933100145c4a99b22d7bcefc07	8b9220119756ab52d48ed3338c27f7f2b84aa4085955019b6c240d2b9b7ed9e8
1f482-1f3fe.png	assets/Guard/Medium-Dark/3D/guard_3d_medium-dark.png	5c27ef540efdc22f535f5c7a9fb6e074550959ed7018f7fb03f9b0d8bedf1625	1b0cd988a26bed84c9c35091dd554d7dca34716cac3575cab018a5bc70ca6858
1f482-1f3fe-200d-2640.png	assets/Woman guard/Medium-Dark/3D/woman_guard_3d_medium-dark.png	462d62149e809191ddf8ccf32ea2b02414eae0745e2d9962237ea2e0bed56f40	ce4e97370bab0273a7710fff4be61941f7cd1209e0557ba3496adfb83d4fe00d
1f482-1f3fe-200d-2642.png	assets/Man guard/Medium-Dark/3D/man_guard_3d_medium-dark.png	bd42578a4930d276aa37f6f2f236ec764f543fe96d25ac84a24879ca7a35a465	f326fd5eb74f085c4cb3cf78596d757a7001fbdddfcd15933d79648c4e26ccf6
1f482-1f3ff.png	assets/Guard/Dark/3D/guard_3d_dark.png	49d9bab10a7fb0c7463057d688b0b886d37c61bdfa621f5489eb254b7323c61e	767a3b86dadb4b6a34b321f62d384fc97847dc85b8ea14badd65bf1d2366dc31
1f482-1f3ff-200d-2640.png	assets/Woman guard/Dark/3D/woman_guard_3d_dark.png	66b5d2c34dd18caf4934e32bc007fe2f9b620fc0d5fdb070f4f49105d0093321	c9ccbffcb808ac8573e5f04af55d08dd8bd5ce42b769cf76ebcc7e52967f5454
1f482-1f3ff-200d-2642.png	assets/Man guard/Dark/3D/man_guard_3d_dark.png	2f7ce9dcf920006ce0cbcdf0170f7bc0d4ce751aeddc2bea6996650c1ba15751	654038519887e71619af85ef926af49a982bb7460090498f2703b2e90672bd8a
1f482-200d-2640.png	assets/Woman guard/Default/3D/woman_guard_3d_default.png	a1526ef30fed0b2319d3c78312d5e04720449cdad7bb18651362549e8c3fae72	dc287cf0a2fbbe23a64cc258b5b5f25ca2d6cac0765808b384a68c64627f3e61
1f482-200d-2642.png	assets/Man guard/Default/3D/man_guard_3d_default.png	419fc7aeca248b6bf01b737c3b210dc6d982ebe2302c90ef82f8628b7172a241	d71bb9754b5fbe9e6bd4487b5cff9cb737162e3729b50743d4a2a66ddd184378
1f483.png	assets/Woman dancing/Default/3D/woman_dancing_3d_default.png	e6298b83f881971b754d7cbc95108b0318f0affa0f8ec3dca99d6f7925c500be	74025caedf40e8f7dd4e9b8d8c6ea924facdea94cbcb43fce798ea959aa225b6
1f483-1f3fb.png	assets/Woman dancing/Light/3D/woman_dancing_3d_light.png	6a597626d56b91ebf0cc91ca97352591b6db5decdfdbf2d8785c64110f1a22a9	0d1694bf39940cc940052a86609f8a34bd74cf5db23e25266dd4fbe88d33acf8
1f483-1f3fc.png	assets/Woman dancing/Medium-Light/3D/woman_dancing_3d_medium-light.png	1e486b5e49cab3f970161cee2e8beea217a68f1df9f22db6e5c9c2f86fe1ff66	2129b9624109c21ac8664f34faa16c72be4cae71841af5dff6db9590bb446313
1f483-1f3fd.png	assets/Woman dancing/Medium/3D/woman_dancing_3d_medium.png	2282ed8204c0c0b397e8ebf878282dc0dd9759c5cbd99dc7ef7b48378239c404	b2bda77ab7d8a978bd00184b2d2eb321384976a43500d8c536a2af27c0363273
1f483-1f3fe.png	assets/Woman dancing/Medium-Dark/3D/woman_dancing_3d_medium-dark.png	13976875fec3e85f35c38deecbbbb0f7e7165bad7e9daff64dd3f02773960487	6df5e6943627a0a58f9e69eb4604317d837f9dcc7856ff4daf74554b475c1ec2
1f483-1f3ff.png	assets/Woman dancing/Dark/3D/woman_dancing_3d_dark.png	bbc4dce853ae89267f4d321908140c586f277b5bcf10417df5cb7a2349954191	9d18c35341c2ca7e216161f582d5065a5e45a661fed5b813dc37ce1d8c8737f7
1f484.png	assets/Lipstick/3D/lipstick_3d.png	29cb2c82a59177defefc4feb1731a0b76f45aaa0ae283952f84f2199597999b3	3b4ae5e182c6590f7b2023d2647b72f39abcd6cef522e4ccb9c52e68908fe961
1f485.png	assets/Nail polish/Default/3D/nail_polish_3d_default.png	e98771e1feafecb6bc21d39d83ada5358109c3b70d4d8a341fd724bf829dcc01	bc456af8ff24657ab7d1412cb453be90d16bf5658ce2a67db45f59a6c55e1488
1f485-1f3fb.png	assets/Nail polish/Light/3D/nail_polish_3d_light.png	426e28d42aa2957c92b94dd0a233f253aaa78b253c1f79c8ede0c0e525ad3c24	24dbac0bc6ccacab8b5aef74974442355731f5c89cfa948bb1bacfd503c34e7c
1f485-1f3fc.png	assets/Nail polish/Medium-Light/3D/nail_polish_3d_medium-light.png	d185837c82009723fa76729846da261c1ce71114513b06a488a9c0f298cd249a	1b526bf51b631bb656ce62cabcba37eae51c0a138076e282cc1ef0abd8833149
1f485-1f3fd.png	assets/Nail polish/Medium/3D/nail_polish_3d_medium.png	f405955a0394b355242bbb3377cf4c6364730f4aaaa113955fdca8d0f630ed7d	367ef520c84ae7a6cd5731e439ec68f9ae0b2d62ff638241f14323baeb354a05
1f485-1f3fe.png	assets/Nail polish/Medium-Dark/3D/nail_polish_3d_medium-dark.png	f0d4a154e5338cb8aeb52365aca8216f531861d6db8d5e45cca7ec873dca89ce	40287476dd9c45accb231f89408c7ae98a4b1fb3afde905942acb79dffa5be22
1f485-1f3ff.png	assets/Nail polish/Dark/3D/nail_polish_3d_dark.png	52bea036213ce83ff69ca13df0f4cff1fdb44f31db6d63e34a8c9672c542f657	181a0a7ef0621275297a0f17af7e6cc2b6fe91a1bde2a9a3b2849ca72c77a091
1f486.png	assets/Person getting massage/Default/3D/person_getting_massage_3d_default.png	7d2d1d99785066c9d205bd9ad5bdf8bb850d4ff9915839292333ece8d2dd3554	da11765fca04e2cb698528340b6b0cfb855c136aacd8d027c6c421f87fdef8bf
1f486-1f3fb.png	assets/Person getting massage/Light/3D/person_getting_massage_3d_light.png	376cb17855592692bf86857bbc0c06529337fdab70c2939a89d17d769adf05a4	73f91cd27d36d005aa52547fa8cc87982973febd477965787c4aef33aad858e5
1f486-1f3fb-200d-2640.png	assets/Woman getting massage/Light/3D/woman_getting_massage_3d_light.png	e0039e7173be9ce12894c34e7bcbdb90c15760a554a46d45acb8e10798d3f8ae	a129f6580a4bbae5832c6e5e865be77e5d3e357777e8203da0c5e303bc84dd15
1f486-1f3fb-200d-2642.png	assets/Man getting massage/Light/3D/man_getting_massage_3d_light.png	e544dc884cba32f16f8f548468af62dd72e38541776b6da5002b07c813b23c20	2b75c2f6c4b7d24fd533013dd4c0d8347454588dd5c95bff8399ff464f4018da
1f486-1f3fc.png	assets/Person getting massage/Medium-Light/3D/person_getting_massage_3d_medium-light.png	97ad1f1390dd76a9bd0cff46ed05746e38a75761d8b9bf383135c878e3143828	3bf7edfd2c08e3ce404b660a9deebf19dbc738461a1df3b4c4783763c60cc498
1f486-1f3fc-200d-2640.png	assets/Woman getting massage/Medium-Light/3D/woman_getting_massage_3d_medium-light.png	8200ac095119bea2c2e0dd969b730cca53cef893c4a347045107cbbb1677d2fb	b29b74a845aba5b6fe68a7575d8359db4deeed4c9b266f26487365da85fb753f
1f486-1f3fc-200d-2642.png	assets/Man getting massage/Medium-Light/3D/man_getting_massage_3d_medium-light.png	fe2030790e1999bddf0a16e773799ba0bffa85b89c902caecfd6f6fa9880b8fe	3457f5b99e9c35103d596e624c15c2e4d1289f9ac7dbe42371d6473da5c452ea
1f486-1f3fd.png	assets/Person getting massage/Medium/3D/person_getting_massage_3d_medium.png	df625f7c86ed293a2e9023c4be4872f4ed7d73109676e7bed7ff2afe98eb4ced	928a33de2aabedf3ec5e6b0b4e7a6fedbb155df76bd3abf7aa1d95d7d242c5f3
1f486-1f3fd-200d-2640.png	assets/Woman getting massage/Medium/3D/woman_getting_massage_3d_medium.png	4c94d650999d3359e0418ebd1ab3c5bc48a31b544f67e5188b44d2915983a5d3	62ebf8e7800fdaef2f51959dd947fd603d25343c276e25bf91658e744175e71f
1f486-1f3fd-200d-2642.png	assets/Man getting massage/Medium/3D/man_getting_massage_3d_medium.png	9a72a352e89227749df733d329160eb89e425d93bf0dea7029154a6516378cfe	d92eace5fc4afc5ae940bd07de5c2e5f3fb6b97521520c336f0e796987973e6b
1f486-1f3fe.png	assets/Person getting massage/Medium-Dark/3D/person_getting_massage_3d_medium-dark.png	bbae9d7d7f67f3a250021da81185d0a9390f0c346fc419e00b459f0ece308f5a	ca32d92faaba9286566fe8b5cbc79e3545001dd08dc220c458967441bce64a41
1f486-1f3fe-200d-2640.png	assets/Woman getting massage/Medium-Dark/3D/woman_getting_massage_3d_medium-dark.png	feabb67e1ab190827ebdbaca6969f692569106dfc202c4e13913a273b731034c	31ed85f8bd2ce39e02c0bada907fffcf33c8bd964bec0bda0e0119cfa60b8b6c
1f486-1f3fe-200d-2642.png	assets/Man getting massage/Medium-Dark/3D/man_getting_massage_3d_medium-dark.png	2175cd89eccdafd67646f74c40192e966191e2cd7e6ec77e857666078f037929	fb16297d52b91283d7e933220c7ebbb0d4c13635cb0d3b44036a50560aba33b1
1f486-1f3ff.png	assets/Person getting massage/Dark/3D/person_getting_massage_3d_dark.png	c78ed1929b7a042aa36e630b6328b310d8f07b865a268ac602f9fec2f83c4e90	0a2dfa130fd7b8aac157357b38c6f3d2f00c00432f3121be2e29d63f47a79f16
1f486-1f3ff-200d-2640.png	assets/Woman getting massage/Dark/3D/woman_getting_massage_3d_dark.png	d4c52922305b2b4b37562fd7eb1242b9dfbc1f7533ce7a1738d8d3c0493b4252	87caeccbca9eba99762d6343d69bb3c3345d8d1b7970c14d49c779a3260e0634
1f486-1f3ff-200d-2642.png	assets/Man getting massage/Dark/3D/man_getting_massage_3d_dark.png	3eba0c94b01fb0ceccbf0f1c949e4b12feec3038e04db979c05a43d85a9c7bc3	1ae25bd245f5e23045f35aed978667d528544d73e06a25e555c221b92ce32199
1f486-200d-2640.png	assets/Woman getting massage/Default/3D/woman_getting_massage_3d_default.png	e5b4ebd9ba547359a3d3806aa553e0f44cdc84e2176b8ba8e250984a4c974803	818edb21b60ad876d92ce05dfce20600219e2d9159133f346242653aea6cc828
1f486-200d-2642.png	assets/Man getting massage/Default/3D/man_getting_massage_3d_default.png	d4adaff076bad670feb66e6cdba5929a70a8d49ec7150cc013cb7d84d85826db	844f4096f02147790112ed47d77460f561b6c4ffb7091804ee2797a99bbe2223
1f487.png	assets/Person getting haircut/Default/3D/person_getting_haircut_3d_default.png	c26bd00870e070a110e2f04df52f22981a2a17217e3e2f0826a725721c75f2ce	06288aa8a875f92c40c864e68d70076cd31582c298c65a447a6e24d4f49ee3a1
1f487-1f3fb.png	assets/Person getting haircut/Light/3D/person_getting_haircut_3d_light.png	8eed24841ca33ca96b4b99696e382f728954ff66e9f89fc52e944121d091caf5	b59a37c1a191cb0cc12e915cad64d4b7f81f4c432502d1f874f1f32372e8332f
1f487-1f3fb-200d-2640.png	assets/Woman getting haircut/Light/3D/woman_getting_haircut_3d_light.png	fd0fa377840773b4f37d42e560d79d98193fbfee2cbaa703535e976eb6034200	5c4282044427af2606e5e562af366802be9b6b7a3808bb669546219edc57ec6f
1f487-1f3fb-200d-2642.png	assets/Man getting haircut/Light/3D/man_getting_haircut_3d_light.png	4326a4ba0e615e22f77eee711b1b68ffa6838ced76a68bd2a97a1f562ce26037	c1fa6b734db338c8f3de4b6ba16fb408b0347e4063f55a8133c0349e139ca42e
1f487-1f3fc.png	assets/Person getting haircut/Medium-Light/3D/person_getting_haircut_3d_medium-light.png	8122aa0bcc66612babd3703a4c415d9a269b9fde779b4bcf77f7c0e297d0607b	63e2ced053d458f487d599ba6f90d90a52123482952b9f6f44b2ef0af7af0ef3
1f487-1f3fc-200d-2640.png	assets/Woman getting haircut/Medium-Light/3D/woman_getting_haircut_3d_medium-light.png	52866215f9ced830beb6183eee85982697283052355d57aa2aa175be94bb2fc2	f354141f5e5a941c9d31f97438cfaeb6d430bb4ae31dfc25b8936caf130bcde3
1f487-1f3fc-200d-2642.png	assets/Man getting haircut/Medium-Light/3D/man_getting_haircut_3d_medium-light.png	8ef4b3f6589cac2088e827f9191647d11e882f1e4cd9c4b3c8ed53708eb2e48f	9160920d418a72719c183ddf5d90e3f4ca77ba0df60e84a59d5b8f5f3fd304aa
1f487-1f3fd.png	assets/Person getting haircut/Medium/3D/person_getting_haircut_3d_medium.png	89984bd333b5f3c55b9ab35a4cfcbc2e90242d8ab0b15ab256ef4722b5b38d6c	16452f47655a07f764b528b6e32a1b75f63bfe9611c87184824a5219a7e0c359
1f487-1f3fd-200d-2640.png	assets/Woman getting haircut/Medium/3D/woman_getting_haircut_3d_medium.png	ceafa41eb1f4073a0eacbd14ff1f1797318bf21b30fb687fe2aeded3be5864d8	20df1e9e41503e2fe5d04241832a233fa200f7981e0198380e8a4133e237293e
1f487-1f3fd-200d-2642.png	assets/Man getting haircut/Medium/3D/man_getting_haircut_3d_medium.png	6c00593b28b0dd6721c6f0776156269f3d0e549deb8e94ff2f6c10da2ddf3d24	bf321bdefce4452d69a64feef2e8b86a3033adbff6563ee4ac0e734be633c3ca
1f487-1f3fe.png	assets/Person getting haircut/Medium-Dark/3D/person_getting_haircut_3d_medium-dark.png	df9c529f6e4f43669dedd9dff7d1aab6fb27544fda17bc4e2906abe4d6250073	5f8d6aa6290570a6b3f2bdb7655f104ee1c4231fedcf19876f58e9449d5569e9
1f487-1f3fe-200d-2640.png	assets/Woman getting haircut/Medium-Dark/3D/woman_getting_haircut_3d_medium-dark.png	7d7bab0fb58916c4e9f521ebf4e5729e274d1b8333147984eda6dea95b4f0322	8ebc7ae7dec4a3419df5730d94d6fefdf244e8601b0dd0081d7718767a8f37f5
1f487-1f3fe-200d-2642.png	assets/Man getting haircut/Medium-Dark/3D/man_getting_haircut_3d_medium-dark.png	0e77688173b1240eb97d431e66f4b436f5f039a3bf002f2f1784e3c276ad345a	8c7467956f12e16355d59a3159e082f03397e6e44995ea4acabbdc3a1a5cea3a
1f487-1f3ff.png	assets/Person getting haircut/Dark/3D/person_getting_haircut_3d_dark.png	debdabaffa9929181d9bee75ceac1d5ba95e11b9a8a0fe58a17253faf1a807f5	4889914566e2d270b9b3ce32fb6e6cb28ba8f003b6f63dcb543ce662316d321f
1f487-1f3ff-200d-2640.png	assets/Woman getting haircut/Dark/3D/woman_getting_haircut_3d_dark.png	05bdc31f78603ae00dd05581f0c0d95de2785ed29cda5824180b491c4a6bf333	ebd69ceb985e9e9c44780e9e3867a2aad79cfa9d72fdc6f6616a95ce78909e6f
1f487-1f3ff-200d-2642.png	assets/Man getting haircut/Dark/3D/man_getting_haircut_3d_dark.png	624a86bbee1a1827345678ed042f65b443aa45bafb13c3c702189a69e122eb70	0e2437892418a9a783c161ff2734e95c633c4b3f26c812c32b8ba903c6bc74d9
1f487-200d-2640.png	assets/Woman getting haircut/Default/3D/woman_getting_haircut_3d_default.png	d3146f4d66f80e26ff91beb59a943e6c79da3508eaccc6a9cbb3d93f8a0d4548	5e62e1a9b8d20fddf5f0cb391f868f172dcf88a0195a4fb25eb46b22b67e1217
1f487-200d-2642.png	assets/Man getting haircut/Default/3D/man_getting_haircut_3d_default.png	6bf84c0f61672c240f2d8239cd25abae129b375bc5db477b74d364ad6450d911	1a12d6b42ed1f07d4f50ac200c1bbf26498abd881eb78d6d1031681829830bce
1f488.png	assets/Barber pole/3D/barber_pole_3d.png	b1fc21097ad3a89c919e56c7b20407ff97bab06ed6771fee056d256caae799ce	ff84ecd3c7c55754e0ec704e255fb7d762ce27cdf3fe2b750709f1968befa7f9
1f489.png	assets/Syringe/3D/syringe_3d.png	e0c3e61d61f380fc6e25dfdf715735a316d2efc1d4307e77cd3fd548d1824434	99a855fad98b5b1956cada1298f2f1bed1f98d493ca9dc9b614ce69e776b28d5
1f48a.png	assets/Pill/3D/pill_3d.png	39fea3b43ec3fcd7f42cd014f69fb145b2f87540ad823ac99f6c64b3288a76b4	115ecbf1ae33f255c38a0b8b1fba0794793ba0c707fa6c3cac6900c9d19a8847
1f48b.png	assets/Kiss mark/3D/kiss_mark_3d.png	8109ff1629825ae74720df148bca926c82c3bd175cbb4cac98bf2a16fb80b0d7	9e6c244d71fc3d1beff594115a1d06bc200e891925e03abb557d33bd140e9f9c
1f48c.png	assets/Love letter/3D/love_letter_3d.png	9fa9a44ee9e613c8088a39a615e8e84d5e1c3f3a9213c51908e2689f6958389b	cde339c5ea2204cf775335098e4e8b24f02f08de75ce171dda5103e6f6c76d5c
1f48d.png	assets/Ring/3D/ring_3d.png	eebc92da46a996d0ed851c8de8d794e17fdea92f0fd8df22b370dfecd2f9a7ae	387cb9c028b14c8bd673aa23ff4cb4f1d51593792bedd5c780c5dfe24e186b94
1f48e.png	assets/Gem stone/3D/gem_stone_3d.png	50dd4109b524203fc9e208e24498f6f468c54f104b4eb41e914dec203e841820	9e06267177e5e251dcb4240e196e2c285730eaa584c1dbbadd3681bfb99d7723
1f490.png	assets/Bouquet/3D/bouquet_3d.png	9673da01196b0c84f2574986422478ac3225518405f2efa2935638bd9cf74290	2955c9566424bdc95c766e6f545feb878245c6421ff951788b9d7bd912ece24a
1f492.png	assets/Wedding/3D/wedding_3d.png	cb65317d0c4831b2f2bc090b72fbaf1516f38749a40e4ab4d942ba436690f371	5156620a70535fd49ce9e3190c360ed911771275e26fa28513f16a313bf63ded
1f493.png	assets/Beating heart/3D/beating_heart_3d.png	968b7b230e29fa9aec58b525b8c38035fb5c4a93300953127bfa0527605589e9	e7a08e702f723efa24fc049e3ffa7cbe11437f7443760eec5ddf881329d14930
1f494.png	assets/Broken heart/3D/broken_heart_3d.png	d4f336d4cc70a2dd316ecb546995f9fbae3d80f3c9d236ad69046097bc80befb	9147cbc0336035c6644c05bb8af2b8eb9ee2ba81736f415456a90157336f8ab1
1f495.png	assets/Two hearts/3D/two_hearts_3d.png	b882b5354fd3da839dfb0d2dc0481dfbedddd0d4e91eef43a4894580199dbad9	72fb73dbc4dea39d13f245519959305af4a5831a4f624abedd6b40037628fa32
1f496.png	assets/Sparkling heart/3D/sparkling_heart_3d.png	c458860ef79e7baedd7346104fb1f6cd27f2be165200c94fb3d7781c75269ae7	6a8fd4080aa431c13c8ae1e7e406a073c79c1dd49cd2b8237def8d2a37782f05
1f497.png	assets/Growing heart/3D/growing_heart_3d.png	12b81e40030817b9d58a9270d624bf805b8a006f75287c2f2e74817f278f4938	1c49c6e7552225405fc5fa88312d15f90e727f31b6a0ae3c9e2d06fb762d31bc
1f498.png	assets/Heart with arrow/3D/heart_with_arrow_3d.png	c77ac23723a738b4c2c289dc9c3ea2f36453075edaf1c08a94004ba73d648640	deb93f6d6020a636d4ce3260a7c6f762e23aae39ae5465e1913f4b46f576f9e3
1f499.png	assets/Blue heart/3D/blue_heart_3d.png	8aa6e1c088684e048c32f23bf66b5a23a95d65cbfda4592e3530c7cae7593a34	03271225a9489c8c008ef378a2a5c49c1e157d02980497b4967e01c2c1b44d48
1f49a.png	assets/Green heart/3D/green_heart_3d.png	0fd65dfc7eafc3006e78feacb45c18bcb52402385550b708679dd991c2f7d07f	97be1e11d9ae98f43bcd2a20b286e35398fceae498490b6fa7b946bd99175ff6
1f49b.png	assets/Yellow heart/3D/yellow_heart_3d.png	5258d02eff2080ffd5b28cbac16b8a9f579ec692eee5e8051ab8c80dd4c04fc6	f8ee1935df6caa69e971cc441412fa77ade14fd8a1d555b2bde632b0bd917882
1f49c.png	assets/Purple heart/3D/purple_heart_3d.png	183e6b57c851f7ede51732d61ddee9d36d2882c0e385c575da42553330d27619	3c7d1e3b57e06a7aa7a242046c88f28c158791690ddf41228a31f691bcea4be4
1f49d.png	assets/Heart with ribbon/3D/heart_with_ribbon_3d.png	12d143337d7cf23ab0c08d2afa6e479c2ba51334f179169fc763f0ec15f48c58	067ea457b24a8ffa1097d9ecf0dfa5797623f5438710d911618a3aba14520614
1f49e.png	assets/Revolving hearts/3D/revolving_hearts_3d.png	7be6df2c12935deb542e52dc12b5b009c44a3b0b58f825d8d757ed4f5b2c1196	7df5215509256d15323c8225cf53eb7cc17ce85ead1ef8ba13555a1630c57ed5
1f49f.png	assets/Heart decoration/3D/heart_decoration_3d.png	2cc7d49a5b3b82a109bf59be26680a71e38ee1a7659524b17533a360041e4199	ea8383b7d8863bce00216486d54d75a4023719890de1825180ec618d48a9afa8
1f4a0.png	assets/Diamond with a dot/3D/diamond_with_a_dot_3d.png	48b7573a7b2ff7a6cf2ed2a28a538b2c5b65ba167104116e7d9f71ab4949f373	f3327a024d0b0e2f9cc0ba0536fd0f026b56e198e9fde5c647624f44f66599fd
1f4a1.png	assets/Light bulb/3D/light_bulb_3d.png	df7b09aa18301507e6fb8c279df66d9afa465b6fed3e63d2efa84dacebdbbf79	8a90bb6878f703ed451772c637bea56d8787a40e32dda2cceb8924f71bb197ff
1f4a2.png	assets/Anger symbol/3D/anger_symbol_3d.png	5c9155bb7614d78b734004868c28a1ea5bd79bd29e881a1a22770265a73ceb91	7e31eff71d6421c7ca13dfe47acf33d9f666fac7acaf9c14e325ce9f6427ee86
1f4a3.png	assets/Bomb/3D/bomb_3d.png	6f45a1da377130a4e0ace88be53d4753db221a60deebaf3375a27bae3874c3c7	b9577fa447ae05897405db38262cb09e361c6a0b9e8f1b84af9d8b37cdd4b82b
1f4a4.png	assets/Zzz/3D/zzz_3d.png	d4cbbecd5b80d16f003678a49d70cc3af500c0e9f0bdae855ddc6fce072e2931	11520ce5b6e93e6abcb6b4cdb7e6e3009429ff14fccf6fe8a229f6516a79d7e4
1f4a5.png	assets/Collision/3D/collision_3d.png	124ac1fc19f11512b0370197e6ddbd7b035f193df52c75e569f8e9059b7ccc13	1301e4d72d108868bd288ed6d72ea6738613d9e29f7e596ae956733a19e0bd9c
1f4a6.png	assets/Sweat droplets/3D/sweat_droplets_3d.png	2b6e6f418b37f314db268313eca1e7939ab5f4f34c2dddf8837da97e8d040f67	f3d8187c9182369eee5a01ef86ebfa4312ca09f03f8329077ee757931bb3db2b
1f4a7.png	assets/Droplet/3D/droplet_3d.png	e5d71667f30307af984a42f204871b8eef0d3c3af7501e637b50472822c994da	03be9f3c16d30e6216e5047733a1bce3d0659abdaa50c436817fd122628b287f
1f4a8.png	assets/Dashing away/3D/dashing_away_3d.png	2e14654199310bce25f21e276f6f4888ff415063a517abf74ea346e29c7440a2	4fa253291cebe4e618cbbad8275cfddcd365d00830aad2eb70d23a8fc54e2d60
1f4a9.png	assets/Pile of poo/3D/pile_of_poo_3d.png	4cef7c6d6f48b0a96f9cd803417b7d63161c19e8247520b6a8a2ebe286237da8	ff781412319e781df49ec68fa5e053c4afbab9cbf0fc6841ce5b714354fb7933
1f4aa.png	assets/Flexed biceps/Default/3D/flexed_biceps_3d_default.png	c765683c47844d18dd1daa38556f27347d059d7cf54b315a41403326f5af8a38	8f0a779a325ea3632ddc91d9cc12f53683b6b871ce3a3752bdaadd3056693856
1f4aa-1f3fb.png	assets/Flexed biceps/Light/3D/flexed_biceps_3d_light.png	7acfc14fcc4150fa6206746326fd1f210f23cde58c33c2e0438008f9d49ad779	89b09d69538ef095a41a11de9a894ccfbfc5df7b23e28dcec8100e49fc17bf9c
1f4aa-1f3fc.png	assets/Flexed biceps/Medium-Light/3D/flexed_biceps_3d_medium-light.png	05596b0f11f6933982ba2372daf10c16e57860f5f2e155e1625c46538f6f58ed	03fca335743768d386ff1d1fb5c560f78fec92ffaebdc610ead05d8b0dae3092
1f4aa-1f3fd.png	assets/Flexed biceps/Medium/3D/flexed_biceps_3d_medium.png	d43caddb8ab36faa8d62f5994b67b9f9e0c43cb9215ff687d083b023d52ad4a4	00c7bc95da9eb945283afab8a55f28c489bac8b95558143c3ca1c6839533c585
1f4aa-1f3fe.png	assets/Flexed biceps/Medium-Dark/3D/flexed_biceps_3d_medium-dark.png	a5219e1e455d661ce55e54ee1301088b008cc35703c5b904e53d68021bc003b6	9a575aac3d7bedbfa9167005668638e3caea375bf8aa694a8cc6be52df3d0d1d
1f4aa-1f3ff.png	assets/Flexed biceps/Dark/3D/flexed_biceps_3d_dark.png	965fe237acaa2a91cd35f080ec2b237bed37a15eab252cf57ff288f45274a8ba	02b41371a85f4636636aee903006240d81951f80404c5de8cc8fdf446b87970a
1f4ab.png	assets/Dizzy/3D/dizzy_3d.png	e32cf2e338b41862c0e8e4e60e198cc19146b9ae55e2d78f05b778aeaed594b5	8c9ae99de348dd9f6558d55e8dcbf8cd97a09d555d607e16f638b71c049eaa6f
1f4ac.png	assets/Speech balloon/3D/speech_balloon_3d.png	b9bdb19ef2e550923bc4f541de049f1633883619564b2aa140a968eaf1d69a0d	6632d57088424adf40ab3fb104fa83388e8dd28018b086e935c7ab3baa1dc871
1f4ad.png	assets/Thought balloon/3D/thought_balloon_3d.png	8b1fded1c65b158264ca52b1ceec39e3f903f0af5171d779763ab3dd00b6816a	fe1384b5a596e85cb5ccefd9cf3447ddfc2fb7a8e8027c0c30f95eeea1984eb9
1f4ae.png	assets/White flower/3D/white_flower_3d.png	63623cc3fab1bc2eea182061f9ef935aa566b7ee029e435d986ee12c2fe33bcb	12c6acf29685b02489ea88d4a5f9a15f2bc6342ac8539ff55d61bce7fe4cb39e
1f4af.png	assets/Hundred points/3D/hundred_points_3d.png	2c9411a425e60a538a7ee5125d21c9fa2610e827f8d38d0c953e5d8cda8562cf	9419fcaed4e5834e557ae235a88169ce4a77c9b4c32526ecc20616ef9dbbb73b
1f4b0.png	assets/Money bag/3D/money_bag_3d.png	cec19b9cf0beac5bbd27a07dcbe1e68c54b04112b4641165705ccb920f230292	9dbdc3e400d9d9790a7a40bb61c6232e7bdb7dac176d4b686139698f53cb1da1
1f4b1.png	assets/Currency exchange/3D/currency_exchange_3d.png	02756b5d2924168f70c5b03ddd1b0491f80909f0e0234783f9c78b995ce864af	a9d9d3473b7e72fdeb4620234af615d94308a64755a4a69f70aa11346185c9b8
1f4b2.png	assets/Heavy dollar sign/3D/heavy_dollar_sign_3d.png	8cb86c0e0b1fe267c0e9b9494cf43699ad8ea3404c24d20fa4042131f8ccd78a	d8b4d191375ea1215b2ce0926c5614a009a57624b79f79a614346b3216841e11
1f4b3.png	assets/Credit card/3D/credit_card_3d.png	8988e8c1f850752f517c28b46f7745c54621c79679cfa1b387e73741d2ba4935	457ba2f45faa785ab3a37c3856e22d7a8f59131f2e4f19c5ed8f3f9917c4b2f3
1f4b4.png	assets/Yen banknote/3D/yen_banknote_3d.png	9eaead8063182eac4cc68abd9dd801f1b1c95ebf5787c7411945753cf7f6a409	d63e342600068c79e4f7e61668e5048de2b677dbd7f08053588d43bac32c4bb4
1f4b5.png	assets/Dollar banknote/3D/dollar_banknote_3d.png	972991729e1ac8acc79b719184f760d41d5decb0f47812b2fab5ff608bebb86e	66c1bd3f8e0a9b5fe3cd7f467a4db9147617ba1b34416e0d645ab4efbb662471
1f4b6.png	assets/Euro banknote/3D/euro_banknote_3d.png	3ced009999a85e83a20357b5febc181659c6be3ddd635ed0d05cb8094eff5936	c50c4bb5972376561e5633ee7529003b8174a13d6b20f25697a8123620c9f165
1f4b7.png	assets/Pound banknote/3D/pound_banknote_3d.png	d232d24c7dd19228dd1e2f7da229bdc32b3ca13afc6abde1f3506e556549c226	b24ebadd3f0b6db97b4314cc28a6b2008ea90858d6df9990642fba79480ae499
1f4b8.png	assets/Money with wings/3D/money_with_wings_3d.png	fbc654b97fd38b9599e300bd2ba6c032a744a01ebc16e7f71484d4b89f6041ab	c75224efbb2b5ecd06a3eb3c899398061c4ff3a74e4c03562e3aad9d756aa172
1f4b9.png	assets/Chart increasing with yen/3D/chart_increasing_with_yen_3d.png	65e26da3c8a1a87a3e5633e374bd7c8097432f31793f74943b8d1d173c9f3f7d	14a16912e0b69ec712344c90294ee536969223fc9ab3ebf8c39a46ccad1eabf1
1f4ba.png	assets/Seat/3D/seat_3d.png	5a91cfe11d70f2764ca0c4fbbafcf3eb062da242e9156a5f4be897974feecb78	420ed56e2acbee88b30402cdf8733bb3dd6b51189b43717fb6a33f61d64ae589
1f4bb.png	assets/Laptop/3D/laptop_3d.png	3b8a267f6c3d2721af925782bdbc11c4e1bc9ae806c5c875557b100393665aab	3be733713647441a69bbf288d661a477b8d2ecb1135e137b5a37c93dcce33d4b
1f4bc.png	assets/Briefcase/3D/briefcase_3d.png	b1cee11c4212de4d401109251f79ee875762b88d8b64d89a82847b8ebc0878e0	d5f04780470c14242460ebb50c9051f00cf83026f7f7f521fe5091ba4f1ef2da
1f4bd.png	assets/Computer disk/3D/computer_disk_3d.png	ce5f8820c0e51498fe4e760559d5ed9b4631c1f43a0b3f2c40de5a021de4e967	bed71d45448b47a83a2e37523411919b35d0925b8a8925caef11db48e9e34591
1f4be.png	assets/Floppy disk/3D/floppy_disk_3d.png	6c0bf4706265b25d742ce2159e68e191036760765c2f7361dc1898d19836e8ab	9a23a31055c03e28c1adf944e7fa6698facd997755733e18ec04dcc24849646f
1f4bf.png	assets/Optical disk/3D/optical_disk_3d.png	b8b5e8802e0cc28160316282aa584e241a9eeaedbcadf1a031677c5883a5a9fc	c5afb72d0f4376ab5af8231642d636147ebb590fcdea29a96ba180139dc1f278
1f4c0.png	assets/Dvd/3D/dvd_3d.png	19e3b1cec055a2673f6d743820aaf92c1572ec43693bbee851314b85f230c840	c9dfa3aa7c9bb3ccad9645ebb000f4c7a2ff2795485e16108f80199c00ad721d
1f4c1.png	assets/File folder/3D/file_folder_3d.png	d07ff91df2a4ad9f08e281e9b99ad66924b6db0c0afd2a938feca4dd6b7a9039	68c33e53f75abe9ef8bb6e049e48d5a59c3bf1da808445261539c1706f03f2dc
1f4c2.png	assets/Open file folder/3D/open_file_folder_3d.png	beedae7737b8e50045b51a25c5d2153bf911c558d8743f5c4a4a75bd18f6c009	b89d9bd7e5de664c3ea7aa31051dd413c5da23c8abfea759b206b7361172c1dc
1f4c3.png	assets/Page with curl/3D/page_with_curl_3d.png	64441859deece3ff29976c702ac13626b1f6cc94f3bbf9cf62c77f49607fdb85	88de667f02488e54975260428782aa3e564f25ca0e02da1b4659c99186fa60ec
1f4c4.png	assets/Page facing up/3D/page_facing_up_3d.png	f212d11ed09cfef2ca9cfd3b6b35b29ad7a57eb677aa6611fe284763303a1c57	4b0995d1529fde23f8a4e96ee2bc1b26ac980be2085a4504db7eb655dd3dbdb5
1f4c5.png	assets/Calendar/3D/calendar_3d.png	7c377466753d5c5062e60edec0258ac78c512df423add89b2dd359035592d8ef	a3574cb1c94883470095a44f5d72b768b3c514924a44a4f0fe3a74e205da5dd4
1f4c6.png	assets/Tear-off calendar/3D/tear-off_calendar_3d.png	fc08a373de7a26317a13fe68af10dab54b2ea52493a5e6cc12746318d0ee9d35	9fc7d51415c308239f58062b3da5e66d0922100010ff944b10735fdfe2661d88
1f4c7.png	assets/Card index/3D/card_index_3d.png	c481586110b5e806e56215239bb1c96cfe15f141df8676b92c4ebe441dcf42e1	6eef03289f8ca352e158e273a5c01f4989878d370c610a9b7845a0d02fff2e96
1f4c8.png	assets/Chart increasing/3D/chart_increasing_3d.png	dd5e6b29aa4067c5a4d9e152119497832d70e094b380998e5f5b0c51abbb3a64	28367d0474698f87174a4da273b0dcf0e1441327e8e3fa361158bfe8aef44c13
1f4c9.png	assets/Chart decreasing/3D/chart_decreasing_3d.png	def4556976f4ea37549cdff95a9e677994acb2fe359a1b21dcd38ebc92b82925	b115e30bbbc721603f0001785f568ef46186af1a7a6412699d1202dd9454cda6
1f4ca.png	assets/Bar chart/3D/bar_chart_3d.png	0d83833e992b128aa00b85220fc2f777516bbdeb92e9e1e019a7b715ecc6ef97	8a3abace6ff541c8c55b8980cc8f066be222f31914b70dc51d8f87f57d1a29ca
1f4cb.png	assets/Clipboard/3D/clipboard_3d.png	cbe87f41d539362944c6a37aeb67387f118740eb1414377619dd8ed368a069a2	e2476da76225d5d2a352a1601bb9a01989e79196bc511654e4c7a900a3fdcc87
1f4cc.png	assets/Pushpin/3D/pushpin_3d.png	116ad83b2a124f7b86a663f34610e3cd48539a1fa1db213e047230a6486507b3	c225a15b35e608d1e54b915ad8608ab5619982ccb698e48f03ded3269c26e69c
1f4cd.png	assets/Round pushpin/3D/round_pushpin_3d.png	f535f0c29d3f884cc0f5e48d038d46dc498dc68d84aa0df1ecb3a2b4eb20e84e	725fc347e4993c6e854656338f5b5ed59bac3fdf29494b3a3fbc1cc2e59de4ec
1f4ce.png	assets/Paperclip/3D/paperclip_3d.png	9b002f19d69a206b704540bc458b61d7a30c9b1ca93ad023d5564035ffac6536	3afb31729eb3eadf1bf2b1ebaae682c2f0d29be65ebaa71eb8e3defd5effbc4c
1f4cf.png	assets/Straight ruler/3D/straight_ruler_3d.png	874ba44c52745cef96ce499b62e0953dd75ad5621b20e6da53bde5e97c9aea91	84a91d9435677fe8704ed78ee9109d65f5a43cee09216af65883a408bf7d1fa7
1f4d0.png	assets/Triangular ruler/3D/triangular_ruler_3d.png	bc8b0d817f35fc9319cff3056b313dc854e924407e8b888cd5fe2223f51ec7bc	c58f81e0c7767ae163a69c4e85643b3686ea0c152661fd4f46dadf715bbe95ab
1f4d1.png	assets/Bookmark tabs/3D/bookmark_tabs_3d.png	4cc582223682c9f9fa752603eb0ab9e4a789f8d00ac90b107d170241d828ae7c	c616801a2395053dc2f6f68ff46995a8a620c2eaac8670710365ce97164b01b6
1f4d2.png	assets/Ledger/3D/ledger_3d.png	c72c7ec1511af9f556f5a44c257db68b9e13d68a8e6883ed4e4df3aec07f63c8	fa9be2f0891c8ae00dd213819db58039455437a76058774e26d479cae74ae765
1f4d3.png	assets/Notebook/3D/notebook_3d.png	952630c06051a7fab117f9487a7e7fba349f9dd1be5eafd6e0e0c637469ea17a	fca69e79d7b8afb00974fc19229deeaad33cc40bcf4ae318832176252b665250
1f4d4.png	assets/Notebook with decorative cover/3D/notebook_with_decorative_cover_3d.png	cb1e7efebec3e7e14ee7160559dd33fe8cfee3af6c81e7856da23067d87b24f7	25b02ce94fbfd828e47607be5f100573d3968df9d29f3ecd1475717a913a9aa9
1f4d5.png	assets/Closed book/3D/closed_book_3d.png	77ceecd9e23d277c145b70465287bb9cd9e119cb1352d53bfb10ed3e9fdcaf70	2e4e09ee845ca9ee928d8a58117cbf17d6d4e50d09f07e146669bfa3b21368ff
1f4d6.png	assets/Open book/3D/open_book_3d.png	c6b7de9724d8ca47f900238d8cb34c2ac7346a12c8cea91c176b30f8a39d628d	fb347fbd3c83d3b567650599c8576fa35368cbf56271773f08d432be237af432
1f4d7.png	assets/Green book/3D/green_book_3d.png	2861ca3badf1fa0d4edd5d0ba6ef8230f5d7e0821257d1dcb9de31842b076168	acd4478b4ec1c8cb359c1d43ffadb3fcde5e1082234a8502aa1dd0fc94f702de
1f4d8.png	assets/Blue book/3D/blue_book_3d.png	f6255a9333a0871b1fd30f18007325bb0da7890fab73b1ca65c267ada2083761	47fefc1113d89c275e3afcd8a0e0a340f21e44ef2b62d60d5d74596d4cfa7a29
1f4d9.png	assets/Orange book/3D/orange_book_3d.png	3979be81b5f9ec8101fbdcc9a1e7f713c4b443efe1d7244a159fcfac5e1d2500	93e12a6c551a5bb14b12e78cc6aeaa7b71b92439490e03b60020f324f88db2aa
1f4da.png	assets/Books/3D/books_3d.png	36f75eaa1e1a849fc950f43962b447c206d96244858468240a6a81beaa97f7be	726ef1d5f0c18032af446a3d80bdb0790881370148150c3a1f6398adcdbca96b
1f4db.png	assets/Name badge/3D/name_badge_3d.png	38a3d74c62ffc72936b0dcace422c59bd4293db052a8dd7ed78ff3b39b4b5f81	9bb80fed935d59246c3588055eb47d1e753a8650491ff166a1d29778c77e021d
1f4dc.png	assets/Scroll/3D/scroll_3d.png	b977018478e81cfe8f05e46753c8c053f4380e58f0d548c27e212928c84bd27c	181509515ea274ef013e3f4720e0b0e3f07496109cadc851835271e3c1610855
1f4dd.png	assets/Memo/3D/memo_3d.png	bddf602ea6a0988a77ef51187a3ac8b526791a614a8bb7123705359319a81dcd	983d5358b537ec1154f85af7264de88e7b51b816fa3c087eed0e89806ad36cc4
1f4de.png	assets/Telephone receiver/3D/telephone_receiver_3d.png	ee86ef399ada86680a826260e9855aec82c756345a02c93f5b036a41c076acb2	35630e24b9997404591e41eedf115078ab35b52eccd1ace38c91e0d118fd1cae
1f4df.png	assets/Pager/3D/pager_3d.png	657c7fa4e51596f3be4e57dfb10391cff9cb6862612dbbe4cd2703d3ae18b4c8	821be775c15ec7c5abf0cde89753dc73a5d256567bfe93c8d6994a50d69d3e61
1f4e0.png	assets/Fax machine/3D/fax_machine_3d.png	922da98961643166bd9763a8081b273d98d86a4d7b3b461e55b4107d8591e715	4813af30a0d7f72c4eb70333345bc99ac03346fd79dc118871053eebed5ad37a
1f4e1.png	assets/Satellite antenna/3D/satellite_antenna_3d.png	0d06d85fff90343e09ce91e75baaf3fe83f309d3f7866c4dc235fea6f706084a	23130de59058d1e5010db2119f0df0dcf1b527bcef483247690ccf0e9de6f542
1f4e2.png	assets/Loudspeaker/3D/loudspeaker_3d.png	e09f1d2d3327377cff3da41d6e324e17c7a0baf35caacfc99d76de90acd87db1	2705d4fa1535bfc698ce93e649148405e8af6f0dff994ce143e25c800a111088
1f4e3.png	assets/Megaphone/3D/megaphone_3d.png	78fd3bd1d93600888d4b06e157672c2dfb8058aaeb0f924fc461ca6af6e44c29	ef624785dd3036bb95359a6e6a644684483ea4c7ad2685360a2c452795c6e730
1f4e4.png	assets/Outbox tray/3D/outbox_tray_3d.png	db74a311c7059ddad64a9680ead1b69ac3a9a77ca00448cd0445b67470bd849d	0d4dd6b5d9d3c95442c6b926709d07680cf47497cfe230b7b38269566c7baa0f
1f4e5.png	assets/Inbox tray/3D/inbox_tray_3d.png	a2b6a259ec8cc69aba97b26bbe1c82ee6e96f43ecec27811972b0e0a4215d55c	e818bf4f6ad4a89d2b3f9b3c4ca8cfa06ddd3bc6bd9baff10792916131d04805
1f4e6.png	assets/Package/3D/package_3d.png	9c7c74bb551e7f0a3a088791ac715c4ece8c45b2d1910915bc34159f148dee0e	ca4de19bfe063c0161e981d50950640d64131857b75d0f0b7a7eb58dca67613d
1f4e7.png	assets/E-mail/3D/e-mail_3d.png	c1482a99df6e3d972a7998d508c39e236097d560c071b5e9c02e321d1d5b8922	7cde3f856760bbe45416fd1e825f3435b5f13d97caccbb045f4f6716446407e9
1f4e8.png	assets/Incoming envelope/3D/incoming_envelope_3d.png	9c9ea80e76d7a325197183f8b380803b96229bc7efba64ef9032ca6437b8f93a	f5edb3c52c82b75f1a8fba2f97629817977dc74606903c679c6c22c7620d99f0
1f4e9.png	assets/Envelope with arrow/3D/envelope_with_arrow_3d.png	f0d4294e5cba25a026c7a909b11525da473b40b4a9c6f4e416a28f3dcf1f2036	257fd5f988af010ca6e4b287ebd55fcccdfca538c093af3a705f4bf4250b01db
1f4ea.png	assets/Closed mailbox with lowered flag/3D/closed_mailbox_with_lowered_flag_3d.png	2081878a2d2d07eeaa8e29ff83072f802541e4f5474a03554f1e2b5752ca9ce4	8b73365855b1bc7d23a4f0fdbd180fe9b24488105d638e833d424e3741bf9746
1f4eb.png	assets/Closed mailbox with raised flag/3D/closed_mailbox_with_raised_flag_3d.png	3c1c430a6c056248bb016b50bfa95b95ee441da4a8d66edd54535d8c21d75d70	71f118b1ed93abf86601a99ce4da82fd2581edee40317c87650b1168eccf7917
1f4ec.png	assets/Open mailbox with raised flag/3D/open_mailbox_with_raised_flag_3d.png	f94060c1a5d4b1cb46cec599f44eb64d813a24154a8b68c5689fa83d59af1482	3aa7cf4c5575333e9c167929cdb13e19b9a47bd527e62430c5ce70236044431f
1f4ed.png	assets/Open mailbox with lowered flag/3D/open_mailbox_with_lowered_flag_3d.png	7c092045e53592394630db12b577385ad06960c5c34539cb48c881c3b5bf77bd	bdee7147eae69089497da35f9cf59d21e8792e403a20fce88e02af671d2115b1
1f4ee.png	assets/Postbox/3D/postbox_3d.png	226e53bd40344a373711dc82dc7beefcc9847e35587fc7e8f612d92286d3b438	92b811aba3114a6cf1fb4060dc976f7abc702f4b5d47bc2e6928ca0c5b9f9f79
1f4ef.png	assets/Postal horn/3D/postal_horn_3d.png	fea359b180c619eb4bc0a442d4351243d7b56a198c27227f3e5bf6b0540c5523	f91696d3974c09a36a6246e0919659644f3ccc2a3fac7caa46f46c9e13c183e8
1f4f0.png	assets/Newspaper/3D/newspaper_3d.png	57d73f2f7135b8ec56815285af79e4f8099a48f153ca0b24952204b46d610ecc	c1736223873b6d288e66a1a90cdc542ce7f2e54a8e8717dd7a41e3eded27b8e9
1f4f1.png	assets/Mobile phone/3D/mobile_phone_3d.png	c72cf9f888cb74cb8852679184e0dac945ed0340839c98a86c653f51e1e3504d	11813cbc96f2459688f2da9525395628a788d97e97866450326673ff0c9e7e21
1f4f2.png	assets/Mobile phone with arrow/3D/mobile_phone_with_arrow_3d.png	23bb087df4fbea61a1601b43db0258c18a5fc3d12f73095abdfa897b9742b5c5	2f7d24ff5ee0c5b93cf9b34034ce5ddf6390b8a16d5ee88a3b678ea4bff24ee6
1f4f3.png	assets/Vibration mode/3D/vibration_mode_3d.png	365fff51207a0bf6e6d426b68603bba74f03ff068def769920c096173824d14f	1ff4370e6813191b77ccdd4b4b024783a5cb40358896a18b12d486d8e3865410
1f4f4.png	assets/Mobile phone off/3D/mobile_phone_off_3d.png	b25b60d3aebf40a76bfa09f35190755114d28dd2c2692d5d29696836be6599d7	ab052c0aee9f6b8012506ff244240c97c5c05147a5a4a340259d88208e85c8fc
1f4f5.png	assets/No mobile phones/3D/no_mobile_phones_3d.png	a9d64f925bd393ae18dacf78f796f468170c3c5125e40ff0c3c704eca3476a55	befef82bc72ce56bd33d6301682b486f31b9f553cd52b25e3d89c24e6bb31f94
1f4f6.png	assets/Antenna bars/3D/antenna_bars_3d.png	21e80cc353d84d085ed8b1a700f09d95cfb39a2b9f8a32fa67c0216647278d28	902d8bdb192094a781a98ef4ef9f572b426474787b486cae676b2d4e403a6c12
1f4f7.png	assets/Camera/3D/camera_3d.png	1b16f78a3feb212e66c0263b81d651347d702383e4a23f6e0211f83c79d3c7e3	953d1108f465707ddca00429b9d036551930054290327068e29a0e37290bdd2f
1f4f8.png	assets/Camera with flash/3D/camera_with_flash_3d.png	fabe124e007add8f59f1312760b0f634deafe039e81a640f91e9dba3582d7a80	c959656a083058acc489adfbf16237c7507c8fbd5c78be2889f784161126b26b
1f4f9.png	assets/Video camera/3D/video_camera_3d.png	8fe22c0b07fbb82039d698b0c13745611b9dcd369abb02f72da3d2290a472996	89e47fc671a5d3ae741b14a84f2c6f7eb7c646f0f11242b0868b17bcdf3d7b42
1f4fa.png	assets/Television/3D/television_3d.png	a6b7ba810428f99aed9c59b89ce16727ee61d3b61b2434977a0836ef6a7c12f2	d80e32a36ed826bb12cdbc8f5c5113521ffcf6a7238b83f62ce7b5b1d7f439ca
1f4fb.png	assets/Radio/3D/radio_3d.png	026f123284db1a4d770e4c82f14012884704179e99ae70ae16d3db8f32a00dfb	7593837d5edbf3a0b9020be1889e70b121d43171b19d6d5d61e5be27f653c258
1f4fc.png	assets/Videocassette/3D/videocassette_3d.png	c9633af782098de1ba209b8fc18a8ba60839a0f606e0257bab0ecfe397f17c5d	80163235cb83dafbfbac5b3dc810569054f2cb455e05c3240339823e0b91639a
1f4fd.png	assets/Film projector/3D/film_projector_3d.png	9820ef5195047d1d0ccfee5b68f364feac9a7ffc22a431667b9c94e086b53e21	6ce57add14eef38db8232669505dfe8ec4aa0dc1a5de6395af8b632c86c7ec1a
1f4ff.png	assets/Prayer beads/3D/prayer_beads_3d.png	462473b8b01d0d049d62f3476b59a4adcb4d194a50e39b8b7567dfa0fece82d9	d81dc391d02db709db85e3085f3cd1eba82c07886d0b8dd815e52d3673a0276a
1f500.png	assets/Shuffle tracks button/3D/shuffle_tracks_button_3d.png	f2c283c72de74201d1bbd976bca8d92302f2c066903ac9139af3c4ef8709407c	5adfb0900bead20d17c70e7bb7fd72d068cad821b2a85f707ca229dba8379bd9
1f501.png	assets/Repeat button/3D/repeat_button_3d.png	1c33a4d05ad83f57c2f43771c22c791eff5c6bcb6281dd65416dd057d9b68ea7	2774033ffa9397d953a14a9f54dbe14b3e7cd1abdbc7d449c825d6a81f00814f
1f502.png	assets/Repeat single button/3D/repeat_single_button_3d.png	8775988949f9233c28e9c4ccb3f182b9956505aa8318459f84419385b7cb9792	8a7cd5ca76e12e8c65a4b5709c7c2c3fc64aa36fd648d42f6218069fbb4f4ddb
1f503.png	assets/Clockwise vertical arrows/3D/clockwise_vertical_arrows_3d.png	001de56266de59b1c3ff87edef3972a73a48e5bc82872d8d8ebde89c5c5160b3	9dca6d427371506b4eacdc58e728a25e906d3bfdcfbedd59f710db47672b026f
1f504.png	assets/Counterclockwise arrows button/3D/counterclockwise_arrows_button_3d.png	f43c7b042dfef8a3a288e9ee54119caaca68f3b3a85493bfaf53abfa436d471c	5ca5632102dd44ad1a4d95c68d3e55b2d2657353ce61ea4a445f1dbb0460ae58
1f505.png	assets/Dim button/3D/dim_button_3d.png	6728e284ed32391ad6381c95b4ec7ca5a91b731460d39b7eb32c3e9c4699f408	6ccaa8d71b0a272c3df12bb586ee20dbc6559bc1ff7947a4947c283d2e53d68e
1f506.png	assets/Bright button/3D/bright_button_3d.png	71b84e21be2fb5e0fce1cb5b212f489a1955dd518c98732af0bca8c7d5ec2aa8	6703322b3266f00208e2ade1d74857c76baacd86ba59e6514178492b882986b7
1f507.png	assets/Muted speaker/3D/muted_speaker_3d.png	1f0d3fde8751b531831067a0725cce15dd4b745bcafc0168b8cc0d957ac1097f	e34d0f87a0c405e58d1763a11285b99a900885a8151f79cdc9a62440f1297b3a
1f508.png	assets/Speaker low volume/3D/speaker_low_volume_3d.png	e0d03d975c857e4a1ea9d94f2f2e42348df808e8ae9b2588f1403fc06e080045	173d326b98a114e5b51fedb624d6cccba7fb34b77452b61d610996f1d696cc15
1f509.png	assets/Speaker medium volume/3D/speaker_medium_volume_3d.png	22ca3c321e5e5acd27c92ae2b0f41ad362752f7212df36c18b38d1c32c29eb1d	34bf5708a75b82a6b5bb3a6791c5d51126848c598b3b8c5814644bc9ac33adcc
1f50a.png	assets/Speaker high volume/3D/speaker_high_volume_3d.png	fd343b44a0fd2de6019a24a061d7954b2f9efcc6c2fc805895fec132e09beb71	64e942263da75b035d79bc0d28232bf2c0ad7495e1ea8dc468dc37751d020d3d
1f50b.png	assets/Battery/3D/battery_3d.png	99af4c4b9f7ba0619c4692dafa8f64c0db46e5defc47932ff0fca25f4c707cbd	3a49ab8c9d5b847b240b43509c56c9ddb39a0962c8a9352bf9411389f162ee5c
1f50c.png	assets/Electric plug/3D/electric_plug_3d.png	e0ba4840a13c08caea817f9fde77a63fdb8f18813984175466577e975a409788	b42b3f994341ea978aa3285b8f090207edeb7cf3670ec914d6e04bdc23189375
1f50d.png	assets/Magnifying glass tilted left/3D/magnifying_glass_tilted_left_3d.png	e8fea91e4652a36486aa9392a67873c987a13389afdae06bbcdae78ab30b4f4f	97cb124a76e90b2e178415a5760f1e0270834a11e4b07ae13cf52569462d9d3a
1f50e.png	assets/Magnifying glass tilted right/3D/magnifying_glass_tilted_right_3d.png	ca7ea01bf77695eb00d246cab28e89153979469dea99ab1f0e5bc54cf127bac3	a1b39131c3fbb7db5e906fea61c45891cefdbdfe87e5463e0b5bbac169c1df9d
1f50f.png	assets/Locked with pen/3D/locked_with_pen_3d.png	16db8e3c1a5293c01af8cdbeeaf6f4bdd4b6c5355a286bc1f66834a2f322ecc0	c8f9a078cd0b047ce887959345a98e30bbc189851fe14771055c6638021de1e3
1f510.png	assets/Locked with key/3D/locked_with_key_3d.png	abbbf211bc22973bd6697e18d130b1e050f615d9e346860cb5a5b77b4ad8256a	50baa7defe6988847f0d24f0f5d0d0727edc5f4441e130a2e041e4ec8d0a3b06
1f511.png	assets/Key/3D/key_3d.png	ae59ce2b8dcfaa1afcdfe91bde7cc88cf06a8493686a6676706d1c891bb349eb	7d01917c0984a6e7cf6e085e098849d475d2b1a49fa637771283fffbff14b37c
1f512.png	assets/Locked/3D/locked_3d.png	8c8e9209b8420ac7caf8c94fde6586044d9b91e85728aaaf4b98c2482761ea16	8db15673cde9528dc4ef46d49e006e5c3f2a3767aeb1dcd79a753fbace680880
1f513.png	assets/Unlocked/3D/unlocked_3d.png	0bf5a01afbe49e92a7e5f20cbae121daef47445a1b07ce79941d926c80541e0e	21efc705b9889444d1ba6ce6ffeddb232a52d81c2bf9bb444b4278daa4a90fdb
1f514.png	assets/Bell/3D/bell_3d.png	e1c9efed838326cb746462b824456ef382742237017871f4d0fe54c407a9d5bf	eb00644b032adfe601f335acc887d4c10b105b541fcc784eed20856985242652
1f515.png	assets/Bell with slash/3D/bell_with_slash_3d.png	4063b651ea5e16432b9b9d21290ea8ed49de02aeae016acb585fd2827fc0f271	bcc5a8e25ce878f2b7e410ece67388e7dcad11a9fc7d4845bd439fca32f631fc
1f516.png	assets/Bookmark/3D/bookmark_3d.png	23e7f305882c70e9bc875a4bdb3bf456aae0a84e40e3b2541551fc832268ec2c	c4bf93c80665e1f4c088d6dc26c1479643363730e044d64f8b00cc23bc4db6c8
1f517.png	assets/Link/3D/link_3d.png	5183597c8e1b092dadb3c88607c9b1405c1bea3b82219edc50caa4a8590fd8a8	dd5ab0c1f3c8e75e0564a01951fe401cb89b5058de354472d26178549cdfca07
1f518.png	assets/Radio button/3D/radio_button_3d.png	ffba924902b638c0f04ed63787ce40e8e4f785c003d165d3b1d4ef913f7165d4	ec32d1ea4f2da9e611c8bdd64810c58b1b976bf08a14e116fe1a3cba01bfe6f3
1f519.png	assets/Back arrow/3D/back_arrow_3d.png	b98d21873c9373f7939ac2b6f09467f32a9c964869f6401e008f64a2cb21b4cf	6593b8d38c403444cd6d20a3f4da06949caaacb8f338ee50121b3d18dfea1aa1
1f51a.png	assets/End arrow/3D/end_arrow_3d.png	b3cfb03cf8e9fb296eb582f3dfe4224f931ebb9d7a85ee22358d8b0ae46c2e06	58aae5ac3245a2f8b79dd3c3b0e591fc97e5c3753ef0b591520d0bfbdb7a1910
1f51b.png	assets/On! arrow/3D/on!_arrow_3d.png	94b840e4b89565f402302258b9a67a5fb92320512ea4b3297b9bbf561db81ab2	30e9f391b376e79b770dea2cf4ea747b68657bf2270471f7e967f5904e827ac4
1f51c.png	assets/Soon arrow/3D/soon_arrow_3d.png	3f37492aca3815e71cc05e490a4f3c27f9de9010d6190c2ccf5d446c871ddc12	dbec6b2970771d4bbcb6c108b1e41317833a72f000641126c255303d17fd49e3
1f51d.png	assets/Top arrow/3D/top_arrow_3d.png	5663395ada72fb21020c516cdcb104ffd25f4a6b82ca14df901a7290335b6b03	bd5c13f972766edcbc6a1281f00a2fc5a7475617563434f0f50add2878aa0345
1f51e.png	assets/No one under eighteen/3D/no_one_under_eighteen_3d.png	8b2ca48ef11d700f7621834aadbef54444fa26996ad8bcd5de3bb6807d8be3fd	dd8722d45e3cf394a773d60b25ff4884a6364ba433d6b6fa0c34974cf3db8768
1f51f.png	assets/Keycap 10/3D/keycap_10_3d.png	8e52baed4728fc5b45948c44cfad2d98c59e1db9556e0b5ac6fd2725958c5bfc	5ca7e2c6670bc91af5ee3d189ef51df5704770142ab1915086035fb081fcba35
1f520.png	assets/Input latin uppercase/3D/input_latin_uppercase_3d.png	d743bb59da498d9088cc8651c6e1bfc84e45220a1117166fc3e8612079412efe	a10ade138c6ef19b079cbfd3cf3b98afca25e494013523938c957221ed48e427
1f521.png	assets/Input latin lowercase/3D/input_latin_lowercase_3d.png	75e25ac9720488eff8e1c42e9c3fba0d3b7fedc62f2b593df5d64253e3c1bd3a	46a1af9c0f3f09fecc0aa38b40a97b422d55f0b6bd11843f9620e44baf7a406f
1f522.png	assets/Input numbers/3D/input_numbers_3d.png	b6e25976e07e447d46721f843bb1ec6e35829c79be6f20bc8bfde585845dcbc3	dee172e6d1f2e735b87c07cf1f09aaa0098aec9e7cef83ecbeecfe033c4d8cbb
1f523.png	assets/Input symbols/3D/input_symbols_3d.png	d78a80baf3704fa1fd13cebe2737021b177fab420cbf6167d9d40604d09ed64b	7c49e7e02fcd222d9efea7e1a1cb70473a961324ade13e741fe573ab76d318b6
1f524.png	assets/Input latin letters/3D/input_latin_letters_3d.png	b527994c9d8d3f5537b244548e3179cdbcda8a7d8b68e875e0f94f94da3c9a81	e9bed5664f85be229ade0011131b60475f0812c062d99478a6361db2fd3058cf
1f525.png	assets/Fire/3D/fire_3d.png	d56355132d73df1741edcf37cb4e21ad54f1c46eeb76fa17224607abf4128c3f	0afe16d936d49e7c2684feaf830bff0ca9f8802f5cd74cfac26970efc7d26649
1f526.png	assets/Flashlight/3D/flashlight_3d.png	47bb81ee673dd9f8d68eacd1dc92fd277cd9b8632d28b9f7491b6db0e66797f1	87347f5f205702d98660b92026012809547ae1e3f0c1d5435e586254a43e5df1
1f527.png	assets/Wrench/3D/wrench_3d.png	0a87edecc4a5f6c4e7dcf19d688044fe2c1ac7402929a35ac0e269a62d56f607	89f76726c7c64fae5439d40ab05d4dcd79742b16831e73b9314b62efb258a4ac
1f528.png	assets/Hammer/3D/hammer_3d.png	a021c0ea3c9525e9acbf61319b1da28f68dabb0db9e3b1e7415553045f87390c	f39a10c762105548ec58dbf8d2e8bb1246f065f79bf1f78f8e9a2240d75c69ae
1f529.png	assets/Nut and bolt/3D/nut_and_bolt_3d.png	35d1071ea9077e3f5b1b016a2730f63f92a7fdc23676db0cdd8eaf512d755864	8456d7698e9f4a8f0cb74b95cbe82ad98973e27025e74098d0273e19b9a62730
1f52a.png	assets/Kitchen knife/3D/kitchen_knife_3d.png	a44ee699b2073c6b8fdef8454f378ce1eeec2d6a2852f79293b34c28fb925ecb	56845973f520460e7a3f721a240777831643f6949c1b66dc1980bdeb343c0c67
1f52b.png	assets/Water pistol/3D/water_pistol_3d.png	c56e4bc03fa206c6cdbf44c6f006b04ceeda2279408c61a2d8db2866af86d0dc	ddc29996c98fdd1d600c40a5a231eca5b23580de40a5fee1dee264ee642071f3
1f52c.png	assets/Microscope/3D/microscope_3d.png	cc4a8810c02f7cadd4687434d651733dded62579d5a9fadfda6163793ffcb913	5d3a76b2c8df86094f8322c3f15238e3bc242c11a1d215e4c8477ca02272e966
1f52d.png	assets/Telescope/3D/telescope_3d.png	b4b243dae2a73f8b3da3d6b5089494baa5ee93709497241373443dddbb490551	86aa486c2c0941ae483b564b5bd2067e849d7afbefe4b50f07eda8da0ba8bd2b
1f52e.png	assets/Crystal ball/3D/crystal_ball_3d.png	f42c5484bea4f33f7ba8ee2b5c7e2a51d17a9fcec36f2ba92334f62b7f95eb43	39ca708d5eed3afba35fd37bb7473abddca44532c8a78652461a2022e7c3e563
1f52f.png	assets/Dotted six-pointed star/3D/dotted_six-pointed_star_3d.png	7456e9c29dcf32aa9a54db1ff8a9d7805a03aeda8e33c241241cb3cf09680dba	379ae077bce9b4077cbc9c18ec5b575e5cc253ef41618a60b6b31b5d29a976c2
1f530.png	assets/Japanese symbol for beginner/3D/japanese_symbol_for_beginner_3d.png	90dca216a103ff874681fa7eb7fb5ec54b785cea947a469ca654481205a587f8	38560a665b607f26417118cfba86ec2afcd3bfadadbe1495149eb4023b73db0d
1f531.png	assets/Trident emblem/3D/trident_emblem_3d.png	ac7c4351c68a5ca8f3b6f8e92b5b2ae29e9118b5b14901e4bab675419c9ee4c1	bc66b6ae4c34684270c5600aa231f68cbbe6282408485f87d90f89ff4aba2df0
1f532.png	assets/Black square button/3D/black_square_button_3d.png	f500e0cc97befb3d712466a23f06f0a7140b0ce92bc709bd686ff4b10ace66ce	9af7548b9faf5726f0bcee21cef7ae8f11fcce478fd7ee13ee65ece4743a5964
1f533.png	assets/White square button/3D/white_square_button_3d.png	c5313c1c8fd4d17b1c83efb924f03dda42965d5577d502e348d8b3dd44f9948b	fbec9add5a3a28af6d72d4b040547c7ee1e366f1c74b900562a5e7cd517a8da2
1f534.png	assets/Red circle/3D/red_circle_3d.png	3c2db2998b57dfde1666e065d482d401a6c5b5ab98a4ad0f1f852edef7aa7790	08963f256746669d398c4cef52cf49424c9fd8b1f6e947c7d491401b269c2249
1f535.png	assets/Blue circle/3D/blue_circle_3d.png	2f18c5c4e03b8c14ff5cc31d8a78ad9f0a7b3040c9119b0efdfc4a4046a74954	be200235202c4641165d175dc6ffb8e229a39b0a5e56284cc91264744662bceb
1f536.png	assets/Large orange diamond/3D/large_orange_diamond_3d.png	873c492f2002a62f31632b9cd4c45842706be4cbd4f90cbb84b5030bb956a8a7	f49485765151aca8e9ba2918a330ad437c6c5e2d2b41b96f3b9f4a37b44cbc04
1f537.png	assets/Large blue diamond/3D/large_blue_diamond_3d.png	398acdcf59d3a750af1ba67ad642c2c7f424939e8449281713866edb34dd5f0c	c977394cbd65075663120a36861ee6c293343ab262ca9ab8fcb9eb0de75ef3f0
1f538.png	assets/Small orange diamond/3D/small_orange_diamond_3d.png	f40ea5f6f6e7d84d15e185c18b1ed460ebe582aab79d8bb855a71d06bff5de1c	910fa1185e8f33828fae25d68992f87e71a3944d5e6058b93d8aea0d3b9b839f
1f539.png	assets/Small blue diamond/3D/small_blue_diamond_3d.png	6e9601f9c1101509fd671a9d8f7bf110004a1228217f71934af9203207855709	17cef28b56bdfd8c2b8d258ae83b8b011a3e3ab06ae5a38c2aba1a98c8283e30
1f53a.png	assets/Red triangle/3D/red_triangle_3d.png	40abb4c9d4481963117606565df75c17c8d999ec4ef3ccdef9edb35b21731b7e	ff4fe3ed846cc88ea9a7b530b90125d5f69b5b15c900eed5a0b2e8ec5ddddcf5
1f53b.png	assets/Red triangle pointed down/3D/red_triangle_pointed_down_3d.png	e4d55493752b0cff33f71b13f37512580300437468a6ad2c92b6786c0ea2d541	8eb313051f31d19e907763805af1d520f4c3c68fc669e1f796b1fa711458296c
1f53c.png	assets/Upwards button/3D/upwards_button_3d.png	8b0ac969bd8cd12a5640fc938bbd8d142fe68e2febd6cd7a00cf75d2219f1367	1d8f9bc3bde2f4e217c28234a4060fc61124e6638f4096643364fbaa2000416f
1f53d.png	assets/Downwards button/3D/downwards_button_3d.png	606159c3481d2f2f7e1f81bdb7d60dfd3b7cdc47b27946c65e329b6fd03887cb	b60cefaf916f5cf65aaeb98bac6a42651c774c2523b978098ba0de0825dc0d58
1f549.png	assets/Om/3D/om_3d.png	14571c21ac5d577cf64317142d6276e5bc4f6e108415ad64b15c534b6e9af5e0	c3824f5047dd325a0b76c888d8a7d1abf63d09f0d90edfa8c9789cdbd53137e5
1f54a.png	assets/Dove/3D/dove_3d.png	67e415990e8286c4f033fceb7e3cde45975a4046208f0fefeb7e76ba5902f367	6bc3250d07858fe5dd08668b7afe3969c2b3834ddc5a47a6d854b589307e13aa
1f54b.png	assets/Kaaba/3D/kaaba_3d.png	97e27b0245232afb7cf410ce114d3f80f101eb1f380c837d0a5419465a7fd297	2d3818a66c4ef25568700a604f0dbb5b26018f0d00094fcd1942d18ecc87a57f
1f54c.png	assets/Mosque/3D/mosque_3d.png	3d39accc52c33a79affcfb06d2d60ceaf0ff11f75ed313ffde1c7f804aa76bb4	028fb3878d74d56fcfdb76b9d7b8bbcdf9e56b2dd3b44d0f275491cb2dbd0b6a
1f54d.png	assets/Synagogue/3D/synagogue_3d.png	2c67e15c981fd00971392b36b2a9a3dfcc1f8a69bc4abfe0847c17458dea5222	0d38bcd82c38f3b44d87b089294ffbda0166231d4871b24099a5a8affa31d6d7
1f54e.png	assets/Menorah/3D/menorah_3d.png	83e3c9fdcfc11f61617558ec6f711930ff4c9d09db204931208d6041a8b1e664	f203eb7fbacb92a4dbb02d5194b87f0e914f196976ecb3c1e1c8804b483c2cc4
1f550.png	assets/One oclock/3D/one_oclock_3d.png	22d01ce405e2eb6ae296b5feeb4835595dbb483a3202bb495cfe54c626ff4b8d	c3cda19c3e72c19f9a45955f6e4599817d9d21bada8f4b48952920cf420a6f2a
1f551.png	assets/Two oclock/3D/two_oclock_3d.png	ce56c70a1b191fb39362fabd598b663fc773e2642ab024f1ba78bcd8380a6fd1	2ed79f9d628f7a29e753478fc584d598138c1f1960b9d8cd6c5f50a021a88025
1f552.png	assets/Three oclock/3D/three_oclock_3d.png	030747cb8b0abfd961841730ee01973412bfd2a07aba608fbf4bfabe4ea3d734	6d1626d50d9608c4c289381e50ad305c3dc768bbedda65aa3ce62aab9696b8e6
1f553.png	assets/Four oclock/3D/four_oclock_3d.png	593c4b6a5ac6349019329ef9784a4621ccf940213c5068e2247765e251f9f8e4	a8525502f24c537ebd58a1fe94a547c09c5cef79d02eb88b674d384e8b309054
1f554.png	assets/Five oclock/3D/five_oclock_3d.png	204bef67a13bcb6d70bd32df0f1d90a4faaf818af2e82c34dcc0c0a680faf6df	cff2d2b3e773fb09096afde031479e80ae21fad1d552a243d882c59d0514f77f
1f555.png	assets/Six oclock/3D/six_oclock_3d.png	737703ceec2d49ad227290f19f1f61c49e7176ce48e0d930e370c3cf0c669036	004ae375b07197b26376f092d9d2b698ceec6aabcab52fc7a6952fdde066d090
1f556.png	assets/Seven oclock/3D/seven_oclock_3d.png	a1b824d039f8a5c8b0095cd9be498154af663e2d835b073c61d38822cac612b8	13c435245823f37e14873d3c368948d9775a98cc96ec31daaa8347f2f998eccc
1f557.png	assets/Eight oclock/3D/eight_oclock_3d.png	9060421fabad886fc2a7597d1e3ef178f4946eb00a156e3f24357f0e40ecefac	3e9d0738fe50f072242b110c232ddae47e3552f7ca68fe583fccdbcb2950f21a
1f558.png	assets/Nine oclock/3D/nine_oclock_3d.png	8c2aa2cc2e0d7278317a7638b4bd4ada4c5cebead8533f334ae0a8950987ab03	26a0657030c3128d452466c12e7df2d94b603cac1091eb94aed0e71ad3870967
1f559.png	assets/Ten oclock/3D/ten_oclock_3d.png	c1661f1b3d227b0658245199fca9c3bfec85811439112eff090d393be9fc94fd	73f29373535100353685e32703077fd39a0101fe43887c85802c8340f94e8af7
1f55a.png	assets/Eleven oclock/3D/eleven_oclock_3d.png	2ccf98da68da00ae76e646ee18da1b3c22adeb810d8efb64cdb492f8923289b4	2c3d2cea8e3b4808bb3a6d14f283a0514cb5733c0a9a67d406dcadc47b0a7d76
1f55b.png	assets/Twelve oclock/3D/twelve_oclock_3d.png	3b33e95f2b1477f3025d83e8de54e71aa1313c678321e7fb306756bebd347d09	b40ddaa8fa9cbc8b82181855c0380675c14ccca8c7baa8cd76fea777e702943c
1f55c.png	assets/One-thirty/3D/one-thirty_3d.png	9ae9ed2ba00ecd69ca940e76b656907b3134456105d00ea38f1f03afba4cc3fe	7eb2516ffde05ebbe10f2cc6600a7fbdfb4c9bcfb416e28b703c0616dabd9a3f
1f55d.png	assets/Two-thirty/3D/two-thirty_3d.png	3bb7b01f8cea3dd7c8e841ff8d9816f05c0e2b28b160ab33798e9879f9899c89	044c7d76615ea453280d57ccc8974b0a1d29d411d98576e17aba88509cc53946
1f55e.png	assets/Three-thirty/3D/three-thirty_3d.png	825bd4113e09c5c93a8ca2243122f2d974654f67305c073004252700b3026042	ab774b595cfbda4980056dc48dc395ae1518e8eb88902e36ffa8bac822305b2e
1f55f.png	assets/Four-thirty/3D/four-thirty_3d.png	51c1e85988490e10ca9c418e3eba2ad19f484da33d3b892e347cdbdb86546d4f	a02257f7119f0f0068846d27a4387528969c256329c97993c3726dc28924b467
1f560.png	assets/Five-thirty/3D/five-thirty_3d.png	4a9d8a7a06c1737ab54ac9d41ee970f6c313ac8d7a4ea60f20bf22b93511e7e0	83e436594f3c4dab93e49bac5adbe8c84fce5c745d2635430a9bd2c570efd4b6
1f561.png	assets/Six-thirty/3D/six-thirty_3d.png	2cac8abe8ab36feba3e573950b484988bb70238c63c346fd02e06daa719c005d	9afa5bfd9962fd09a2e861d9698a508d5c7fb7d3985029bffbd2469fca5d5cb2
1f562.png	assets/Seven-thirty/3D/seven-thirty_3d.png	178fc429277fb03d5a077d6d48d71289f53103fa79ae6900d6fad2592b5b4a81	5188979ebda15080abf2c68b72b32753dbb322c8fdb4a1889697b1ba03804eb5
1f563.png	assets/Eight-thirty/3D/eight-thirty_3d.png	50bcd8a3b627f240dde86f90a83f86fa62052cd8f47a0974394fbe979d355eed	27b4b1112ff4e9598d0659418919655363b516dd1cae75a6120f8614c890ff49
1f564.png	assets/Nine-thirty/3D/nine-thirty_3d.png	f9324e1b950923c629e4be45780c986380eb49bd538f3b3604ac48d61301664a	f64d5ec624caf459e320281cea1914818c9860ef80a34efe70aaf93f17fec4db
1f565.png	assets/Ten-thirty/3D/ten-thirty_3d.png	8c47e12fa631f642e55f2a7dc05fdee9426dbdfb75031a00fcc5b50dcd02da6f	33c59dd25426262cc2f8475b5deb17ba8d2b1d5afc030aad4d7bed180aa36866
1f566.png	assets/Eleven-thirty/3D/eleven-thirty_3d.png	a7ce02fa85be0df563aebace75a1b6ac85946525289ed855894813fcfef82608	86b3cdccdc2e15fec593e5d7a7cb072d011ec7677f32d96da68457498fba98e0
1f567.png	assets/Twelve-thirty/3D/twelve-thirty_3d.png	98527e13db4e06687d0a6a647a8deb7d9bfa03a7f087c244a077a4e4e8d925fa	01ab8aead19a891be6892e9196919962eed5d68a18f57d7e09f94464110fc1a8
1f56f.png	assets/Candle/3D/candle_3d.png	0fd39849742ab1528d4e5f1e4e1c9ff869f90f08da08c70123b3448685b844fc	9946878d88f9eae36f7ad021e4c5ed3805a7eaccbc7fbb1fec8a0eda5dea7803
1f570.png	assets/Mantelpiece clock/3D/mantelpiece_clock_3d.png	32a2d7613c4d1d1cc300731e6029d0f2e50e4b8fb28cf52fc43c1f8c94ac7efd	9c23964bcaaa79ecf7e2485198c75f16ec3ac2d1d5a6c0e82547e04bcc1e7cd2
1f573.png	assets/Hole/3D/hole_3d.png	5f3002938b7e210717554c774980e2181b06e408ccb757a4914379994efaaedb	27fa7dcb4404e8c128ac58db35e7ee220f7f905484ff3c6695146383e5e81eaf
1f574.png	assets/Person in suit levitating/Default/3D/person_in_suit_levitating_3d_default.png	ad7fc9322fdad7b68003fb408988ede4ba7c892b3f70142e10bfd4b18afee6df	1f09e6542a2b073683f516d4b2743de71246c170e52b6cb93b5e8354889baf3c
1f574-1f3fb.png	assets/Person in suit levitating/Light/3D/person_in_suit_levitating_3d_light.png	e5c9f6d262338d1a1c66b99a7aa67147ddbb79248fd90a18dd2a6e906e9d9425	c373baa99fdb368ee19ae8810fe12c93c3301bb9673b0b18c4618b08a81f9519
1f574-1f3fc.png	assets/Person in suit levitating/Medium-Light/3D/person_in_suit_levitating_3d_medium-light.png	6197ba88f901947e6cfe13ab4c156d1b5c6ea525eaa9e91f27e0c748bda9ed7f	097fc2da9234b4a77f5a1b4082bdf50b80214df8ca83d505ba2f750b09cd84ea
1f574-1f3fd.png	assets/Person in suit levitating/Medium/3D/person_in_suit_levitating_3d_medium.png	b5f291a70329ca2c0ed7bab175eb8eba8f8c7fd04984e5727b9959a8438ba964	a0467334aeada85629f1363ebd11eca72ba1c6c33ee5310105daf3b25cc0f4db
1f574-1f3fe.png	assets/Person in suit levitating/Medium-Dark/3D/person_in_suit_levitating_3d_medium-dark.png	0faf431de8dde4f1c293529243ef9acacd625a85777af73a248f16fd16869a1c	becb0a9b5ed13c960f1a382eacbacf919ab36bc418584ade6d49f37c3847d90e
1f574-1f3ff.png	assets/Person in suit levitating/Dark/3D/person_in_suit_levitating_3d_dark.png	a6c261f922db028be06041cf92a799a12a0c0a895731e8f16d9c4afecefd5582	4d100d52322e803349c35074ec75ded27331e5d3d40aea92c41f7edf0e877e46
1f575.png	assets/Detective/Default/3D/detective_3d_default.png	5d5457e74d826d1981eb510bc34c8f1755aacfb7be2d9e28512b0e8a9aeecb68	ea907af14b4fc4b9a6644fc350a8a07cbdc9942c233a3979eb76b54714ed7620
1f575-1f3fb.png	assets/Detective/Light/3D/detective_3d_light.png	be3d8db4f8e2da4cba8d86481cc39ee0a72cd4c22377a010b31730c944e9c6ed	2a69dbc032e7654fb6eba29e5bbcb8a83bec4cbd129dc97f6b2811b4f7546a98
1f575-1f3fb-200d-2640.png	assets/Woman detective/Light/3D/woman_detective_3d_light.png	bde8502d6d2d0c43bc360c45fdfae1069bc6fee35f8e869610452c0713cb9fda	694644eedbff840808566c4f40958529bf146e38d318388bb68cc7e85b3105d4
1f575-1f3fb-200d-2642.png	assets/Man detective/Light/3D/man_detective_3d_light.png	ebe5bbaf0cceb99ca8f681b4c52aabd6fbfacc65cc974ce33fb4057a1936f21c	fc3e1b5ec20637d7eb7a0117a0cf671a51508ec15188bf914fee5ff4ecbf6fd5
1f575-1f3fc.png	assets/Detective/Medium-Light/3D/detective_3d_medium-light.png	6b3b9c5c4693db0db115101f9494c38dd7a0ebab4db026537a0d482ab59ab328	de926bcc313bd132c55f13d9055c1f857dccb702cd9e2aaab47e070c653a50df
1f575-1f3fc-200d-2640.png	assets/Woman detective/Medium-Light/3D/woman_detective_3d_medium-light.png	53e4d796eaf7b25eda07f693c1d2337f58f9204874b2169b3dc7b1855e78b0c4	c3d28dd5f0e6755019ca8eb34dc8fcbffc4f17ded92a92a02b1893c5ba8a5a75
1f575-1f3fc-200d-2642.png	assets/Man detective/Medium-Light/3D/man_detective_3d_medium-light.png	1506a6db479c071bc3c49761c936f7ba113a7c57370201342a115ac1173b128c	5a9b5ba31418ea4da7365c2bb3b880d35c27f5edc99f1d8d5733b48e9fc0513b
1f575-1f3fd.png	assets/Detective/Medium/3D/detective_3d_medium.png	359b0a943d3519ba11f6fc179f44553485862684f4f1a6c691358e58bc503ac3	cb4f48fc01891f73efe7e234e17026c7f42f3965d06690a1afb0277108c9219b
1f575-1f3fd-200d-2640.png	assets/Woman detective/Medium/3D/woman_detective_3d_medium.png	85a1c006521ea664d3b79f8acfeb3b21e955d81ca64707de57f5ac96942085c8	060d79cf6fdf0f4e672ab12b6dd9b441a44a1fc2f2c101270d437aa73d121de0
1f575-1f3fd-200d-2642.png	assets/Man detective/Medium/3D/man_detective_3d_medium.png	207ea639554409e8703504c9a514bb72f9757c9ef6a2f76ecc231f348dd5bc0a	c6142b781390c6915fcf5bf1d284b001ff0e6f36cf59a59bc7f614e3f2f3e5f3
1f575-1f3fe.png	assets/Detective/Medium-Dark/3D/detective_3d_medium-dark.png	cb2e5e81a56ffdc31fa70b8fdf7703beb6378a4a657123c0f7778c543a787919	3369f174c0be7d6528f10babaacf51d76f2facc9a21695544002dcfdb42d8395
1f575-1f3fe-200d-2640.png	assets/Woman detective/Medium-Dark/3D/woman_detective_3d_medium-dark.png	8653a7f08fcb379f409a17d05cf6793a9840e8e0f51103e3f76578915bb44565	a7a0cefd90cea3012f508e96860174799203383a68d8e6b506fd2c211e10a232
1f575-1f3fe-200d-2642.png	assets/Man detective/Medium-Dark/3D/man_detective_3d_medium-dark.png	8a80178b59f0e14d55dfc8362442c0fcaf6116b3bd25d57f93a3d94adce098fb	496dad260885810983782a8dc871ec945aaaad24b300c5462291a679a6a6f112
1f575-1f3ff.png	assets/Detective/Dark/3D/detective_3d_dark.png	9a9a2c0a43cd3a2f68d77ad734264b949552ab83a1e50ff9f1585ecb3e6cbae9	0c3b1c14bc7d76f08bb6991a42cf37dec32c83363230be4651d7b04fa928848a
1f575-1f3ff-200d-2640.png	assets/Woman detective/Dark/3D/woman_detective_3d_dark.png	346698d7cc7ba9ef36fa2dcb3ad1f72b12d94041ca8de0922d9b2ccae74a5783	66a30a0fc1a00c5a3bd09449d114279926af70afcb04eb340dc1090629290399
1f575-1f3ff-200d-2642.png	assets/Man detective/Dark/3D/man_detective_3d_dark.png	6c4475cc411a5e2c95934f431e6ae0ba3f5fe68ce2b68c151bb7d776fe4da6a0	75ab6dd68b2dc0ebc9d290301e30ba6dee2d1ed0be41a6e4ed10e1e7294e8c78
1f575-200d-2640.png	assets/Woman detective/Default/3D/woman_detective_3d_default.png	dde6e79de6cb5987152dfb0446492bf5ba5be75b2238be442b3a13fee5dc8e6b	e82f9f9af2b61f9958057d22d79371eb7ca5450f468d43a82ab5f070925205c6
1f575-200d-2642.png	assets/Man detective/Default/3D/man_detective_3d_default.png	e664ed763d2c8881c36daa049d38d86d28d7382f7b72c7de6f68c07e97c048ac	f0a87830ac0e3789b2d70009af33dd7d738a8ab32e4bd72ba5c85471b04e54f0
1f576.png	assets/Sunglasses/3D/sunglasses_3d.png	f21e1e463c5462244d627fb98d1345edc9e63b542878ee550f20957ab7806a14	3868845724b47c61f67b5a10171957f9fa13e6972f020a6472e7af0399d6c6d7
1f577.png	assets/Spider/3D/spider_3d.png	1314ba0e99860d8f241cb263365d75af622f243b5cd4b66f0a407cef17b86826	960ead1da1dc26edf5e3e4ce1ebf1af33c3a50c8c4b0f97f284a38e25d110b89
1f578.png	assets/Spider web/3D/spider_web_3d.png	57f7718ec81b2d3a28d566d351576cdb7b050f22e363b985c865c29e3765d130	f27a7f85f76a5539963470842aa7f80580476e744bd729b8b69b7c8859f833b2
1f579.png	assets/Joystick/3D/joystick_3d.png	bd09340c1f65269351e469798f30124902785b128073d86e2c20e7945f56b3c2	6de1d75913875f1889b25812920f5917702b5b2a02f955b0130f5a2a74612bc4
1f57a.png	assets/Man dancing/Default/3D/man_dancing_3d_default.png	50f4cf7badd8703716604b7c219330cf9ba8af290c49a1f4a8dc337f3bb6d107	0ff7a2dcb46f601dd36e5fd5bf5f991054a6ddf484004240a38a0020e1428eaf
1f57a-1f3fb.png	assets/Man dancing/Light/3D/man_dancing_3d_light.png	4c1659505da9d12e2f2e3783833c6366228eb8b9e0ed80c3119476d75b3205f2	098f76d5899defdd6498408f0e47b26dd9aef907b8ff1a4a39e2c696cc11707f
1f57a-1f3fc.png	assets/Man dancing/Medium-Light/3D/man_dancing_3d_medium-light.png	55b18be534805f7bd6f5ae3610bdc4fafaf622d98cd95c39444d0ab4128a893e	4b3a0a05ff4db4e797a95bad4dd952dd449f43575d4c3b95547dd5d61a706a6f
1f57a-1f3fd.png	assets/Man dancing/Medium/3D/man_dancing_3d_medium.png	43b62ab1d71b94f5c787afd2916618653d7ac3cfb6f8df19b758fb3245aa5558	fb0c240f36b9eedeb75a8dfb583dce54543b2cbb43d0bb97370ad2c5af700948
1f57a-1f3fe.png	assets/Man dancing/Medium-Dark/3D/man_dancing_3d_medium-dark.png	b27ea91101136cdd9379c432a00bd60c023fb9b1376580404bd6e8030841e558	3c23d35b25095bed087ccefeaf9594ecb06cf501ea72d4ab8cb688e7aebdb802
1f57a-1f3ff.png	assets/Man dancing/Dark/3D/man_dancing_3d_dark.png	ade94592822e64f7bcaaa6cdc6fb9d8270d717e3222cabe9cb7f2b846634ae1e	e56982d8b0ae20891d07cbca40ad167adaec0c61a383d6ec987af77e6b65df53
1f587.png	assets/Linked paperclips/3D/linked_paperclips_3d.png	9c9ccb9cd604ab8c2086b10c8afcbe70e2d44fb90e092b0f3e2e8c4a9d770975	8425450740a5b38df588bab839c15220a73b7c0facfcd850698f29b460174a89
1f58a.png	assets/Pen/3D/pen_3d.png	7e451c9e33e6bd58553e1fed7dd578f45c840281286be51fba1ffccd75806146	8b744e3a3555091b4714ae8f86a7cd3d65e0391dcc18cc7d10585024e0253f02
1f58b.png	assets/Fountain pen/3D/fountain_pen_3d.png	30a763b1def1fea0f443ee113ec5126bfa2187641e7bbcc8647117053f563b45	1a441559799bed470683304cc994814b47a2831beb6aeb9d06c3610d12c9b200
1f58c.png	assets/Paintbrush/3D/paintbrush_3d.png	1b5069bbdb3e19eea6d149f7fbfb7a6c4abbf19c047a76b7149a16474d30c739	92fb9e3dad0f5ae6a03d5b0668838f38e0756b8709d4ba600a4c7d53cea64c99
1f58d.png	assets/Crayon/3D/crayon_3d.png	527a8904f07a9f8fbd87eca60185ea03d20d95342c6e4edc6f439ab57518d42b	0df3b0eb48cf681fddedee234df7114900b71ad1101ee238b383c3e7f7846cdd
1f590.png	assets/Hand with fingers splayed/Default/3D/hand_with_fingers_splayed_3d_default.png	3f29791354aa75e6bc9e242bf22f847546c4e9d9acdc732f11bffc58379f3efe	95d833911050532c2f766e1be6032870501e0d04a7c4009713e1beb75841fa67
1f590-1f3fb.png	assets/Hand with fingers splayed/Light/3D/hand_with_fingers_splayed_3d_light.png	805b3498def2e29724ef85d2e3a5ca6efa3fcab9b89e6d14327149edf9563435	5addf7e3d48d2a969087e52e62e75c6d2b2e2f711b580104803df017cefcae15
1f590-1f3fc.png	assets/Hand with fingers splayed/Medium-Light/3D/hand_with_fingers_splayed_3d_medium-light.png	7ad86ac65bb6ae312e20ca08c10dbc38f7a646cebf1b7e463ac10bd66706a5bd	342d77e8228f79697d1a48117a6c7a46996d7fc4eb730b0fce653bea533e9727
1f590-1f3fd.png	assets/Hand with fingers splayed/Medium/3D/hand_with_fingers_splayed_3d_medium.png	90a8eb6cd0c6d2e75aedd00742a66e7f01701365d5f574b3d8cb574c3e2f30f7	394c4c5ca6a5720a8e15a6330bb42f03a14e4cdbffa231ec9c69d4ecd1e6b31f
1f590-1f3fe.png	assets/Hand with fingers splayed/Medium-Dark/3D/hand_with_fingers_splayed_3d_medium-dark.png	cbe8609625fdc4288948ef59ff3f7ac967a00ae66d8edcd41a334924d63c54b3	f3045bceb638853673c9dc92f302550a1059b5cd4499fd74ca0cd869269fd5ef
1f590-1f3ff.png	assets/Hand with fingers splayed/Dark/3D/hand_with_fingers_splayed_3d_dark.png	ed04eb5a7a6e39c1b5836af63f1d66f59a342247aa1b9420554cdf806734a841	84fcf6a67e50567e9627681b58baaacedd8db8f636b30ce766c89e3ec564d5e2
1f595.png	assets/Middle finger/Default/3D/middle_finger_3d_default.png	641801e7a7e030a4b2aa64daa9ab565f5a307235066f719ec54761e027b8baaf	0eec3af018e07db4a68db49a671f19064245d5d555330b6f255be9a56767afcc
1f595-1f3fb.png	assets/Middle finger/Light/3D/middle_finger_3d_light.png	5cb2712776e6f107dcae3594692ab28fe2343634c59eff339c56a057e5ac4877	b1aa948f053834f7c67fac8fe1d544680ab7c14931332f65e82a28b58d80b0a6
1f595-1f3fc.png	assets/Middle finger/Medium-Light/3D/middle_finger_3d_medium-light.png	d01bfe4f08309c4abfa5eaf937accc9cd8602a7fb623b96503c5e4146b983db5	c9a4f56c013504b4b077dd8536e11e322d56b785f135bc9fc49e369541b466cc
1f595-1f3fd.png	assets/Middle finger/Medium/3D/middle_finger_3d_medium.png	dc7d4be6c97112f6fcf20925e8692f3c6db3813de6cdd60df03b9bba8b56218f	510b1beba52b46c5bdb6f31cefa52c590799d9154acc35c538bf78209c8ae4c0
1f595-1f3fe.png	assets/Middle finger/Medium-Dark/3D/middle_finger_3d_medium-dark.png	e18c254dc28ceb63a761aa8ba0c17897dfd7490ab7b4d39eeed7615f9894ced9	dd7cbb9dc95718ad0e4a15b0c23acf6460c7896be30053b76730242ab27eee4f
1f595-1f3ff.png	assets/Middle finger/Dark/3D/middle_finger_3d_dark.png	065e193b1cfa12ad9c5ebc3f86f4b596dcb2588d96c41100ba236faf1dd0ea0d	4f18e95a5bddf4575173bd1bbbc6a9d30b89e78cb97da3c411509a28eb857fee
1f596.png	assets/Vulcan salute/Default/3D/vulcan_salute_3d_default.png	5872b22e9a32f0ab39fc6ea3dfe2d5b8a554d79873fb876f2e0eb53c519f188a	cf324ed832759794be0ead5408f71b6b43cdd9c34d6de55481834cb77e15d3d9
1f596-1f3fb.png	assets/Vulcan salute/Light/3D/vulcan_salute_3d_light.png	352e1e88332429fee94624f93712fa2d0ae0423b469eed311c1be44370ea3d7e	d31eb284faf0e0aa6b82b6d92dcc1caf7f60b1a7ca3dcece32c707b059c26190
1f596-1f3fc.png	assets/Vulcan salute/Medium-Light/3D/vulcan_salute_3d_medium-light.png	da38c0f85e1d2cb8e8f26692534fee314e46407477f05efd04c9318f45fe67be	3bac2d043249f118d95ebaab48d8a4185702562a3ec4fd3693320b44adb4d47c
1f596-1f3fd.png	assets/Vulcan salute/Medium/3D/vulcan_salute_3d_medium.png	76e658deba8c2d15dc50dfae336a1286dc051d7a654ef3ff307bea3e1faf2c3d	c9912b3bf0007d7d082fc46801befc1dabe6a3c458e2efb0210b705e6d2a3b25
1f596-1f3fe.png	assets/Vulcan salute/Medium-Dark/3D/vulcan_salute_3d_medium-dark.png	a6fbe8ca0fda17b6c7ac77e90a86fdcb3fc1000b3c840a6ca06a00f1213ca7cd	98180711abf858ff23afcd2f409acddd26940c00c9ecdbf8ef23f2d1f49df42c
1f596-1f3ff.png	assets/Vulcan salute/Dark/3D/vulcan_salute_3d_dark.png	1f73f7f1a745445c1c46a536fd01a84053f6a21d79603774dcd3d5cf230d98aa	50b3a540440d093880e51a071670abbea0b54bdc61e3a0c72f820380bf4bb304
1f5a4.png	assets/Black heart/3D/black_heart_3d.png	6d6fb494995ef95b146fd3d4a4ba6c85b4b08f658c606e7dd3760e5d51f9976e	66698770e671b2f686e8d4c49b97f6f9b930fad980bea5f8018fd7d7e4d7c857
1f5a5.png	assets/Desktop computer/3D/desktop_computer_3d.png	f0ec12ccf1e9a2ff83f95cd8ba85e357e401d8dcdbc6bae596d23d77be7f74da	1d07f714094ad47d11d28b2bf72e920e64c471858634b637e3f5ca3a7cb0ad85
1f5a8.png	assets/Printer/3D/printer_3d.png	1106aee713a1c4e1368f0e9d41276439d8c540193a1b1dbc413ec0ee80054ea3	6421dc78137f405772a5e69b31309804746203f6001dfabceac7c794a439f95a
1f5b1.png	assets/Computer mouse/3D/computer_mouse_3d.png	f3d221fe962db9828e7d70e9df964e65a0ed550bd86c944d645cfd8ef1bb6dc3	83872db1ec7897e45ba5f2187ad57533387fa0152f571c79700f9e27159b016c
1f5b2.png	assets/Trackball/3D/trackball_3d.png	0ab1b16c0a082390a759c7981922bd233323c087f48f23578a73c73f0b2353cc	344d81ca562a765186619bdf83c005118ccd7385a43a5a93e5fc6febf3e61bd2
1f5bc.png	assets/Framed picture/3D/framed_picture_3d.png	e70eeb3cd3b5c8bd6633a9ddf0c5f0bb7e0c4be45c89b9b2aad689276aad35bc	71c69552178ec6c1bbbe964d0b065728c3f82b576c70acf591d02fb78b9b403e
1f5c2.png	assets/Card index dividers/3D/card_index_dividers_3d.png	a995ccc3acb244234587675ffab838abc50fab89b5b2170922dc47e8eed91433	88c30db0359f59cced0dbe4c428a0db28780e33bf5445e497f779adcd140813c
1f5c3.png	assets/Card file box/3D/card_file_box_3d.png	49caddf1f3b463f0b6e797dd03b6ff555d56dc55c53e76edbd0513c048e89bef	a24b1c68163b5ade66d6c9cbe540d50fa92bb41443243cb728c06b95ecc1a3f9
1f5c4.png	assets/File cabinet/3D/file_cabinet_3d.png	b91dfd5f7afc29edbbfb21e0343bf004e28a2ea8f1ff75231bf828db37a6a102	85bea001383daddf5a6772eb61fb0cb840b2ba9f284a65e202d7868288201b46
1f5d1.png	assets/Wastebasket/3D/wastebasket_3d.png	3aa2d93f1d14e504675da7952e3d10114036004f458d617f5f46b744235b328c	0caf96b2f15bf6cbe251d235b08d1eeeb1a77e394db29a2bd38b86db0a0993fd
1f5d2.png	assets/Spiral notepad/3D/spiral_notepad_3d.png	647fd6d44d8596c0b76f1a65815fb9f6baa6b1ac0df5c19c3915c5e1d6919e8a	cf74aa653cf8b059c3ba60a7073b622bdef903933da2327a6df9ee9cc77e79e5
1f5d3.png	assets/Spiral calendar/3D/spiral_calendar_3d.png	bdb3fc64cb0faa458cc6830407ad2d6a1e875082b3eb262104eb0034f86e2725	31048384645c5f89359fd4049f27230e87b3c1001e5a6306d4a95ff35063dafb
1f5dc.png	assets/Clamp/3D/clamp_3d.png	44bddcba733cd1ec18535d2be3460340fc8d2d2104799c101fdc20ec6f876ab0	63430ecfb5b8993a9917af5c664b4a3ad9d79971e70510ff7faee42a2cac7148
1f5dd.png	assets/Old key/3D/old_key_3d.png	0ecbd1db5bd96139cd676887a30973e5aebf0bbde46695df1e3c85cc642ff0c3	22ab5ae3082cbd3b333505c41f3a809d4193c8c9f13df8f1ff418255c023c269
1f5de.png	assets/Rolled-up newspaper/3D/rolled-up_newspaper_3d.png	0a095685ac8f39ee0c9aca4659bb8eaa80cad715986dc75e85f72740dd5e00d8	c1446658e3f0291ade7aa4da45e953497729f3773d68396b4e583b48da5582d8
1f5e1.png	assets/Dagger/3D/dagger_3d.png	58f3dc9acce6e56a72fc795be01c09280cb6fdb3947c51fe1a57caef0e6165bc	0dfd14543b8dfeb291a552fa84e1d9aabf22829863f59eb18bea980888c958fc
1f5e3.png	assets/Speaking head/3D/speaking_head_3d.png	b7ce2c76cf77f1a5130a9843ab77959571ce830727a39cbb6fa4d1fd6364636c	03e57751c43010b736a5e374004841af612f2714e03fdad998e909e49993bffa
1f5e8.png	assets/Left speech bubble/3D/left_speech_bubble_3d.png	94d55d999d56665b0010ac3799e15a705cf1c886e25caaa7f7c548d3a9eb820a	ba89fe89e0d6814081e7844123a14a460f14c70b177b362f84fb01d5c45404d2
1f5ef.png	assets/Right anger bubble/3D/right_anger_bubble_3d.png	7fa708af6955a12baed0b61ed2ebc378329d282bc0b6119adc6afcdb61bc5189	aab4b5e57e745d0117e6a3264f57f260eb3841c4f7d4e2a42031137b8e8ce8b0
1f5f3.png	assets/Ballot box with ballot/3D/ballot_box_with_ballot_3d.png	f4e58f05c6f101734dcbd19d252ba78144782fb69ab6cdeb90372ea9b243664d	921fcca1ac34fb65f2da9a7431afc24a4e81611f9d5bc3f0489c0f057987f019
1f5fa.png	assets/World map/3D/world_map_3d.png	f170580a2a2f70662e1de8c76d8263c33202f66f4002e57ad89c997a1b3dc488	4e6a1a50037d3d5ca006bccaba5a8d1f1fde3f72c6f4ca3ce5dae109fa36fcbb
1f5fb.png	assets/Mount fuji/3D/mount_fuji_3d.png	2ae69d884364c51e98275b9701c13ce1f56255bfe322fe7e93ccda29a0364ef6	64b0f23eb93e17895d9b43a4c5239cc572792c359bbd0576d1e79996d2f15f3c
1f5fc.png	assets/Tokyo tower/3D/tokyo_tower_3d.png	0e6d9b613ec2079129bb85516ac707542a5f2b062aa5feabe32c4f828ca244a9	86340c4b0323ae3786aaf875bc4f40fee1e862647a5c9de7e949d189328bdeb2
1f5fd.png	assets/Statue of liberty/3D/statue_of_liberty_3d.png	36e30a49db6fbe3c532df825f3403ef20e82e51355b4470a0f9e40a29a5a5d3f	f68ed6c431d5b8481cf72cce5de550b4c66e8fc630244c9e8a1275c6cfe3f0ce
1f5fe.png	assets/Map of japan/3D/map_of_japan_3d.png	7b68a423ba7c14d5888357c674fd66606ce0706030647531c7862ff0de7f90ed	a9daa7fc48d2d925896cb5c4b02549467b057a820e6f4245a5d2661cf32c17b8
1f5ff.png	assets/Moai/3D/moai_3d.png	9b6c57fb0838d6107b0dfe7ca0569345b28525ab3a0303e02879ea65ba715c98	7d2c178c0bfb1a68914d84abad29f3bf8a067097ee8108b1f9d492ac24b14557
1f600.png	assets/Grinning face/3D/grinning_face_3d.png	175d214df45fe18f6f106a9a094b695689d98abe6f343295fcbd690a7ee4f0ab	29c4a08ac648613ad42a6e699b54d36c3eba0590a9bdfc56481307ac051a39a2
1f601.png	assets/Beaming face with smiling eyes/3D/beaming_face_with_smiling_eyes_3d.png	043c9fced9114368d73af7d1689cfcfc1ed42883456642770912f3d5e978dda3	49f3d3778f8cd90d14caad1ac585f38892c50d2c90deb41f3b70455a0c7fc09a
1f602.png	assets/Face with tears of joy/3D/face_with_tears_of_joy_3d.png	8af20fb0c64c44a8d8c8d047c1410c5e529a37c3158d496832b380198ed2e9c3	34e5d3cf7ea74bfa02b1cb3415503cd949d6e6d4a2af1b4addc98a9377ea8eed
1f603.png	assets/Grinning face with big eyes/3D/grinning_face_with_big_eyes_3d.png	2e1e71709927b706cf9721c8f730afa735da4073685ce365a54e4951e5133c80	4e91570f32003346f075d682f628efd5653d4e2bb9b99b161d9b3f7afd925971
1f604.png	assets/Grinning face with smiling eyes/3D/grinning_face_with_smiling_eyes_3d.png	4661c4c7f43fc3aeb2e452d4be40782b1957b3ca944b2620886cd22c102dfdcf	c6b43cff8ab123cd442601d1c6c70505abba596dfedb09a6b104e71e37d7bf77
1f605.png	assets/Grinning face with sweat/3D/grinning_face_with_sweat_3d.png	dcac6dc921b77aabc16d524ed5d5067f66b6104d545c5f6396f7bbdba6d4cf2c	5c483b4496656c81acbbc2eeb73060c6055753482c8d3f1fec50b10152e7582a
1f606.png	assets/Grinning squinting face/3D/grinning_squinting_face_3d.png	b9a3e632bd3cceb6e3d9233989c7629dc651ea3b970f53a94665cd67b0ea556d	b341af80827e50182d9b713950c602918aabc25186ebb363a8c292026b06d92a
1f607.png	assets/Smiling face with halo/3D/smiling_face_with_halo_3d.png	e8f119ffa91001b094448ae148ee6d29fbbdbf6d718b5669b670c75b61e2f03b	4ef5ac679c50a64c0aed6b5e230ab738ca4a8456a7896cf798634d759857118f
1f608.png	assets/Smiling face with horns/3D/smiling_face_with_horns_3d.png	bfb04bbb4b3179ff990ff9d94a49ff070332f7f7bf2dc3ea0799ba7000a147b1	d4675fff8793709449db0d5a8648f8d487535044f929ebac86cbca42b5a558dd
1f609.png	assets/Winking face/3D/winking_face_3d.png	f14edbaa23f127ee6ee7c4a17b35969405a3c441b3f79c3356cc6406c1bf9ae4	df3ae1f39a871f988690e3b221619801a629ef61f7aa1eca6f0b27ca5e9632ec
1f60a.png	assets/Smiling face with smiling eyes/3D/smiling_face_with_smiling_eyes_3d.png	73dce77bd423b2531809763025d20faca40d2391fd12dc1fc88a986872d8214a	c11e77aeab21d365381245f13a03e04a7859bfa6a66c69930a6577c39cb555b5
1f60b.png	assets/Face savoring food/3D/face_savoring_food_3d.png	5e058b31cb8e7260d4a95fb1156a17ca11ce1a198524b4b33f162cbe0866c0c6	1d83fc9a958a57760087e070534cce5696880e0cb6f5e5d4b1e1f51706d7dffc
1f60c.png	assets/Relieved face/3D/relieved_face_3d.png	847ffd80565cb5762d524f86c93a75ddd91cb32de5e0992b7f8507855fcf1ab5	d24dd87bc18e429d83fc7c95a9d9933ba093c50caa781bb750eacc3062d3cc40
1f60d.png	assets/Smiling face with heart-eyes/3D/smiling_face_with_heart-eyes_3d.png	2b5ab00dd73673faa86463eac8787b7fc366935c4d82a54451df33443190b9cc	3b85c0e8c9c792f95278cc53bd99eb339d6a39b7f3f8549d5bf1599c47054ead
1f60e.png	assets/Smiling face with sunglasses/3D/smiling_face_with_sunglasses_3d.png	e98cb43a7a531289c82eb57441eb20cd88cb53b895c212d8e3abf05dd2647da1	b81d68b0c6db9ea4e3f535450e93fa406871b6adbb0905f22b15db17bcf23e98
1f60f.png	assets/Smirking face/3D/smirking_face_3d.png	bf047787b8a7984d1def106ff6fc92b9178fe32b8c2c2b775daec9bae56165b6	84fa2fea0b801945c60241527c62e4c878c03ddd0ad389b5944cc63a6fbc4586
1f610.png	assets/Neutral face/3D/neutral_face_3d.png	94e84241cbbf2a5fcceda4c32b0e5a02ea537453791b2bfdadfb99e6891baf9b	2a2224d5103af116d5d0b886d38fa0244ec751d47a9c6566d5152cf843cf17e4
1f611.png	assets/Expressionless face/3D/expressionless_face_3d.png	6e7bb93a79ad236ff2b79bc8d2b0f2b0e8b0ef4ac04d134cb09d79233c2c213c	91b5a6cbfb36a75fa75fc6abd688f8086d5fe5b0c22bada24b976714c028538e
1f612.png	assets/Unamused face/3D/unamused_face_3d.png	039b56c0f5713dd1f80d1bbb3b0c18632992f301334f423719973148d5cc8c2d	a2d19653d33c8baf37492784378389e81a9572838496ffd4919e6ae0e221d699
1f613.png	assets/Downcast face with sweat/3D/downcast_face_with_sweat_3d.png	83732d6c8430d130d73464043352002ab40e59a7c451b2dcb6bb409e6134e1e6	a5e00b1d31e2b6b5208405fae40e6c1d3475b48d21d8054f5ecebc04709a0c0a
1f614.png	assets/Pensive face/3D/pensive_face_3d.png	61431f47c41035697aa8241c6c8e2d49fd618a9c1857446aa96d4e85c8633c16	7e3f935443810efc3c3ee87e179f2b2e202b88e374fdd265452b050ab59abafc
1f615.png	assets/Confused face/3D/confused_face_3d.png	86b74cbfda53e682ca7789a750a2ba3e4aede49e6b39b7a73b86fbb8bb98fb3a	24b6f20945a9b202aaef9a04d04823446316e8dcf7c2fb6a8018651b0bddcbdd
1f616.png	assets/Confounded face/3D/confounded_face_3d.png	52601b1d211310da40c1001cf78216abf7e68d3c3b03d41963fdea3e13e0eb31	4ad8a015201ca7ee2dba717697cc00aecc1c1e729a15c70b1833a9807c596d82
1f617.png	assets/Kissing face/3D/kissing_face_3d.png	eb1fdf9b01b484262c279791370d901bbc541b156d7ebf196c2c2a454f9c78a0	eed3480651955493d0b6f686be5b5238ef4af105c1137491158d785ead025b51
1f618.png	assets/Face blowing a kiss/3D/face_blowing_a_kiss_3d.png	5a993350588f243ae13c011b5cb8cc4a5f497d2cc213adfefc5ded40196afe10	3e9305566d7bb2d9006e0d522eec51410d1604f3f065bfe41a59100dacb1dbeb
1f619.png	assets/Kissing face with smiling eyes/3D/kissing_face_with_smiling_eyes_3d.png	143d03c80bc3d4061a9a5c4e79bb064b29cf143be1417d47d0efb29b074b6fbc	528366ccb402188a6c7dfa534e87acd6f139090ddb08175e37dffac4e09962b5
1f61a.png	assets/Kissing face with closed eyes/3D/kissing_face_with_closed_eyes_3d.png	5f876ff35bb1899236d33f725e46dab0ce013597c609764bf0ddff1300a92439	91569c62f7001ef4a8bb21b297f223e073cdeaed5e998b09c80a107c7a43522c
1f61b.png	assets/Face with tongue/3D/face_with_tongue_3d.png	606fe49cf6dd67f01e602f4553eda41055e2705b491f9cc4ef3544b6714b595d	dab20c1ad2e04f3936ee765b37e6d0e8cd35db0b2956c26e051ff3857d2c8184
1f61c.png	assets/Winking face with tongue/3D/winking_face_with_tongue_3d.png	d89d3542df5bf0c60300a6ebe88dd050278f9eec1c5cefd447ba7766e7f346fa	8ed07510da383108097d297e98434351748ff96344771b7ab13b9bd1bcd371df
1f61d.png	assets/Squinting face with tongue/3D/squinting_face_with_tongue_3d.png	e3185f2b4cbcc8f553618c037417c42bdc4c397a7c2372d3379623ca4ad113ff	0631282a923e2fa0ed4fd4b0648fb209ab588843069445b9f47ceae29ca237a5
1f61e.png	assets/Disappointed face/3D/disappointed_face_3d.png	5906087403a9abb8938f9e524c7df20727c7314ccb077a9ec7ab46bbd7e26fa8	d28885f6dcb930943bed5fdd5156ee099e75170dc6f1ebd7bfb416f387def127
1f61f.png	assets/Worried face/3D/worried_face_3d.png	64d09ae71fdb180c563b929ce7f352019ebb9ad797e3510873dabc6e7d022cf5	b87951fe6468c3faf03ad6af9674dc7d276669e8b3277825366a5543594a0859
1f620.png	assets/Angry face/3D/angry_face_3d.png	7e1ae11f16a882e61391c42d860632525290d11d7e9bb5e8ecab02f63d305414	e3165f4cc44130f6048d09229376a11747fb8cf795b39734ab6c95affb76faf2
1f621.png	assets/Pouting face/3D/pouting_face_3d.png	053597c33ff5340a6971eaee06acfde543820375ca77652cc1fff3461f795c06	fc632de9128df25821c962197ebd5370bba0d3bb97f56a5eb23f692e987afe2f
1f622.png	assets/Crying face/3D/crying_face_3d.png	9fb63e831445543e063c675ea3d428feedfe4c66a6630ae0f9223c6f9b17653f	0124df03832671371e6bde47fe0012c8f22e847e4561b3f8ad53cad945cbb8b9
1f623.png	assets/Persevering face/3D/persevering_face_3d.png	b3925a10de9f3642d8b20e1147e04731836a56dcfba0d971b83f9842890bef07	a12e41bee411a6588e7fddfc7e12e724cca348f453a8ed08e93697888e0bf9a7
1f624.png	assets/Face with steam from nose/3D/face_with_steam_from_nose_3d.png	7d451ed5cff4c3c323e4a46e132b1dba39727478a48f621d74282d49d6b9841d	46c9c84755b6ae49f7c9fef8e16db56999f32901e3c3d2d3597e4ddeee59e1c1
1f625.png	assets/Sad but relieved face/3D/sad_but_relieved_face_3d.png	cedcbf01e796df419c9a0e2cb7c05017b91eec484fef52f5b87ae4da4eacee4d	619530d08f2af7c4f0b3de86aa6eb731c78b73207888483aa53afb41dece9234
1f626.png	assets/Frowning face with open mouth/3D/frowning_face_with_open_mouth_3d.png	fdd0ded1f92f2da27479bc8633b027d1886a97878f8090a6de0f9156b9f89618	5c988a7dff2ecd588848cfb095a803545b63fcc3d67516e703d71aea228240a5
1f627.png	assets/Anguished face/3D/anguished_face_3d.png	fbabebacaea89423975b8ffe041c11315bd813e85a3ad254357cdb4178c2ea4a	581a30e69e3bcd96a0cc11d0ef904c8637906944488b215f16d0c945142ff9e4
1f628.png	assets/Fearful face/3D/fearful_face_3d.png	e43d899dc37816bb0f130c5b26d0f927a1d612fda6f1da3a3457027c0f000346	7c3cee8296c65a729c8de65d4bd1f4ddb1e8918146b0e69e7cfd6ddf35b55efc
1f629.png	assets/Weary face/3D/weary_face_3d.png	ddce4283a7067604462da8975918140037112b77d118a4a3caf0cee99d0dae6d	5314e58a53937911b62293332a4302ac51301cdf197f84f9d99d9262029e7393
1f62a.png	assets/Sleepy face/3D/sleepy_face_3d.png	0d5d74dc3802603b3df9234da6f671afd1ed1d80cf2d6f27f907841f3299201e	98134a3f2e552ce4f37e1421ed1c4b3a61c2ac3ecd6dd7749844ea3e0af08ea6
1f62b.png	assets/Tired face/3D/tired_face_3d.png	02b85ee9fedc90f7a6ba60993610a1c7a7f20a5daced57bba12dfa55e1cf81a1	408995f2378bc24060a7f4eaf9ba4edc3432a160c693031cfd14cfb5b811c3d5
1f62c.png	assets/Grimacing face/3D/grimacing_face_3d.png	da83b5b22030d740aee3c8f827009e7b7ebd24ade86d4560f8ba773b39f4be3e	1bf0543d7bf021ce5196405b6638500226dba42886663245859934662da19cdf
1f62d.png	assets/Loudly crying face/3D/loudly_crying_face_3d.png	9e7b740110d12731e7416c8958b88bfadd75e0e7121ab0245e581e8f70491e02	0d128ec3854882c00bd0c7a287d576d6f2f41efdbffa09b79ba997aa46614318
1f62e.png	assets/Face with open mouth/3D/face_with_open_mouth_3d.png	d625adc79700a83d26f15d602f6e8158598f5f80fa8d839014bc938c06222046	7d7ffcce176a46733e10130563da59017f8ddc656617edfbba425fb4855bbcab
1f62e-200d-1f4a8.png	assets/Face exhaling/3D/face_exhaling_3d.png	7838181488c279e7a5381541765cdfd0b821fdcadabac7ac946267a097d561df	0810aab9d0694d273e1f6b4509d9c794db29fde5671f243dc2e5e9cc52edf7d5
1f62f.png	assets/Hushed face/3D/hushed_face_3d.png	0ff5204c6a0c78a45d74b42f7a8ef25c0110813c4472d6f8f67043a9a922bee2	bae793fa845643e89fff06cb32c351fe5dacb442ae32c39240f64d59de25638f
1f630.png	assets/Anxious face with sweat/3D/anxious_face_with_sweat_3d.png	89fb24fcf00ec4da643912e0fe1fe4168decbdc599a8460c405984e7baf336de	7a421bf4e05a433aed3299fa2a6210d88cae9c8a23ecffa9995cbcc7fa4b7bc1
1f631.png	assets/Face screaming in fear/3D/face_screaming_in_fear_3d.png	fe82efcca47346ff85d85b6e947f9c70dcb9e8ba463b1900053b23f1faf37789	62bace8797e1273bf228110c216f427d3cb70e216188773f79e7afef96e4f9a0
1f632.png	assets/Astonished face/3D/astonished_face_3d.png	7b4fd7ff6da369b503ad95c4a33e984f6ba1fbd9e08f7851d9d5ad7e67c7c51f	1d446ac1b37023ed4b8b1947848a00b94cb033128f9b0a6a4506fe6d5ef6bdc7
1f633.png	assets/Flushed face/3D/flushed_face_3d.png	6058b2f5d07f7e3bfb569cbfc0d156b059bd672b53d467ca66ba3d64f81c5a9e	a1e97c85c22d559833beb1b12ad5cee4b4c3991f25f16aa71c382c1b474745d9
1f634.png	assets/Sleeping face/3D/sleeping_face_3d.png	c7d1cd5d04ae7214b6ae92b9802b6c860729c755da0020ccec22c7c8171f18fa	fd1f572855899a3badf5719e9f0b789093a56dc3002e7925b78c9bd38ec58369
1f635.png	assets/Knocked-out face/3D/knocked-out_face_3d.png	20f01fd74de2b3a4ebc3a60daedf84b379af57167d33fdd7af6bff9c6b197a61	23958cc129133adfc6108ae4d55306681af4c82d159367fb897cea0e4ad7ae93
1f635-200d-1f4ab.png	assets/Face with spiral eyes/3D/face_with_spiral_eyes_3d.png	a98dc8d03feb4ee9cc9b21d8ffa5c6a151aaa7f3301899469cfb5a13b6c49857	51150917367b8c984077dab0cf0752bc7fe2d05a72471d48f749a9c7e81fb97f
1f636.png	assets/Face without mouth/3D/face_without_mouth_3d.png	8f5afd9e68f1409d241fdfe14d880f5e630030f8a95df8bf7fb71d3082030db1	0690a10be4f79e0d4f30043e80d8315bcc970f5767d729e4fef0f703d76369cc
1f636-200d-1f32b.png	assets/Face in clouds/3D/face_in_clouds_3d.png	baa3de9b5ad85cd3fac3bdad0e238ac684a939c3899bc1d79346726c8e79607e	7b4835e48c8774d76d7eb526688af52da4494feb6210ada53021f4947e9055b1
1f637.png	assets/Face with medical mask/3D/face_with_medical_mask_3d.png	eb7eb9e877dbaf7f530bce6c9eeb0a03c028127cbba0cf98b7b3944e1f97d5b2	bbe4f4bd6f959a13a3b577060ab144bde200fa8bdb3160ebec0a53ed091e598f
1f638.png	assets/Grinning cat with smiling eyes/3D/grinning_cat_with_smiling_eyes_3d.png	b8eb3151d342b7b459f1401998300a915125a3d87a44136449b1d9e884f022d7	d587c2ad60e8eb280d6a8f82aaafa6a88b97e86eeb5758cfb689a0181ae4a652
1f639.png	assets/Cat with tears of joy/3D/cat_with_tears_of_joy_3d.png	ef898754403fe81aece4059a32a1aeba623ce6404df2868e6ba848757541f251	3c7be97d225a9e97855ff85f1e32974edd81b64e0951eb1acab83dabf27fa6b7
1f63a.png	assets/Grinning cat/3D/grinning_cat_3d.png	d930f2aee8ae47cb3ca26f2594ddd15df42345d952b5903b776adf4a728860b5	676351d25905799ef2562f35d1c0ce83abea988ffdb38d5b497bed3d5bb53c01
1f63b.png	assets/Smiling cat with heart-eyes/3D/smiling_cat_with_heart-eyes_3d.png	7f5ca63e7231af11a6aba486bcca01785cca2f724f34b728ffc141c961986ebf	92b9a72a70a3cea97aaf3a54e887949191d99c13c0c7af3c1552cc843feafe0f
1f63c.png	assets/Cat with wry smile/3D/cat_with_wry_smile_3d.png	c0f18ad8b5805d10e8e0fcc86edce6764bbcb56b0f707bb1c9e66b10f2474358	9ce7f2469fa375cbbe838abcec912b0db157c9118601d2fb2260a43151615af5
1f63d.png	assets/Kissing cat/3D/kissing_cat_3d.png	d31ec3990e7989fa64d96514e9f78c4be16481fa387990b217987e7660ab3ad0	6a4fad168065d9854423197916549610fa5196b4eedb055a0ce7a28aa7b8ddd6
1f63e.png	assets/Pouting cat/3D/pouting_cat_3d.png	5d123bec7e472cf71508ddd2c413bbc4635da223410d5e2119a10f5974e886ba	8a4cb343c36239738601e67ecc8ef46007567f851e5e9e9b4e54a6360a0beae3
1f63f.png	assets/Crying cat/3D/crying_cat_3d.png	bc68537a49704dd065f935c1c78efc63ab826a980c2ff112cf4c241ce5955b14	939886d370886998e03996ca3d5acfae34f978d2766a9f573a7991524415f8be
1f640.png	assets/Weary cat/3D/weary_cat_3d.png	05e67896364a223f2cde2b1d0a1159f11ae1626ebd0ab79a147aa6c496876ca4	b52b9c7cd55085e02a37ae2a739219e94199924b3c1b0df273380830b2be82fa
1f641.png	assets/Slightly frowning face/3D/slightly_frowning_face_3d.png	f24e58a88570814c5dfa7c710b94d4caecba1e9c8022a71bfe6ced35bffae02c	44b9ed39c2b93ec54c200f2534300c5c894b924934e92d6e2651ba6c12975750
1f642.png	assets/Slightly smiling face/3D/slightly_smiling_face_3d.png	6d7afa319ea9acf5d260ef019434ee37c6333fd20dcfa7a0fef4bb573f84ec1a	168688f720511ce74a0ec011c223d58e9df2e3553362c5d3979bbbf468ba514d
1f642-200d-2194.png	assets/Head shaking horizontally/3D/head_shaking_horizontally_3d.png	0cf710f566ada72aaba2f5ec318ee4a46827fa200fb2bfc43cf34b47603a3a1e	cc36e389f04dfa346f935c5f36e32a74be30c9040c6f22a19c1eb5c6609b8a36
1f642-200d-2195.png	assets/Head shaking vertically/3D/head_shaking_vertically_3d.png	bdfda4ed257c518648a9d035f7bea51004c5c6b03757688e1e4584f1e668ec89	ce46dabb9acfeb6cba3eab9b4213c2e17f5656af6e54437ff82e35cc35c8df55
1f643.png	assets/Upside-down face/3D/upside-down_face_3d.png	de4e2d827973cc3c0288daa26559389847a3cf3a1b2597be85f40e7056aeea42	941ef33e6a2b57d01137baa9e2af7562a4140f5c8b6f26044d1eb4dd52683731
1f644.png	assets/Face with rolling eyes/3D/face_with_rolling_eyes_3d.png	2c1d7babfd5b788a90d960bf3690c39fcdc9cad37b0c7cad6c4b5d6d1b79d8c4	9307573aca55339272a532ace42e78f40cccc300f8f77b9333b88d0a71abe79a
1f645.png	assets/Person gesturing no/Default/3D/person_gesturing_no_3d_default.png	39629ba60492b61059e6a84866901f30ceafc78aef1415ed7e920d555ce2567c	37a9cb01ada75bdf045f1423f2274f6f103551dad5d76133f99e3f5ddf911f89
1f645-1f3fb.png	assets/Person gesturing no/Light/3D/person_gesturing_no_3d_light.png	7340ee4645c22c2134aa78008342befadd7fb08dad5c65b30e1d3fe882aa5b13	cee5949b78bbdf6a8a32d21a8129417199d80d63b4783258fbb3935b1f2f9172
1f645-1f3fb-200d-2640.png	assets/Woman gesturing no/Light/3D/woman_gesturing_no_3d_light.png	db71f35ecd9fc2a7347f6d92e219c1aa625d857af4603af65906c5eeb5154bbe	7fac9d1db0deb37d85fba9b254f98acbd41641f85cb1e58fa909219d8410c581
1f645-1f3fb-200d-2642.png	assets/Man gesturing no/Light/3D/man_gesturing_no_3d_light.png	f67db497d128101aded3345b19694b860c3250a23a6071a589293bcd7acd20c3	6ade8e6979a7e404f5aa042736249016694415f5644b01024436dd41b724cdd3
1f645-1f3fc.png	assets/Person gesturing no/Medium-Light/3D/person_gesturing_no_3d_medium-light.png	39df24fe7bed5e6e69bd339d1e0ae460fe8bbe68ff4eed4cf36fd8f3754bd5ab	2ede1c67f1700c701bd1bad51984767f9224e19eb7d54d16d7d80f6c080a6e96
1f645-1f3fc-200d-2640.png	assets/Woman gesturing no/Medium-Light/3D/woman_gesturing_no_3d_medium-light.png	49b5ad84b2260610a083d97ce14555555ccfa3f40649cd57a0d2d7f77e64aa07	8cb63c4fe258943688363fe1c77232524ebf74ca024609768868e0e6df729686
1f645-1f3fc-200d-2642.png	assets/Man gesturing no/Medium-Light/3D/man_gesturing_no_3d_medium-light.png	e989082c9c764b06abd163b6950869a584408a1e60973955fc4db0f554719559	9d778ef47a977a5c4a219da80c4bfaa072c8c133da9926b31d944ed12bd71229
1f645-1f3fd.png	assets/Person gesturing no/Medium/3D/person_gesturing_no_3d_medium.png	8f054dcdf1f8eae9665021b6406caae630d6f8b6487e0f10aa68e4d778edc290	209256758329b3dd738c2c08974e421825426883f7ccbe7f85b19994752746fc
1f645-1f3fd-200d-2640.png	assets/Woman gesturing no/Medium/3D/woman_gesturing_no_3d_medium.png	67b872e64f179d85881fa8aab9416791ad130f3feaa05171792c5724a929b4a3	06f748a4503d7b42f785e8e2d1696ecaf7f254b24c3f6c639228072325f02cd3
1f645-1f3fd-200d-2642.png	assets/Man gesturing no/Medium/3D/man_gesturing_no_3d_medium.png	1ab1b0ff29e932207641bff71e5b9c02ea4a7aa102d56495050d99781ef09c7f	6c7fe40cc396813b27a7add3b07d097d70772608dd94551d5097220b40bc5c4f
1f645-1f3fe.png	assets/Person gesturing no/Medium-Dark/3D/person_gesturing_no_3d_medium-dark.png	dcc8abab38b5ebd681474e83500ec6dd1c7b8b932a806feb9ba3dd685f6d426d	52004b7ca1d66bd56c76e98e5f5a22a1ca04a9b1709432e6bcb06dea20235fb3
1f645-1f3fe-200d-2640.png	assets/Woman gesturing no/Medium-Dark/3D/woman_gesturing_no_3d_medium-dark.png	6dfdb9dd98cdca3cadb12221da58f91a7ce7ffd6a8861f1506e88773f6680299	46017762efb5957936cfa9b3004820adce3c61047ce5a7131f673af237ca4153
1f645-1f3fe-200d-2642.png	assets/Man gesturing no/Medium-Dark/3D/man_gesturing_no_3d_medium-dark.png	c7dca5448ff2df822aa525339b4e6c4f9dec48c22eaba35d8182ded78dadf004	cb62b54ade87838dc661add9d24457d9159750cba6466b3c6fd24c001ccf5cd8
1f645-1f3ff.png	assets/Person gesturing no/Dark/3D/person_gesturing_no_3d_dark.png	ec07c18bad1c509e514e7a692045d18af5482fa371e7c97ac75089ae9f6dbc63	8f246cac91166dab77c382502eb06fe10b00a6f1f66c8a43184d2904bf4b46f4
1f645-1f3ff-200d-2640.png	assets/Woman gesturing no/Dark/3D/woman_gesturing_no_3d_dark.png	5d9aab0f6faed427d7f086a0cf1693ab20f7c759739d352acfaf4ff14499ed90	0a49c635f858fdcac1f6a66296d85f09614bd09529dda8a59e2984a309fccb4d
1f645-1f3ff-200d-2642.png	assets/Man gesturing no/Dark/3D/man_gesturing_no_3d_dark.png	4acd0fb5c8cd48bc39a1b0f62b2bdf45b95fda5f7219e631e46510d6a4139e2e	d4eccfa917bb6d767358abd6afaecb9b0cc15c1ae6c29f177ae3f2ee48fbf63a
1f645-200d-2640.png	assets/Woman gesturing no/Default/3D/woman_gesturing_no_3d_default.png	775ccf34494408265f8b3c496830c0a6e34757aa8c66e8bdcf1f0ea1413cbc8c	7edf6d27ce439a1c4502efe19afdc51501a3baa5f83311d9ac608803aa2efdc8
1f645-200d-2642.png	assets/Man gesturing no/Default/3D/man_gesturing_no_3d_default.png	489b4f5d3b75ccc2017c3e015eb3b73ad70204b6c50d3b77fa600456b4407780	c463db5ca0ae80b8e295931dcb68427acca7695d20104e1538cf8ad634254f8b
1f646.png	assets/Person gesturing ok/Default/3D/person_gesturing_ok_3d_default.png	a646ff16fc62760c37c324e4511b7dc7e2be29020cbe3dafbc807e6daee19ca7	bbc7a97fc5ecbb754934febd92a3e39d119ff7bdfa111e2594beb894da3ddded
1f646-1f3fb.png	assets/Person gesturing ok/Light/3D/person_gesturing_ok_3d_light.png	b7730257edc600d21cfc8c70148191f0cbbaec596fa7ca2650bc032f270fff18	8ee935453975badb7476933810cb0ad9deddb82893b75c3d3b62e07bb971a404
1f646-1f3fb-200d-2640.png	assets/Woman gesturing ok/Light/3D/woman_gesturing_ok_3d_light.png	e1a61144ef9ddfa8d53eb77d50ecde1efc3ca262970ee9cda9a1ecefb0baa45b	8def18646b155b319275c6be49c23c8710a6a9b4ced4feefa2d34b43e654d0f1
1f646-1f3fb-200d-2642.png	assets/Man gesturing ok/Light/3D/man_gesturing_ok_3d_light.png	0df1fc0994c6891bba89e42742dd1f47ef3f12cf9460f5ee2f540fb269afdf4b	176fa00bff5c42b2727553335aa36fb47dacbafa97fd35b349cc9313d5a11531
1f646-1f3fc.png	assets/Person gesturing ok/Medium-Light/3D/person_gesturing_ok_3d_medium-light.png	2f48370592b0fce2818725c308cd0d3424f0d590a86aea0d4d989c68f5b49101	ed4996c89aabd986c500427fb1c6d9f92c4bbd494dcf98a19bf2de4d1f1c7a8b
1f646-1f3fc-200d-2640.png	assets/Woman gesturing ok/Medium-Light/3D/woman_gesturing_ok_3d_medium-light.png	f917a27e5b21d4beaa6126b0da67080d40fd4604d3e1c121e3cb287d2eee44b5	041a8952c1e064f5456dfb97f72f3e5efe157660b92913a7f32dfc3e5bf0f958
1f646-1f3fc-200d-2642.png	assets/Man gesturing ok/Medium-Light/3D/man_gesturing_ok_3d_medium-light.png	95874974452cc5f44303e611c0f9c4fd6ab5b00c65e06d617df0bc1af4aadbbc	4e665ad35377d0ee42fba81b396ece1cc19d30002d66d01b7b298218e9138ea7
1f646-1f3fd.png	assets/Person gesturing ok/Medium/3D/person_gesturing_ok_3d_medium.png	61f6952cab6fa36f3fd1518544160d1ce56eb7fbaf5457f4bbd82c25f0e52675	868833f9948f0f1b4e6b86f93ec5996dec475571efd03b0dc29b4311734676c4
1f646-1f3fd-200d-2640.png	assets/Woman gesturing ok/Medium/3D/woman_gesturing_ok_3d_medium.png	eed734ada7ab2717f2555241781c3ce51fac3d389e3b1a5c30c26258c226c648	caf80f790028e9ed03dfbf124a67561fc872357b816ccfc2b0d4582da059eac1
1f646-1f3fd-200d-2642.png	assets/Man gesturing ok/Medium/3D/man_gesturing_ok_3d_medium.png	78191dbcd7dec6fae1610132123bbd028a5664512fd3993ffdec4895d2986c9e	4804ca59c276ba7ef2bc3b97f171dc9f8d65ab5ee6632f47c3cff92a7b573e80
1f646-1f3fe.png	assets/Person gesturing ok/Medium-Dark/3D/person_gesturing_ok_3d_medium-dark.png	43c176de951fc8a6d30e7ce7bdfad3212c7d9137c983670c7b627c04de174bf2	218bda8b64924e22ca18871b00740d3dcb92ddddf4dbbca9ece4d8f05f015a04
1f646-1f3fe-200d-2640.png	assets/Woman gesturing ok/Medium-Dark/3D/woman_gesturing_ok_3d_medium-dark.png	913eef226eb71898381ca6ba232101bf512e887ae11a2250765c666493812bbd	6f8dd535d40db13b55b4d57f80e26fa48b2b5d131004420862a4715987d230a2
1f646-1f3fe-200d-2642.png	assets/Man gesturing ok/Medium-Dark/3D/man_gesturing_ok_3d_medium-dark.png	409f668016e467e7b5c4d831f0925040d1156e57b26d25b04b1135139176bcd9	9bcfda5ecb408c1f3c556532f05b1bc02f6c20453dc0a4fcc7e827618029d380
1f646-1f3ff.png	assets/Person gesturing ok/Dark/3D/person_gesturing_ok_3d_dark.png	5bc290bc49a8ac361ca1a6ed39abd0c17c3612bf9611d6ac3bb622c954f55f05	e2c3a628034ec6ee10efd416c67e60a96b724f0033f2c28e5f11545da06cb2b6
1f646-1f3ff-200d-2640.png	assets/Woman gesturing ok/Dark/3D/woman_gesturing_ok_3d_dark.png	4bf2dc6695dbcbd963d037bd2a0b74c0f566d99e3c8dd4999b830bc6667160f6	1e098c85c04510f718d91c697e1bee5de6eaacff5d8ef9bf7762baa383922470
1f646-1f3ff-200d-2642.png	assets/Man gesturing ok/Dark/3D/man_gesturing_ok_3d_dark.png	889acad40443fedcf99708ba82b85f5f0bf3b9b025ff62b9cce7e1149c223a70	49a1d77e7d7895fff003f898a983ec82f4833a3d5da2d6dc8900caf4e28e5eb3
1f646-200d-2640.png	assets/Woman gesturing ok/Default/3D/woman_gesturing_ok_3d_default.png	dc8cb88ef9833325a34180182df080d3524c11fe0e5a7c46aee92fffcab04ee6	4fba6ed4a73cf3c88c167e8231230e57cb4af1db1be461e3e5c84a8885c21de9
1f646-200d-2642.png	assets/Man gesturing ok/Default/3D/man_gesturing_ok_3d_default.png	dea45de86e46eb6a2def00fc24d9a8fda90dec2afc7d1270a0f2e14acb1b9d13	3821807eeda581762a23ff517eddfa1673632315b5a48d172ca06f0bc5445ad4
1f647.png	assets/Person bowing/Default/3D/person_bowing_3d_default.png	028f2d7c0ee2be561d05eadd64250969022b551401f6ab962885a317e8ab3277	f85d8350135d0c0665681f1e174109aae8eddd62e36489b73b6b21f30bb55181
1f647-1f3fb.png	assets/Person bowing/Light/3D/person_bowing_3d_light.png	f8e57aaa7026510b6d75a208044c8e4634316ca79b85f109c17448f48a0ee58e	cc2385e0d8df3a7a821478d2d87e037b237ffe717118849d27d396093e490b81
1f647-1f3fb-200d-2640.png	assets/Woman bowing/Light/3D/woman_bowing_3d_light.png	ab6869067da17c4e942f1bbf668ddce5c00521abe97ed2d0bc84bc3e475c13b4	fd47213120d65c4f36cb700f3c1b6a69a2d9ffc6e1e2a5495c457d223c96673e
1f647-1f3fb-200d-2642.png	assets/Man bowing/Light/3D/man_bowing_3d_light.png	b48d57142c88a002a7cf7a46547d07e3e19759d5de829735b7609a7c9dcfd9c6	414131ffa98c76801b93495498d83458fcd4b89e24ea7fd73c8c9c98b52c9bd1
1f647-1f3fc.png	assets/Person bowing/Medium-Light/3D/person_bowing_3d_medium-light.png	4ce8cc243ccaa205d41af5ef5cc943a138c55c3c3a71a9cd94d6a4226f906de9	efd33e3de942e7599dcf267bcd3364813a54221e9064475733737a2e430d5ef9
1f647-1f3fc-200d-2640.png	assets/Woman bowing/Medium-Light/3D/woman_bowing_3d_medium-light.png	3b08be504ed0409b00c740f15a191e7f98b90ceb77837d229631dd44059e65e7	ec471330ec6db3ad1930f512a44006e1dc99365d3cf92a15a908194377eae358
1f647-1f3fc-200d-2642.png	assets/Man bowing/Medium-Light/3D/man_bowing_3d_medium-light.png	344333822afd1b22cb4827ff8cf5b359cb58c0450cd47c711624514190313fd4	ab1b29d82b0e77dd17f71f83ea315462379f076547d22f1585cf52caf265eb67
1f647-1f3fd.png	assets/Person bowing/Medium/3D/person_bowing_3d_medium.png	abb184ea0ebeebe17fee9a6dce372117b7327e1afb0e4752393110fd4caa3307	5d9b77b21863aac65cd508f548612116502edb6161f883543a5ea129e2a3dd58
1f647-1f3fd-200d-2640.png	assets/Woman bowing/Medium/3D/woman_bowing_3d_medium.png	20f525f0507310a1a7a947857b4bd355308c87f2fc10584ab5b193d0eee02bbc	48c51ebf3f1fa0b8bb63179b25ec4e29ed3e68acb1516c834192cb3ed1bf85d4
1f647-1f3fd-200d-2642.png	assets/Man bowing/Medium/3D/man_bowing_3d_medium.png	331ab989906f30b277a5dc7d1476021ca3387672fd886ca1e44757c94cd9c848	e6a9e0c4d58facc532300d9c909999b3acf1f82ba42b1d7b3c170bfb49d7b521
1f647-1f3fe.png	assets/Person bowing/Medium-Dark/3D/person_bowing_3d_medium-dark.png	b48502350e151e50de1addd0bef103cbadf3412e78fe1a9692d0cc5a8e796b7a	d617392160e757a70335433bc0af7a73a6467fea0f185486518d08c93b62d15f
1f647-1f3fe-200d-2640.png	assets/Woman bowing/Medium-Dark/3D/woman_bowing_3d_medium-dark.png	61b5187cb62e82a5b229c9c3e364f671ddfa01c1af682cfa21f2ffdd6657d29b	ec8c4d55fc82ba83c4ec4ca5e72de1a3958ced6ff6ee78758ae8a6c3f391a8b9
1f647-1f3fe-200d-2642.png	assets/Man bowing/Medium-Dark/3D/man_bowing_3d_medium-dark.png	59f9dfbdf9ebc2ccb471be6672c64cbe80fec49eedcb081da88e9e39c2af5b3f	fe607ed62851474974c15b26cacc7be7d9cff28ee0fd37eeb78694f7e114477a
1f647-1f3ff.png	assets/Person bowing/Dark/3D/person_bowing_3d_dark.png	b676088b0eb650cfdbdca6260c849813394d14487f040585b49376196e721b44	44271ddd5e6f31c282ffc7a7ecade0ce779209ddf215c07eb302092dc36257b5
1f647-1f3ff-200d-2640.png	assets/Woman bowing/Dark/3D/woman_bowing_3d_dark.png	342c66bd3d2a86a23d20848c27d71ce9fc1aef1b45db2dda1dbf56bf5ac2d636	9867be1711f6a44c2e9752a9297bdfde3d744139e136e3f138af38f2d7f0d55a
1f647-1f3ff-200d-2642.png	assets/Man bowing/Dark/3D/man_bowing_3d_dark.png	89f739c92155ad382c1f7a2873cfbd16dd8268824ab8d2c277b77873dfedda95	39fd1aad3bfeadb1730e6a8640492e98fcdbcb8de87f2881392bb3929105b0c0
1f647-200d-2640.png	assets/Woman bowing/Default/3D/woman_bowing_3d_default.png	17b6d961af1d39973c35538c267c44d0036dd6ae48ee4d93c345b76f2b1ac5f0	1a7fab3175880d4fe39f44badf93c54067ba4e8491f0221b85ed391b94d0dba4
1f647-200d-2642.png	assets/Man bowing/Default/3D/man_bowing_3d_default.png	6c054ccc91fdc53e005d03d1e5a4b3f5af5697c604fb5f1c4d5a8011313a81ee	65bfd250884cf7b37980842cf3f0c6515d1c1e58bdf085346ff7b65561f1028a
1f648.png	assets/See-no-evil monkey/3D/see-no-evil_monkey_3d.png	778ab03efbed70f4ad56f947110666bef8c1692b2b4a395e2c69eeb91d041678	560fd9c4e3f998454bf0e7146da5ed35edf0f64c5a87797c918c52000b1522da
1f649.png	assets/Hear-no-evil monkey/3D/hear-no-evil_monkey_3d.png	b9a40dd888340a6197b5e3b6de2442fc7a51e5d85ba0aac43f87e0bf0ec484ed	1441fa840f14e443a5d7ea1c987583c63b19dfd3353fa457f9808cebf4ed430c
1f64a.png	assets/Speak-no-evil monkey/3D/speak-no-evil_monkey_3d.png	688ec8aef82991381312cba01db7c2fb27bc8f19b9b4712bba2dedf1f63c76de	04ddf05e2fe860fec54e0fbdb9aaa7b0e1f383889f97046bb176eca023f817b5
1f64b.png	assets/Person raising hand/Default/3D/person_raising_hand_3d_default.png	5a4d204f6ad60de492241816e0d963e73324616c97b3f340a4b5fdc46598d645	17159fff37484b1ef2d2b919dbcce3f4cd59fd58996f1bf51bc69d66729281e8
1f64b-1f3fb.png	assets/Person raising hand/Light/3D/person_raising_hand_3d_light.png	9e3b8b6b0146c05c028071bbf47b24362e574c4b6bfebd9b0b2b74c5129d1a0d	66153a3d57b4b0737a8437aba01529c8f893a38bf3d50bde295e9ecd6dfab946
1f64b-1f3fb-200d-2640.png	assets/Woman raising hand/Light/3D/woman_raising_hand_3d_light.png	e31275667d72d81997b3f4ba46a132c7853c8f7d5c7370477717d4464c58b2c9	40026164b766c63b6a75290fed10ff40e255bdc4e5dc8fefcb5bf4121f6ada71
1f64b-1f3fb-200d-2642.png	assets/Man raising hand/Light/3D/man_raising_hand_3d_light.png	4a77c81be33f9448c8963ee61764a4a44671e325a148cb0d9b77b26dde5cc6c5	bdb96d86cf1eb7f9c61944a85205d3c79137ba5f9b1139c09b9358e4e39ee8b8
1f64b-1f3fc.png	assets/Person raising hand/Medium-Light/3D/person_raising_hand_3d_medium-light.png	d551e18f5919eca28f7930a6ac798ac705fcc5d14b323e2ddbda62b306c60fcf	f34a96d139bee10d900d8a67d0e35fb267d602c472f4c5df09ce980fa6f85f42
1f64b-1f3fc-200d-2640.png	assets/Woman raising hand/Medium-Light/3D/woman_raising_hand_3d_medium-light.png	e1cf69a2d1b507529f2704449c2c1bce9fa52860a347517e0862e893bb7ab390	76b36f5d83812ad6c9ef2d5464de9cad3ef8611d2d32a2778ef816407624499c
1f64b-1f3fc-200d-2642.png	assets/Man raising hand/Medium-Light/3D/man_raising_hand_3d_medium-light.png	11b2e21221f82be11f88d27ff14468f5bbe6effebaabc85e5c8b88b134fa791f	2114737c29fa3da9df5aabfabf7882629f7a24a2cdc04dc76e82dd053f9a1334
1f64b-1f3fd.png	assets/Person raising hand/Medium/3D/person_raising_hand_3d_medium.png	e99ae3ec7ea615b3633bd3b44cf5d578c9b13fa6d733357f949dc9e01b5c6316	70ce62d4ace0372c84afe5aeb00bff36afd5cd6a0a59bbe0e76e95f9069f4ef9
1f64b-1f3fd-200d-2640.png	assets/Woman raising hand/Medium/3D/woman_raising_hand_3d_medium.png	d98b686d317b21eaef1c6717d9a89a736274233b79643e858aec3fb61a4c8bf8	fa0a630ef214698cb54346081de52d1eebc63c9190b3781933fa120b340c568a
1f64b-1f3fd-200d-2642.png	assets/Man raising hand/Medium/3D/man_raising_hand_3d_medium.png	77f5ffa1b5e052dd8837f6b4ed48148e657acc3d7b89bae44b9c5bf8aad5c8df	049df607e7ba1d8b9253fed67c9eacc479bd8874bd05bb4d5f25525993be0e43
1f64b-1f3fe.png	assets/Person raising hand/Medium-Dark/3D/person_raising_hand_3d_medium-dark.png	14358404677145d4e90c1be08d86781bab7eedab8b2d5a7ef997c5e6515fb00e	3291eaabd4d1c186c2d0633cb3a7ab5671eef2cc19227477851edcece75842ac
1f64b-1f3fe-200d-2640.png	assets/Woman raising hand/Medium-Dark/3D/woman_raising_hand_3d_medium-dark.png	29d61473fe316c9494547a6cda6dd10702f0006a3b50da635c01e307bad60510	0feaaa42f15f16d7d4b3317bd0d7374ae78f64141cd737fde7f7601c9ae1f6fa
1f64b-1f3fe-200d-2642.png	assets/Man raising hand/Medium-Dark/3D/man_raising_hand_3d_medium-dark.png	dc4a9949a5927a3968b768680948e758aafd7be16ce5094cf86656cf3abff13d	b35270b3abd01a2f15dadc785b74a635b5cbf1ae42c0a5adfd2275b3a8056ca6
1f64b-1f3ff.png	assets/Person raising hand/Dark/3D/person_raising_hand_3d_dark.png	22310192fa923a0ced0e35874d002ffdaf9e215923e390712fbbfbbe9f4ef42b	390d4967285fb5e355deed31f0d8b841446bc8a61c648995f5a6c780b4cb2784
1f64b-1f3ff-200d-2640.png	assets/Woman raising hand/Dark/3D/woman_raising_hand_3d_dark.png	674b1f6fa9046600b3f32568053e5d4162c252161b9f6dd8ad4fe8d2bf585799	0d6bf45438e1d10a3bd846685b69a802e0f744235a1386b58c2cc3746a899869
1f64b-1f3ff-200d-2642.png	assets/Man raising hand/Dark/3D/man_raising_hand_3d_dark.png	05c7f67b87ef75346fcb889b08c4d1a377fc3f7dbf6487d771a5414cdfa5bf97	1c25d1e33f4eeb5c2bf2c111b3d2b4625a2252a0f95fefcdd6b546a3f5480725
1f64b-200d-2640.png	assets/Woman raising hand/Default/3D/woman_raising_hand_3d_default.png	cbaecd216e5ffeabe96cde8754192dd30b7b939204f71ddb84521c3712afd2ec	493264cb9bd686f8faaa0450eb844cfea659c082338a5610cd825a13839c1bde
1f64b-200d-2642.png	assets/Man raising hand/Default/3D/man_raising_hand_3d_default.png	202e33c92ad6e7c1596c27155b942ce5935ff7ba8f68dcdfc583ccb43a0f8801	191a8dd4159d56f76c082023de5f1e026342b5bcea8ee8cf8fddb2eb56a1f31d
1f64c.png	assets/Raising hands/Default/3D/raising_hands_3d_default.png	e645fbc6c7e174cb74ce168e4ad7d360d3aecc56bbadabbcb51a6d80c9375992	69b4aeee80eba66b756bea4f358c54eff4cc0b9a55309148c5ac472389cb1357
1f64c-1f3fb.png	assets/Raising hands/Light/3D/raising_hands_3d_light.png	41f197edfbf62986713a2581cddd8de609ec039f78010b19a1a46eb864380e56	490ba2eaf90649ad0c76cf2ca3725bcc20fe484ecc0cbd5be40352828330a71d
1f64c-1f3fc.png	assets/Raising hands/Medium-Light/3D/raising_hands_3d_medium-light.png	db0f24e5aea05d8d908183f07e6b22b1217f04dc71df4e5a5d7fc5a4212efa26	48a683516d6ee7c8e728f017a4bea0c4e7db5a5d005197962feb77e0495fbaa7
1f64c-1f3fd.png	assets/Raising hands/Medium/3D/raising_hands_3d_medium.png	a67ea1a9aa9e96b391d7df628f587be9fe34860a41848d684849c38dc00573f9	2acb3977e69804f8179346091fbc7ffe96cf104866658b3fc37198eb43be28fe
1f64c-1f3fe.png	assets/Raising hands/Medium-Dark/3D/raising_hands_3d_medium-dark.png	2bdff2b8ae71692c91ade6ce5a6b0feefe93ca45b62bda75889d597acec40434	e792f6ef308c63297cc6e8c9a662cdb34993961187f0171bd058fea60a724ea8
1f64c-1f3ff.png	assets/Raising hands/Dark/3D/raising_hands_3d_dark.png	7fdf1408f88c087b0e2ebec9c8bbb9155ede1bd3ef96916e202e2bf42366f5fa	0262d83f53fa729675756b70ab11a6ee3f96bce505e44583d2cca55d5f971d01
1f64d.png	assets/Person frowning/Default/3D/person_frowning_3d_default.png	2a115d196ae414c030f3cd2ab6aba4ae6d384c13f936b933cf89d78274cc5ec0	9e81d12c9d70e240f62866b02304b62eeb5885e193b137e9d474b06c61efd5f6
1f64d-1f3fb.png	assets/Person frowning/Light/3D/person_frowning_3d_light.png	6192a7c1f89ebfd04d79eb65ff6fe051560ec6dc8655b71876f46b32bdb62eba	d4592997b1f433596fc481df1a51843bce6f9d63dc32dac4d791d57ba5036803
1f64d-1f3fb-200d-2640.png	assets/Woman frowning/Light/3D/woman_frowning_3d_light.png	496d76325cfcc7bf9000a8d1208395842bc0990f835d30e5956af4148ad3cacd	29b645b2a550ed5a20c93dd22ab2e8fd405ca3c2448e46de7a5777f75d547d95
1f64d-1f3fb-200d-2642.png	assets/Man frowning/Light/3D/man_frowning_3d_light.png	a6423bb4c9ba3240ddf30bb9557ed34317c354768add2f18fa82abe920c38008	f775e445b5793a43b4a587f97313486cdef728857b6fd38effec4ecbcb745503
1f64d-1f3fc.png	assets/Person frowning/Medium-Light/3D/person_frowning_3d_medium-light.png	85c7cf4f11fc21403472057d301ee88c2bf39f83c93e324817e43403943cf704	0dea28c500d2f773149eeb52bc801be8022f75b8429036bc23e8b5e9b1bd26f8
1f64d-1f3fc-200d-2640.png	assets/Woman frowning/Medium-Light/3D/woman_frowning_3d_medium-light.png	38d04273e4554f43e943978a9133e847238154345a0264d8fb2371f5b361c5ae	1333598f1e92961404fdf39e1e7ac83676396a8723ce69365ffbedad5eaa161d
1f64d-1f3fc-200d-2642.png	assets/Man frowning/Medium-Light/3D/man_frowning_3d_medium-light.png	2726abcd0dceaa48bb01191969fda3221ab4d58ae338a2d010a619f6c755c8cf	688b914ac1d2776c9665e166210e3dbe7628113c48073712c0bdb4fea79eab85
1f64d-1f3fd.png	assets/Person frowning/Medium/3D/person_frowning_3d_medium.png	4aa7bfed5ee85e523751844f3f0ab720e7b1dc4ae049d2820344fbee516cadac	39e390d537483e721e167501607617a27e8cb78f33339b06717e6646a582019d
1f64d-1f3fd-200d-2640.png	assets/Woman frowning/Medium/3D/woman_frowning_3d_medium.png	0b321d75bebcbad6e913e8c51d256af8c562be48563f2aada7faa849bdd62ff2	f0f21552b3c56980ff8fd313aa6658eddee08fa4a6b5367f36b264f233e57256
1f64d-1f3fd-200d-2642.png	assets/Man frowning/Medium/3D/man_frowning_3d_medium.png	a6ed0e88cc97f79dcbe0199cf6fae31b7d9252db889f4cb064f7d7eeb674e164	540145cbaa4e52c7a32264d006d983733dd37ad5f47f45b08956329b2cfe2080
1f64d-1f3fe.png	assets/Person frowning/Medium-Dark/3D/person_frowning_3d_medium-dark.png	16788a5dde6aafa18625c2aef4bf0f2185f477dada28930658b9c1ba1b65715b	ddfac73a82f135bd2504cd813ae031dca23a159c7907cd88dfa8c96d18a0b661
1f64d-1f3fe-200d-2640.png	assets/Woman frowning/Medium-Dark/3D/woman_frowning_3d_medium-dark.png	c5f9d79b7763a0ef5388d569bb0dc97fdb0b1abe96f13ecf06d1f81e1c1a12d3	1070a3e8420f6fb9f29d84db89e7dcb8b413ab3cbb094afbfc00bc055980a83c
1f64d-1f3fe-200d-2642.png	assets/Man frowning/Medium-Dark/3D/man_frowning_3d_medium-dark.png	a4a2bf881399b790694fc08ab7c7edd52cf0d512dd5c07e4c2e3a2b8a0878959	46c93a518945589728721f407b59b452b0972277cffaa33586615b934f946825
1f64d-1f3ff.png	assets/Person frowning/Dark/3D/person_frowning_3d_dark.png	23f68ec7ef603b7101dfcd493f3f72cb4b7aca6818b41a9f1ab8d69b46c4aa77	73ababa73cdf8e1fc6eee88aa33365fb1aa16d33789083db870dfe11bc7cede4
1f64d-1f3ff-200d-2640.png	assets/Woman frowning/Dark/3D/woman_frowning_3d_dark.png	76363cfb0f8a18261c56fb92fa5f0a934dcc2a145b283a955cf985f99e822b53	e8b53e1d96afc0e950da7e038ae4624ebf09c88cc67a21ad3f20c11329d57eb9
1f64d-1f3ff-200d-2642.png	assets/Man frowning/Dark/3D/man_frowning_3d_dark.png	13c8b0326c4d76cad7caacace2a7cd2ac9c850f08c08e2538459e8bbcfa1cd61	8a7c4c1e91d6035f3c13831ff2759989451af9f366ee81f7ff6774dc91d89034
1f64d-200d-2640.png	assets/Woman frowning/Default/3D/woman_frowning_3d_default.png	88cf7110f34fdbb831b723385d1f08132010066c0ae843d10f4580da86814795	ae95ddb2eb180d92f95273e265a8eb313276ad09bcd37a9fa18c2b4ce93dfe03
1f64d-200d-2642.png	assets/Man frowning/Default/3D/man_frowning_3d_default.png	803783913c8347d1bdad604e30a05e8a9aa2bcfb320bbc0ae10d8b8736312fa2	bc17aad9cf929b5c256e106c2e82e4eb9398a23d4a0628bd1ffae3e2cb115999
1f64e.png	assets/Person pouting/Default/3D/person_pouting_3d_default.png	fa46f49566cfda7e4b4f9740418cd854927bd128c7510af2a2de204a7a6f2afe	db38fad180758dd406d4658c7157672a3040316d280b10ec3344163019cc7deb
1f64e-1f3fb.png	assets/Person pouting/Light/3D/person_pouting_3d_light.png	d62717fa97005552448bd092f08b8ca49895be3e4ff8144efae34ce3d35776c6	5de08652566670cc25d7013716ee71001c12263ea1d6c66669a233fbbaf3ffca
1f64e-1f3fb-200d-2640.png	assets/Woman pouting/Light/3D/woman_pouting_3d_light.png	3f57172206320a2b586e9cc59a3074e90e77d94c9a6d8006590e657090709577	f684c50514e4e66cb029b47f9c268c48d9619c623f05237e8e721c544fec43fd
1f64e-1f3fb-200d-2642.png	assets/Man pouting/Light/3D/man_pouting_3d_light.png	1615f750c584da7a9e127f42f67ce2a9fd9b9472b1c15e6cf06aab46b4d0540a	7db0c07c78ee13691290beaa301a50f7604a60c90e38ab7867fdbfe5bc4862d0
1f64e-1f3fc.png	assets/Person pouting/Medium-Light/3D/person_pouting_3d_medium-light.png	f38868123fa4d22e9d1d494b32651a68e4f9495d2001504bd4811fd768e084dd	4c854f8d15565d9baeba49767ffb4b755d97c9af12078fb8e589d5afb6fa3552
1f64e-1f3fc-200d-2640.png	assets/Woman pouting/Medium-Light/3D/woman_pouting_3d_medium-light.png	3d95833011bda22567c07006747321ac363d5c8828ecaa64b2013979e0d9ec42	650ffe49734ac10a598a438dfeaacc384d59548d59ef4fff4158a2ad5387b20d
1f64e-1f3fc-200d-2642.png	assets/Man pouting/Medium-Light/3D/man_pouting_3d_medium-light.png	92f0416b52cd63bc0ffff88b493a0dcb961b24b1894b36b5ea1ccdbb3776af7e	ddc87b6e0315b23b998f7d7fd678f2bc6cff2b301ad35be92607bb0ee3864daf
1f64e-1f3fd.png	assets/Person pouting/Medium/3D/person_pouting_3d_medium.png	54efba5a1d9f4df99d6160b9f1333dff77d7046c49acb43f39e31ff00a9f0998	0b9901525c39d5f1988a73dce0c0c3c9a98a7e8b29bf65cb60a8bee90260da5e
1f64e-1f3fd-200d-2640.png	assets/Woman pouting/Medium/3D/woman_pouting_3d_medium.png	72773587584526f486df116a694aa6285490a2ef5805e061ff0cbf051864c1ce	2cb555daca8d3cdc330892c7b5fd605ee40d40fe1ef9d59c5a9556d5fdd794a3
1f64e-1f3fd-200d-2642.png	assets/Man pouting/Medium/3D/man_pouting_3d_medium.png	f3f511df0e789f633c59c377a07a2448b37bf02cf5f6a0961cb36d41d2340ec1	e0e40cf08787c484a733a55b632441281553acb1183e777570030b8a40ec8c4f
1f64e-1f3fe.png	assets/Person pouting/Medium-Dark/3D/person_pouting_3d_medium-dark.png	a05aa3c114566a64102bf4602c7a4a1e07006aa111c99120563c2af75db59dc2	765a8a1442f5d0dd53c8fae9190e63ff11c4b5261c057b38d3fbfed31f801cff
1f64e-1f3fe-200d-2640.png	assets/Woman pouting/Medium-Dark/3D/woman_pouting_3d_medium-dark.png	43592052dbc5b24556da6a162dfd386fbbfdebb8edeaab1daa15a9dc2f76d266	9bdb23f3d10559441047d202d362c2197bd68652aebd87965fad4ba13e9a4643
1f64e-1f3fe-200d-2642.png	assets/Man pouting/Medium-Dark/3D/man_pouting_3d_medium-dark.png	02603dd3a19883de0f2ffb9b1aa93b3d383001bcdcb0611beb558070602a46d4	083916997fb37d24fdf4f0112451dee1c0a11976572e552c465394c0f248fa9c
1f64e-1f3ff.png	assets/Person pouting/Dark/3D/person_pouting_3d_dark.png	a5950f04c456db736ae4430b081a692523bdb28c74a73111807b7541c7208614	f0ac64cd4746a77a89b0458b42643ab8914e004efeecb8182ad4571f24e7a524
1f64e-1f3ff-200d-2640.png	assets/Woman pouting/Dark/3D/woman_pouting_3d_dark.png	569baa5099124d96cbc9e5910ab08e8e9f0c8e54e0bafc188c73978c0b06e8af	196b7a389a6ba4f1705254ec196fc30eab1de436be8a9d6c2ce95c1a77e274b1
1f64e-1f3ff-200d-2642.png	assets/Man pouting/Dark/3D/man_pouting_3d_dark.png	6ee6d82e5354826213fe7a9215e8df1f7e201c666d19449b254b344afc7aeb55	c293aff77e83dd3c3fffa1fd5c753668bdc8e4b6fc92d694ecb5edff0dc988c9
1f64e-200d-2640.png	assets/Woman pouting/Default/3D/woman_pouting_3d_default.png	49eb4074dd75ef9fa45d624c3d261c1793e7a422a24959c2bc0717b14dd797d4	4bc3e5666c5e38d6b7e131b51976ece6714d6db45be9e9dd192e93a5ca9bbaf5
1f64e-200d-2642.png	assets/Man pouting/Default/3D/man_pouting_3d_default.png	0f7bd9507489e5bfd7fa7ac14af52c4bf2be0ea59c30dc313a67bbffd51ba294	404dc69b4e680835f64a9e7ce4e5d73878e1c129c5695a56556b21ac87f60806
1f64f.png	assets/Folded hands/Default/3D/folded_hands_3d_default.png	69090ea19b7741e691f878fe3f1649a8d18f42fc59e1912ea799bf4e35045039	273f4b7bcfb680245b4e041ff7a0464c7f20602bfd9f116c83724544cd248cce
1f64f-1f3fb.png	assets/Folded hands/Light/3D/folded_hands_3d_light.png	9095776d0d10c9e891dbc2494b001743ba060c54030b1dad95b8e150193001a7	092c6261a02a197d2d1e3e41166364abc834ea94509d9fa1594404a766b6d766
1f64f-1f3fc.png	assets/Folded hands/Medium-Light/3D/folded_hands_3d_medium-light.png	5784fb77957ecdb4e4267f28f2567216c9268e9d05184df210ef1f4bb9f6ea8e	f68cccc5ac8f74df9f61118fb6e30872b789a2706dc6e18612b42b3ad268cb72
1f64f-1f3fd.png	assets/Folded hands/Medium/3D/folded_hands_3d_medium.png	c6ea6dc488aea4d18a2f428a74ad01940af9ae999440e720fc0f3a6ae36a5a44	6a26f163783b8c6127c39fe9e80eea60059b7f2686791ab76f114c32c3f67dd0
1f64f-1f3fe.png	assets/Folded hands/Medium-Dark/3D/folded_hands_3d_medium-dark.png	32f6c6e956cbd1cb649d224b84213db3b64cbca7d31bdc3c5871bcd878e29a45	b9bc6714ea6227f1fc1fb67e1d20c8d32b348dae95487b2cd4c88a66f5d2be54
1f64f-1f3ff.png	assets/Folded hands/Dark/3D/folded_hands_3d_dark.png	b1f28e31f50ff7f11e44c0c17d6cfa66a24ebef83625b4dc8cd293cfeea5760a	2288fa15cc69fdea706c9e4e4b7875f754fd48c7b99abd0b7fabb26ff54fb63b
1f680.png	assets/Rocket/3D/rocket_3d.png	4636925a1dfc76a45dc83c08b983699d39143a0978f794a4e2dfb6cbffdcd7ab	f19babe446eaba6f5c85c902860467433eb22ced00a0c472bfc572e9dd7c4ae1
1f681.png	assets/Helicopter/3D/helicopter_3d.png	0899940cc72b6833a8bbfa0ffafd1d0590f40cafa29f7398885f3717bab4f438	360049933094111bbd0354acac3af6db01f1fe55e4bfbdf918c4deaa66e62153
1f682.png	assets/Locomotive/3D/locomotive_3d.png	4ee5fd92113fec82f486ccf3c1039cf17a250be2c11d003ed1cda6cdd667b5d7	b190e520da81c9ed1924a30f080ad6f45bfc854c09e87a1cc7a54a04b397e053
1f683.png	assets/Railway car/3D/railway_car_3d.png	af7720f7c95146062789c4031415c10693f00f525190e840bb20c3453d1e89bb	104e25e36ef1bdcba2f1c6bd0a0ec5b6607258a978e15b1a863ff67e5a1721b8
1f684.png	assets/High-speed train/3D/high-speed_train_3d.png	ff71e1b77b516a264a4b49117cb046389aa416534e55855316cc5bf76cae3ba1	4a733194fea0aefc29e7cc595198aa6d9dc60f5aa84a6077fef55193f19c900c
1f685.png	assets/Bullet train/3D/bullet_train_3d.png	e5c422c1e1d1b502deb68197b0757842d0f2f701127ab1cf69ddfcf29965c046	483a9a9f5221b813763750dc6f72199f61315fc5640a3702d94c8459642935ac
1f686.png	assets/Train/3D/train_3d.png	26a6eeb706ae0ebeb7026b65f9df22a24321ea408e8a40fd10e28d411fdd91a3	587c97ef1eb0ec0ead0b7712279fc2021c7048e3a3b98cd0394c7da0676fc20c
1f687.png	assets/Metro/3D/metro_3d.png	a886509a8344ca2f74d05849c081873c7bc6e1f4de47b02dcdd7d5345a0a83cb	440f2cb7b7650c7ac2e5bf2eadc633c0fd40df7555802d087bc9bff2d7d08d81
1f688.png	assets/Light rail/3D/light_rail_3d.png	b999f0b2942b436eb0caac2940737ee4626b19e375ae134b185264cdf4aa836e	ecb161b225303823374b6803e2bd3ba77e50e030c8e4a3a4f1cdef05f5ca80d9
1f689.png	assets/Station/3D/station_3d.png	56576d8e5a206f643a5da96573fac4bc8fc2f15a59ed1f660ab4186dfacda6e1	d3d6746a649a4432e7153d90b680809bdf08f4e44987a31d93af6c648449da48
1f68a.png	assets/Tram/3D/tram_3d.png	dffb6b37fd14b2a3298ceb0caa5aca0c559b2b7c2bdea2078f5e2de7566b97a0	1c63f889ea05577037eb217a097245a37077f9d1fd4f7c1610f1536aab810d92
1f68b.png	assets/Tram car/3D/tram_car_3d.png	317197f0a0046b492ad50e4926fca709bd7133465bb387aa56958d9bdfa9ad3a	73e083e0a9517464a2dca4750d9c2e330bd4775407befd5de8f026d371af7cec
1f68c.png	assets/Bus/3D/bus_3d.png	d34d9d19e0d9f2751f464905561a29e6c0031fb43f24b3af5ed8d56586a6ed5d	ffea4b3f1b9600e0d1d0ad3809a7a59418d12aa2e32b1d2fa76617555617133e
1f68d.png	assets/Oncoming bus/3D/oncoming_bus_3d.png	e3b70b347f3abb1e0bdace2b6ad20b0add073c7753caffd3aed4bcc104ce8e51	fa4424dda89d623aecf2c90c6d65e2ae6686ff5f27011e0ec77c12fe08a30a5e
1f68e.png	assets/Trolleybus/3D/trolleybus_3d.png	5438b6ab21316e7026323b8156ef19c33ba11a7c7ddff1dceb5a9d7ab24ed727	5a6af1a0aa88a57784e089cd1c168f4f26e8f715dd3bf6da5d3ff8a6495d09a5
1f68f.png	assets/Bus stop/3D/bus_stop_3d.png	13b5edcef691571ef26f98747c5bc80269831591536b1bbe3d8434717fc59520	ef3c2b3d14d8ae6f857b72a500766df91a0eefbdb7635305e8543c249c731e8d
1f690.png	assets/Minibus/3D/minibus_3d.png	83c862c3b69f49aa4b72f11a464681c19821f189a0024cd4e494aeef3fc3d252	1df5383eebe1d596a07bb34efb316e9b509649e6fbf855a236909f7a1fa18e7b
1f691.png	assets/Ambulance/3D/ambulance_3d.png	8709daea147cbd1a20c2fe743b47372b3fd5190227732ad07750f0c70b4aa3b8	61a715dc1d344851e10117809297654d5fc4cc456714a4c4544551eda440858c
1f692.png	assets/Fire engine/3D/fire_engine_3d.png	23b4f5d37b3af3b22573c884bd9a0142b1ae1b38c3d75b7b74e02cd282b94a58	faf4aab9a5535aebecd0acb9c70b1607c0e2ccd164baa60cffb8195be802b76c
1f693.png	assets/Police car/3D/police_car_3d.png	709f851b70776b9be6667a236bb79fb0c68da9871cb5429aee6ce00f2d439911	b9d7870dc115c8c48cc44c1e5f574e8567e9cfe842627953e4a0c377a36f252a
1f694.png	assets/Oncoming police car/3D/oncoming_police_car_3d.png	6b8e0f8a2024ee054b4e7225587e8b1f92254a9583367d9c2b6014f0d9f47f15	d5058fa9bf880bde8f51f75488bea51382232d98c62da02dc616a89a41fe40d0
1f695.png	assets/Taxi/3D/taxi_3d.png	25f830e2bb1967f9560de8d313f69b5c24acd2ebad13f801a39fac1128266c02	6ceb02111c8b976533d696797c0ccc44e8b3308e8f9a2f764662786a86e148e7
1f696.png	assets/Oncoming taxi/3D/oncoming_taxi_3d.png	8b8c3adf462f4f402e24a7791f25933d54ce33abcbe9f41d438f36c04d98057f	b666545720c889f0020cce819d4a746213f0cd4804f38909dffd2a4fa1ae6d82
1f697.png	assets/Automobile/3D/automobile_3d.png	0fabb870cfe90fb7ba7cebfa689a0e62012ff5658fd6cab05898573d9d268b73	df359eb17e149804b0e902b3987316973721726a0a7763e4d0ab08f3c170f9a2
1f698.png	assets/Oncoming automobile/3D/oncoming_automobile_3d.png	0d4674adb6a3ddca7a61a863764e618dfba541d613cd896c06ddbe58a7caccdd	a4cc37b8567f2c00f38570b9204041bd3fe71aeac111ac61e26cf3b83b2a308c
1f699.png	assets/Sport utility vehicle/3D/sport_utility_vehicle_3d.png	7319474c2352a6d77238d52a4079e0a2850c88016746700bf41195a773dd3f17	1be2c385f7886f756d68b85e22ff1f223bf3c990dfff3cc01f45c5bc04c36f17
1f69a.png	assets/Delivery truck/3D/delivery_truck_3d.png	98c0b6e596c7182890fe72bce725f3d9291040dd262b562a514307c5d1aec94e	11888943896a96e6334c6bc43f16e856d48f988fd3cbb197046da46100204829
1f69b.png	assets/Articulated lorry/3D/articulated_lorry_3d.png	1a60ff8f1b602ae32fb07348217e4927d226c9d7e5ae927c61c48bd3ce29e588	b4ed384b37fdade445f7e2025677f175fb2e554ab352ac13f675598593e028c1
1f69c.png	assets/Tractor/3D/tractor_3d.png	3cfef58f89c14cced7ff9afe08990486e5587789996a75320e4c19bb06a1fc73	11958298fb838e4d1d3e9d82174aa9c5cf5191f35f8b7c9d44f4b6ccd64fb505
1f69d.png	assets/Monorail/3D/monorail_3d.png	16f2ce92e00934a3d8073a328d38eeaff26fd862ba26ba17ac5e00b68baba515	99c724e76c69af6b62b54ef9b21148aa129e3504098a62aec5ac7e2a8c3f508b
1f69e.png	assets/Mountain railway/3D/mountain_railway_3d.png	c7b2896c5f0c8b39e52c892a01b2a8f4b6e7054018764734d75fe4f6056ff4f0	5f61da015a5e58bdc8fd032919ceadbb0354025eed2d91b07d64edfdfe1ccdf0
1f69f.png	assets/Suspension railway/3D/suspension_railway_3d.png	6ca7bf556fd0df23475a857fc4c1019949818de4212a5655c5297aa266079c46	4fd16427ef84dfd529d75cee021b353d890b4bd0affab0ef32c3efebaa756d4c
1f6a0.png	assets/Mountain cableway/3D/mountain_cableway_3d.png	8554c422ba38f2c343f80ef1a930beca0856cc3895b1032a9ec10fe878bbecc5	65148abb73e05b748c0e170b9b8591034a345e70625252e38568c77c86dba57f
1f6a1.png	assets/Aerial tramway/3D/aerial_tramway_3d.png	035b46a2e1144ff23ad42d0cac2d6bd3f25df3469f3a786fc51cf3f415e0b832	6e38941565db5df8c46fb08649a5d47acf5ac16d2aac53ecb4cb503ee3d647d7
1f6a2.png	assets/Ship/3D/ship_3d.png	efa326a1a8be1ff81010877213bb81fbc953b5af58b78719960387b25a5dcbe4	a0972b8984f429b536cf88c15131c25b41521644ae93640ec1d59fa5cdea3a1f
1f6a3.png	assets/Person rowing boat/Default/3D/person_rowing_boat_3d_default.png	aea9c3f6c1c6241498fcfcf27ff7e27b0d1357dcb925b2337d6c4970928471a5	ef0575cf4feb3b4bc771eb212bdbd7803ac43da96f1d0988a0f4d7fab4a31d28
1f6a3-1f3fb.png	assets/Person rowing boat/Light/3D/person_rowing_boat_3d_light.png	a2897b4e683a3970842ddf9bc87026adeaa06e7e52fc6476aa545522a55e1dd4	4c8f172a1aefbe228528b17c6ffa30bf6450b60af823ab3b818bb38b0a1ee7eb
1f6a3-1f3fb-200d-2640.png	assets/Woman rowing boat/Light/3D/woman_rowing_boat_3d_light.png	4913d8a592a25fe9b25ae301bbccc41b7e1fc24645908339c9cfd38265ed71e9	1aa3a84cad78e65fb864cb4b85bc30f5a690e97da158cb2f9621465bf35d0b12
1f6a3-1f3fb-200d-2642.png	assets/Man rowing boat/Light/3D/man_rowing_boat_3d_light.png	95d70624b547a48137ca154d80832f189c758193167d72cf5ea7c08227d34048	b72903a84c8172fcb4db1fc3ea88d4cf6b19e2c8d62fd1c822f5dc31428f9665
1f6a3-1f3fc.png	assets/Person rowing boat/Medium-Light/3D/person_rowing_boat_3d_medium-light.png	320a1f4a757e37d376f217df0efaed735b4fadd6ce9d39150748b9d71dcd8048	1d4f6de74d0416bc1785c38af2b78f3c051a20d812f0221a34efea3aefb56e0e
1f6a3-1f3fc-200d-2640.png	assets/Woman rowing boat/Medium-Light/3D/woman_rowing_boat_3d_medium-light.png	8220e6cecc5f6efec40db58a50ed8dd2a3218dd66f3651ebb44191bef91c2c63	389b83a5b81184df6bb0c86d5891f407787bc06e91fc57509ce8ca86a1b0ea21
1f6a3-1f3fc-200d-2642.png	assets/Man rowing boat/Medium-Light/3D/man_rowing_boat_3d_medium-light.png	d7c6a4c8bbdea8632f769449d166a2f855511a71a7ab6b772050eef0622597f0	34228340ab1f8aa7fc475858c0dcea497deeb082f4ddffe103b7adb8f10f4d3b
1f6a3-1f3fd.png	assets/Person rowing boat/Medium/3D/person_rowing_boat_3d_medium.png	d7094e79f577fc817c45d7ea454f50df319f8b41a752ea4571d03432ded7a812	c53efb608246e58d4b9ee413d10762feaf4fc96ddd22775bacaa515b97f3f3bb
1f6a3-1f3fd-200d-2640.png	assets/Woman rowing boat/Medium/3D/woman_rowing_boat_3d_medium.png	0e7d9a7f33037b47a75906b92b95abba62551d907e8a3cf18a07ae8434e7c59d	4bb60e4804881b48f4f5485cea913d2ce67147c2470c59b0f2b08cb83b883c88
1f6a3-1f3fd-200d-2642.png	assets/Man rowing boat/Medium/3D/man_rowing_boat_3d_medium.png	fe68d015f4a9e50981bd29e0dc249d2c55729c558d37d507506962cd8e65668f	12c85c9a484278fb04e41583bd9b07d9df00ff429a4e3ad05dec1e16c631586a
1f6a3-1f3fe.png	assets/Person rowing boat/Medium-Dark/3D/person_rowing_boat_3d_medium-dark.png	3fd1bbd44d8b4d3e4ccf1ee71d7a7078bd5d228e6509def4bf2f584e202ad951	8cb5f5f9d40b8fbca9c9e0afaa50daa835559299730a91bbad673f752c10d169
1f6a3-1f3fe-200d-2640.png	assets/Woman rowing boat/Medium-Dark/3D/woman_rowing_boat_3d_medium-dark.png	fa7d77481cd65d63b5973455055fdecce67e81b54a737f8cf06181dddafd2195	02d3d8a64b0533a72f9a323acf02793e8220dbaa766f1ead56fc678ea3ab50ef
1f6a3-1f3fe-200d-2642.png	assets/Man rowing boat/Medium-Dark/3D/man_rowing_boat_3d_medium-dark.png	0a7639083429635d3958c8d8c3ae8c0865ee1d5608392c2e7edb6ef378117061	e330d81761400061a972ef8343fe21776099296df5905f5ca47150d47e10c0ef
1f6a3-1f3ff.png	assets/Person rowing boat/Dark/3D/person_rowing_boat_3d_dark.png	698e5957211a4cebad452e6a102b38b92c995d0c847228df83d4b155af768e1e	fe898ad00669f606f24b76aa0e90fafbb1b83aa7a608e00877831362941d6be5
1f6a3-1f3ff-200d-2640.png	assets/Woman rowing boat/Dark/3D/woman_rowing_boat_3d_dark.png	871b1114d5a59e6530d2dbd8d4729f60ac87aa5ff5b80c440a35c79c80899f8d	44da2fba1ed9c7c82a3c547fe481d864b92f3913411f1c5392950e5d0a13e418
1f6a3-1f3ff-200d-2642.png	assets/Man rowing boat/Dark/3D/man_rowing_boat_3d_dark.png	a58d3ac66f253ea7877bb3fa1bd1fe74c04c71f6a944154fdbde37a63d19874e	3dd4d63807ab7b6a072bceca28ffa576838c4efd659300bfeceaa4a214f8272c
1f6a3-200d-2640.png	assets/Woman rowing boat/Default/3D/woman_rowing_boat_3d_default.png	8fce0480f58589dfb85fa8350cfb440ed7871b68e067a7240ee9636976109dd4	0813c58544bda97e178abaec053ae547b7533acecac52749217ba3e0b396199c
1f6a3-200d-2642.png	assets/Man rowing boat/Default/3D/man_rowing_boat_3d_default.png	561f8fb8caa87987c27ba327f702b9d3f619a7e9a3c41781d9b3e83c654bb95d	5d9cc3c229bdd045de2964e4d3cf6a85727db840ee5f8f1ac01971a8ab9f3eef
1f6a4.png	assets/Speedboat/3D/speedboat_3d.png	bc92e2450c231c02de8631cb8a509db85acb2bee0aa274a80cc74af9b27535fa	704b5312391cd9200e71613303ae2decdcd333ec5ec979a13ff773824a9c4eb9
1f6a5.png	assets/Horizontal traffic light/3D/horizontal_traffic_light_3d.png	86682707c61884173557445281f5567475069fb5118cb95cfa11e5585c6036bb	7c0ec2bd031bbb30e12ee234ee30a5a7ad6d963e83d73fefd1783c6a125b15e9
1f6a6.png	assets/Vertical traffic light/3D/vertical_traffic_light_3d.png	d2e527bdf59cdb61d69ab5b21ea6ef34793707c5c073e50a2309eda5d6f866fe	bfaead7df20ea6a902b961e2b0f7ec421c36198cfc648ac0ea5ad511071a8ffa
1f6a7.png	assets/Construction/3D/construction_3d.png	935f7693f87b80f8aa62b4b5aa85639fef03b07a2c9b723c327aa27338f66531	67b2663f32b19efd9c7ce9f2425e7e8f800c12e31f1fa1602111af0ea34ae542
1f6a8.png	assets/Police car light/3D/police_car_light_3d.png	44354eee6a68570da6cf9577111da7da1ab540d21f6d14fe52f06ad032baba63	76f37da0c5e17b120100395eec78e189f51fb9c18bac5c81d562ab6a1b0fae53
1f6a9.png	assets/Triangular flag/3D/triangular_flag_3d.png	fe5fe3f28813fb339bb1084ddc2367522edfd9dd29bccc64809aa47f8985a2e6	4375f9461967d1d9751a087378bd0298886eecddd10170972c7443914dea0895
1f6aa.png	assets/Door/3D/door_3d.png	4c00d6d74d289a4e8689087eb809ab724bcde422b12a800e23a926dff2a657c8	bac18b6b83d83717cb34a2369da006ef39649e459915360d1fd1d0ae3efea3d5
1f6ab.png	assets/Prohibited/3D/prohibited_3d.png	20d8e0eba08431ab2df0cf16b20780cf0edbfe54043890b0e4c5d5412af3af2e	391d96bc0ad7efbbc2da547b1e86b006abcfabb57351e9dff8f71fb27da6c0ae
1f6ac.png	assets/Cigarette/3D/cigarette_3d.png	feab61b58ad49841c6621cca59e4cd64dedcdc9e96c20bc9600a2ec3f92b2998	543895be86c1ede636c15402488f1f9d50c7f3db48414f94ec6d6ad625786f6f
1f6ad.png	assets/No smoking/3D/no_smoking_3d.png	27aadb34d35a6b87eabc637b7f16c4d8c2ad0b05834e79f7b18eb9afbe0f074b	f0001fbd12529cba3438315057b0cacc12cc01a5e27028ac201811ddc6e5c776
1f6ae.png	assets/Litter in bin sign/3D/litter_in_bin_sign_3d.png	b6ee4d6b1c1f3c66215b9e955caa3be7b39251d19a411cedbd689d139a615df4	04851337f8c10f4b6e65272c652de3aecaf12d5b526832c885de8d6e6edfe7ef
1f6af.png	assets/No littering/3D/no_littering_3d.png	192c943f8116077dd39b1db204f461ccd5ed26a8dc7fc54b201e41043bf99fb5	1f36bfc9934bbaf7c3361ea672912627eb70bc9bb58d5bbf82b8a44b847a17fa
1f6b0.png	assets/Potable water/3D/potable_water_3d.png	27a06f56a6f9b369dd4e846fa546142a4fe3ff053d0401bd68abb1b91f553f55	73438bb5b33519aaa6d65fc30026c3357e8011715f2bf10226fa264d23f4e837
1f6b1.png	assets/Non-potable water/3D/non-potable_water_3d.png	add4380183b2fca4ebfb201a9fb4a6e8082195c961171273f74a902a0a39ad0f	6cf64951355483a911b4660465d998f4d39e151e36ed4097cf8429349ec5eb23
1f6b2.png	assets/Bicycle/3D/bicycle_3d.png	69f1b75015c8cbdff5fee66ec656e66697657bd56e63f05e0f2e7420cb38d1f7	d6b9c6d6113b585487564844ee5cd4d6d426e4001818d331e6e93d75ee327383
1f6b3.png	assets/No bicycles/3D/no_bicycles_3d.png	71977b15fc8d27a0c3cf6dfacaadaf718f01425a42980cbe01622de875fa6601	64f586213ac40287231d7be1b3966f06ed4d796c8892fc577231453ec498e8f1
1f6b4.png	assets/Person biking/Default/3D/person_biking_3d_default.png	1533ac7a513cfd0b001a0b6753072130579b5c4bef003e9b4e04e199763cfc16	e143cb5a11eb6020b4dbe70b1d390a8ddbaa4d3995dd215630fb78c1f9d3bb42
1f6b4-1f3fb.png	assets/Person biking/Light/3D/person_biking_3d_light.png	143bf2459f52981323b930b2355e9e7d406136b171a632cbdade8ebc01ccf52a	e2abe07b10a3116cbfbd80ad89257d2be83e3ed797a40518070d614e2b141f6e
1f6b4-1f3fb-200d-2640.png	assets/Woman biking/Light/3D/woman_biking_3d_light.png	4a56f51e740309a3576fc5629008bcb99b9936e1b7d5b87e510e5f478561c1d7	d74788ed234708b4adb6b42d3cb8516d184711a92be382c1808f4b6f52a718ac
1f6b4-1f3fb-200d-2642.png	assets/Man biking/Light/3D/man_biking_3d_light.png	d6a1a3764356a8384bf7fd63024bab4206bec596ecaa54f9acf5a2c5188cc736	59faeeda547445c34be35b54450c7f220bec967e39c0c9e22f159b85825afedf
1f6b4-1f3fc.png	assets/Person biking/Medium-Light/3D/person_biking_3d_medium-light.png	58ecbecc80190a8e38a8feff3448d97b9540a59aef59bde1a6e904c9228ba3c5	42d37e2ac3f06ef2ad489ecfcd813c66b6c235d7fa17c01180852ebe191c697e
1f6b4-1f3fc-200d-2640.png	assets/Woman biking/Medium-Light/3D/woman_biking_3d_medium-light.png	4db9ebf2f2286af97c190efac0cf485d5a24b6a4b8001849c1d1c293bb4cdcbb	e79632581a0daa7f921acd9846b2c1edaa099bc8cc4b2c44b19f9c4b176ea0c7
1f6b4-1f3fc-200d-2642.png	assets/Man biking/Medium-Light/3D/man_biking_3d_medium-light.png	73362f78ab5e80db9f63064606ed21d9cb4af5ad321cab1c2cbe109b3dbe6297	e30529b1e3f83f53642bbe5a100cc79dba8180f6c640b2f1c9df21d1dc87dcd7
1f6b4-1f3fd.png	assets/Person biking/Medium/3D/person_biking_3d_medium.png	cc33ebf4bfc7472aef409045888925f3ef153094d829e8bd814511d63ac221ac	28c29e9c8b5572cec2706b0540f77747575d0cd5e4c30a461375e182c9d6624a
1f6b4-1f3fd-200d-2640.png	assets/Woman biking/Medium/3D/woman_biking_3d_medium.png	785476f84a856257bcbd71e5acf68aed9a0a0d602afac11381dad165489ab8c3	15e07a56c9a0d6d4bee66e960725fc943547e685921864379bc6ca3cfc183361
1f6b4-1f3fd-200d-2642.png	assets/Man biking/Medium/3D/man_biking_3d_medium.png	2e0377b5b583e22c30ba3ecbb577403ab30c8e194cc18a433ded7a92eb0577d6	6f1a81307bd693a4d70582a899cf8d422868c0b475bbc913309b81393c2cdb6f
1f6b4-1f3fe.png	assets/Person biking/Medium-Dark/3D/person_biking_3d_medium-dark.png	39cf85b99ecc3befee3f118a73f252fa369c96a6fce09ede8b6bee4409418061	887fddfbda990272f377c3cb89338a5df0a0f580b30203a556ddd5048671dd17
1f6b4-1f3fe-200d-2640.png	assets/Woman biking/Medium-Dark/3D/woman_biking_3d_medium-dark.png	92dde36d215c9ccc6cce84b622bd22f0a1bc16db3790363c9f41b291f6a5fadc	c376fb4bc575f7bac81cef2c9ccbc2b17702a7a6144aa8e16cd1645be7df5afb
1f6b4-1f3fe-200d-2642.png	assets/Man biking/Medium-Dark/3D/man_biking_3d_medium-dark.png	d3c7d9393737540428c9068a95abebfae4e0ff547ee2f1aa30f8cc5bdbd68ea6	0e7e9e153de91ccb1ba3231e8a1e123e26953484814e27f5250c1ee94a2ec423
1f6b4-1f3ff.png	assets/Person biking/Dark/3D/person_biking_3d_dark.png	ebe8da23995c3e6808ed04ef19fbb6f3bca533748b299fdd3f0910b82433020a	9a63a7d3b414d6675a8da9f6b28091dd05e518faa10df0a996f0fb47618bbd68
1f6b4-1f3ff-200d-2640.png	assets/Woman biking/Dark/3D/woman_biking_3d_dark.png	0603aa0f450552d3d2d5e8e26f4f803b6767b8f04c68a53d02d6466e2cc81d2a	bd366cd801f5d0ed113e8bad769d4759582b0dcfdfd43d7a6cede0c8b8a5e9b3
1f6b4-1f3ff-200d-2642.png	assets/Man biking/Dark/3D/man_biking_3d_dark.png	ab34bedbcba012224b8b9dbb5e43f0b6b0059dfc95f70cb2b268363461bf4da3	eee4829f0bdddb90bde1ed410cb2a1f64c22e3c84308cb193bb75866adc85f77
1f6b4-200d-2640.png	assets/Woman biking/Default/3D/woman_biking_3d_default.png	cf8136bbeefd278ffae287b5518b471bf8a15b69a28cfc8dadbd3dda4d47d29d	3f41108a17a7d4ea986b1cc5ef1c7ae49fe7fce5930fce618e1713f3d7189981
1f6b4-200d-2642.png	assets/Man biking/Default/3D/man_biking_3d_default.png	dbd89e386c71079b038a02c2d1a24914d68543c0940edd0b281377bef3934cc6	5e24f7808cb6a744fd82a01e0ae17a712bdace6cb6f0c98ad5ee411690c1a3b1
1f6b5.png	assets/Person mountain biking/Default/3D/person_mountain_biking_3d_default.png	5379b3c5d0e62c319fa1ac3be8f6dddd097b188d7c2545748b8c90ea87dbbaf5	b894b60d66c6d445e666fda51182b98f6842c7cc80ec30d077771f6b2fc78351
1f6b5-1f3fb.png	assets/Person mountain biking/Light/3D/person_mountain_biking_3d_light.png	1daef0f44614410e6d69ad41e74c616bba210136bdc04cc820987d415e9f80f7	bee9a73fcbd6be7d4f63c76491e187ec07b67260a4d8e6f7914ad58428fe9a6c
1f6b5-1f3fb-200d-2640.png	assets/Woman mountain biking/Light/3D/woman_mountain_biking_3d_light.png	ed4bfafdf33f5348e2b27d62a13c88ee73b5420c910abdf15a9b8521c7a06e48	ab37bf97de6285876769e50134058fbfff91039a9ec099516d9561b94c5933b1
1f6b5-1f3fb-200d-2642.png	assets/Man mountain biking/Light/3D/man_mountain_biking_3d_light.png	1a56815ebc896a788c8f5322896cde5186a235b3590c41ffa151567fd4f65565	4378403e33f816b72e8a5f431a98dd97ed607a91522bab98017fe88048bb7aed
1f6b5-1f3fc.png	assets/Person mountain biking/Medium-Light/3D/person_mountain_biking_3d_medium-light.png	1045542d3eb578ad9b8988c140dffea932bec908c2244ede30841653faac9131	7b4ed99822b7a3a4273576cde3d50d91552b83c4cf9f09a2e2089e7d85fe4210
1f6b5-1f3fc-200d-2640.png	assets/Woman mountain biking/Medium-Light/3D/woman_mountain_biking_3d_medium-light.png	0f1e3b6236aae9ba2d4d73e20292d750cc1d81a39ace232285b43835f631e055	d4432427e5df089d85817be87cb00ace7e2304b4dcb7e2b5b954c25858e8164f
1f6b5-1f3fc-200d-2642.png	assets/Man mountain biking/Medium-Light/3D/man_mountain_biking_3d_medium-light.png	5e3ee43b43132c193cc2bd284362ddb9aad5b97fc3828f58f205f46fbe570284	46fd0ef9589b030eefcbce19aa93ef23d89ad567da1cb487c4f440aa45651429
1f6b5-1f3fd.png	assets/Person mountain biking/Medium/3D/person_mountain_biking_3d_medium.png	eb872ae7de7948f4a3fb9b9e5010d82f45dc6a3bba77b487665c0b1e7b5dbf7f	524d0ab0705e9b68b568784ca0a92306e7c602c29f9e357f8a67c1ebcbea51f2
1f6b5-1f3fd-200d-2640.png	assets/Woman mountain biking/Medium/3D/woman_mountain_biking_3d_medium.png	dba247aa9a3601209762c87409e7fa5e9bec4b3fa0a7a2d8cf44268fbca30164	8a6f61d01b7eea1242fd70ff5f314d273367f278f043106751c7d8679df965ec
1f6b5-1f3fd-200d-2642.png	assets/Man mountain biking/Medium/3D/man_mountain_biking_3d_medium.png	72bc86a038719e2656b709e47bbdae70aaff3dc84ba8b4c60c699c3da622960c	deb88e09d739554e116654b7a693ab48e6a6ba6ae46c964514f3bf96bcee7d0a
1f6b5-1f3fe.png	assets/Person mountain biking/Medium-Dark/3D/person_mountain_biking_3d_medium-dark.png	ecbe356500d47331fbdbe2f34fcbe1af4a9ba2e6e39ada84ae846fa0ab724612	258872d78a3039d0de99c2b7cf4df93192fa93a342192ac64965dc6d5464f9de
1f6b5-1f3fe-200d-2640.png	assets/Woman mountain biking/Medium-Dark/3D/woman_mountain_biking_3d_medium-dark.png	d5c903ad08d3d4f88020c46204fd81c59220b8cbbef7a57c4b11bd15bdad3985	d43bdc99101e6f08989328993c03fa28fc73abcf389ad87738988eb3e0774244
1f6b5-1f3fe-200d-2642.png	assets/Man mountain biking/Medium-Dark/3D/man_mountain_biking_3d_medium-dark.png	8e3e6074e30e68b57856183ffd64a74b5c71ee1aa22cc7130c1ce43c1e0f753f	22f237097ed528b8b48697c04ca206851bb565df560d5df9d002c5da78ec5d14
1f6b5-1f3ff.png	assets/Person mountain biking/Dark/3D/person_mountain_biking_3d_dark.png	1f438cabbaa3c53130134c9715c8bc011ffc6bb4dfbeb0bb0d3e0128a7a9a722	4173cbd3a7b4b3dd93afd75c875b0ef9fbbb4eb72c1a4997a4bf92758c2c2e10
1f6b5-1f3ff-200d-2640.png	assets/Woman mountain biking/Dark/3D/woman_mountain_biking_3d_dark.png	41164d11b51160f6f92094ab5b06bc23f6fec8cc84056b899d5d23ef2c1aeca7	8c9fba857e085e432eb3d9e7fc4cd1edebad893425918a62dc5aa979961b8ec2
1f6b5-1f3ff-200d-2642.png	assets/Man mountain biking/Dark/3D/man_mountain_biking_3d_dark.png	fb60154e931a10eba0730cf5c40c4488d7edab8b7ab4fd7c1ed48c20cf137015	2f8a7fdf24c92f22fcf2805bd5113f870c445cfd14637238f63eb1d2ebe68c0a
1f6b5-200d-2640.png	assets/Woman mountain biking/Default/3D/woman_mountain_biking_3d_default.png	5b17d5d3d97997470c1d51e2d76dc7ec8a08fbc4138aa916182c390387cc5689	b4580af62823f2aa48e6c13b5c2a14d5b487fc957f41ce3063b89174659c925b
1f6b5-200d-2642.png	assets/Man mountain biking/Default/3D/man_mountain_biking_3d_default.png	6bd541a09f99cfdcead23a294835c4bf13efc5450a2df1d5277c82bae6bc757b	c11d5148c2f27cb01016f08ad57341966020b7bda604ac8672a959da36dc7bd7
1f6b6.png	assets/Person walking/Default/3D/person_walking_3d_default.png	9e5dc4f30210bc45592f31bdccd602865f560e5a0a59b4a738a368b784f63364	d7be67a34ee0193d00a2a2ae29aa892689b96e520df53c54130a5f3fc7b8e114
1f6b6-1f3fb.png	assets/Person walking/Light/3D/person_walking_3d_light.png	d04f25d40a5037cf8d85d49e888655f1341e3344e618eec0379af4f88dc58198	cdd307d460e7c1b7a0046c32255e6fe01e23c3b2e99a2260531ed161933ee464
1f6b6-1f3fb-200d-2640.png	assets/Woman walking/Light/3D/woman_walking_3d_light.png	fdb17c8d9d5036138e05a434f1d9f76261b7e485870952cdbbff1b237201803f	6aa5b634a9c716c93ae5f5a6e6899758845c9b20e6d8b0319bfa14498576bb19
1f6b6-1f3fb-200d-2640-200d-27a1.png	assets/Woman walking facing right/Light/3D/woman_walking_facing_right_3d_light.png	b31e2d7b0cf8e05aa9adacc209fd05c937886c444473fb799a1021594a6a3ea7	3a20feb4f542bf2e54577ae5ade6303cef9de4e431ce71009fd937a8d6ed2ee3
1f6b6-1f3fb-200d-2642.png	assets/Man walking/Light/3D/man_walking_3d_light.png	937b98221135673c9ed5e4d471709a727990bfa8e3434f54e55fb6659aa4b74a	1a77c620a620c61a43d7f2a6ae15a7976c0c5f4165ceb2388cf383b40084e506
1f6b6-1f3fb-200d-2642-200d-27a1.png	assets/Man walking facing right/Light/3D/man_walking_facing_right_3d_light.png	25494605a1cf954a17df5d6b4a5c565f4a2e8a7328e40bb9e333f12cf187edca	d2e687745794207f3aedb5a9b2a424bf45e27710f8631fab0fb21f78243b85bd
1f6b6-1f3fb-200d-27a1.png	assets/Person walking facing right/Light/3D/person_walking_facing_right_3d_light.png	36767cc395bf6a1298a863eff1e534d182addf18b707d19b820d3e85619bc192	692d70a425b36b2cf4d7a37e8d0e1e24b2e533e41bf5389e2c9895c3f96d647b
1f6b6-1f3fc.png	assets/Person walking/Medium-Light/3D/person_walking_3d_medium-light.png	6d17d46e38b99824b785e5d588faf9b2c2f7983808aad330e0ad5875e6f5498a	9d94574fe866c6c9ee177b55dfc0d58c6c010f0416a509d50bc1a6bdb9803ebf
1f6b6-1f3fc-200d-2640.png	assets/Woman walking/Medium-Light/3D/woman_walking_3d_medium-light.png	8adb156db5da72322736d9f12c09b09f898d9bd799e60b0b21712fbb668dbde3	ab84a4bf40862d3c9fc2047ffe1bfefcaf400527e36a1af8ee53337cebc595b5
1f6b6-1f3fc-200d-2640-200d-27a1.png	assets/Woman walking facing right/Medium-Light/3D/woman_walking_facing_right_3d_medium-light.png	f389be453b46a7d0cd583b167e5d8b7f6fe27ce1c1a32ae3fbbd65153d49506d	b1689c93b5d9ffbb39565f2b0dff963981ebe6b8c01d30d57f3c2d4728fa6de6
1f6b6-1f3fc-200d-2642.png	assets/Man walking/Medium-Light/3D/man_walking_3d_medium-light.png	92c25130bc46e4c4636af52522deb4afb969ae1a5800e29841fcfb14b0b5a6ca	d761315053ec093e7516373c5495555d5eb3b6c6acea46cc1278c5870d93a0d8
1f6b6-1f3fc-200d-2642-200d-27a1.png	assets/Man walking facing right/Medium-Light/3D/man_walking_facing_right_3d_medium-light.png	bdf2e4a69b2a02b2384707d30f1f8a4bee53bd919993537dfdae712527ea7355	0e3b6f9485021ca09278a49762c9cd91440616c15ca8e388b05c03d4e308df7d
1f6b6-1f3fc-200d-27a1.png	assets/Person walking facing right/Medium-Light/3D/person_walking_facing_right_3d_medium-light.png	a580cd6a39aaaff2127a7ba4535abe7ca08aa4c0abede5350ba75a098ded836c	30067df41a7621878b4052005f11987c437f5a445eafefa57b9dfe9acf5c63b6
1f6b6-1f3fd.png	assets/Person walking/Medium/3D/person_walking_3d_medium.png	aa4f1c366538de202478e601f46af6220b7688410ae82a6630df0e6fe5209d28	f72cc10a2e7610616526c3938618353dab0d258a30361baa7013f7e263ea560d
1f6b6-1f3fd-200d-2640.png	assets/Woman walking/Medium/3D/woman_walking_3d_medium.png	df6199b3406a775fe3c15768d23f4437b465afa370ec428ab26aa2ed301a0cca	7559fc87a0e32216313c38d3bb84f9d285ac834439bd14181b44a581b5af6ba4
1f6b6-1f3fd-200d-2640-200d-27a1.png	assets/Woman walking facing right/Medium/3D/woman_walking_facing_right_3d_medium.png	d2da1a96d16018bd23608b7b90abf11ddb9bb68f4e12e07d35b873c5aed837c2	afb04cdbe5d814032f50067770b5943f0781f9693f8c49a04fbd1abfc16309b7
1f6b6-1f3fd-200d-2642.png	assets/Man walking/Medium/3D/man_walking_3d_medium.png	c51a89a40496acc1a03940e4a4a5e011314eb1f436750ef99950c91805e79712	64791abbb7dc1d5f94223feb6c57f9c5cd48b7a3198340f13f20c9457e0e3481
1f6b6-1f3fd-200d-2642-200d-27a1.png	assets/Man walking facing right/Medium/3D/man_walking_facing_right_3d_medium.png	b72d45d0cfbf3e1034f1ca1e13e70ddecde8fab4f01fbf61f77298b2beb72f28	db86c3776291bb8cf3370c433a793dce8f28bdcbb38e3731ecec1bbbc3bfa13e
1f6b6-1f3fd-200d-27a1.png	assets/Person walking facing right/Medium/3D/person_walking_facing_right_3d_medium.png	a52d890f4cbeeb0ab2a6f6419e3d4c8ea4e412e68146f6ee5f429ec4e688ae73	8e4f5807edce3f37dc624c7663f6133b7b08f851cc2351102648d89a0262f40c
1f6b6-1f3fe.png	assets/Person walking/Medium-Dark/3D/person_walking_3d_medium-dark.png	a86d7d035f65a9fdbfa228e600a9c87839a55768be78851965bc824b19db9286	4b388e8c72b14d9bc61583b5827afa66157af00441bd754cddb39f802cff7bb7
1f6b6-1f3fe-200d-2640.png	assets/Woman walking/Medium-Dark/3D/woman_walking_3d_medium-dark.png	00ec613a22e42e65b8ebd999ff426207a78a0ac06c370c5715a681a468b8437e	11718c4893cfea6439a11988f1c1fa2a1d04acad1a5216a92c677960625d33da
1f6b6-1f3fe-200d-2640-200d-27a1.png	assets/Woman walking facing right/Medium-Dark/3D/woman_walking_facing_right_3d_medium-dark.png	f61f5e0759ee7cda65ad93c46b330739fc0b9993bc4bb1dcd7f2ae96e8197896	6af69b5f403b4c81b8e248bd14788b9cc3dee5e88067ae5c0a1a9fa574b2d478
1f6b6-1f3fe-200d-2642.png	assets/Man walking/Medium-Dark/3D/man_walking_3d_medium-dark.png	afdfc8381f52385db44d61f58ac25dc3f3368c53b5935f3003a6484cb027f8a2	7ac5c945ab3f88f926aa5cfb8d9ad64eadcf596618a25bd9dc2fa77ebf9454d9
1f6b6-1f3fe-200d-2642-200d-27a1.png	assets/Man walking facing right/Medium-Dark/3D/man_walking_facing_right_3d_medium-dark.png	b02b716c16724b2e7f501ad04ab42337f41666e799fdd5b38ef06d65f6c2d6b4	e07205d42a2068ea438d6d23474488b2df042ab07b621a0f69000efebf468b21
1f6b6-1f3fe-200d-27a1.png	assets/Person walking facing right/Medium-Dark/3D/person_walking_facing_right_3d_medium-dark.png	f5d5835bfbbb6e0e4d4e6a11e07f4a9034922a19944950e873302f0bb1c6798e	ef612fe870567d664ce5364e8bb71e692d94e44d1689aff4e928f1c325f99334
1f6b6-1f3ff.png	assets/Person walking/Dark/3D/person_walking_3d_dark.png	e846003b7cd48aaba6d2f1159946a7d9184e00b23eaa9a1c4f9779c8f753cef5	d761208af367e26d363112ac814c9992da5bff78ecbad556486c1485d702ccff
1f6b6-1f3ff-200d-2640.png	assets/Woman walking/Dark/3D/woman_walking_3d_dark.png	65fe20a53fff3da0d4715995628bfc94fe2e41f031a671c89c763d281a9e2b58	dba6263632144cde30db3d754e34e1f53f50c2bd002825c89e1746d622832618
1f6b6-1f3ff-200d-2640-200d-27a1.png	assets/Woman walking facing right/Dark/3D/woman_walking_facing_right_3d_dark.png	d103c630c22e0681f65cece3e14f085a2d5555f3311287fc056017508e11c2e0	cee557c6e5fbeb7f3c1ec87a35cb4642f3d1c88bb732e848233c3c319e6cc445
1f6b6-1f3ff-200d-2642.png	assets/Man walking/Dark/3D/man_walking_3d_dark.png	023a378340f29c2a4fe88653ad3100dbe290bfbb7c96e34a2ef3979440bc2b72	97418efd407c177d0c14bb187c9a95bc2193b1bd298fff86b5f2ee137e260851
1f6b6-1f3ff-200d-2642-200d-27a1.png	assets/Man walking facing right/Dark/3D/man_walking_facing_right_3d_dark.png	9941e470c2a3672d787883e0312c9cad109fb35dc82d578033a92b7dca5d8aeb	432c7d29c2c473fe8d6170f8a54b0059ae6ecd8b48c1d56b077ec33b53778bd8
1f6b6-1f3ff-200d-27a1.png	assets/Person walking facing right/Dark/3D/person_walking_facing_right_3d_dark.png	bd53b481793cece405381995c2dd8e4f3ac2865f972f70da83cba14e1249f48f	5c08819ab05e38633d29f0a12aea05a48f8510a84a801ce3fe85228b3ab2f4c1
1f6b6-200d-2640.png	assets/Woman walking/Default/3D/woman_walking_3d_default.png	bcc0d862b90388022c9e529cf82823586eedd48dc5c50b51957083f4c4347cae	22180e7985efaeb6ad7665f15a67e014efeb730a257842e2d574db5ee39dabb4
1f6b6-200d-2640-200d-27a1.png	assets/Woman walking facing right/Default/3D/woman_walking_facing_right_3d_default.png	78304178c37077bd2c649ca33a9530cc5122ed8b771f89374cf1fba1d876083a	7193a7a6cd64195087bbc1671a330e918350dadb336d0113e60f053294b7fc25
1f6b6-200d-2642.png	assets/Man walking/Default/3D/man_walking_3d_default.png	9067435272763a54c3c93e306df8b6b9bc90710c60cc802dffedccddb7857290	bded02d9a06f4e72cdc0d40e25cf089152b6a9ad3c0aa2b5bc850d0be94ce3c9
1f6b6-200d-2642-200d-27a1.png	assets/Man walking facing right/Default/3D/man_walking_facing_right_3d_default.png	67e202ec637f62704ebc1a79b3b8659b2a9f7f02adf0943f3464f16e6fac0365	a0b344b8ecfab7687d7c38ca72235327540a55c294f94b700851fa24eda76661
1f6b6-200d-27a1.png	assets/Person walking facing right/Default/3D/person_walking_facing_right_3d_default.png	c71e86f7e8054bb7d19e3fe9a43c987e257977ed2eb08e378221dfc94a8cfa84	b86e0d3e7e7007585945901977c9a63e2c2d0ffe6b999292ccb07a11329479b8
1f6b7.png	assets/No pedestrians/3D/no_pedestrians_3d.png	0299ca68e8cf1d2db731dd9dd947c63acc86763b50ae9a0631afd41b22f52e2f	4939a4dfa187ef20161578d8443788fba9add86b869d004d77aabbe19369a200
1f6b8.png	assets/Children crossing/3D/children_crossing_3d.png	9d896823cc2f1a8ac24fa80bb543cd1c38df29ffaed8b00d407167bccadca551	0b2cdc26d366c2305b22d85ed85531f2761a04af924b36c46a4ecef2d625b7d3
1f6b9.png	assets/Mens room/3D/mens_room_3d.png	08053a84eaeb8215d0647f9062e7545a9e6b97a778b7fcb9462b25c84b72cdb4	b7b914ab0212ec270fc70403b9e8c64414582c7e93fb150b1d4c0e525f80f00e
1f6ba.png	assets/Womens room/3D/womens_room_3d.png	41a10f2f38b0563b7df8c9850ebe53534a5876d92b639bed8f468947746cfff2	ab777e1149816b31a637885ef819460d232583062abab414ce9cf3684d299eba
1f6bb.png	assets/Restroom/3D/restroom_3d.png	e61872184a2c37d1477a9e977369567a846c7ad1ffc3d5c1c6e884f9d0195223	fba902388af2966125c62a00bbd7814a968d61920de9612d0291ec7812c70db1
1f6bc.png	assets/Baby symbol/3D/baby_symbol_3d.png	4496556c42cbfc062b06cff71854e3aea217b49c50e4d3403258629b10059bf7	a2333295d4764aab915b5f454eaf38ea4dfbb4b5488b1198677255fd03e26b69
1f6bd.png	assets/Toilet/3D/toilet_3d.png	9dbbd9a171b8a8778cc00f80178f37e76b7d011f518613da54fce7e0940a874f	b25015b7bf5234f45d5e0f8d5a2a21429ad7e160dda9d8436849f4d87d408d2c
1f6be.png	assets/Water closet/3D/water_closet_3d.png	d0b92b7baf94f2063693e4734785cc3c365cf0d48225e03f64ee3b1cc90da404	dc37c86ff625c2d3f0bf7f22053ab291b6c113b05a98384f98bb4867193a6fad
1f6bf.png	assets/Shower/3D/shower_3d.png	e8466deb371f82d91844d0cbbc5e768dbb3cd1cf93ccefe35261327d850db606	49c96f9f3571d35c25d5b6bfce0733a2b3ff637cd31a63ab743d6c5d76cb12e2
1f6c0.png	assets/Person taking bath/Default/3D/person_taking_bath_3d_default.png	3a108dee1411c2f14b0a4ba1631ce8057a5e63fc238861b26de5b2f4cec5536a	8a43fd226c52070faac29282dde41f6a625d390e16e782d10d348e6d4bac8bb1
1f6c0-1f3fb.png	assets/Person taking bath/Light/3D/person_taking_bath_3d_light.png	65d3f8d4df65da2c44c54ef898088b2ab962d5c17b6cd3feb672be81ea0c23e5	4e7c923c9f772eaba4ed9819d2131642a60fef178fdc648f4830bc5d207ddb1b
1f6c0-1f3fc.png	assets/Person taking bath/Medium-Light/3D/person_taking_bath_3d_medium-light.png	eb9c8c72033fe3de1f16f5b8a280e1307c9b9986804e7a473e9390d0294092f6	31a91d7ba454a15231fa302118a2f84118f0eb307d9cf516ad717ceaae9f8eb4
1f6c0-1f3fd.png	assets/Person taking bath/Medium/3D/person_taking_bath_3d_medium.png	d3c2e6d7f16fce3ab08a065c179cfaa4b881f0716fd7ebd15d9b7bcc4668bb00	e852ab4eaa5eff83ad4cfc935e1c2cfacb9ec70772a897cdb5dd4d5fb83e5448
1f6c0-1f3fe.png	assets/Person taking bath/Medium-Dark/3D/person_taking_bath_3d_medium-dark.png	042f3e821e3fb50001cedd4f2a7ff749d039f0c383d153f48e22df7fa53b2974	5f45953a9bdc36ec94b08d88e73566ed7799817419147869922a27de20086279
1f6c0-1f3ff.png	assets/Person taking bath/Dark/3D/person_taking_bath_3d_dark.png	e4de2d7661dfde723a307119b269a7164f1602192e0ef8eb4df68909c1067ab8	89c6212035e5791cabf45ab796cca82994277eb84909ca082a78439ae843b043
1f6c1.png	assets/Bathtub/3D/bathtub_3d.png	394c49eb567452afb6cf0c604b344ebf037d2ce940d9f84e2353ae9684c475c2	2cf05973797d8d45085c0332611c755c8e67c4015898a5fac8005a1a827742c7
1f6c2.png	assets/Passport control/3D/passport_control_3d.png	4e433cb5239e29cea4d0b238bf6c0e12f35049c09a40dc5a6fe27f06258feec7	df80a6b5199236fd875f8eab0853889b52d86cc3c2ddfc03ab7c2efc83ce9aee
1f6c3.png	assets/Customs/3D/customs_3d.png	55232ca24722cf4852e5d649760f6830c9adf8c641194f578ba1a2aada01c5cb	31566060793831560ad8945a24529d75653cea82b5780dc6c676b3c0f6c6ebc4
1f6c4.png	assets/Baggage claim/3D/baggage_claim_3d.png	2b467c8cb760a22e628cb71c405606f2b45996ca19f94761a2dee54564295fe7	4b0a79af24a885232be4f3347e3c897b477eb1ccd9cb763ebdea4341df8c3976
1f6c5.png	assets/Left luggage/3D/left_luggage_3d.png	a2d0f25c73ed34a53f9c1d28657de2d2e47d37e11221d84d25e6e3d5073cc0f1	848a020a1f820a3bd55bb992c563ffb6f0df94ea92a69aefcef0a9b24923a63e
1f6cb.png	assets/Couch and lamp/3D/couch_and_lamp_3d.png	8b1cd45d95963e750c58f5a97c15a9d2cc6e30794a94ba5fdbffa259c689350f	d551d4ae6adf6a792760842e0ace9e22f8fb067c8c79efba1f64460be9828b27
1f6cc.png	assets/Person in bed/Default/3D/person_in_bed_3d_default.png	1c57ff64285b37d55dd903ee8d1137162be93a345afaa967d6af097ab08d7c46	20b55c879bec9d8cd777c2993a6c187e269c4df5174b59ec38bae09c0c357e00
1f6cc-1f3fb.png	assets/Person in bed/Light/3D/person_in_bed_3d_light.png	8f10099db6a2d8577eae857f73b7833dff475744175ee553ba4f65e59dd24be5	22195f90f82152c2b0b9ca3da5f51ff27f6dacbd3f2dee3b167a5a13b2abbea6
1f6cc-1f3fc.png	assets/Person in bed/Medium-Light/3D/person_in_bed_3d_medium-light.png	fbff093a8775f674f0bd62a35666fee5e5b87ea93315b9ed707624e643adf22c	44e25d047e37af3a160e8a702424ffc10b9762b3551c23e9e44d515d935f61e7
1f6cc-1f3fd.png	assets/Person in bed/Medium/3D/person_in_bed_3d_medium.png	8228d542c126dcd3a7df2acc998799e8bb8d4f438240d25a7345c1dd21107489	3b39cd5f5a7a609047f9020d2fe8076aa4e49688c19c9faf7cfec984e4b13f81
1f6cc-1f3fe.png	assets/Person in bed/Medium-Dark/3D/person_in_bed_3d_medium-dark.png	f8f3fe2b554f9190a10b8e6db9e387b042f3cb92320d640c77b2cb821319c232	a1b87a3d96b2c6e794f96250892cd8a0d1827be3d0b75d6eea03bc65281d5d4a
1f6cc-1f3ff.png	assets/Person in bed/Dark/3D/person_in_bed_3d_dark.png	d2954f4cd692315e0a4e18fc0693a85750bc9f04501cd87b50ba53fa920aac00	3237f1ca9ce0e7ef2bda1195b509c787c6ffb1ab9d1c38617497f4bf06561bbc
1f6cd.png	assets/Shopping bags/3D/shopping_bags_3d.png	b4c45c21e13eb6f3f2bbfba7a48f57db27a43bf0bb4734fdb7cb0b560f5d51bd	6f07f97d6d0d8b0c9313e5d3d2ba858980df29d944d77b65cf63bc3dd1ef7633
1f6ce.png	assets/Bellhop bell/3D/bellhop_bell_3d.png	c2212aaf6ae1b419268f37daa913bd194d376307867fc592cdedaad5822b8a73	53b1d5273fb421ecdb0c017def11c4c2cfd175c54c1e048f901b16667ccf8b2e
1f6cf.png	assets/Bed/3D/bed_3d.png	cf1bab4ad8cda94825bcc96874cad6b06459097455ea84c22a27d6d84ee510ea	66759cfb0edc6204cf0dfb9522e3ac2f0c27016461124e5631257af465397256
1f6d0.png	assets/Place of worship/3D/place_of_worship_3d.png	9e5ba7c25a0fee90796384ce465c6ea2060eac94d281a032307b7e52ff7286b3	6ff41fd1a208f21d66df4b859ae6c46b0a4e3e47fca57a5447f5d42a42180581
1f6d1.png	assets/Stop sign/3D/stop_sign_3d.png	0f4ee16d06621100accaf48b082137fffb481cb5ba435178cfe200fdc6f11f79	de4c00b75b99190deaeb186de94a09b313bfe760e1ff0ab5e37f3dc48ba03382
1f6d2.png	assets/Shopping cart/3D/shopping_cart_3d.png	d91cf9705bc1dd6de0bb975d20ca48322082c982f9473cf206cf99675bd416e1	62137f900a9d9870679f63db4739d53c65e58c55b31f1e0393ef17189e68c6ad
1f6d5.png	assets/Hindu temple/3D/hindu_temple_3d.png	9cfc9f0bd2de8fec1d0109f2824ff23d0ac9f83aedca8467cce8435ce07c216e	236bce6927426ff4b1e259b1c187b7789274869d3cb30d29a56135dc081d93dd
1f6d6.png	assets/Hut/3D/hut_3d.png	426ffe75bd6f841d34e2ddf5b4a8d74ca866c2045527261183234bf4f804356a	32ba3f9ad13d2bd33371555893bfcd0fb16e60927b6a6b986c8b405af7ea0336
1f6d7.png	assets/Elevator/3D/elevator_3d.png	cb2f1b1684d9e6e290cafc32e62204be2d15adb2ad6c411d588fd905a3523778	e74d3c8672dd95aa552e5d23461afc3f35438a0301761c9acb83655a3174ab0e
1f6dc.png	assets/Wireless/3D/wireless_3d.png	732d3510215a0d1a01dbdaac288e431e41dd8fc5dc1f6a0cc2fb4a5894b8b387	fdf17a9603f9453084f112a98cd762d481dcea34f44c7189562c5e05ba5a58cc
1f6dd.png	assets/Playground slide/3D/playground_slide_3d.png	8256dd1af961a9b9c078cdd5984a2c09c74d07188467174ad49932f8cb2d2018	8da66605c5ff615b9bded55d07470f825f1ada841069b5e634c29a04a28ee8c6
1f6de.png	assets/Wheel/3D/wheel_3d.png	08a93c505c0c5fc85c63205936c20f48b35ee30daabab4bdc03db9257ea14169	4a071c49602f79b06df884ab69e9ed8abed02db71ef3160acf545396d66694d8
1f6df.png	assets/Ring buoy/3D/ring_buoy_3d.png	22787fcb5def4734315dd0e94a127deb4beaf250c4b5d135c789f08bdc4b3150	f6bd226584710ce0fef47301c63d0b49fbea3f9e65681ab785a5ac384506c62c
1f6e0.png	assets/Hammer and wrench/3D/hammer_and_wrench_3d.png	573a9abccd004b5ef5fbf513f720cc48e835c52e01563d2064b9480bb0e6ee90	475429a6f288f6a947bbdf7fdfbaf66dad10b47718f064bd7b548070dfea109e
1f6e1.png	assets/Shield/3D/shield_3d.png	3c1cc1b14f8dd43e8532f9fb751769cd68382a9f25c012b0549e352a8d953a94	593c668d40c9a5f2c85301b19d18dcd7df59116821a5637dacf6725e13157e08
1f6e2.png	assets/Oil drum/3D/oil_drum_3d.png	02a29302c12fd70c65cf37012688e2655e5cbb5f0791de70c832b9bfa4bec684	238de22bee42d4d041b2d76d1efc87fbc50d211788d99e4ec823e28394f34961
1f6e3.png	assets/Motorway/3D/motorway_3d.png	59756e5f1241c1fc052b3f5777e72fad5a869b6f24931dfef27ae6bbe3487dd8	f76899b7647b8e9a194180793eb3e62f01a5e342e0b319884ae4cbe242e8dce5
1f6e4.png	assets/Railway track/3D/railway_track_3d.png	0740eaac89ff42e28631666fa22d9314622d0ba98bff8f99f91d79a1f14a209e	bc78c18e9428dcc883f893cf7744b53e7d0bf9fec16da88a65ab4a02491597cf
1f6e5.png	assets/Motor boat/3D/motor_boat_3d.png	0f491b63d50515f839e64d31836dfef2a76a4cec91a4a58a5910d9a2b66a7233	4336027853cd555cd12a19888110a9730658fe8392814a2e37a85cdef726d783
1f6e9.png	assets/Small airplane/3D/small_airplane_3d.png	8b7892ac689127bfe1cedc97bdb9d6a86b945ad74b8398985bf4987ab049308c	169f787f0958dd79342902bdec747385dbdeaa36c01c5a7d5fa6ed58985dbff7
1f6eb.png	assets/Airplane departure/3D/airplane_departure_3d.png	07c8cbf1f6463251be3faf64079afb48aeef22224dec5f0b7f484d29f6e2084e	d0067f0dd1fb8dce0883fb18d3a8fcf06b37dded80482a1c8f29158dbf4809c4
1f6ec.png	assets/Airplane arrival/3D/airplane_arrival_3d.png	8e2c5ff4b11e1eb080331ec0825d433066a8654dffabb4ac4dbdb5b9c746e7e8	a39762a924e5d36b0022fcdfdbc2b5437ff6efe4797563a339b6fc3a60c5c74d
1f6f0.png	assets/Satellite/3D/satellite_3d.png	65e048cebea29abbac22e1b378184364ef59c3a345bd02c62e31bc0300d34769	662898294d84c69a452694a6440651760a6b34e86d4b4fbeff01dd37687808e9
1f6f3.png	assets/Passenger ship/3D/passenger_ship_3d.png	f0a3c51117e08a31d1ba47adb2dce2c6e769a7e9b0e8c23f23986fe31d28db26	9d7c1e843a9d1d0a05ec2eb321fcbec333631a27b1e10fe10b29bce66a11363a
1f6f4.png	assets/Kick scooter/3D/kick_scooter_3d.png	7443f24893ed19d3af50d459ce00da32d830fa416efa0efb5e41ce293f78998e	fe425745201333925776c5c62758d954930d43868d8d64716996a57eb161f403
1f6f5.png	assets/Motor scooter/3D/motor_scooter_3d.png	9016e69ab73e264a4583f0f701186f890d6cb997fdd638c1ff5d8dc5a37a8986	1d56b15a598ab35eb7982465622c59692a988cd6611e98f95086558abb4c451a
1f6f6.png	assets/Canoe/3D/canoe_3d.png	de7890da57b4d31c5f81d92736708dae80942b0d7659de89b601c99788e839e3	1c2dabdca9e1a5726cbdfd9de73f2643d0e540ad9a3d88b6fa8e1056fdd2dacb
1f6f7.png	assets/Sled/3D/sled_3d.png	250b05934467aec6a2a71f0c25e835f601452f277fee078e396a33952ba79533	31cb255c13caaae45c2c21f8b43533237afa2698350e259472ee835ad17ba8b8
1f6f8.png	assets/Flying saucer/3D/flying_saucer_3d.png	13e744b9e055c03fe4a5ca89d46ed17d8f33e169c4d928870e0d6886c77e61c7	0db9d231edd1f7790075cbca0872db3d6c16520c5acf3b32d75e39b2f34b0d0e
1f6f9.png	assets/Skateboard/3D/skateboard_3d.png	8c439ecc92b82a8fee366ecd907092d44aec34a9d676721bdd889260398f8076	3198377db6cab225d5ad00103de4925c33454132329f9cac22d266fe3d73ff03
1f6fa.png	assets/Auto rickshaw/3D/auto_rickshaw_3d.png	ab2d103d2e24374eff6b62baf09125f7e1bff06ece80bb82303b0b472a04a8a4	0100626893d1e147928e6c4e140020c8a6e0db101a0f2e1de5bf5c64e236a7a8
1f6fb.png	assets/Pickup truck/3D/pickup_truck_3d.png	967478fe79b40626b8109df4c80d48f322ffb8a43c3d88d3cd4a0c735a34f50d	4c3e5eb5874c54fe9402b593915fbcadf14748a94a805a072f2bfe815c7c1553
1f6fc.png	assets/Roller skate/3D/roller_skate_3d.png	64c3251de0972eedf8b3a5322151c245418d972b460951341892e191252249eb	caf890be09e06a7834fd9f447eb95524fc9870790ab21bb5f3f7da2f950da07b
1f7e0.png	assets/Orange circle/3D/orange_circle_3d.png	dc6d783130ec404a760fa69c735c55fb882252eb7e219cdf160a9ec7bd4dc3df	223a54068937c09200b9464de887687822edaf9d3a059e3653cb63c289fa8f21
1f7e1.png	assets/Yellow circle/3D/yellow_circle_3d.png	5ff1a237a0e38abdfbf302c22ef1e1367dd4f9560345cfe341ec28c66af798d3	32b82c785224c0411e5118737a15f4681406668f60ae3161f10db5d81b23d112
1f7e2.png	assets/Green circle/3D/green_circle_3d.png	e0001101fcba5f3b1cc1b983fd59fcda4cf61ca2277c2ef5be77f39e74c02108	25e1f7ccf4544446a24ef782ace9173f145b821281e5f68003bb89008c239935
1f7e3.png	assets/Purple circle/3D/purple_circle_3d.png	7b2cfaa91d365a2080c8ccd85ae4d2afeca7ea0c2dc9f8d264f857fab1735987	e6ed421c7d4d63741acebdb02592b8b92674c4f3307c52a6e48dad0b6202f4d1
1f7e4.png	assets/Brown circle/3D/brown_circle_3d.png	25d33f22a19994572e34d9e75e5ecd7e077aef524a4815893cd8023eac75fc60	bf722d813f947a7473c27ab0536bd97fbccc6046b0961de2047f069f2973dc8f
1f7e5.png	assets/Red square/3D/red_square_3d.png	8bad0e6c7473f18e914b220145486fa7348dd6f7a5b8e9da8152a1fa4501972f	3bca2230de8e6364440e723a175b173995c7a07265b9c188f75f881ddbddeb0f
1f7e6.png	assets/Blue square/3D/blue_square_3d.png	c3deae4a8849a1670fbf9b9d1794d73fd8e1cf67395cfeadaa6c6741afd9b8e9	eec58ec484450843889f94dc46dbaf266d6a7b03beefb7bfd19daa40b963d712
1f7e7.png	assets/Orange square/3D/orange_square_3d.png	e42473f173efa1b952788a58236dc14dd86be253b2eeb4c378e2c0bb4312fa5d	d57ae66549a35cce89b2827ebff6bec15a4bdf58bd008c8eb3216029081f80eb
1f7e8.png	assets/Yellow square/3D/yellow_square_3d.png	342751bb1ec8dfb455f24c879a8dd1c7fba58ee390c39caf78c8a3c7faac627b	087ec3d484860c129301c3db751306934c94f46db95ae0ec01f4f260ac03323a
1f7e9.png	assets/Green square/3D/green_square_3d.png	703043b66766c80131b23692f80598f506b35f68ff81cb50f161b4c032a16da2	6f21104d78f903168521d71d1b0dd063e7700e443cc2cac40d113d08731bfc43
1f7ea.png	assets/Purple square/3D/purple_square_3d.png	ffb1a78398feb071cfa56f325b745f819f748e5f36b3ae88e92475934681307e	73ec7bcdd41a271eda6c7830742d5c452b30d9a3110f4715908fdb354ed94aea
1f7eb.png	assets/Brown square/3D/brown_square_3d.png	74b43416e8e623af6c9efea4c26df4d42f907ddb10fc4952645700800e510d75	870be9d62441c5dbb74a14bcc110070ef8b01d9bfe5b237d981605d4bbcbbc2d
1f7f0.png	assets/Heavy equals sign/3D/heavy_equals_sign_3d.png	09c60a4bec5616f589ab991b7f6b8f412e6f66847dfec9816fad602ec3c530a3	2de59a94dae5fd3d7a922f7e43c1e41ffd61b4c613a5ad565623bce0f558facc
1f90c.png	assets/Pinched fingers/Default/3D/pinched_fingers_3d_default.png	654785fb6e5c26df24ba2157f6608c1498e47592976ed17612afb97c814ccfa2	43935f7ee3eb252acda6c470a560d198d291b9530e187bccb68b25680b251fda
1f90c-1f3fb.png	assets/Pinched fingers/Light/3D/pinched_fingers_3d_light.png	08bb56e558430e86bdb1a60df5f839c19bb71fab9e8ee60d782cee225e6e0e55	05b0b1b4e76082e27fd3eba2aeea52f9cd689cd0e9ec1ea865dab35136622150
1f90c-1f3fc.png	assets/Pinched fingers/Medium-Light/3D/pinched_fingers_3d_medium-light.png	294a288f051b06c1e737d3a633ef67dc0d68a859d92430b01f4b6e42f3b9275b	bf1b92dce01587f267825877fc2feecac9bf16b53dc767d759baa5008aa686d2
1f90c-1f3fd.png	assets/Pinched fingers/Medium/3D/pinched_fingers_3d_medium.png	4c40771364bbb544818709797be66894cf7c70179defe60209a62bc26175bc79	69960f51ef56c983214ace22a35574ccd0e6b6f07534abae813a2f339bc494a3
1f90c-1f3fe.png	assets/Pinched fingers/Medium-Dark/3D/pinched_fingers_3d_medium-dark.png	a2b3a37553645a698565220e07cae0aed52a2e376b269e4a27d36adef8339740	6279ac5c4098123143bfbc5d2dbeb3670e822bf3e3fed6b624243be24f04c298
1f90c-1f3ff.png	assets/Pinched fingers/Dark/3D/pinched_fingers_3d_dark.png	4615aa5e04f95730f31699b65f0198d3e66ddc055989e1f1f81731dbdade237f	b0451c13785c496f4f1b48364a47460e88948e1433a1f2524cdd260124ad4bc5
1f90d.png	assets/White heart/3D/white_heart_3d.png	653fc282b8cec750a170a75b32cb413d9c4fb8f90ed32b9360299f8a30a45a77	eb3ba43ae47081661aa633967aef72a883ddd8f16b791d0c5a866905f2df6793
1f90e.png	assets/Brown heart/3D/brown_heart_3d.png	92da77c32c6c569f7d8cb60114486f7741963b5251e53ec7641e0cd41de29368	f53fe7d87c66af9b532cb11df006e1104b112ce53de15063b88e4a2d96539202
1f90f.png	assets/Pinching hand/Default/3D/pinching_hand_3d_default.png	9f0c3a8994ca20bf0871bc86cf58611ff75773e79166dea185732f8586b3b258	c20df445b03f76428091003e08257580b7287b5270536766d577df6c2d015bfe
1f90f-1f3fb.png	assets/Pinching hand/Light/3D/pinching_hand_3d_light.png	74bbb22a4ffe668a0959267347b46d41a3d98bc7e9b89ee656ed1679bb593785	c4eb2b6d240ffa24ef3cd6f4514fba0f04db88799f934993cbb4f3945eb2a80d
1f90f-1f3fc.png	assets/Pinching hand/Medium-Light/3D/pinching_hand_3d_medium-light.png	1e7b41752e91f7fc7fd4a20472ff4632dc242c2b36186827ade8777172c74fa4	3bd62e7563f8890190154ebfb319a67a1063dbfa0031bfbf64a746e8117f79b4
1f90f-1f3fd.png	assets/Pinching hand/Medium/3D/pinching_hand_3d_medium.png	f5eb58134b098e83ac3784a5af54e4af8839710769f87c702f493ed56fdf4cc3	1ce66f4c1e40aa6b95cbf3b63080963f2d830c90640d40f9b9e94b130661acee
1f90f-1f3fe.png	assets/Pinching hand/Medium-Dark/3D/pinching_hand_3d_medium-dark.png	91082071097fcbb1f27432d4495b9a6dbbce3c22fc3eb1af7052304352345496	062cc60f22b971408335b919143db9ebbc8f399915d8a1529cb38a59eefd1a35
1f90f-1f3ff.png	assets/Pinching hand/Dark/3D/pinching_hand_3d_dark.png	13cf29efa78f0a4fbf0e44efa8fede398e8656fd52acb3c5302211a449e5d19c	9ef17624c67d1ad31479e8c16271ba5dfaf953826770e55987b1c9ff17a074c8
1f910.png	assets/Zipper-mouth face/3D/zipper-mouth_face_3d.png	6323ff0a73399f14f4f21271d8254ec53abe53e237a771350d574978747ceca9	f30ac2f4e747f8692dfa30f4c2da32788127857e58b3d69964812707d71d0b40
1f911.png	assets/Money-mouth face/3D/money-mouth_face_3d.png	4b505c1e10e3fbdafa92ff787a8c3c6732dc66861483c52525cd00facfff179a	7cdf9672feeacfc2341af7322e0b9922db90be3ca55b861bcc8eb60d2edf0831
1f912.png	assets/Face with thermometer/3D/face_with_thermometer_3d.png	d3277e8900f877a16725314505f380075eb8588e073c410dd487d26491a38322	829862478f9562d0912b97416e074144fe0f79643fb7a1fc9bc0a243d6d31a92
1f913.png	assets/Nerd face/3D/nerd_face_3d.png	315caf53dc0f11091494c8cceacda4ef316ae2eb28e02d2cf95a7bb34bad806e	cc7df9f998c02082a1dacb50ec87822b3ae40d6ce9bb06cb7abed8fe47056441
1f914.png	assets/Thinking face/3D/thinking_face_3d.png	cd29da5c3886e1e25726d3cf6ff79faa2f0d631b1c0873b115be287d358fc4be	997ffe39c258d530354fe2bd69e4f6a890be30d2f1500d9f54980734fe6e9c78
1f915.png	assets/Face with head-bandage/3D/face_with_head-bandage_3d.png	96e9f68e689712a5617dad35cafe69b4b2ac5459f771be3469202855e9f502ee	b5babfe199b15f50adc5cb3805f86ea123e8baf04a1ff70e5eb0b07c21b97329
1f916.png	assets/Robot/3D/robot_3d.png	3f9b5a00b53c8bddda36b6a3f68d00718d9d7d8c04f986a3248e55ae93a7961b	f548108faf4e8b467c2f44f1ac3b8824b6b038627245a2e7abeb1fd0a1a070a7
1f917.png	assets/Hugging face/3D/hugging_face_3d.png	2f70a465496f45c146253fc933202a38f4f8e1af8b2a0e2555832456c03f1b2e	e93d9650c4735240870c3ff0554eed80525c47474ca08f2a4c7dab867ce1c835
1f918.png	assets/Sign of the horns/Default/3D/sign_of_the_horns_3d_default.png	f8837b50f27a4d9a5f0a0f5fc192d60fa257ddd35f14da8bcabaa85749ac2998	4dfbb68b0d0746af6617d3961457a2e841bf03cc8370debeee24c5cffff31ac9
1f918-1f3fb.png	assets/Sign of the horns/Light/3D/sign_of_the_horns_3d_light.png	2f5b6de76951c2133ba194a3d652ad70059a2fd732e10917a630fd3d7551e2b4	8990cf1d201fb81751be6d7766fcf5664ecbe85c61661a6c3fae9c387ee6aff9
1f918-1f3fc.png	assets/Sign of the horns/Medium-Light/3D/sign_of_the_horns_3d_medium-light.png	5ca80384a8112fd056a91e7361f7fba3a442d12626bd506be1b3dabaf1d5f1b2	c04922154a51ab91cebf16476b92421247cce73d2fa123713e931be47d45a04a
1f918-1f3fd.png	assets/Sign of the horns/Medium/3D/sign_of_the_horns_3d_medium.png	99ce4d9acd2dd76254c9f3dc7353fe1424a51743c0c8916ea50a48846697ec3d	e6ff674996b018f815b675688236f7a4088f74a0606b6c7dabf4fdd7ca0d59f7
1f918-1f3fe.png	assets/Sign of the horns/Medium-Dark/3D/sign_of_the_horns_3d_medium-dark.png	10492a316d18d9b7646f6093a1107bad599957ae1ca93bdbdb36729bb5ee12e6	29bed03f109d265e9e4526698fcbd546d1f5d84737f5abc7d05179e7e080ce37
1f918-1f3ff.png	assets/Sign of the horns/Dark/3D/sign_of_the_horns_3d_dark.png	f092d92fbd2dcbe4ee53dbf86268dd2441c21d8a07ffa2ad695d401fcbffc0cf	3b894297c4e7af3d3987b528fb9cc93e76137b2f9ec6f145a4d5527cf52d76e9
1f919.png	assets/Call me hand/Default/3D/call_me_hand_3d_default.png	e282b9f9b016cf12b9129ef0b8705c1fe854f56faeba906b32534019377f9902	5c819d4ad45736e4d4407ae2c620c0cb8973360054699d00e80aed0e83109bd5
1f919-1f3fb.png	assets/Call me hand/Light/3D/call_me_hand_3d_light.png	ebe7f6848be51cb92dcca675a72f756fae44fb3d7f11418236d7bc8ab5466ee0	4263ecc98b87b5518ba985165b4858d8d7fd0671fc9ec3b25a16d8c6ed45cc51
1f919-1f3fc.png	assets/Call me hand/Medium-Light/3D/call_me_hand_3d_medium-light.png	f635937d61fa75ae850dce9a135238d0c9944f5d4a80f3ecae2a4fa744e54ff1	8301857f9251c1dcbe385e02ddbd786f87b85e99bf4c40482dd958ecb8392dd9
1f919-1f3fd.png	assets/Call me hand/Medium/3D/call_me_hand_3d_medium.png	b9a5cad59d07d4b7f826bd00729b0ca17ec8eee2771437e45f4e50651f871dc1	c2050786b8111c59c8d21b13369069a55133e28db33a5dddfd47062d9d9e714e
1f919-1f3fe.png	assets/Call me hand/Medium-Dark/3D/call_me_hand_3d_medium-dark.png	250b2d507bb7578c20c5a1086e2c87ab412e409c20a21a641563289eeec6c380	9cc19cb876500a1f6ac3e747b07de61080be95a012c24d13350334012b676fea
1f919-1f3ff.png	assets/Call me hand/Dark/3D/call_me_hand_3d_dark.png	b6cbaa7929c01008d866017b8f6665e94097d34853711c12da7ee0b165a57664	5429fc63f5541786fc4fda644b37f95972a2d64bd044b0b2ebfaf647353a0510
1f91a.png	assets/Raised back of hand/Default/3D/raised_back_of_hand_3d_default.png	ea10c489e5b91ace58309d52e63051b572f2af84d2cc1c1b6a5debef0e2744ee	0ee6d7178feae730553b0eed03be9d636b6ae802dcf93b2a4945987aa20e3363
1f91a-1f3fb.png	assets/Raised back of hand/Light/3D/raised_back_of_hand_3d_light.png	d590003133be7c0ecc5b882641aed43d58266a491892c87559f3901ecc6b7502	fe2ea32b4cb5e0590b0dbb042a34e90cfc7ec5ab2d9ff54b983377b8ff04b3b6
1f91a-1f3fc.png	assets/Raised back of hand/Medium-Light/3D/raised_back_of_hand_3d_medium-light.png	887569c08c93180da090f34465bdd36dcdfc3c6a7252e2e64ec9520b06af7d67	9051ac42f4e7922980fa065b471d0718491a66a8577d7efb1f200de4ff8f541b
1f91a-1f3fd.png	assets/Raised back of hand/Medium/3D/raised_back_of_hand_3d_medium.png	fffeb4dd4d511516093f73cd44b74b2e0ab53caca6edb1945d74e2e3bd4b4082	2dd9770954a21d9ddd1df6604cba29fc8a7cfbc65ec49e527298b1dd15ec54a8
1f91a-1f3fe.png	assets/Raised back of hand/Medium-Dark/3D/raised_back_of_hand_3d_medium-dark.png	88f826e418ccaa1fd9c77b81db44637d623f40545a0470424f3ad735ecea85f1	3873d42a6344b0204b78973423cee4fb47a92d66831eee0bcf4596a214cfd6b7
1f91a-1f3ff.png	assets/Raised back of hand/Dark/3D/raised_back_of_hand_3d_dark.png	92b12832661f63d865e94dd049eca5318650600e5b0c0fbe1a02196ed937f0be	56baa5cae2761df7377a750092b2dde7d14d60e8ce4ea8a6e294f73d6b6b34a4
1f91b.png	assets/Left-facing fist/Default/3D/left-facing_fist_3d_default.png	2574492dcbfba6f6820cc2e8f047c6a10e7bbfe59037ccdcf296adb09747e9f7	01c37c2ba38b90a81aad4e08b4bd373be91d65343f0a63e76830a9ee0e9115af
1f91b-1f3fb.png	assets/Left-facing fist/Light/3D/left-facing_fist_3d_light.png	072373780b8140ee6812e7b03423646b29e602ab6050a8ebeb02cbeeead34f4d	c2a96651a8c64ad846bb24d58e85e2c9a54564dcf8f35a9ae59526e2ed217ceb
1f91b-1f3fc.png	assets/Left-facing fist/Medium-Light/3D/left-facing_fist_3d_medium-light.png	aac4a7104fc093e15859905a3f659d44a677f62b06585ed51cc4c780ff4a188e	131dd68919ad6bac108958d85867b7eaeeb7dea3bf435bfd78b2b70df2a7ddff
1f91b-1f3fd.png	assets/Left-facing fist/Medium/3D/left-facing_fist_3d_medium.png	6e90c5d3fbe79f5de1c2046ac55b8e2e7e6eb4b751d8e9f266f7be6a68c6f8a9	98fa8443bae0400e739067ff87f9b5b71b2d8db2d16d553ba1f4d71a4cfb6b23
1f91b-1f3fe.png	assets/Left-facing fist/Medium-Dark/3D/left-facing_fist_3d_medium-dark.png	fb459517fc6e4ddd64fbc7e7576ce6a1d0dedbb4e986b0e6a52eb82803ac7e54	e74c799b150effc70f9dc1ad8432ef397a837dac6b52155f73a6dd0e4e0118e3
1f91b-1f3ff.png	assets/Left-facing fist/Dark/3D/left-facing_fist_3d_dark.png	467bb813e81a716ab27b2f7c9c285b8e51a747eb19df58b50827da147dcbb6c2	957247953a756431bb4962d0f20ca7c0f99c94b63dc78994b3645aa915de285d
1f91c.png	assets/Right-facing fist/Default/3D/right-facing_fist_3d_default.png	9fc43af53a7605c6e7f3ff81c1eaabfa0ca4e7b5ef0b557d1652f8bcd8fe7ffc	65dbd8835f0e3aa8f57445be3d4770bac815284ef9790c79357a4a0bd0db5d04
1f91c-1f3fb.png	assets/Right-facing fist/Light/3D/right-facing_fist_3d_light.png	8a660df16764ef738d1efa1fb77ecbf20ccc3e60131675c50a36cd6cc8de9f6c	c9638bb48b2459ade4f59e41817e557c900b2b81f82354762920d2653f4c1770
1f91c-1f3fc.png	assets/Right-facing fist/Medium-Light/3D/right-facing_fist_3d_medium-light.png	0419e58d725c739ea24169c8dd0111531e6125c1a344991d6e0fe27f9fd51a58	ed90494669285ab778be90ef655f97572c6ac0d6e35d49bb041e7c977751e5a7
1f91c-1f3fd.png	assets/Right-facing fist/Medium/3D/right-facing_fist_3d_medium.png	8c9ee7feeaf3ddd2f1abc9ab1300b843255a40c94069018d6ccba084fbe75075	a147d34e985eec92f8a0db3732260e4097f64dbd4c1af55f4429c191a36c1545
1f91c-1f3fe.png	assets/Right-facing fist/Medium-Dark/3D/right-facing_fist_3d_medium-dark.png	32edd09ac7ccba98459aa4efad6a62ef1e6fdf6bd30ff2d79790389fe1340794	8bfbc7be4a52fa6a9905c12c234fb735d11da71bfe161b9dea490cd169b34582
1f91c-1f3ff.png	assets/Right-facing fist/Dark/3D/right-facing_fist_3d_dark.png	aadd067c44551bb96afcd927e3f1d9d3e07b6ffa277bcefbc3f4b503489ee124	c42de5638330420f424131b629c62a431854630a711af3e6ae770452b86e04fc
1f91d.png	assets/Handshake/3D/handshake_3d.png	fd0c3ae54cf208f371636263f4c972b54ac929fef0455b9d15ce72c04fee0f2b	bfcd70249369969850cd9e5b629054173e3c4bdaaaf572c36837454036a91083
1f91e.png	assets/Crossed fingers/Default/3D/crossed_fingers_3d_default.png	cdbf02a0b55bf69c322578a35f55530f3e0cebec71bd274c53870d1e94bb3366	9e80596a2d51d5368ed881a5616373e88168fbd23ce17b725f9042b59687e6e0
1f91e-1f3fb.png	assets/Crossed fingers/Light/3D/crossed_fingers_3d_light.png	e514b86f5bc853b686e31b5dd4664c36e9515ff3318435049181d52249322f49	fe83a3c99cdc91ff57d08e0c972ad834c95b92a28b3011085b33f745b2199dac
1f91e-1f3fc.png	assets/Crossed fingers/Medium-Light/3D/crossed_fingers_3d_medium-light.png	a87d7b52750a8c01b34ad0a0819f742142cdc418ca8a16d57401d64206a4a747	3a7482a2a7b38b752ca692e70de40b5e96f085f275b8b18780d61635da7a5696
1f91e-1f3fd.png	assets/Crossed fingers/Medium/3D/crossed_fingers_3d_medium.png	6f9f0a4f30d706065744385644c49e30ccb9e36fad23b80cf1561eb2a9953959	486513e18fd04f1d07de2b40cbb2bea83e36217529fb8f22b722ebadf2c3ecd0
1f91e-1f3fe.png	assets/Crossed fingers/Medium-Dark/3D/crossed_fingers_3d_medium-dark.png	fc519ad27a4838f1b2e76f99e2e4b37d8596e3634f597bee32109c2e0367f2a6	a7f90a720e6e2c5abde1f17aec0ecb56148790f9c1f0202b066bbd99b3146334
1f91e-1f3ff.png	assets/Crossed fingers/Dark/3D/crossed_fingers_3d_dark.png	b041dada12e6c8afff3d25699fdfa72b9fa510c16922518d7455abba3bf172f8	cbcabb44cba3f9e2d67e1eaeabb31243a20dc5059bb494539aeed1623ef2cfd5
1f91f.png	assets/Love-you gesture/Default/3D/love-you_gesture_3d_default.png	0928e36d745c4ab87f7309f6738da444ced2a8bb33069653f053f8b57b167144	820b2534909b12fa7b8170b51679c5c10bc0c17113eee889fd844106faf970ba
1f91f-1f3fb.png	assets/Love-you gesture/Light/3D/love-you_gesture_3d_light.png	d5be24fb84f42cefe8c64ea7857fe8e357b083d063da2ed633ec5c2c6c51e4a4	5e45e1079ed59ec2a61b12cde72fa5d54d9ae73bb8fc6089b65f5fd9500c7824
1f91f-1f3fc.png	assets/Love-you gesture/Medium-Light/3D/love-you_gesture_3d_medium-light.png	ef751cc843d3a5496bc440d947cabf13898bb2c99ca6499d1700efca7a8c78c9	e2fcbe9d92c85d0c5ffe2e44cd6e4b5d2b0cf1d4ec1fdbb689560fe81a4d850f
1f91f-1f3fd.png	assets/Love-you gesture/Medium/3D/love-you_gesture_3d_medium.png	bd8eedc2709423d96fe097751c900661190bfae29de3be42831fb8a99fe5ced3	87eb57293c13afa7b35eeb92ef0759bde2384d91bfedc3ac6377fb3896cba301
1f91f-1f3fe.png	assets/Love-you gesture/Medium-Dark/3D/love-you_gesture_3d_medium-dark.png	6e79cda09cc0893f2fc09b88a98cf83da9ba9234d319d4f27960c2c9221549ab	7d25e6c5fd08a8c4262db3dbaa2c48b616bbce1b601811bd7de76956d084609c
1f91f-1f3ff.png	assets/Love-you gesture/Dark/3D/love-you_gesture_3d_dark.png	5f98a464051a4fd8a5dcf8ef0658f214f00d48d4edaaf7b8717720e8205c1ad7	569cc54c832d8ec831da3e87e86f9e3a50b442fd6b31b2b94a8af54ad69b8551
1f920.png	assets/Cowboy hat face/3D/cowboy_hat_face_3d.png	9ef48091f71a81a04fe648cac438be0b0ae3f832879a9dd3451e0aaeb2b4732b	997ac50b6b73d9e0644af7f58c4d62be52e012eb6cb95920ebce4708eb48a46a
1f921.png	assets/Clown face/3D/clown_face_3d.png	9a4c1f94b7bc3fa43ce6695213dd8a001d972d4609bbd58d988bd7f9128db9c7	15cd3aa580cd8f0c8f17a2f0630bf4a41423ee1ab5142735f8ebdbae9ff67e1c
1f922.png	assets/Nauseated face/3D/nauseated_face_3d.png	de648c7234570d83bc162b3e63c012f5908f05104e9a5d7e46aad27fe7b47232	45d0662500cc3b8abad780e21aab8f2ceada35fc77eb2d4ac3378f814315ca0f
1f923.png	assets/Rolling on the floor laughing/3D/rolling_on_the_floor_laughing_3d.png	22ebfd950c4df297e784babe1e31bc1713144615f78cb0262c8dc2ce0da90ca0	4c28d7fdb8d127f1dc2ca2940bcb5ea7e2059e6d177cfd31542a16384b7d5807
1f924.png	assets/Drooling face/3D/drooling_face_3d.png	f516c3a62a05b82bd3af9ca2f5b7c6c95850ea8a819873c4134ad804e4472e26	06d05352fa9169250df5d9d03fc5e65ccab9a088e1f7870865b8cc39f77019f6
1f925.png	assets/Lying face/3D/lying_face_3d.png	377749d591686448022bbbc19a8112542953c459eaafca776e2e1f7dacc8e799	8fd7c5aa69c1abafbbd57350d4ce3883c7f7a6224768a4566f87bca66c76a78c
1f926.png	assets/Person facepalming/Default/3D/person_facepalming_3d_default.png	a84d868f4eb23f962cd7658c51cb4cdbcbf545e769985e6df524910ca8c7e8f3	a010fe3b770cf4f0d19961388ec5933a4d113d00d84bf194a38b8c386f010b18
1f926-1f3fb.png	assets/Person facepalming/Light/3D/person_facepalming_3d_light.png	5052ab359e22b238b6f4e516ccc896c9b8d82221a732ccff68350dc3e5db71a3	cbc3742829b8234f3149bc95d91724b82a1a787111adb9cad1aa904945880438
1f926-1f3fb-200d-2640.png	assets/Woman facepalming/Light/3D/woman_facepalming_3d_light.png	353665631c9bacdaa722ddb3abc078547e67bf5b06a9776a66743848a8182d9a	299091dc8049d2ec5d039e565cbe2c0e36acc351520dd69e54ba10e3482acec8
1f926-1f3fb-200d-2642.png	assets/Man facepalming/Light/3D/man_facepalming_3d_light.png	c763bf1bff6197c410bec20da655846178f31a2b151ed3dcc02a813cef2b5e17	e6822536d14d83cfa18fa1dbfbc24ac4312222940a1bd3089399769ca789d448
1f926-1f3fc.png	assets/Person facepalming/Medium-Light/3D/person_facepalming_3d_medium-light.png	547df89ba5bd79e10b11e08b9b8a7ae7247abb750afaf771fde4f2321f205799	83266925e666aef22d52f0aaf495ea7f5cb6f8a052fba39c6854db75aa700c18
1f926-1f3fc-200d-2640.png	assets/Woman facepalming/Medium-Light/3D/woman_facepalming_3d_medium-light.png	5c455331ca69d836079b3013ddd2bfb6cb0de869391a340038aede2b01b6cede	820cb9ec22ee6357c1aa0c206094931e2aa26e9bec2496e7a2b524b4e029e6af
1f926-1f3fc-200d-2642.png	assets/Man facepalming/Medium-Light/3D/man_facepalming_3d_medium-light.png	ba3d884ace32987856a4b3342b0840797047b9918a6253e697ceeccb11405e34	d8c4b6ae7808d8d89e9f2fd886162c74cf969c205d30223209b8adcb1a13ce5e
1f926-1f3fd.png	assets/Person facepalming/Medium/3D/person_facepalming_3d_medium.png	483dd885e5cf452a893632176eac039f64f8feebb4b6cae0a26e4ae8beb3b637	a108f81c3c7ca9e07a569381f0b1bbca2c841835ab8f3c41be7de57f04ba70c6
1f926-1f3fd-200d-2640.png	assets/Woman facepalming/Medium/3D/woman_facepalming_3d_medium.png	b411b9f5c75cd76f3621520174231ee438c8f1ff15955896c6a400dd0f91a1e8	92c3d9879f0b41b2faa6306c241ea5b98e611c2b48503adc6b9cc2fd324019f7
1f926-1f3fd-200d-2642.png	assets/Man facepalming/Medium/3D/man_facepalming_3d_medium.png	c95a155b304f1003a591605cf334d0df5293eef0428a80be5860c0fce8ab506b	138ef0196628c330e10a1f9b91231aa25a468e036ba880ee8e0df0e030f54827
1f926-1f3fe.png	assets/Person facepalming/Medium-Dark/3D/person_facepalming_3d_medium-dark.png	faa0be5e51734aae3ff2d14f40fc0b3bfad6fbd582363698f89b251d52a08157	d961f51a50d0e852cd2e6e1d9744b03eb5364fc95e71907020ed3d8f5212e6e4
1f926-1f3fe-200d-2640.png	assets/Woman facepalming/Medium-Dark/3D/woman_facepalming_3d_medium-dark.png	499088dd00df0acd42fb0ce1c7e5127788e8642f063cc517aabb106c38897e13	4e4d89fc454c6c06ef49b64cb7229a9e0ca6b30761cf4bf88872edd8edb8d54d
1f926-1f3fe-200d-2642.png	assets/Man facepalming/Medium-Dark/3D/man_facepalming_3d_medium-dark.png	62fe9ce30be11cc533add689e757558bac681caee0a5fbe7948d753c626001fd	3ce339beee38d1999e8ac1bf137d01038c4503f94f49fa911c1adea5578f32cf
1f926-1f3ff.png	assets/Person facepalming/Dark/3D/person_facepalming_3d_dark.png	3bf470f463c6bc4e89a0b1f5d5e50db2bad1ccfc0a9de35119a2f6883428bcd4	ab0d9e08eb02d852cde03a20d80b86faecfad3ef1a0c0ff38c4d252ca2b58fa7
1f926-1f3ff-200d-2640.png	assets/Woman facepalming/Dark/3D/woman_facepalming_3d_dark.png	42c0c64111868bda468f3593144c925122797b2a08859a39d857f67860010490	4721bf4fad970a3335d6a6c0d0dbac02d68373b6b6416ec0fb78582e46f39872
1f926-1f3ff-200d-2642.png	assets/Man facepalming/Dark/3D/man_facepalming_3d_dark.png	02da7e567e0e7182b2082141c1ed27066b3170c6ef275c921fa2253b4cdcade3	bfc0c31b3fbdf032bc897b6ff1c19875aea7ac518cf7a5e4910ddceffdab18c6
1f926-200d-2640.png	assets/Woman facepalming/Default/3D/woman_facepalming_3d_default.png	e6f9920be62a7357400e5028722b92b14c63ea54dd5f2e4fc9f1dbfe8bdad9fe	116f11faf3098e2aca001795c22d53f717133f89dc52a1e8ecbf7d025f6aad3a
1f926-200d-2642.png	assets/Man facepalming/Default/3D/man_facepalming_3d_default.png	dfcc81d82c236ab1bc25e58afe9f8feaf6cfbfd9b3ad61aab1e1b94457c0f71e	7e9cba5d7cdcb3e720c980f3f26f611a5d77e2192f855e8ec0af277a460935b7
1f927.png	assets/Sneezing face/3D/sneezing_face_3d.png	6b6c09988092077eac137fb2bc476cf69db0a10b1dbc25a70f13fdee35e8786d	e2acdbcaedbdd796affa6b7e56e69405779c5b53165deb96b7e6fd24975c7c73
1f928.png	assets/Face with raised eyebrow/3D/face_with_raised_eyebrow_3d.png	13e2bca9b7a3cc83c2a14214fb540e7f6ea0826750ecfdc0d1e9f8ee66567b53	91a2dad10884594aae88bf0cc90f17545c4db0435ea708f793398f7885a2783e
1f929.png	assets/Star-struck/3D/star-struck_3d.png	89a14e242892cbe067095b75eb51cd55692841bceb384a45a90f8f3f8b9b2e9b	af271f15a9d95b40bcbb1908eca314748626fb98dca939853eb90e5c7936bf72
1f92a.png	assets/Zany face/3D/zany_face_3d.png	3d7805655cb653c12dc4662a58dc447fadae80b29ffc2f5a28e3dbabba2f81da	ebf3ec874800c0e336e52acfaa231d82c43724741fa9c351ff2553a5564fca9d
1f92b.png	assets/Shushing face/3D/shushing_face_3d.png	0045661e6269e01b454cf9c54aea5c81e00891b76f36932046dc2a77502fe95b	ce5f35e43e2c59f7a2c32a12c399e1f8558336db793be6d0cadc7d5cb48ca179
1f92c.png	assets/Face with symbols on mouth/3D/face_with_symbols_on_mouth_3d.png	94c3b5fe459640d3628667b607cb2b2a0d7df032da7322e3d0595a6b697cece7	4df36cbcfac1afb522e019d852cc855c9d6cac39ad77b3ac045b552748ada666
1f92d.png	assets/Face with hand over mouth/3D/face_with_hand_over_mouth_3d.png	c87c0277c7b0ade675b69a5c90482041d8b5af42bbccd19bf0b88e8ee0865086	95bfa0caf784234e6e9cdf92895fe45650868e5e2cc2ead4cbf2af4eb99c9d5e
1f92e.png	assets/Face vomiting/3D/face_vomiting_3d.png	2b0d77d6614cd611dcc614da1f6e919996a796482d3cf9aa8a5c8577a332612c	04f6837c1ae43fa50b8ca66128ea446942016d01f036e47860026662c0b21bfc
1f92f.png	assets/Exploding head/3D/exploding_head_3d.png	a915d5b325dbe3130fed54ebaf793777ab88b54c130560f8f3c17ad1af2bcdaf	7d6a85728eafd20499383259695f3cbb7a9275275a281e439ef4fe41024d72b5
1f930.png	assets/Pregnant woman/Default/3D/pregnant_woman_3d_default.png	9378cb21b8d95679f1d16ca7dada007895553965f1d36532a69ff3b58b0b89cb	2935b28551b359735089f49669b62a88cbb89ba0c384e2c27064c187f611e284
1f930-1f3fb.png	assets/Pregnant woman/Light/3D/pregnant_woman_3d_light.png	31ccec5f40c120c34b5f1c463afad850e147f96cdc72b85265e9cffa10a50e20	cab2435c37943e1965c30a67bdb9638a3f70930d6d8f3a451cad85c68454acb3
1f930-1f3fc.png	assets/Pregnant woman/Medium-Light/3D/pregnant_woman_3d_medium-light.png	2855a8fd49859d4cac93e177e3b99aacd4f6eb01235dfbf8b09de8d6595ed086	b815180780cc92c96535f237d5e10a41ce0a93bb2ddd2daea725aa92cbe3a09d
1f930-1f3fd.png	assets/Pregnant woman/Medium/3D/pregnant_woman_3d_medium.png	79562e0bc1ec91f857af77ae65342c529460ec8635ee7ee0d5a742447aa32392	6da1117fba2fd827fb5c3f59aad6ffbf23554af8205d81e038a6b52564c18e78
1f930-1f3fe.png	assets/Pregnant woman/Medium-Dark/3D/pregnant_woman_3d_medium-dark.png	6e0a92bd6c96c5074b2dce0d5b490f0efc209a99c171bbab05194d35d548c3e4	7bf5733d89fb73deb70955a3bf96fb1c8a7900fd122b86b2f73b79a05a0063c6
1f930-1f3ff.png	assets/Pregnant woman/Dark/3D/pregnant_woman_3d_dark.png	8873a2004da489626a47a2509bde8d607becce713596cc7a48fa28aebc70b4ce	b23cb61bf68416919f6ad5a917544e0ad01df6dd53358aece3199ba6b78560f1
1f931.png	assets/Breast feeding/Default/3D/breast_feeding_3d_default.png	98927565bc236f9fc1e7f966d4dbde58382ea9581140acfe1fabb2090fae4b95	49c70c955cb617a650a4b38eb3e5da24a1779ca1a280546e324e1ba776f63bd6
1f931-1f3fb.png	assets/Breast feeding/Light/3D/breast_feeding_3d_light.png	7f829ace6eb93e66eba318efef6a9c4faeb6f6c4ef5bfb7db9a2cd3dd58b9242	a2a40f73cdfb01814b48fa0537f268cdc01594be22eda95bfde7ae02b93e8ae5
1f931-1f3fc.png	assets/Breast feeding/Medium-Light/3D/breast_feeding_3d_medium-light.png	eedad658c6e41e65dc7dbcb58c95bc43b10e577d3904d939ff85b9cc9f150b31	a35fbafda7421a2bab60d0be14c8e6b870d3e4f9d39f7ee71b872d0cd95eac7d
1f931-1f3fd.png	assets/Breast feeding/Medium/3D/breast_feeding_3d_medium.png	337236dc7083b246e4ab2af346e3a3dc3f122a7f1a9f83c08a639c7011010c0b	1fc470d63f5468b4501ecf5f303beb0a8436b44850a1fcf4478dbee875ac5fa8
1f931-1f3fe.png	assets/Breast feeding/Medium-Dark/3D/breast_feeding_3d_medium-dark.png	c5fe0639d8745b3a4640c0e9fa8af258225818bcea3d3f5f0e38587e9da15ca6	b3dd9e4500e4d1f98dd313187e2304d161fa355a369b3924286b721ab2a5cac9
1f931-1f3ff.png	assets/Breast feeding/Dark/3D/breast_feeding_3d_dark.png	eb4714f38dc70db00798789265d97ae89848bcf28783c699edf628c6f0e775cd	836c90a6297f97293a05dbf2e8c62bb09b8ed3bd89e978b68b6ed0bd3de40703
1f932.png	assets/Palms up together/Default/3D/palms_up_together_3d_default.png	9675d4c569d82cef18469b313bf266a0250c5911365153ff11ac0f880c61a0c1	bb7df7629934a20b675cde1535db93c9efa97e186ed35c1c916348beb264dd5b
1f932-1f3fb.png	assets/Palms up together/Light/3D/palms_up_together_3d_light.png	cc929d1e53aac56fc056699053d48c96b342b1e69d5e9bcd209c38ae84bde7c4	8b25a6001af51082f2134ca5cbe6851d83473f88fcf8861e2d03972bc984f2a0
1f932-1f3fc.png	assets/Palms up together/Medium-Light/3D/palms_up_together_3d_medium-light.png	41026e2f1d6668892a8cc984e02ab0c61575531c092401b69e1a949527e32154	272f31f6b6643a7110a066027ee72a7c9fc2d60099f47e53de99afe03cdf239a
1f932-1f3fd.png	assets/Palms up together/Medium/3D/palms_up_together_3d_medium.png	12ac84115a311db8ca00896359fdaf1860af0f8e1c1bdf08b895faf5712c754d	d33dae1383fb5a756e5b1364859976529755090d16205173b5eaba823fd52308
1f932-1f3fe.png	assets/Palms up together/Medium-Dark/3D/palms_up_together_3d_medium-dark.png	b77e2b2bade4c4063cfeb9a64655713138cc142e524b57ba2136102d307a6193	7eacbc6dbb39935d082372ebebb09e7eadd6b1657fa1682e097cf4186e41fd5b
1f932-1f3ff.png	assets/Palms up together/Dark/3D/palms_up_together_3d_dark.png	e4c64d6b14e4a12af55f4ca33f02f839e739d2746f6779645f4b4d177257107e	3b976e3ec601a05acb604b57738cc028cb053b1e6cc59c2217aac8003949bd3f
1f933.png	assets/Selfie/Default/3D/selfie_3d_default.png	2c46908491a71c36e84a0c11f439cdacab413064879dc671a68c86037ed6aa80	4f1253ce715091db2d7e6cc80e047904f339eb38837d162d9e3aaa72d5a9c52e
1f933-1f3fb.png	assets/Selfie/Light/3D/selfie_3d_light.png	7b4b413a47706824ad51455fb7a378c164c47a27fb5f0a3e33e0096ae8a890a5	3a941baeae3f8362bf6e554e8f3533adf1a762e93d3ab6a281e699e962e2834e
1f933-1f3fc.png	assets/Selfie/Medium-Light/3D/selfie_3d_medium-light.png	7cd9514376863a5d1daf9ab55d5d5bec1fe2816e6f856b446b8355d17f03f657	b076dfca3e1d864a74784a288ed39c678f66b250456ac37a7eb407f51e3db429
1f933-1f3fd.png	assets/Selfie/Medium/3D/selfie_3d_medium.png	e340d3e5b8163b1b1676f469a2e87519dff65d87c594e32d3082b5b67de3a7cf	585085360bd049eabbcb1191f8ffc1d07f13917af1430aa362f9058c250da6d5
1f933-1f3fe.png	assets/Selfie/Medium-Dark/3D/selfie_3d_medium-dark.png	de07031183f249ed295c8910a1b34fabbc8675ede99aaa54c2724b4d2da841ba	3ac37b7f7929a8b9feac884e85696845296109c63c9c8adca5c794cc7ab7bd11
1f933-1f3ff.png	assets/Selfie/Dark/3D/selfie_3d_dark.png	3cc95129b6d9fac49ffa95c0842747f56e5f378481572f922f55ff55c7df161d	fa63a87008f3c9e105db60c8dfbaa08fc86ad0284c8e7cf23dfd17ba0234bb96
1f934.png	assets/Prince/Default/3D/prince_3d_default.png	9ef1a0edf28665e4425da99f84675cbe8a7f59d7e258381a7e12f5c8ccc503d0	c25099e95ed243e3d105318842b44495fb183c8d4cddd32fab27c424cbe3a86b
1f934-1f3fb.png	assets/Prince/Light/3D/prince_3d_light.png	8fcff7b32c8af8b58a645d55a2ee459358e0654152e14220315e946ad85a1c71	43922a560b8ff51fb3dca7784988fb38fe84c82d59ac294ff51705cf1a2cb154
1f934-1f3fc.png	assets/Prince/Medium-Light/3D/prince_3d_medium-light.png	4ee2ddb81020afdf6b46080005598d3d65056edd39782eed8c5df2b144c61902	aeb8a37ff95041be5844459ef475406657108d63446b04096bf0fc44a426a18d
1f934-1f3fd.png	assets/Prince/Medium/3D/prince_3d_medium.png	27408c2c67f0f549bd6b920adbc136b6d65580c8db2f94dde7ceeb812e948291	ed353f89c59a0cb2d937db883868aa189b23407c6f56e2307a36db460d1bcc0f
1f934-1f3fe.png	assets/Prince/Medium-Dark/3D/prince_3d_medium-dark.png	c939ca6fa32088346f423c19c5b31fa0cfe915a05e0d1630f4e15d88339bffc3	ae5ee43adc7e5ec4adb4ec61e05f6f1c1f149ad97497c8dae472bf0575b0cb4d
1f934-1f3ff.png	assets/Prince/Dark/3D/prince_3d_dark.png	b3299166184cf26d1b6a35862217274a6ce6cb92e9858fc3f4d3e2824c68734d	773a20c40c7d9a7c6cc0d5feec0da1108a8bca5ba1d5d83d6d00013c42b77375
1f935.png	assets/Person in tuxedo/Default/3D/person_in_tuxedo_3d_default.png	c531c7302a5714190c664b54dcc31ca08970931a7bc71decdfe8debd10d8c148	e48cc7324a605d11b0af693ccb32045adb9324c79007348196637bca321116fa
1f935-1f3fb.png	assets/Person in tuxedo/Light/3D/person_in_tuxedo_3d_light.png	dd91bd372ff990f7e5b7eafb750628837a79cfa1f9a6948f84638a6fbd03200b	b2d48cfc8e9d807a8c1050cacf60beb42f6ab5454843585b23293cd613fd106f
1f935-1f3fb-200d-2640.png	assets/Woman in tuxedo/Light/3D/woman_in_tuxedo_3d_light.png	d36fc4df71367d759a25c824f987f56678e8bd7200d3a09c2b323eb3c61796ea	49051aa5e4688f81d7ecd7e229f0508d1e70e6606e44dcb3c5f59e932249db47
1f935-1f3fb-200d-2642.png	assets/Man in tuxedo/Light/3D/man_in_tuxedo_3d_light.png	6c1f1cc5fe5d7092f2723277338147c50e088b0aab560ce98f287739203abb10	083b8e3ec1b6637fc57f702cd5635e1f65dce59e62df4d0163afb58400fc4c46
1f935-1f3fc.png	assets/Person in tuxedo/Medium-Light/3D/person_in_tuxedo_3d_medium-light.png	9997c80a676e700f38df64cf033892a2368ea6f57eb5bd74afa5e1a8bb213ff3	b000da13462c5361463f511de7c714e95423d3949b0c2bdb5d12ba0cc949ced5
1f935-1f3fc-200d-2640.png	assets/Woman in tuxedo/Medium-Light/3D/woman_in_tuxedo_3d_medium-light.png	60c982862698f8523e60169a14f2564751db1ece85c82db5aa23771db9a188b7	fb32ff0a3e713bf65a0e97b1301b441d025c26f078cbaccef19b70d1510bbfd2
1f935-1f3fc-200d-2642.png	assets/Man in tuxedo/Medium-Light/3D/man_in_tuxedo_3d_medium-light.png	b2f5337350bf8e91e87645e4d5a500b3de7ca406681a397d2afd908aacefaba6	19cab47b68d4078f8aaee735d7d5dece3d02976d294df0d17ab1da6ef1bfe3bf
1f935-1f3fd.png	assets/Person in tuxedo/Medium/3D/person_in_tuxedo_3d_medium.png	f8a8a4cd54fb9e841dc42c015ad933637c74d67d0199e0ec396e37555b121e93	f73964d8b88cc1cc01f65a69ae3a0a8192a66ee59dccc3a5e553278abe240071
1f935-1f3fd-200d-2640.png	assets/Woman in tuxedo/Medium/3D/woman_in_tuxedo_3d_medium.png	f3ac76b550980def8b4362625dfda71ade9c9b6fe704c3bcbd5131d1e47a590b	7190de0035e7b646d39ac081ca27297ce71c06243f48a74cab871005b96e6c95
1f935-1f3fd-200d-2642.png	assets/Man in tuxedo/Medium/3D/man_in_tuxedo_3d_medium.png	b0a9cc16b02c25cb0ae578cfcbd7a12ae949cc1da496abc8b954dc8285873ebc	552181a1d6170162de3227bb84148f72b8eada919b26a039ad84a8a0ba146284
1f935-1f3fe.png	assets/Person in tuxedo/Medium-Dark/3D/person_in_tuxedo_3d_medium-dark.png	ab700a0cd487e61fe4e535c69d645e6214ba8fe39277f970b97f7b75bf742b0b	855dbfe8568497c1fa4735c9962881fbf7b7e8fa1ab394a06558d3c443f4fcd3
1f935-1f3fe-200d-2640.png	assets/Woman in tuxedo/Medium-Dark/3D/woman_in_tuxedo_3d_medium-dark.png	61fccf0db175f8b4103871cd190b751bc89ae175e83a211d0ae378541bcaccf2	d448ca36d1e3fb7831dbff388a413e986c3f0dc31bda03e0e1cc3d647edfc7be
1f935-1f3fe-200d-2642.png	assets/Man in tuxedo/Medium-Dark/3D/man_in_tuxedo_3d_medium-dark.png	c3338df74764bac443155c7d092ed24dbbe3ec984bb019c9883af7cfde83e029	de1252ae68a30b277e4ea4f822d50476f81aa63f8b380ee1e8ab58562403b572
1f935-1f3ff.png	assets/Person in tuxedo/Dark/3D/person_in_tuxedo_3d_dark.png	225b4f8cd9d19059b4faccea0b5f61aa15d9b6972752f33665e0bb8a6bbbf4f0	0ab8e60a25b28d6562d0f6cbace32d2d617c177dbf34d631addc2a8e865eb923
1f935-1f3ff-200d-2640.png	assets/Woman in tuxedo/Dark/3D/woman_in_tuxedo_3d_dark.png	d88c9a82a049516daa7b83feb18688de207d3408f37841f421a4c5c4f052d561	909490f8add628be5f12606cf31519ad66d5911c92bbee98ced71786a40c8dc2
1f935-1f3ff-200d-2642.png	assets/Man in tuxedo/Dark/3D/man_in_tuxedo_3d_dark.png	75999d5621ead09b6cac0452ffd06009436aad9054507ea59194f7ced5f11d00	8a71eb6cb36bda12276992c2a1bf1c8a4db623dc80d76295d4b10af609466007
1f935-200d-2640.png	assets/Woman in tuxedo/Default/3D/woman_in_tuxedo_3d_default.png	0b0d8aab57608f4fe24352c76c6de3388861336553400885e76b157d2e766c09	d3a6e93fd741a0ea60a76320fd7700c7bbfea0e8d9c367c4f2b8e56ff54f895c
1f935-200d-2642.png	assets/Man in tuxedo/Default/3D/man_in_tuxedo_3d_default.png	f5c052e29fe2f871412b5134bcd1b160336b79df0c5945fc7d35208409168958	ec1a318fa4cfe95e35900aa5264bcb12560d82bb15b033ee8bd04eb0f5495fcc
1f936.png	assets/Mrs claus/Default/3D/mrs_claus_3d_default.png	0311550361da2357d2cfd335d32826fb849b7ecec1d288164e5add6417a69f5e	e6e7272199865d61e9fd68cbed5f3bd83a0a79be67bb749eb4973db67d4a2765
1f936-1f3fb.png	assets/Mrs claus/Light/3D/mrs_claus_3d_light.png	f09f0d87d8b1ab132c003b7ca6691391d9ad813091ecf5c2fac7f7a9d04d742c	21fb25b77e9bda3d5fa91a8eebcb4d8a1f7005ddecdec98127bc3dfc7121ba12
1f936-1f3fc.png	assets/Mrs claus/Medium-Light/3D/mrs_claus_3d_medium-light.png	7be958fe8f0260083bb4fb52d2353a0b58b62a6ff474f0470ddcfe0a040a54ff	9e1e9577526c084a8c2d478ddc3c8492d7ed3587f74d3518a6febde23320e16b
1f936-1f3fd.png	assets/Mrs claus/Medium/3D/mrs_claus_3d_medium.png	9677df2be13b7bcafd2e212d928915ae59bb2ebd2c014f2604f5b3a3f2bd1a14	72332ec4d76105ca2e68eb03b4c1b55761cdcb9b8a7458c8e99179f9902916b4
1f936-1f3fe.png	assets/Mrs claus/Medium-Dark/3D/mrs_claus_3d_medium-dark.png	b5e594fea3b761fb87eb0f800ab0b138f9ee67d90eb3b7b09728b6be53e7da2c	748cbe27b3ee95831605c35bb63ea61eb520c0550a47de7f96e6e825234089e8
1f936-1f3ff.png	assets/Mrs claus/Dark/3D/mrs_claus_3d_dark.png	37014a87d6bbfe9b52b21e23082f3c160498738d4c0a16b6a04aa0e7001e7dea	97c196cb86d9e09b03c926a7ada31fd63b7d4270e8ac1b1f068f66f020281321
1f937.png	assets/Person shrugging/Default/3D/person_shrugging_3d_default.png	16e40c146bba4e107309e331b28b8da97b480c022e8a02cf4fd154fb6527f3a2	d1c58f71e66a48cd7c8516012eaf0857f3d8732cfc820e58f7f8aaf74e261d32
1f937-1f3fb.png	assets/Person shrugging/Light/3D/person_shrugging_3d_light.png	e597568c1532c57c604852e1907b040fdd560c61b571d9cb399edc49a397152d	e74f6b9aade062e2b77503a18b392fe1dcee5553c55dac6763b36db01f691df4
1f937-1f3fb-200d-2640.png	assets/Woman shrugging/Light/3D/woman_shrugging_3d_light.png	9d06d5ed68671ddf43c69228cb5310324ee503d29010fcbf5ab5adab6685de31	acfbcf8e0cd1d3d170b2a50fa674264c49d9111eb5e9f1b90050681def06859c
1f937-1f3fb-200d-2642.png	assets/Man shrugging/Light/3D/man_shrugging_3d_light.png	b688b6a75ff28bffbac15128571316613a7ac1c76ad377633663e3180db850ed	d4d03cba2eeb82ae7ce72a8507ff377bca3f77bb36d42c7ec6fbcf7cc5d74205
1f937-1f3fc.png	assets/Person shrugging/Medium-Light/3D/person_shrugging_3d_medium-light.png	bfd04f44449b73dc90d16fc05a4a87f89c483e613e30b683667588e40ed0f4b2	2d473f6c328059e37720823bb1eec9d8e101d628a47d29c52abe43b8c515396e
1f937-1f3fc-200d-2640.png	assets/Woman shrugging/Medium-Light/3D/woman_shrugging_3d_medium-light.png	f0fd3aafdfb41aaa5c6a745424ae33342aad1e954e4cb030296b1d290f36e0f4	de0beb1dd1fa4912c103d15fd3cbab8009c1e989b5eb15be62e5df63834dc440
1f937-1f3fc-200d-2642.png	assets/Man shrugging/Medium-Light/3D/man_shrugging_3d_medium-light.png	4132894e1e474893efea2170231a249b18f6c722ddd7e10d53bd7facd480283e	b4f969a87886d45eb1e71a0c95c1c9c998a2e172bc89f13021e247459cddeb30
1f937-1f3fd.png	assets/Person shrugging/Medium/3D/person_shrugging_3d_medium.png	1ae4081d32ba6c4c1a99a30ef2fadbddbc6a7fa06519ba5b13342574bdb8d6aa	dfc171f946f3813d144dd16186370b70e91281a36ecbe6243e46323ba7ca57dd
1f937-1f3fd-200d-2640.png	assets/Woman shrugging/Medium/3D/woman_shrugging_3d_medium.png	9951310d2e2bc7dc3a8cc3b5ebb27c1055304f3472b9f1d64374be994f377380	f157d20103885d6f09f717a9f1905f9f1f95b877b0482cc0314c4537bfae6bc6
1f937-1f3fd-200d-2642.png	assets/Man shrugging/Medium/3D/man_shrugging_3d_medium.png	7ff3c41c389dd9465f5ec806582d67c68c17ae17ef23f8edf68a783e61c7e3ab	70823c20fa68ad813a53bc3795d4c7b7b1b9e6f3c9084d6ef3db6b2efca2e0d5
1f937-1f3fe.png	assets/Person shrugging/Medium-Dark/3D/person_shrugging_3d_medium-dark.png	24a54098c829a73bbab2a8ca7ecff58be9b90675b153de2c7b508c7721ba0381	510cd16f27ad3dfbb75df17e231373dd38c63034cc676501f1fbcfd0be6af243
1f937-1f3fe-200d-2640.png	assets/Woman shrugging/Medium-Dark/3D/woman_shrugging_3d_medium-dark.png	fa4af329da322f8cb7e5b625ed189bfe51c8bae15632f6ba761ce0ca7c7ca754	150f878a5fdcbd24c0b9311c15d4eb967aa888ee91262cf736be862a11345ac9
1f937-1f3fe-200d-2642.png	assets/Man shrugging/Medium-Dark/3D/man_shrugging_3d_medium-dark.png	5c203d597451733f5e5edb4ea57c315b79a8838de1359b70492d1153108d97cb	0fb0fcba16cf69d79acc8c174d9fdeeaa8451ccb5d85ad218fb659c4621193c3
1f937-1f3ff.png	assets/Person shrugging/Dark/3D/person_shrugging_3d_dark.png	d2a494505561650c0a2516cf85692de8efca8475fe49a3d3942e903664314d6d	8244c6d48f82c9b99ed11ab0ac341789d539f778102d77acf260d1011f71e998
1f937-1f3ff-200d-2640.png	assets/Woman shrugging/Dark/3D/woman_shrugging_3d_dark.png	f6f461e6250a56e3074d4abc78b5542fa200922e9689949884ed5a933b535d2d	a33fa9ff3dc2432fc9b954f4cc74e1f453a2429ab65f70c31eee1a2b898ef90b
1f937-1f3ff-200d-2642.png	assets/Man shrugging/Dark/3D/man_shrugging_3d_dark.png	63185ce612c2c1ce23895093b448edbead2fc99b601db536b9b9d6130cb72272	a3d7998cc9b6a5ac49ceed37c3162f504e29962ee1119ec906c1ef17c61e73dc
1f937-200d-2640.png	assets/Woman shrugging/Default/3D/woman_shrugging_3d_default.png	36f2f35ade0b0278057ded9536fb8c3118b07a383e0eeb7bf1f5ca0dc4659315	3a7bd7cb7d976a0761c0a7c5fda6d77b7d6d7b19e1919a00df3a795f26d79530
1f937-200d-2642.png	assets/Man shrugging/Default/3D/man_shrugging_3d_default.png	aa5b86295f5d4e7df9d3f79ccb9eb9a482f1e4c5bc6a5780311e8e39de9cf440	a8f45e5553228caad1dfbc5ca0e1dc0d03073fe408d48944ada1ce38fc62f85e
1f938.png	assets/Person cartwheeling/Default/3D/person_cartwheeling_3d_default.png	54f78eac76cbc78701c445c9ffe140ad1240e588503dbf48e787f35373ad5248	239eec4a3df5fdc5e95f5391da878bf4bed00d9dc5a399fce9695cd4707d9fb8
1f938-1f3fb.png	assets/Person cartwheeling/Light/3D/person_cartwheeling_3d_light.png	47666039265566e6cef05740b31397670ae661b953dbdd8a8ae78f7dab7631f3	3f353ceb3751142aafcc8496dabf50d5bea313048cb37bc17b6c7bc8929f337c
1f938-1f3fb-200d-2640.png	assets/Woman cartwheeling/Light/3D/woman_cartwheeling_3d_light.png	0fe26c6fe8dc2e997060af2fee4fb2ec59e466ea8f10fc0145f56f9ec9736f19	f1ac71f15712d3c6a95034355feb6dad8f084145079bc1da3b936aa768033a7a
1f938-1f3fb-200d-2642.png	assets/Man cartwheeling/Light/3D/man_cartwheeling_3d_light.png	fbf8df53d869667eb8ea26b9c277b757a717c7a7f9911cc2da171d6aa5a7f784	e417e4c2226a792f6a4fe35d93bfbf3888e68c6c1106b6f6c628ca2379f27288
1f938-1f3fc.png	assets/Person cartwheeling/Medium-Light/3D/person_cartwheeling_3d_medium-light.png	067c1884c69866db62433a7f4e71de5ed78d28411bb7584d64563ad3757302d7	c0fe3fc13506e67353fe517e895cd1f712d89bc3bf5e575eddc50acde2ca5403
1f938-1f3fc-200d-2640.png	assets/Woman cartwheeling/Medium-Light/3D/woman_cartwheeling_3d_medium-light.png	1a0390f310a24d55779e0286224d4e769a72db9cff816ac58b10fdb56875a610	ce78d5071296dc708b825e6c74512b576c4e6297119b50b411f7db186e0f218b
1f938-1f3fc-200d-2642.png	assets/Man cartwheeling/Medium-Light/3D/man_cartwheeling_3d_medium-light.png	95d42373eb8420a730a968e13f82fd3467f6350bf30338df4bbf0e8514902773	6f60b55f840c99b911c0062003d856d292be646e737aebfd65ef061e5c083dd1
1f938-1f3fd.png	assets/Person cartwheeling/Medium/3D/person_cartwheeling_3d_medium.png	68bccde59c60e89f4b899eb38e08d07840956022e742ae6afe4b31858050208e	b7cc68b5ec7ea60d6ffcd69d0abf69c7e2b6f6b75a4a10504948f6cfe0831d29
1f938-1f3fd-200d-2640.png	assets/Woman cartwheeling/Medium/3D/woman_cartwheeling_3d_medium.png	027aa0222fdaa391f6f186ffbe8c478f16de968bfa49fd0cd78d154f2097e10d	705fe68acfb50ce5556db4e72d6d5eb460d69921b439a7a378ecfdae935eb973
1f938-1f3fd-200d-2642.png	assets/Man cartwheeling/Medium/3D/man_cartwheeling_3d_medium.png	0cc1a7010a6eadf126d9ea522d2adbb25c552644804dbffbe1a606d0a4fd2299	68ef25f0cd46c530702be39d51eb29171c7010221382c10bf1fa42c4df08b1d8
1f938-1f3fe.png	assets/Person cartwheeling/Medium-Dark/3D/person_cartwheeling_3d_medium-dark.png	b621c80a85778a25b5477e895d20d3310ec9bb4ef9d1bd393e97620f81d06787	3a7c3a10d7c33afb0bbcfc85f5539429231a7fa4d5199e664992b7c8b5af97cf
1f938-1f3fe-200d-2640.png	assets/Woman cartwheeling/Medium-Dark/3D/woman_cartwheeling_3d_medium-dark.png	ec0625bcd3f8d327122f96c241d21aad7c4cf0b1e2639c13c65d7eaf87570c98	e557c21cc599842f37217aac6fcad16638039fbe204c6f21f60cdec39975479e
1f938-1f3fe-200d-2642.png	assets/Man cartwheeling/Medium-Dark/3D/man_cartwheeling_3d_medium-dark.png	4c165ef8c1bcc2a603fcfa9f1989e36dda73472f2b94af2e7919d79e7d6ecf4c	a9801dec9c8ac9ef680b8bedac47acd47355de11e5b776af0fd99ac2223b0254
1f938-1f3ff.png	assets/Person cartwheeling/Dark/3D/person_cartwheeling_3d_dark.png	3f0ce5db95627cbe5d118c51a90ce1ecc0f7dfbd46910fc63b53eae811ed7b69	20965d7af7fa113156ea6610af75db806c070a217db97db43b6e70c28a9d9b6a
1f938-1f3ff-200d-2640.png	assets/Woman cartwheeling/Dark/3D/woman_cartwheeling_3d_dark.png	9ae36e4dbd5b9b0892194800f7cb0278d612b8e579648809896fcd4d545a8090	10706016801e8fb4dc09dfdc60625f8cddad91171fc7437bfd80af4bccd2f211
1f938-1f3ff-200d-2642.png	assets/Man cartwheeling/Dark/3D/man_cartwheeling_3d_dark.png	d828d2a371383ec525fd829e367f726c3ae01e9da5b18db243b2fd7e2cf0ae17	acea1f127e36ff2bb4b9ac4047f115df6a9288f0cff5eba1c0a34f65f4af5ec2
1f938-200d-2640.png	assets/Woman cartwheeling/Default/3D/woman_cartwheeling_3d_default.png	a66b334a77461a78582c673e8f652421f265e9e83c17e0dd14e0ccf24e64da72	488ae6cb238f76af72710e75dcb3e788a7db20cb26ebe5d264f4e3cff2e7ddb6
1f938-200d-2642.png	assets/Man cartwheeling/Default/3D/man_cartwheeling_3d_default.png	cc77d36ab770c9d3e23638f707442c522fe49f28dd94139f64a40177802d1e78	370b568174aea03e57157d1b0ccc220bddeb37b62b5dec2a6ab736b78df87cd7
1f939.png	assets/Person juggling/Default/3D/person_juggling_3d_default.png	776f4e93a0e81486b195f935bae91f184b678ebd9655b8fcf9226aef015b4a6a	351aa8f33fb78917074d72e4228d93785276708e185492c94a784bb1f3d6d86e
1f939-1f3fb.png	assets/Person juggling/Light/3D/person_juggling_3d_light.png	35beeeb5bb47e0e96c4647ea6269d94f7ef7c8907bfb9eb739cf3db181635813	e4cf821e171c780c83ce70acf8eb718d347faa2c5ebd998ffc3e08788bc18bf3
1f939-1f3fb-200d-2640.png	assets/Woman juggling/Light/3D/woman_juggling_3d_light.png	eaae9c6827fca57b1f30074049326bc44ef74f86ba053799f9fc682a212baeb1	a4367a503ba4cca8d4e9335e11b4989813a1d5cd9e3aa172303a2bcc3824432c
1f939-1f3fb-200d-2642.png	assets/Man juggling/Light/3D/man_juggling_3d_light.png	aa7890828db749abb287214258e24120ed9cd4c607e1e1668ce031f6b27e0002	2dd3bd474e613d123f542dc92f93b3af26b1ca6558ef3ce8a5935238ebc5f93f
1f939-1f3fc.png	assets/Person juggling/Medium-Light/3D/person_juggling_3d_medium-light.png	2f0abff1d9f38a61c4bed7a15515b5f385037dc79c2249852d7efbab362be3ba	94ea946df4681ecd79ddb6c2ce7b56a52432ba4db78486104cc9e094739160be
1f939-1f3fc-200d-2640.png	assets/Woman juggling/Medium-Light/3D/woman_juggling_3d_medium-light.png	61f7d29d4d34c82b2b44bcef866286227938d586c505464d05bc351b699bcf73	8e963f845a503b6dd4908968fe488291dd8f3c9af9c76c0e503c4f3d54d8dd74
1f939-1f3fc-200d-2642.png	assets/Man juggling/Medium-Light/3D/man_juggling_3d_medium-light.png	5305e7dd823cb036da372d335024242dc8c22b245664ddc9bccc89aa780d3e50	41476fd83cc136e962765098c5f4fc763c573a765a5063da144aa8af2c53370b
1f939-1f3fd.png	assets/Person juggling/Medium/3D/person_juggling_3d_medium.png	efabaef01039eb8e28d88388caa177157e594f0c371f010eb6f7fa6e9f3763e1	ee5e08290bc3ef6c31d971e31edbd544a28d0af4e9e747b8963dff49e16179c8
1f939-1f3fd-200d-2640.png	assets/Woman juggling/Medium/3D/woman_juggling_3d_medium.png	2005a904f87f5cc1d5a31640c2747fd360f5892996fe701de268bc92ad8bc9fb	543acc64ff4d2cc87a9722e3d8121d987aca2bc1625184da29dbf467192bd994
1f939-1f3fd-200d-2642.png	assets/Man juggling/Medium/3D/man_juggling_3d_medium.png	7e064f62de266171218c9e368cb38c06cbf7d051e426df770f30aa4229bf54aa	9860b0e32ea816455d7bda2dfa6091b53e180773d8628f5695eb2fff631b60d1
1f939-1f3fe.png	assets/Person juggling/Medium-Dark/3D/person_juggling_3d_medium-dark.png	3a1229bd4bfcbea5e2ac41dde4963fd820d10c277cbf1c7c29dcc635b7df4893	150c3a55526c96a18d2c0dc9bb5eec8af67db1a7431a6b699e6c5312e23e7311
1f939-1f3fe-200d-2640.png	assets/Woman juggling/Medium-Dark/3D/woman_juggling_3d_medium-dark.png	979b341d6511e533af346f614e0b64b23995ef2a3517e33ae82ab99cebc33907	b12690103d5d675622b235a83a85be3a5eda6e4e9db593691c3ca5585d3980d4
1f939-1f3fe-200d-2642.png	assets/Man juggling/Medium-Dark/3D/man_juggling_3d_medium-dark.png	2918d0bc11ba002dfb65d908f2fd3aaf8d27f33d93e8fb4b5d5f86a9c9b4a598	6a4c460380a04b22a1e839ccf0dbec303e2d035fe621f28aeff3da8dfaed55d9
1f939-1f3ff.png	assets/Person juggling/Dark/3D/person_juggling_3d_dark.png	4ef1a6b7d76fd7e61e5bbd60fd1ed1498767e63aaf3c1996721b800103a630b4	7d73fa0d4b4afc6fb836aa660c6f31dff1fb0d1f6da9be88021878bf148696b6
1f939-1f3ff-200d-2640.png	assets/Woman juggling/Dark/3D/woman_juggling_3d_dark.png	96bb371d04f6036a19442a9bdf9f232dfe60818e92cf08ab2d36fed203342732	870f35be40635395b4cf5647db6d7e5ccfd9b21594b3c4bad9d69905466d20ec
1f939-1f3ff-200d-2642.png	assets/Man juggling/Dark/3D/man_juggling_3d_dark.png	6615e03445bfe5e8dbbf85d2dbe0cb8b04f4b6582cfd9aef23b8271d853c01a0	1e7bd320728e84e96784b7bc923bc3c4f2c8e36e0024180c878a49a57f000ddd
1f939-200d-2640.png	assets/Woman juggling/Default/3D/woman_juggling_3d_default.png	c0bd0c33edba8c37f19e0971b321460c9feee6249c1ff99a8f99cfa8250e7548	7fedc7f7183c99f5686ccb6455c39ca2efec3f61f582c5cc5c29db790510d43f
1f939-200d-2642.png	assets/Man juggling/Default/3D/man_juggling_3d_default.png	8d289811e60ce1c43cc21b1ea3ba0297c19796ce808b6c8293fbc5095d9729d0	8219a0ea5ac848137705419790f5cd18ee8ee4ac1d298b305d918deb08f2d13d
1f93a.png	assets/Person fencing/3D/person_fencing_3d.png	95589e1917d074eb8f1f5b9252547441f6cef05d49ddcf26610d9639de036bba	1f68a01029f9988b87f8e11800fa22896eb8b15efd429a0842050afa1864a74f
1f93c.png	assets/Person wrestling/3D/person_wrestling_3d.png	e3292fd8802d34a6ddc64d219e4b081a601cf9076f15dce9e8b51fac6776a2f4	140834a78d51894b7dd644da0e349248927694919c234b254bca86bad62b9488
1f93c-200d-2640.png	assets/Woman wrestling/3D/woman_wrestling_3d.png	34d5b5192844a13ecc90bd7294087ee25ab8b7e6c345681a2a342415a0460c3d	efbfb57830a8fc0b879aac413bed4aa76cb1d31e963b481364f35fe1b4dc2a4f
1f93c-200d-2642.png	assets/Man wrestling/3D/man_wrestling_3d.png	d0735e849979b94db66ea514ab83360522828a18a615470ec7deacf1a02fa7fb	46db7e1f284ae333a933777349e852b41999537345788e38f1f228cedbbfea75
1f93d.png	assets/Person playing water polo/Default/3D/person_playing_water_polo_3d_default.png	7a418aea765379da88077c46a1b57aa800c61bcd8d05810c466cc8ffe6f33c64	fdc46ac608cc2846ab39dec6193a0110c9ea83cb6f12e32e0a7887dbe0536537
1f93d-1f3fb.png	assets/Person playing water polo/Light/3D/person_playing_water_polo_3d_light.png	4116e52669219fe4c4efadaa0224cef2430a7de7ac74727eed505a05b2c72506	028f0e429415ba3606723a3888e7e9d24abb7a8eaec30f00e0c6eb180e4bcf6c
1f93d-1f3fb-200d-2640.png	assets/Woman playing water polo/Light/3D/woman_playing_water_polo_3d_light.png	d065888071505a18b081c4a6289e33dc84ef7ff4850e51e1972eb11750504002	0e50a855b7f57914b407ab76bdc507d56f518037d26bb3e72448ed41f083f670
1f93d-1f3fb-200d-2642.png	assets/Man playing water polo/Light/3D/man_playing_water_polo_3d_light.png	1c2e6126cddb80ddf598663868e9150f43a5f2d199b9711e01b84245b3af8fd5	5ab7dad677516ee9571009bce9eddbe540937f6ee1b34dde3b8a3074f3245075
1f93d-1f3fc.png	assets/Person playing water polo/Medium-Light/3D/person_playing_water_polo_3d_medium-light.png	063cf0e7c7760b4bc28c18123ceaa63013eeef81cae6ebb9acd7d1c5cb95f260	30848031202b5f63d8bfa3407718c17c691841d6aeae46bdb85445ab29ee1c11
1f93d-1f3fc-200d-2640.png	assets/Woman playing water polo/Medium-Light/3D/woman_playing_water_polo_3d_medium-light.png	02fcf9935403675d064c419021b82afbeef60d1671e82c4dec362bebb0f481b0	3f8b2c41acb4b142fc784c39c29ce72362f36bcc8b8021e70fac337875982087
1f93d-1f3fc-200d-2642.png	assets/Man playing water polo/Medium-Light/3D/man_playing_water_polo_3d_medium-light.png	8fd6f8b603c4efd3c76d282a83629e1ab063087bc80ccabc22e7864a71046e6c	797d47e6e94093808a1b112f7360133d3cb78ca434cdd8717e0ea055adebe3cc
1f93d-1f3fd.png	assets/Person playing water polo/Medium/3D/person_playing_water_polo_3d_medium.png	4b5866d25637a3f6d169a047bd4901c96275166c9f437e653f39314875620d38	fc5f739a62b332bc41b8c9d24c496b74b6d8d91255285df27b4afa4a5aabeffe
1f93d-1f3fd-200d-2640.png	assets/Woman playing water polo/Medium/3D/woman_playing_water_polo_3d_medium.png	3e02b57dbd12e5098025d6ebce0cc083d3a77ac5a949f990d360c63e78347d02	cd493141ee926fe92a7e38bb8d8191e937cb47318dd373bf7311a8819eee75b2
1f93d-1f3fd-200d-2642.png	assets/Man playing water polo/Medium/3D/man_playing_water_polo_3d_medium.png	fa9d8a86ee1761916c1ae0718c9c440b5291143ea28203ee5e8ead97dc0db3b2	80d61a2363570e255cd93617978d0605c250228f1927dd3713be8328a354b1fc
1f93d-1f3fe.png	assets/Person playing water polo/Medium-Dark/3D/person_playing_water_polo_3d_medium-dark.png	7ddd389faa4c610eac78b812284c301f43c71e5ecc2bf673b18441e387b6432d	d4d58ddfa23c3114149197f93cb28ed7e8429590f86ff54bd6a6e9c7364002b1
1f93d-1f3fe-200d-2640.png	assets/Woman playing water polo/Medium-Dark/3D/woman_playing_water_polo_3d_medium-dark.png	00e599aee0535ce81a37d5dd5b8e20d5664d06efbd45067d0294cca735203c0f	c137bc3597eb4b06113abb750f4992100eeef09973ce2b01af3c1be055b59837
1f93d-1f3fe-200d-2642.png	assets/Man playing water polo/Medium-Dark/3D/man_playing_water_polo_3d_medium-dark.png	b98c50419c1ef066a5bf013a8334901b31fcce57e6a0b3ba6ab6eaffa27304d9	e7ea98a75bbc28536483a56857898e21922efd22e872caa6b67b4c1bb217575e
1f93d-1f3ff.png	assets/Person playing water polo/Dark/3D/person_playing_water_polo_3d_dark.png	3cd0a8af28756ecfbca3eec53b63cedc34345578312cd5676e13afdfec32364a	ece89de390be15ec43d26065a965d715eeae36e325a0923fa4f0e82dc77c8287
1f93d-1f3ff-200d-2640.png	assets/Woman playing water polo/Dark/3D/woman_playing_water_polo_3d_dark.png	f56eb15457f1b6af00a7257e28f1fe1c061f5ea08a7a5697123c95cfa78d8547	ce1b5838c452ccf9a1c3e73f4e05b35eaef4985747c9b1de25416d200e0489e0
1f93d-1f3ff-200d-2642.png	assets/Man playing water polo/Dark/3D/man_playing_water_polo_3d_dark.png	aa3216f21e9b06efa9aa07e3afe924cf8fd9c14a3d5ad2092bfa539654634513	5cc099a056453d4abbe364d49b0011bfe9fc3884d4773b4d8203038d82c29532
1f93d-200d-2640.png	assets/Woman playing water polo/Default/3D/woman_playing_water_polo_3d_default.png	b7b73e94e20a6398641d17da88c322f836109a26b4bbbf70786f69f5e06bf8df	ab90ffbf305f68b30d1602b8478b223da6324564618e70339d7058247c71144b
1f93d-200d-2642.png	assets/Man playing water polo/Default/3D/man_playing_water_polo_3d_default.png	068e1a14db7d64b0ab0faeb758d299015377ff6dac581eeeba67499594aff3ff	4f5f0f52e4c3053c2d21f39a77a830b0f630b95b10d3333fe3fb2906a3f430ba
1f93e.png	assets/Person playing handball/Default/3D/person_playing_handball_3d_default.png	63ca7405a49f8a256e992b640b9c3a2c1ce5974c9e133787f39cf349e039f4e6	38ace43a50470c91da2fa4b473ef761d2a4fb4b3ad6ab8586e342cf1f35d85bb
1f93e-1f3fb.png	assets/Person playing handball/Light/3D/person_playing_handball_3d_light.png	9fb515d638fdcf1f28d502ba3db67670bf39372cc0a1ed6af508d504db8fc60c	abf400b4b9244ff96ee0a45ad3dad6127507f501f7f8c61f46f1be5cdc24110f
1f93e-1f3fb-200d-2640.png	assets/Woman playing handball/Light/3D/woman_playing_handball_3d_light.png	08aca9f610cd987dca8d49d357722bd77c0f84a8dcec9ea796911d4dc3469b97	ec3078573c900a310cbfc51ca9c598f1281a4b9b2fcf56f25973a4e21c22c261
1f93e-1f3fb-200d-2642.png	assets/Man playing handball/Light/3D/man_playing_handball_3d_light.png	ef767bb6367aad07eb5e3491101b6de76b6293836ed245ea4ccbb50af231af72	0c04661c02a3b810f38939e0fee4d1b23bc656df5b3ac31b81387e052c81dbde
1f93e-1f3fc.png	assets/Person playing handball/Medium-Light/3D/person_playing_handball_3d_medium-light.png	23c212ba9d4c036cee7fd574cde678ea2837ce8c3d10abcd147e272c312c8131	5b5c6b90e3c3dd1f79e47fc834e82b7b41320d70c244678b92699720fe3c0c00
1f93e-1f3fc-200d-2640.png	assets/Woman playing handball/Medium-Light/3D/woman_playing_handball_3d_medium-light.png	d364def1f8103488de2995921c740c10902efcdc736a2076d60bf83c9091d45b	04832c7cfd649713fc388bf00aff2c7b293ca32de0b1beb83a0e1c54cad7946f
1f93e-1f3fc-200d-2642.png	assets/Man playing handball/Medium-Light/3D/man_playing_handball_3d_medium-light.png	c562337e6bc38da934c72029d97a549a71bd589f121e305d71953a27d6c2d215	7ef5a3e8034afabca4c92a22295f3c8c81d96ed2be3351a8c79c1e7080b79702
1f93e-1f3fd.png	assets/Person playing handball/Medium/3D/person_playing_handball_3d_medium.png	035673a58ac7a1cf6d9e484b4669db04489a9426d36d5bcf489e098f30232ff4	60111eb3dafbd940a7fdfb13dde44c8657d1ee432a0aa127e0aabc90b0b75b04
1f93e-1f3fd-200d-2640.png	assets/Woman playing handball/Medium/3D/woman_playing_handball_3d_medium.png	7f637a595062140557e0c3edbad82b29ac6a2de13fc960ec61a567ea878f6fd6	d6e824ea47391609a3f85c88fdfa01cccd1454f522a1c0009bc8bac627691d32
1f93e-1f3fd-200d-2642.png	assets/Man playing handball/Medium/3D/man_playing_handball_3d_medium.png	be296658bef8f659a8c5887e7994614b749e87ec582802b15ea94dc16412d79d	5aded1cb5d5cafd8217bac8cc0955d035c47cc1d63defc6347ab98af5d8f67af
1f93e-1f3fe.png	assets/Person playing handball/Medium-Dark/3D/person_playing_handball_3d_medium-dark.png	d516cb708ceda69a45d29ce7394d55ef0f0f1254fe8cde85ce415cf926b9e7cf	7130c38ae09d7b726330e2de41febe6cfc1f5afebcf840fa46056aaa6ca08ec8
1f93e-1f3fe-200d-2640.png	assets/Woman playing handball/Medium-Dark/3D/woman_playing_handball_3d_medium-dark.png	0f1610144e15da7219026f536363b816c41cc13f2f66ae40a446b98654cdef1e	6d22ee1ecd3bfbad4c54d3fdcc98d94920474d67e94da585ae865b2591bd9a0e
1f93e-1f3fe-200d-2642.png	assets/Man playing handball/Medium-Dark/3D/man_playing_handball_3d_medium-dark.png	d9ba3484b784f18de7afa2ca4fb19e84c52f409b96337cad9e29a1aba88cf160	fce7a309827fd311ba4fdfd68881bf2ab5b79fed6570491abf4d3ec8979e01bf
1f93e-1f3ff.png	assets/Person playing handball/Dark/3D/person_playing_handball_3d_dark.png	944161292c05478af5aa30803826bb80438657c34353385e0294988326a4e90e	d5c6ef8fb69e3aec154aa026faa3a6a274db8f4f2b811f1f14f89bd9179ea99a
1f93e-1f3ff-200d-2640.png	assets/Woman playing handball/Dark/3D/woman_playing_handball_3d_dark.png	be48601bc02e5b169edd7ebd6812c4231abde983c3028b0a9b54ec691ff7b431	be262070876c602bb4420c143099775b5ae702527fbbc8437ae5dd4f25cc7e2b
1f93e-1f3ff-200d-2642.png	assets/Man playing handball/Dark/3D/man_playing_handball_3d_dark.png	b06fe4e059acb9e0839c22c5bdb09c9b15f573e68eb963184d3ccc2f079658a4	9e6e5e9edc0940f9d6cf9364f4268ee884bd9150453e05a5c8cb4d80c8d1f57b
1f93e-200d-2640.png	assets/Woman playing handball/Default/3D/woman_playing_handball_3d_default.png	726c873bc3fd4ecca11b7289ec8a0e374e8e2b24fb9e06dd44a6159d754be431	108ae64654bcb5b3b1b4041b3a84734b487ea280bf50b560584f2250762ec6d5
1f93e-200d-2642.png	assets/Man playing handball/Default/3D/man_playing_handball_3d_default.png	148fae82e49073806e6c14af8ded61dd304b32ef3caf420653c6df9831037815	4c5f19825acad7af0838af9d450454d7349eb148c2595680335be573c82d28ca
1f93f.png	assets/Diving mask/3D/diving_mask_3d.png	bd53feee918c83499f6b2ab18104a79894d98f6de580b2b82adaa9b229ff1509	ec7251e1c730d68ad564bc52a55f253813651c17ffc4dabb18771a632bc97bdd
1f940.png	assets/Wilted flower/3D/wilted_flower_3d.png	f0da5351e05c528dcc13f0299e1441f0fdf272e9bd1cf1418cd5da84b6d8e61a	4fa25129feb0e06ed3b57f1a20cbadad139380687d85f266106d3d21da70db8a
1f941.png	assets/Drum/3D/drum_3d.png	490d2d2c795508b7059a73bf308dce18018155527f95ed2643546c60e6664549	ce84063f82511c92005a2fe304b5f0c921db8ca097d9a898a438b8489ee243ee
1f942.png	assets/Clinking glasses/3D/clinking_glasses_3d.png	9688066f55c78d6dee3f7f486b24b6c378b4af5e214b68fb8f2cd5d68c4ff20a	56945980db60c5fabf1f16390777632b4a9ce9139a520851369f219b888a86fd
1f943.png	assets/Tumbler glass/3D/tumbler_glass_3d.png	0d5c1ebafb4a4d9ebbc7cbf59d29b1460994518eda24a052403912fe58875e59	9b53c8ef79ccccf8404848bc92fc5fb25d9e01a95ba07b0bea303164f6c8332a
1f944.png	assets/Spoon/3D/spoon_3d.png	d9e9bf6e9bce8672625dc841bf0ce6f3c545a5212d893ac24558c8a9cd811433	4f3aaa3088f678cb652e7b597bc45aec8dcdb8528eae496edfde8182da23de84
1f945.png	assets/Goal net/3D/goal_net_3d.png	471e2ffa241f68dbda103bcf747e7d1761229c8febf5d324c825e5574b7e74e3	5bc39d0efd58bca27e4450e92a27831856c7d718542ca1f3e18a169da2577676
1f947.png	assets/1st place medal/3D/1st_place_medal_3d.png	3f4dc5626b0e9f62585d317572e9c11d8ec64856c3e82f03c16c40be3a31dae5	17237c3d4728e4c6a3329f4b7d1512c34ca02159be090ea7b87cb0f33e4e275c
1f948.png	assets/2nd place medal/3D/2nd_place_medal_3d.png	cd9cea56595cdca5db22e0891499e5d1d033fb30bd03a77fe2836ecccbb97c80	7ef8d3587f97800410153d518f597863b2af9ec9195869cbfc22561a5d6b3f76
1f949.png	assets/3rd place medal/3D/3rd_place_medal_3d.png	b88e840433181b12ad1c1de0ab0e1fc84437b4c3f187f6a9e13013dfe4da7c32	c39798ba2b744ae179ede0c9680eef1d2697854ebe69bef550af638f2ad1ccee
1f94a.png	assets/Boxing glove/3D/boxing_glove_3d.png	24efa41a15f790d0ce19253bfebd0ad2145f9d5f49328cf0da4844b4eea35830	28afc8b82da04ee6a882c2cb167d5d739ddd8e3d3364be23f224a62b8b4b9cae
1f94b.png	assets/Martial arts uniform/3D/martial_arts_uniform_3d.png	c4b439cde1fa355ad8c7a7840eb93285615bbf07bc7b94ac26ab621506f3bda2	aca1edb2a006c4335dacb29ffa082b44553296fe501921e831d385149c2610de
1f94c.png	assets/Curling stone/3D/curling_stone_3d.png	2506802c768370bf94af865a02b30f5a2c86c82f39f67e41ef49aafc485aec5d	08409f8156ddaeee1724305f793b0bed9483c95ec59f061a6c59c8155b0951ad
1f94d.png	assets/Lacrosse/3D/lacrosse_3d.png	66e8ba5b5f6b3c4bd850059e5235d2419bf0395ac865828197cb607970b78956	722a032f23888022c57a76d776db070079c915ab3c3f99468fdb37a0d360830d
1f94e.png	assets/Softball/3D/softball_3d.png	3f8af2903fb58890e38e2f9aa16d6b85958053dca87a49ca93262d14579f5970	8c6f191389b4db6f98164add0bc8c185184d88fb98546132226b2d120476fb58
1f94f.png	assets/Flying disc/3D/flying_disc_3d.png	149f7b150a006e864d76bfdfd97dcfa02ebfc3a7824596b4709a8b0e0b2e0010	757179592f05f79954e9900a422286e8258de03f003b6861488f7236cb11d032
1f950.png	assets/Croissant/3D/croissant_3d.png	e597c363b47377aaf24d96bce84ea47c1450b7c31ba6d4152bf344d747f16ba4	9324376be858991f0ad6df3cbe824f3a0e5e91ec7766747325407b5c099e0be1
1f951.png	assets/Avocado/3D/avocado_3d.png	526f16895dee591111aa502e6a07e3a8cd6262b4189be7f670c82a76e702f4d2	7959aba17f81a0560f46fa447e6cfc83b57a644c7d015ae3ac2871c753625971
1f952.png	assets/Cucumber/3D/cucumber_3d.png	fd7298b145e399a927b84eebe591f3268c4528268cc06178eba946ee0b27a228	6f0d70e304decc6ae93bb6078b9d9e206fb8414add154c7116f536c33dc9d0d5
1f953.png	assets/Bacon/3D/bacon_3d.png	2885fea86a59ddf2295636c0b08e5af3dad8dd2a8a7d484785e599f8f9ffc82a	6d9a75792cb5c2e926c39975271c2ae80274dcbfdf140cb84a0a4ad70c3a0a53
1f954.png	assets/Potato/3D/potato_3d.png	0994a09ce69d258dedba2264ff5ef8ee4c3cffe72306f5a202fa7acf96ae1e18	a64c9681ad39a1439618c8a29cc940fe2a5802c4d14b0f2a92dd3429cea14995
1f955.png	assets/Carrot/3D/carrot_3d.png	add5179377b74ccfb6dc4bcf603aeb80fd8de23e1411bb63ce72db1286cea6a8	831cb71c03347ac9165939f07b6e8986ffa2f05e64773a30a7f850b190412487
1f956.png	assets/Baguette bread/3D/baguette_bread_3d.png	d03898f1c2cc6638aac2d7c1bf14a26d3f3d39703d935eb0b8116be1416a5659	f70124163a9853af80af81cc057718d81b3c61118e1c00081864a390ac780770
1f957.png	assets/Green salad/3D/green_salad_3d.png	ae85a5cdb434cfbeef8f512c14a9a76796634bb6b402010d1a915886f24a1380	7ef29e46a73dddedd0b5ecc4b8d657f9967fb4ee4553dfa85ae2057fcd6abd1f
1f958.png	assets/Shallow pan of food/3D/shallow_pan_of_food_3d.png	b0aea6eb26f4e0e7ed4de40c5b684bf1ccffca528cb7c219ec20d187422d9b63	9bad6e244ef4ed82123a615c19e09af337eb64d8d29358678fedd852d67febb0
1f959.png	assets/Stuffed flatbread/3D/stuffed_flatbread_3d.png	ace70a6120621d684dd0e1d5e86ca1ebc8a27fdac83096d70217ef98fe9c1e23	d5fbf734cef8343a7e555ff96bb25aba27ee990e8b1c82dfc95d038ea5a76da1
1f95a.png	assets/Egg/3D/egg_3d.png	efc307f317a1b758eb43152e1354fb407b3cb587f849db15c9ac0f9fcb025400	748efc1c00a0bd948390eb69a65551d5dfc4f1b7230cd395452097fd5291925f
1f95b.png	assets/Glass of milk/3D/glass_of_milk_3d.png	7ee5292b46edaa06d94bf719b02ffae4c96e95a8ae7f960cb90f24f1ccd99320	c8ce11e50a2c1a0d44211b2989bab1b8a25f3f66a05432326f65d0c7e88acd34
1f95c.png	assets/Peanuts/3D/peanuts_3d.png	47f9ac8137003ca0a198992012b5de7a3f7a9e2bbca073f1c7f35e80bed5ad70	3b1f0a12800ee73f1af315c53e2e2d863a23c1102945495f7eefcc0973ebbd15
1f95d.png	assets/Kiwi fruit/3D/kiwi_fruit_3d.png	e9aa7668a2839b866ee74b7c37a3987121827348f2e47adbd52ded0cf66febc1	8d90b062b468b7803bb94d5b8d91e3cead826b7b5b2c67cec21cb7176ab9b05e
1f95e.png	assets/Pancakes/3D/pancakes_3d.png	5170256c720af02a4b4a0c971aaf6f10822a988d3034180e0e7725f44b3fe444	9eed1eb2d0c56ca6ef17b10f9f0c3459d0e73069a9aa684c4579af1cc90f00de
1f95f.png	assets/Dumpling/3D/dumpling_3d.png	79938989161be1b37415ae7e7715611c5858e2e38d786d79de751f795116a3ff	557412340fb291c89d3caa7242fd650d7ea3eaed30058cff7c6317b16d6ce0b3
1f960.png	assets/Fortune cookie/3D/fortune_cookie_3d.png	a86f7cfbd74f5130d2781d33a20b423534d4412d7784b0b0d3ce09060e8df167	22a91d9c127b3ee2906142fa85bc3214c77dea2e4dd84f3f8efec4234f947e47
1f961.png	assets/Takeout box/3D/takeout_box_3d.png	12f52723dc3a37328a6370d24c99e9cccbc4c2a554d73c20f5ee4a5bdbe14f32	9abc6ef7ed092aa92bb80b3ed452b559de018a973f6a9d4da0b979c9d0e7ca40
1f962.png	assets/Chopsticks/3D/chopsticks_3d.png	b40a2c7e85e021de2dc35576d15123c022ee72c1fe8d91fdd51bb11df04d3cf7	f3e0e1db5ba709b493bd728d323f50f1536f411be4bf6f1a5ed86f3f807af1cb
1f963.png	assets/Bowl with spoon/3D/bowl_with_spoon_3d.png	96fd473a66885c7823a2e3138ef714d2f2858a86fbdc00a6c84f4b470b98e094	d7b5ed8cd7377c506c2b110971b6ae391bbf0c1e73e2680d4312a72b5debb064
1f964.png	assets/Cup with straw/3D/cup_with_straw_3d.png	7005731a952d0043c604fea15f3286c704e2eef599530e910ef125f9f3ebcf0f	5f9242a43f21d33358707c40a938d775c8402e8cb3235bab34f1d42d809951a9
1f965.png	assets/Coconut/3D/coconut_3d.png	20c84fde8e98b14987700e37cdacf5056f0f281a9989d2c056d412d00108dcfa	24dadf6035772034302404a449b22c2684adc0b3b297aadc6d3282864f4b1729
1f966.png	assets/Broccoli/3D/broccoli_3d.png	692ef3447f34a427fee05f69581c75ed212ad702127d2e838ad63589d5151ad4	94d76e644ff317817619dec3968c006814212cdaf026ed6af1e8a82af16a2711
1f967.png	assets/Pie/3D/pie_3d.png	d76a64c5d0453fc38f5f657995d9885bf6593e7dcf56dfa48feb83676fbb723d	e56c682e369d5ff902a419b9031fcd4ba02f5614d4981efd7577e625cb8847aa
1f968.png	assets/Pretzel/3D/pretzel_3d.png	628c91de7db3be2eec0638dc7269a02397b1818c6f2b022798db2a0c9c35e111	d2d3d8e05829ffb9bc0cb6e30468cc892dc35c15ff75ba517ed4a8650f62bf8b
1f969.png	assets/Cut of meat/3D/cut_of_meat_3d.png	6e7acfe4aa38cf292fcdd75036685f9636aff6123c132f33ed8d3a2883447abc	11181daf945c220ab8e8310b70715c92f5518188b0423e8064b0f0257e4982e8
1f96a.png	assets/Sandwich/3D/sandwich_3d.png	1fe904d9e97d7d42e66a717ee445a58f32f7d330caa2d574fc100c324cd277c0	78db0ddef0f5532272c715c6781bbafb429f23e429848297fd57be74293dc920
1f96b.png	assets/Canned food/3D/canned_food_3d.png	843c6d66ddb07d7f236ab1a3070b70c170004f8572b60a0f7a2c9c57d302cbb8	a6f552eb363f71b71721542fe34e29871ca5d85f87f520c2e8a207d15490e372
1f96c.png	assets/Leafy green/3D/leafy_green_3d.png	168df98bd3237324bc40e3bb3808448ba488e1841b441fe120196c380891ace0	ca59e9034f93213dd51145763885176ba7e4ac307a2cc366293e983cd5bf04be
1f96d.png	assets/Mango/3D/mango_3d.png	d2909468f97397a84ddf4cd476a49186c6b16f3d140302de5e58da5ae8bd18fd	ad895222c6358b1a74044a2f12d87e7563c5e09ed3d36bcb6514a9b63991ecf6
1f96e.png	assets/Moon cake/3D/moon_cake_3d.png	1eafefe8f26a82b054878529fb33bdc6749fc875adc348bcfa75cbd163a9b136	d5ac5dc6fef3130c4aa9af362708ef9487d1c06ca1e74127a2d82d9a106be16c
1f96f.png	assets/Bagel/3D/bagel_3d.png	5ca71d02a99357ec640004a0900d368b45265b94bea71999cb67bc0fafd96f9f	c6b9163a35bbed7f0e6be5ec539ff998c1f8bee38c67adf34273f7c673c6b1ac
1f970.png	assets/Smiling face with hearts/3D/smiling_face_with_hearts_3d.png	2b8c4abe57a81fe3805ec0c271f855984e9f4a7a1d10053050a4db7b6def778e	f7773c881be8ff9230a21708f04fa4b657ea63aa5d3674899b5b3d2408582863
1f971.png	assets/Yawning face/3D/yawning_face_3d.png	3a6f9f61b703d0a21c67eeabde6771fd8916ed18e3c49f96942675b76e566a7a	ba68f2d1770f537b45199d5e2fe20172dca6931be8b86b9d4304fa0fb807e1e7
1f972.png	assets/Smiling face with tear/3D/smiling_face_with_tear_3d.png	965ee6365b33c5b56f7b0a3ace81e0533fe8f1c83231ba26c885c907f0493a05	22ad7e92ebba79e015e2857082411f9231ad0e4252eed6b7bf4e7fc8c0350646
1f973.png	assets/Partying face/3D/partying_face_3d.png	e01bd94de6b85468f6e59da55d380985c363f6bc300b412d18290f143f7e44a9	2ad6de1e46844f4d9677078fdf69a3bc2a978fd00b710abf0b43a338c0ba58dc
1f974.png	assets/Woozy face/3D/woozy_face_3d.png	8a5a340485347248c924baf1b6615eaae281d17be0b1abe92a6101c47295287b	3773fdb551c723357114c6c8f5bb4ea8ab785f3a8574c05eae393e31517114db
1f975.png	assets/Hot face/3D/hot_face_3d.png	6266103d439cfbe33857199b407d16b108bd68b452cb594f477167b7ff9a7059	962cc440f3a4087d477d6eb6f60d43d46cfa402207ea024b6d0c9376e6b6c328
1f976.png	assets/Cold face/3D/cold_face_3d.png	0196625191a24519055a6eec8526b4c6b215197a93dc477a1f51657fa5486bad	5013a9864c4bcbf12f70bd6189a0c1d22928f1d3c01c4d9d939efa8758f85b33
1f977.png	assets/Ninja/Default/3D/ninja_3d_default.png	05d7d5f5a483de8d3dbc670e4dc647d2c69f45fb71c10586aa31bdbebfc7f76b	8bf1bf2ce5f274f59696de271647d6011860913ef740b017829047664448dbc8
1f977-1f3fb.png	assets/Ninja/Light/3D/ninja_3d_light.png	5d338fdc2f9f0991f799df3f434d5b84b4b75b0a8ab1533ebc44a91515cd2038	7b23c84568a98f4cd128c5efaf4b6536481623b7b77cddd7bf5e0baa2438d072
1f977-1f3fc.png	assets/Ninja/Medium-Light/3D/ninja_3d_medium-light.png	fd6a233cf0d603cec6d67000e754c1a38812a86a01845e4c2336c6c5a1d57ae9	11cc39961c5976f0c4a798c365269823d64a01da3d3c94c86c13e461fd97c488
1f977-1f3fd.png	assets/Ninja/Medium/3D/ninja_3d_medium.png	31e555f0d367900455fb71fe80438cd08e390ef3c5516470817d2c2c0d7746bb	748990db52a2eb4ec62ebb0fdd9f0331ce5448a9f9fb8b83fcf06ee1e878d585
1f977-1f3fe.png	assets/Ninja/Medium-Dark/3D/ninja_3d_medium-dark.png	9b1d916bcff11dc04d5bac5f84afcd0d4407495b7b36579ef10cc46e3cdfc461	8a429c8c4a9bc0863a9affb878520a9859417995914a96544d8cdda14398df76
1f977-1f3ff.png	assets/Ninja/Dark/3D/ninja_3d_dark.png	e4ffff3ab0d9503cdbebbbb0a2dc1e2df2207a0d2db88c67317215d9923aae32	6586df9b1d7732c4bf6c1dd774f813bad061e9621cf73f3b0805a5df570d09b4
1f978.png	assets/Disguised face/3D/disguised_face_3d.png	0a0848bf71468635f752d46be66d8c292b400ec6502f5b8f9e1898d55c41ae90	3b896100920f942a618db0da55df2151b30ad847235dd8a754692f2f8d50839f
1f979.png	assets/Face holding back tears/3D/face_holding_back_tears_3d.png	5e31e32cd02ce014aa2eae0df46f38b0532dd74ff01224309181d6b75519ec76	6f8fa0188c2c7723c6f056e0276aa53089c9ee70f2fca42a7e36315b5db6bf81
1f97a.png	assets/Pleading face/3D/pleading_face_3d.png	7dfc89c51118f0adecf886063b5eafce140a613075394ebe22ed9dd2bd9e9c4f	c1e8b7f056a034fc4cdc74d5a4a284abd19c07c6613af02e1e85e8371e9548f1
1f97b.png	assets/Sari/3D/sari_3d.png	3f9ead92dbd3bedb821ad3a6207d315d2e49e90aaaaa09db72c803b55c740ad6	340c2c2608f2373eeb0b48b0534de2b3dff2581a78fb131ba6890ecd827f100f
1f97c.png	assets/Lab coat/3D/lab_coat_3d.png	ad4e6296a2fa3fc68d7d36e96dfae9c9bc3fd1a349e7d8050709a5e87fd16430	969d2322cfae4b4d9faf34007191ad76e434d04d793b3f294bbd956741f4ae22
1f97d.png	assets/Goggles/3D/goggles_3d.png	c6c8e32ac46a45604745697d52f345ec5199b6a9f980c409aeebe3619e90f1ae	ad15984a64f79b5faa5b47b64816b83e6449e1a27f2d14441188494573f85eb2
1f97e.png	assets/Hiking boot/3D/hiking_boot_3d.png	cdcf337be36e1430398611d610344134dc1a4ce8901b566729ad6f36683446a6	5fee71d6bec0ff0a98adae2bfa31f5c19a6a339c2df4acbd0781dfae7305ea55
1f97f.png	assets/Flat shoe/3D/flat_shoe_3d.png	c2d993ff4f246cc7ff082b5537d47091abefadbbad8e084db9a1bc44484188c1	a538c7e3b1e9023d3d84c0d8143926e172d787a07183030b58db0036b7dee25d
1f980.png	assets/Crab/3D/crab_3d.png	5dab35d6ebc98078d272885769d6621976582003886911a040c608b52c548177	a95ed088e9285bb97bd81ebd640f2c4583e87fe60c8fab30c9cff76a59e5566f
1f981.png	assets/Lion/3D/lion_3d.png	1f1cf0d0dd94915f3c9f10c3415c5efbd4b8725adfa44a5d564098547076b34b	00071867c77541625aa6d8db3c71214f4acb5352a672663dc161f475cd7c79ed
1f982.png	assets/Scorpion/3D/scorpion_3d.png	28e97da0ff68f7579bfa1542ad25934762c7c359ef5544c468935c83acf560c7	29bc5d351d930f760a73f54b8585f3cd4a6f06a01bcea17405a9304a2fbcf7a7
1f983.png	assets/Turkey/3D/turkey_3d.png	772bff90da8f1eea75917a5452993267e7f864c573df3a53d55559dba4a8d590	63c7b68df74eecd1925f147024a4780472fa631e5718e0b6a8cb6352a24fca23
1f984.png	assets/Unicorn/3D/unicorn_3d.png	7d4a8a3e1040e9ba2b5a562413e258ebacc812e5c6d87946b3de53a66d1736b4	87269436ef8eb31fac1b37447a4ec3e878e616b5ac15c3123024ea11f80abbca
1f985.png	assets/Eagle/3D/eagle_3d.png	4ba56f4a18d6e9425809b67eaccd4133baca7bf388f0f36b4d3d6a301960c2d1	2880824ae5bbb75c63e848512de0d6192603527e71ed2277821a7362d2bcd8fb
1f986.png	assets/Duck/3D/duck_3d.png	c45934c5d609fc03e9713d66ada5e08034b0b27bf29a37a39c726633b5c2d2e4	3287f53f70c2d96bdb80a131ec898c09fdc023d00a954f353273b3bc25f162dd
1f987.png	assets/Bat/3D/bat_3d.png	4044ac8c7d72df1e8ca9642b8995b0d3ce1ff62ebef02f5571e1812e4ab8330f	995dc5da9222825f085dc5901154a662377f8805c0c0958f64c6624f0d727ab5
1f988.png	assets/Shark/3D/shark_3d.png	a60ab98d8fe5ee118fab6a3cdad32efbb6613aae35aa758604f901e9e5d1cac2	0cdabf1dfaa5dfe13d9a45804f7ea87f6d8851d797189dfb1fc753ea92306929
1f989.png	assets/Owl/3D/owl_3d.png	7dfcdcdebd599787719d98f3057b0822522678e6752369ca3498a780ca7ba443	d958032af03f1303b6dd5998ebd7a8a5cfbaaa769cef89cb687245ed95deaca3
1f98a.png	assets/Fox/3D/fox_3d.png	1a3bc43212405fb03d8d2bcc709c7f39c99d4a19af06d406cae4724e5fe2b0ad	b6f21148cd39bc6a93c27b0445de4933e64de390a2d91783d4b1f11476c9169a
1f98b.png	assets/Butterfly/3D/butterfly_3d.png	2ee52f94c6383dafdd29f471d04c17141563d7fff790d33e16781a751f72b397	b6cf41430ed521de8d11c1a7298fcc345b00c65c7a050b4ff84849d78b0b83f6
1f98c.png	assets/Deer/3D/deer_3d.png	82630f7c9d6fb6c87222267c901d1174b04faf5ac28af9b50c3bf44ae318e993	50d66027dfed66927d14a2e6ef5f2a314dba0c4e420661449e3c716cab79975a
1f98d.png	assets/Gorilla/3D/gorilla_3d.png	58ecf7f91ac90a0a1b998693bd9235aa1e42bc93aec119f47e4a400a874fcf33	6ea47e0d8684b4a74965bb515e3ff4dee64deb2d0c8c5ad5d77497524b3bb8ac
1f98e.png	assets/Lizard/3D/lizard_3d.png	9249cab1024c5cd4d65c246b9a4af3a80346a65ec66dbd200513eeab75561918	c20b1bb217a57bfff4bf84b416b069716b94a3a8668b303deefa32060c5e355e
1f98f.png	assets/Rhinoceros/3D/rhinoceros_3d.png	4294c81d62ab0cc7822f8b98cc0249b384dd08071750907daf7e77b5cc32118a	8207100b9b1213ae675706057fc640a0b844915b79bf8b4c1285b5bb66692b16
1f990.png	assets/Shrimp/3D/shrimp_3d.png	8eb4957b0e2605afc8e9798eb0ff24ef462e380e048ef9608238a9ca08307fd5	645e14f4518aba8daf875ffcfbff019c32433410738021e8db659cc6ef04cc87
1f991.png	assets/Squid/3D/squid_3d.png	eac8e1eec37ec616d6eea4bd507682c42a9c5bac32c9532855290691ee658fc2	e67003deafd0397d8f3c87d4ca5420bf2a34cfe14854b91abe4f97728a780e61
1f992.png	assets/Giraffe/3D/giraffe_3d.png	bfe23a59e8b7f25b691403763f972f3da030edf199cb0665b21e01d1d1f6079c	7729241f2ec69faf44273a107aae437bece921f9bf8b840b2f99997cd508b614
1f993.png	assets/Zebra/3D/zebra_3d.png	0048ee247960f872952293d6baf6fcc833de4b126db2131d8df9d1f07f1da619	9e053b85c3a0d4011482673266780959847d76b95796b4372e8f244f08afcabb
1f994.png	assets/Hedgehog/3D/hedgehog_3d.png	5c0d9bdeb079fb461fb670b09cbb844aab97860dd4a5a54eb6c62318c7f32f8d	c4f1ce8ffd8031d9235f7b5181573091075263be99dfc4165df76ce311accccd
1f995.png	assets/Sauropod/3D/sauropod_3d.png	6f5008e7922aee11a3055f362af9d5dfbd3c872c9171cab16bf1bf4a893ebf4a	9d57f84d020e91600fccea5d00dc93ed0e94fbc466f5ecfee8c2d0f646a0ce52
1f996.png	assets/T-rex/3D/t-rex_3d.png	1de0ccae0a8079e61ed36e76fe6fce4b7be760da28841265b1eee56ef02a42b7	4dc1b48b7bbcd25d1ccc11bdd7a82c1692d6660ad2514da50fdaaa37f68c814a
1f997.png	assets/Cricket/3D/cricket_3d.png	3cae5a736de663323a0a2c0595faac80bf0c4f51b2c5828e8ece8141cdda3d71	347b07b971191a0b9ce776fd94b2ccfd4e224610b2d6f668bf7164b687c44a2a
1f998.png	assets/Kangaroo/3D/kangaroo_3d.png	48ee57cc6778f0a586d53fd0647173ae8ef45f3f775fe47adb476f1c2c385f8e	8c48f62962b94cf1c6530d944cc30df2f45dd71873852ed05aa502e2ea52477b
1f999.png	assets/Llama/3D/llama_3d.png	6cb9fcd4111563e87437093f7cecc1fdf1495fa14ee829508500d3c77ffe5f48	22b88b9e55a246e3d668a4e7eab6c7d88b63c10607bc96d00f69b303570f78ee
1f99a.png	assets/Peacock/3D/peacock_3d.png	26b8b6d4430e47ba212c2af2b90ecf9f99bb7b72cb21e6e64b8496f016847cd6	fda79eb73acd6ee9febacb5ddda6d88043cfac25f2f07e6d992d9e35c072c075
1f99b.png	assets/Hippopotamus/3D/hippopotamus_3d.png	207bed240fcc3ed1f47ca0a65d3978be75e29c8e10dcd470d70cc2a95eb4d15c	19fa5209820f44e48308f284ebbeb6bbadc6c8deaa22aaf3bc5203b71933d0bb
1f99c.png	assets/Parrot/3D/parrot_3d.png	458f758fd9ac7578259f5981fa903c0ecd2da0802a827889a7f7a25cf3603921	ddf67a63b7bf0ed3314b7cf51f446eb7c4513d10a3ea9fe65543da0dc0193d12
1f99d.png	assets/Raccoon/3D/raccoon_3d.png	bb91e722ccf85fda99ab79e77b6afc97c183a8a4e1eaec69f02cbc653deed46c	1e471e011ea11dc2529cc4415ddb25d1a3c4733421dc428fdf2dcf310167bc55
1f99e.png	assets/Lobster/3D/lobster_3d.png	af70bf7c7983bccb4c72c9bae7dc769df39125b42d6a5622006c99de6261b7c2	06dfb8eb573cefe5d01ee32be95c0ad44dd9aacd7180ed43ce74531e30ed5684
1f99f.png	assets/Mosquito/3D/mosquito_3d.png	12966e2665e985b7f2ada2f035a4c260a0c1e8b0d2a125d5e67630d9851aa0ca	57434210052f9efb52217e875b824790f1f87251c780631c0bbd81adc4db0d19
1f9a0.png	assets/Microbe/3D/microbe_3d.png	181c4b85ca6529ca8001a370106a0aa81d5434f4732d2bf175c1da86d2b79e51	0fa9288f995d5160a7c5be11c1de28e29f625c702be0abb4495a1a16349458c8
1f9a1.png	assets/Badger/3D/badger_3d.png	1715c38b2b59eaee8933fa186bde401afb4d1461270b0ba597810b3fde1b1376	ee176d202dac95196d1e4a02ddd236af27502305a23a8d15d1b856c066673d51
1f9a2.png	assets/Swan/3D/swan_3d.png	a8ce2500d1b52d6343ff6866bcdb8af561c90a4321e618c3ab1db7668088d933	4397ddefada4850a84215b0de59c149e6b80397a60d1e0e08e75740b51f77958
1f9a3.png	assets/Mammoth/3D/mammoth_3d.png	a0bfc9d0d58b7dc9bb29e66e6887beb4057d40add45db4051593305ade642d30	2a05cd32809d3b2b930ceb7588be229e68a423ee037865d8537547397acee7a6
1f9a4.png	assets/Dodo/3D/dodo_3d.png	704587ee0c40b3b16dd5d64aa5f4eefe51456522823bbc98e7d1ba0ea6d7fd9f	8793e978df4f3972e0b2b08dfe344e2aaa4dd990763b7e2f97d34a581d339fdb
1f9a5.png	assets/Sloth/3D/sloth_3d.png	000f1e461dfec9d43991b424b3d0ea4ccb6c342b7f8a1f507f716a460c662d64	4df84cf7c755a9c6a0f5aec0e3f9c2b65b030511682f050b17e5cf2299ea9f1a
1f9a6.png	assets/Otter/3D/otter_3d.png	5fad606187601e377e6ae70a981e5c4d0e58652ab32d321ae4764b38901dd579	e1ec4d5083c7abd5f310aeaaf39261d9b38ea42c7e73497c1381d6f2b80f1d2b
1f9a7.png	assets/Orangutan/3D/orangutan_3d.png	d0aeb04dfb30fe5c8313b7b247fafbadf6c88244c43bb53f810cf609ff6b1efb	b45431c1ce1de7159a245786462579f25ecbd848c3efa426867d958bc57e9605
1f9a8.png	assets/Skunk/3D/skunk_3d.png	4b761eda68239b85e88b6419f4683415f604176518436a04b83dbc7fe4b9442a	b6caac4ecefc920a3dd186ec67b0f57494d86a381f83505880b83cd2e3f14ba9
1f9a9.png	assets/Flamingo/3D/flamingo_3d.png	cda1374b5f4ad9aee904ce92af77b0279ffdf1aa438cb6123540811fa9d8781e	3983c60311366063ba5000c6772c7567dc8573afc54bac9d9f9ac693d4774d80
1f9aa.png	assets/Oyster/3D/oyster_3d.png	fb364215a17ad3b607f7bc8c97e093655a34c9a980283c5eb1566bcb1f114b38	f30abfe6cafe2c90794a080d2fb597ebe6ba66bb136e756be44419da68368de2
1f9ab.png	assets/Beaver/3D/beaver_3d.png	13d2e768a541bc66e32b6aa38998b4ffa876e6773b2bb3703e1c9ad91c525a51	3621f28853dac43bfdc5da745836dd64f2965d3aad2bdf7eb8d31277d2e0e39a
1f9ac.png	assets/Bison/3D/bison_3d.png	4bd869635c08aad87a5fefa0d6dcb2c95b35a7d000af8fb1e730bc9f07ee3833	24e1ba31c5405987c1a126ec3d6e96a57aca8f0d74ba3101f0ec6c57fc020b0e
1f9ad.png	assets/Seal/3D/seal_3d.png	c7d66e414fca2f014e2a0333e75cff1b6aa636f18223d2f226799d514a8d93b7	3d71660c26009f8c55c680a5708cb41ae2f7b9cccf37cc4d435d0e0f5ab0ea41
1f9ae.png	assets/Guide dog/3D/guide_dog_3d.png	0e384da67ab6efa91dd11d0e00e21cddbd60b7a0009ce8e4476f65cb98189162	e31f4a8131060485d9074e9bb0e2bbfc17fd409725ca36633822a62caa6424bb
1f9af.png	assets/White cane/3D/white_cane_3d.png	ee6366d928a2a88bd24beacd277124e115498484340f99f9cb505282ae82883e	67f16f97dc14d00b324e40c24472d43f4d6e759291e324585c9a12ba6b19a85d
1f9b4.png	assets/Bone/3D/bone_3d.png	d022601ad86ed6a17405c8620f0e7bebc52639667f30d8e237f68c4cd8daac4d	efbaece7d429d12e228d285f3955df6a460c4725278ee9b70e489bbb002872fd
1f9b5.png	assets/Leg/Default/3D/leg_3d_default.png	78a17199adfe93a6a3ade2c5923828c5b985084a9a003973f1b1dc294d26aab1	8918f226bfd9d20b30e7da1229866bdf20ab7511d590a87361f32336febb82cb
1f9b5-1f3fb.png	assets/Leg/Light/3D/leg_3d_light.png	601ec591fe231ab65803a757453f00f4a1065d5587fd1663143482c876e780cd	ecf5e30517706816cee05c02804a9c2b387bfee49e452316828306ae3b75b607
1f9b5-1f3fc.png	assets/Leg/Medium-Light/3D/leg_3d_medium-light.png	af6b4370e322e71ae14f8c625ed14dc54e9782a83bb450ab846e07b2f43952fb	cdca75344900015f69083d965069b6dbcdd8fc419de589828fba6b657836ea78
1f9b5-1f3fd.png	assets/Leg/Medium/3D/leg_3d_medium.png	13ab790d5f9763c8809b422cb536f14a6147fa711c92975f404aad281396af22	a0bcb509f16ac9af27bc1e88ea3d1caea3d45063199699af9be0e2d542414c1d
1f9b5-1f3fe.png	assets/Leg/Medium-Dark/3D/leg_3d_medium-dark.png	aa0312c6b38e943c115b28cf57a994bde3ba136cc511813e55fd987f157cd21d	ae93d4cdfb8c8e5e2ec41513d30d80ed820e466889fd87eae2632c76685cf0f7
1f9b5-1f3ff.png	assets/Leg/Dark/3D/leg_3d_dark.png	7adb215acab5319845e489de07a5239b46b20dbb3731b94e34c28c546186e08a	e39016e2129b7405f75ca8843d1053a34aa0eca1019ea237ce38d36448b75cec
1f9b6.png	assets/Foot/Default/3D/foot_3d_default.png	9f740a5ebd510da1b384f8b60161c9e215a4b3011c7b5c6a01358e22b856bfdc	ac3952218d04d930e8f9fee32e05de7949eccfbdf0cc0f46d9b25936cf5aaf9c
1f9b6-1f3fb.png	assets/Foot/Light/3D/foot_3d_light.png	20fbca5f711ada7bf1450b9416baa89ae1beb1e5304dfdd91acb114ae9e451dd	76927ee881656ee170a380db7b7cd01783287f00d52330b2e020ca205dadcdab
1f9b6-1f3fc.png	assets/Foot/Medium-Light/3D/foot_3d_medium-light.png	a1283fb0ebd3e2f339883ed3841f1b16265fd8643be05801406618f3d167a096	f0e597b437c644b6a519e3fd19b388888c1f630819f4dbe8ba72a82ebf64eac0
1f9b6-1f3fd.png	assets/Foot/Medium/3D/foot_3d_medium.png	1be469eb4679022bd451ad7a40c88799bacca8ba84a76829df2f2e406f780e25	098a5ce2484d3e72d921a33906dc2783cc134bebc1980ac4f0e4bcee729e9d3c
1f9b6-1f3fe.png	assets/Foot/Medium-Dark/3D/foot_3d_medium-dark.png	4107c71a21a1a524a77704f558120c60d0c6e2487a0d5a6b81f930986d49f36e	a15e1921cf4ba4fd873a70ad8824efa1097f0048febbb1991793e3fd61c345f2
1f9b6-1f3ff.png	assets/Foot/Dark/3D/foot_3d_dark.png	de0b32bffd8b5d7450899d92a19a1be523a2b05ac65521010a6fe9264e6654f0	ba01b26e41cc8bd89a4c2b1655d6e875a0adc9965f0790e14157b84fe56b45e5
1f9b7.png	assets/Tooth/3D/tooth_3d.png	a8465ebc90cfdb2c5854d00b5cfbfb324509dd3af9ccb88be1b445cc26bc7a69	5a7ee3b474a82d6e19c164d335df01399b50c59938fcb7f5f4358e2c0e94892e
1f9b8.png	assets/Person superhero/Default/3D/person_superhero_3d_default.png	901fe2a258b2fb0ea25cfc3e5e2996f8f6f3768ce1d9916f1c6dfcacef7a374e	89f5494d9a82b135b6cfa63b5f1ac66014e33b4fa2850499a856a1256fad1aec
1f9b8-1f3fb.png	assets/Person superhero/Light/3D/person_superhero_3d_light.png	c3e2b6818750e83e26e5bede57027e527486ea5750889343b8127969073c1113	114047e6dd7255107eb195aed1e68b3be1e15ee3ab07e31465f7962cbea92e55
1f9b8-1f3fb-200d-2640.png	assets/Woman superhero/Light/3D/woman_superhero_3d_light.png	7059fd2f764491c3f0d528aa3f44f739f9f0450d3cb7de1b14fb04cf6e40d190	b610e4c21bc1f1b0b0f318af0492f8b1ce9c7f9b01e2a7bf6bcec9123fc30d25
1f9b8-1f3fb-200d-2642.png	assets/Man superhero/Light/3D/man_superhero_3d_light.png	1cb404192fe6e4ba00d1da2d114ba3f70d568fe1296d5ec39c30e6a0668a2645	17ab910d67e231605fbb7403431a9f38670dba9d754efafcfb508e1b932599e9
1f9b8-1f3fc.png	assets/Person superhero/Medium-Light/3D/person_superhero_3d_medium-light.png	f9719c978eb3e5ce455c19dea095e06eba6a23ed4d4551bcb556a7693b16f1db	739d11fbe48c03f509a13af24c50304f5355050dedf305956ad3e942947c7264
1f9b8-1f3fc-200d-2640.png	assets/Woman superhero/Medium-Light/3D/woman_superhero_3d_medium-light.png	0a20fbf2a6e1208f21ec51c535b00af1534645e566913978fd115a73f01f8a7e	e356fedcc31af25c5afaa16486eca1a4b35ebde4161cf6814cc936eb679141e8
1f9b8-1f3fc-200d-2642.png	assets/Man superhero/Medium-Light/3D/man_superhero_3d_medium-light.png	6a5060425063697f7904442cf558f0e876071fb370a09ab7c7b3c4ef9b0bfda8	c63023fbbaf2c41c8d28730d8b478df893407e85d242feffcdbf99f52284442e
1f9b8-1f3fd.png	assets/Person superhero/Medium/3D/person_superhero_3d_medium.png	bee228a2677af9551bf3c783ad7be1e53f99c140d1ae068d9ef2738c4facf4be	ffa912da3f7a3961af8a264ac88f5ada23abef197c59d44e4d5effbcab8a3df0
1f9b8-1f3fd-200d-2640.png	assets/Woman superhero/Medium/3D/woman_superhero_3d_medium.png	06c94f36c124071f5fdc5b4c26a2590c7f9ab4e8e207c35f19c3261ab61459de	9df41a755b15aa41cf9331b903df8b34853560830457bba8603ee63f9f129e89
1f9b8-1f3fd-200d-2642.png	assets/Man superhero/Medium/3D/man_superhero_3d_medium.png	dd27b66d77bc50edc2d23d7ff3114636a708de77875d7cea787aba4f4b51e434	00fb8d082e45d024a0db966486e33765d2aca611582d6cf5a1fa9dee3a9b03a6
1f9b8-1f3fe.png	assets/Person superhero/Medium-Dark/3D/person_superhero_3d_medium-dark.png	17f6c42c8530fb41c5eb142d918659f6a69ef7f6d56c0b1b91472495bc4581c7	1d5cff0048c0661b7334e6004fe753230dd51d3bdc04411f678282752fcf6582
1f9b8-1f3fe-200d-2640.png	assets/Woman superhero/Medium-Dark/3D/woman_superhero_3d_medium-dark.png	dd79f8309fed4bcf50767dae7d89af3aa63015b1e67c5279d2eeb70adc72ee90	b3c7d6db83a7cdf8de34c16fcfbb52ee4cb7d49543a7dbc8c3242b281295373f
1f9b8-1f3fe-200d-2642.png	assets/Man superhero/Medium-Dark/3D/man_superhero_3d_medium-dark.png	59c8f23173824cb1157194e492b324d25d824aa2dd18b830f50c96a30524ba23	236895cbe6d64d91d154da1387d39bed5ce698d38b222c70ebffdba522b1d2e8
1f9b8-1f3ff.png	assets/Person superhero/Dark/3D/person_superhero_3d_dark.png	7ecc6be64e988ba4cdf8edb20fcdaa1b76ca3d7d8bfe3a0a32eac400cbe0c8c4	2404f4e6813df0535285cfaa9be4fecb56c751ab6b95cd6865781dff29801dbf
1f9b8-1f3ff-200d-2640.png	assets/Woman superhero/Dark/3D/woman_superhero_3d_dark.png	a367f47cc59673c44cc5b1b2a19762164118b573262f0155d4e80f32841490a2	54f39686f38677fc1e519e55a1634de52c9b9f58919beaa243014ac9cf74b7c0
1f9b8-1f3ff-200d-2642.png	assets/Man superhero/Dark/3D/man_superhero_3d_dark.png	a2843487c9dfbfacf32efe26a7c50796b16e3fcbdd402125cd6ab7c8d1adb45a	18b3868a6c88af20f7dcf35460fe92cb9697a7529e6ce92e225161aa6f60450d
1f9b8-200d-2640.png	assets/Woman superhero/Default/3D/woman_superhero_3d_default.png	9e2dd90904f9e5a4991400861ab6b06a444e88307f845a7f77e4a605a683aca6	59f785df680fd28e9dc3f3b842ff243f4f83d9a82e061c0e174b3977dfc5540d
1f9b8-200d-2642.png	assets/Man superhero/Default/3D/man_superhero_3d_default.png	dffc4ecd1003cbb634f61a2f56392c700e56d9bb1ec4110c7f5328a023ceaedc	66fcb3127477bec2b0edccd071eb55b2d1d20d54162194e31fe7246f8eae05f4
1f9b9.png	assets/Person supervillain/Default/3D/person_supervillain_3d_default.png	7ca0c7eddfcd3249a2c8dc11b2a42602b23ded129e4648f80c1224dddc51f937	ed3b44334039ad2eb290460002f6216f67ca98162fe5696ee07c3e1a0d49f723
1f9b9-1f3fb.png	assets/Person supervillain/Light/3D/person_supervillain_3d_light.png	6b02a89027478724721cba52b5b4043677cac4a8b08ce09e5cf02e748f654dc8	ee4d9a9079f7359bfbbedad79794eabe8cd7f9f301c18e0f1062040a2ccc220d
1f9b9-1f3fb-200d-2640.png	assets/Woman supervillain/Light/3D/woman_supervillain_3d_light.png	79be2c3a28d95949ac0ad14ff602b20fee3f55dda1edba92a536da7579938fdd	ef3f71cb4d960d1099b1f4211350901f6a864c72c8a8735c3d3811bcd5df2b5e
1f9b9-1f3fb-200d-2642.png	assets/Man supervillain/Light/3D/man_supervillain_3d_light.png	739c2c173002e15c5f50f207e28090c7fc73accbe1290f3319ff8d6dafb72b20	a130f89d55495049ef6de824b45589d2c9a930a87594ff3b17d86909253e4a9b
1f9b9-1f3fc.png	assets/Person supervillain/Medium-Light/3D/person_supervillain_3d_medium-light.png	a9651862583554b8b1b83cb008d25437c1e4d1aff60ba6d55b97364dcb78181d	0a4b652c65536bf10eda23e333907d5d90b450bc61533cb73f083938f26920be
1f9b9-1f3fc-200d-2640.png	assets/Woman supervillain/Medium-Light/3D/woman_supervillain_3d_medium-light.png	18150b18daee55a6ae3af2b74189119ceae6038cd9774ef447e428fe84123bfa	c742660ec543a0d0c8a31b58b74a50eb5904907885a49cc1cd8c180444518c02
1f9b9-1f3fc-200d-2642.png	assets/Man supervillain/Medium-Light/3D/man_supervillain_3d_medium-light.png	77c27711cd51807d212194c0991e3a40ce1bfb5305d9dcf55bf4d97c4918055c	b636ba7a499a45f1835afe044df93165d84a20413d6b4959d9ee167459a4697c
1f9b9-1f3fd.png	assets/Person supervillain/Medium/3D/person_supervillain_3d_medium.png	14922c5067ddfc3f929c5c52a8af0bcbaf20d0955eb0f32fde0d7de9804a8d43	1be63071583fbcb9f6d319cabb9a22e30d04325a07dc0f56ba08e3723d63c19a
1f9b9-1f3fd-200d-2640.png	assets/Woman supervillain/Medium/3D/woman_supervillain_3d_medium.png	ccae373f55c8a12fc94480fc47f5e7d75be58b7f2e99dd7af2cf07ade7a74361	221afb36e00f1ad618990256ec1382718c13459e11e1e94e2bfde7b9a4b1c9fb
1f9b9-1f3fd-200d-2642.png	assets/Man supervillain/Medium/3D/man_supervillain_3d_medium.png	a75f6b52d399ff7d94b2102e76f249e082cb9024da9bea23a0693a6bfa70efaf	4433ea526113c7425fd031186813bfba711af7dd6ed9d696ced973cb621c8821
1f9b9-1f3fe.png	assets/Person supervillain/Medium-Dark/3D/person_supervillain_3d_medium-dark.png	5777aab13271d60a791b9efa42ec15cef98e1595528e7a2b8a5e0f7412611d69	1ea2a7b12237cb8816e5d0b72d11c743aaab04480187e918177f2b75597c54be
1f9b9-1f3fe-200d-2640.png	assets/Woman supervillain/Medium-Dark/3D/woman_supervillain_3d_medium-dark.png	77fa2a0e0d071f421c0bb0c01623b3e3c2db9763edb1baa6cd99b0f108241481	abce552a8adfb4a1d4e9d328585def17ff3d58a09a683c12190b26810794942f
1f9b9-1f3fe-200d-2642.png	assets/Man supervillain/Medium-Dark/3D/man_supervillain_3d_medium-dark.png	4d7493a919278ce07041d6f2b7754e91f3ac3736494993d617d736f8e7d6149e	f7df6bfead475ba3739cb3c22431daf72eeddd06068873c4caaeefb696f4635f
1f9b9-1f3ff.png	assets/Person supervillain/Dark/3D/person_supervillain_3d_dark.png	e53d61e53505f0a34188a67e75180bf8cf88c3e075c9feda95390833adb2ca72	138140a9b94883aa408cf46210ac25feff3f3ede8c3be087324e2121f25a24fb
1f9b9-1f3ff-200d-2640.png	assets/Woman supervillain/Dark/3D/woman_supervillain_3d_dark.png	8569ef59bb80086c1535095aee2c567520385fa917bdc176d3a8a7861487fbec	7c98e9d3a21adc8e8c2a47782b5e4ca0fff70991b39c07a6c582f7af9878a162
1f9b9-1f3ff-200d-2642.png	assets/Man supervillain/Dark/3D/man_supervillain_3d_dark.png	57e0ef7a031e3516c690182e094c6f41ff782bccf3506706f2981109ff29cf11	a877ad50384980f570b40c7f9c7ac926a1fceb581c8599f2b305ddc95edfd85a
1f9b9-200d-2640.png	assets/Woman supervillain/Default/3D/woman_supervillain_3d_default.png	3b6a66a2cd7a6f19bb17b030479f4053d19647c2b86c947ea08bfff35e6a3723	26b8a00113e3511c5b78b72f19d7b3f79c3dc016b21d2c48b56bfb7c184ce8c2
1f9b9-200d-2642.png	assets/Man supervillain/Default/3D/man_supervillain_3d_default.png	aa6adf3da9b95a9033913da78b0eb3f3d654c09673579ac092f349ae2a48d9d3	99d0dcf9a99daa9489677070d5c673dcc5fdea3944816bca8f10e278a014738c
1f9ba.png	assets/Safety vest/3D/safety_vest_3d.png	5ec97f993d182526f0bdeaf6fd7b0ca6980a5f2d28931da41697877d3967cec5	72e98f15c02d9c82088091c0137f5e101f23c1fc4ab072e7db9c2940e87a4e71
1f9bb.png	assets/Ear with hearing aid/Default/3D/ear_with_hearing_aid_3d_default.png	3b9a80a5d87029fb494d37c150094f500c5ed22ae748e347503e6f198c3cdbd0	255d504fd0e010c300b7b137acdb16ebd9b4618ab053e6ee7938f9b463494dd8
1f9bb-1f3fb.png	assets/Ear with hearing aid/Light/3D/ear_with_hearing_aid_3d_light.png	2c05158ab081ab83af57d9e9ec507fadb87dbbeb69539e43322b7b41a868870c	04f1df3381dbdc06518a90f414e5a157237d9db0313664d7bb21df9d73740726
1f9bb-1f3fc.png	assets/Ear with hearing aid/Medium-Light/3D/ear_with_hearing_aid_3d_medium-light.png	2fd0705305d6932cad50fec22731cbe3a8da01993052efe8016f6860b65c8b16	45cd701e0887b2e4da265acdc911912054505646b4e94f1dc4ce36b2b3ebbd0d
1f9bb-1f3fd.png	assets/Ear with hearing aid/Medium/3D/ear_with_hearing_aid_3d_medium.png	947650d9bb6b16a4458da202896202775adb010cd68fcfffc1ddc86ed3261879	33d5d0b08c6b43a95bcc98d5869c661d4ae069d73d96c40984701d2c1c5285db
1f9bb-1f3fe.png	assets/Ear with hearing aid/Medium-Dark/3D/ear_with_hearing_aid_3d_medium-dark.png	0a9dd9b37e3cefa01bd55f22b0e87ddd166d805c7ddfe6ab9d11cf40c66d845d	294d57eacb5e00cbb4a7f1492cd460c0004452e7f3b29ff6273d6df17f7b6f0b
1f9bb-1f3ff.png	assets/Ear with hearing aid/Dark/3D/ear_with_hearing_aid_3d_dark.png	a563c9015c1f87ea967e41e567b9c6a8a645aa80b5e7bd42f188394f39a7bea2	248201f06e255d312caa4327e31899d6008d16d9396260ddf8a7a9b258d04523
1f9bc.png	assets/Motorized wheelchair/3D/motorized_wheelchair_3d.png	b9d156653f1e4d93928fb8a85a367eb764cab0e01b2a31b894760f35bdcd7516	70be9f0d701693514b835f6b8378ea9b74039ab8e900e6a1303a9c335b592727
1f9bd.png	assets/Manual wheelchair/3D/manual_wheelchair_3d.png	ae499187fbb22d1c31a68cc873b1efe7d0dc4e6e004c1c6c5eaa44b1dfa2b423	f9bd04d33ee812fd4fd305c812e39632f0e0ec678118eb3d8c59816c93cb8f46
1f9be.png	assets/Mechanical arm/3D/mechanical_arm_3d.png	3cd132772e072c4cdba3d39ef2bff101ded060da7ab5a3af77d1d28483c5b919	afbd3de7c3011460c40cdb81424e5ad427008ca5d3758d4c913607d987c63ac0
1f9bf.png	assets/Mechanical leg/3D/mechanical_leg_3d.png	ec05a5045d80edc81d7943ee2399face08584e4321097c009d13cad567f432e3	1084fe096862189625f459d5324d37ba1764ccd4b2b96422eee1b5b26eae9c20
1f9c0.png	assets/Cheese wedge/3D/cheese_wedge_3d.png	66966a3b1f27f802260988cde7ab2419525300e9747bcb92657c3f544e0568d7	869b503e71f8289a468a7942a7664a9de818d47a147e0c4272fe415230a87195
1f9c1.png	assets/Cupcake/3D/cupcake_3d.png	1d39177c541e5a3253922f88fc8c33aae4e8ad26d13a4f2272f830d168c02289	7e411e5c55edcf2e53bde5ea6280aa6756fc5f19e74144ecce405f1aaa76db5b
1f9c2.png	assets/Salt/3D/salt_3d.png	075ecfcb32f8fb57d8c0b990c6951b7ebf06a496960044eed320cf5afb745652	86399d12102db5ba653e621383893b7e9ede8be413b475c9bdd8d658ac7c0f99
1f9c3.png	assets/Beverage box/3D/beverage_box_3d.png	843391a919872f7bf989de53cbf628ff0e8fdf7f1e685dad2a1a9561d990b55b	b3dae89d120c9b331fe20458b7a8cfc51d749f5967b0ba1e604e0fe0c26093a7
1f9c4.png	assets/Garlic/3D/garlic_3d.png	7abbfd71d59838c2f0ff385bb75b457c41a0ee2c456e8efaaab1215bae4df40f	44a8e3977a17f6900e4594b1280891ddcf8a89d204c785b9fd2194ca91fe6457
1f9c5.png	assets/Onion/3D/onion_3d.png	48716cb9e88ecfede29dfd55932bf4eb0a2b1b6688621bbf75305d7e042a0efd	caa14320f5c1446ccdc92ead2ad616d2a1f615c9080a8f7ea2617920bff435f3
1f9c6.png	assets/Falafel/3D/falafel_3d.png	c992da21790b94f43ebf8dba361f85a10554c2db5b581105006bcf881c56320d	f24498c318e41d7c4f0a8802df5d07ce343d521565851ae5e1ec4232db384e46
1f9c7.png	assets/Waffle/3D/waffle_3d.png	941f6349d70ba26ebe4d6aa3567eb8e3b460ff7e97a672acf9332b342e88c31a	9a0762d2af742a1665a543a5cb6b78d0219a3d335cad71aa0df7fe888b4b65d0
1f9c8.png	assets/Butter/3D/butter_3d.png	9b4b3b80f35cbdd9214d10aff81792eaef9d2410b2fa4c7dd79ea87a8ea667ec	288d71367b387eb9ba5c7f2a0561f1150e5463c0fc96d13f99ef1dc379dfc944
1f9c9.png	assets/Mate/3D/mate_3d.png	f0535fd38226a4cd27703622d7f6a1cc8beb5863cecc43803d607dc5000d8b06	beaf19c98ca91baa850f346d05faa5560871f3c50cb93f558d97e81aab213fe3
1f9ca.png	assets/Ice/3D/ice_3d.png	bbd6f6494ece3ca6192de61e699bf606bbe0abaf853aa1b462357894a32c57b5	f2a0ca59186132764ae5bd90361746818697c52bb9b97fc98d65ab5a993ece9d
1f9cb.png	assets/Bubble tea/3D/bubble_tea_3d.png	a641ba6510d10b00d861406412a3e72eecec2ad78b00dfbe570e441a54a22377	8c4afc4b91ce0ca786299df2864a642c75bdeec7cfd7371ce40af74925dfd5aa
1f9cc.png	assets/Troll/3D/troll_3d.png	190ab5a03c76b05a3dea7ac1d20ce10e185a40f6cfcb731df0872e470781add3	0f37ff2df391c77744b192c522a0eb14a6fdf986dc4b06952e0d5e9a0ac57b78
1f9cd.png	assets/Person standing/Default/3D/person_standing_3d_default.png	1388e0f9fe7fcb37caf52198c603b7f554ee1b9ded985ff35a300ca685064df1	06b87c0b92b3c295df059c80e80a8ea4cd96aaf00c6d111928a445e8560bc505
1f9cd-1f3fb.png	assets/Person standing/Light/3D/person_standing_3d_light.png	9d283ffa3d19bde828a6b12872e0e90d2ca370040d2ad6af2ab2144b911c5a9e	5e477a44646d0ee94aff166a346eb1a2ac7451c803e0765f58238657a99e83b4
1f9cd-1f3fb-200d-2640.png	assets/Woman standing/Light/3D/woman_standing_3d_light.png	9cf9863e3f512f565c3cce970f42b07c1cfb87334b73c96c1720ab6c810242b2	2b28889545ea6095da0f4b9cefb3bc2ddcb9e8842bbbecdf1c223d04f8a08e25
1f9cd-1f3fb-200d-2642.png	assets/Man standing/Light/3D/man_standing_3d_light.png	09f76caf011a0d831692b09f90f5bb7406ce0ad87129608c510c5a908d609e7d	c8b68e8af60d7c2b7bb1c27679dba6c14ace60e47396b2a12d65a27cda93caea
1f9cd-1f3fc.png	assets/Person standing/Medium-Light/3D/person_standing_3d_medium-light.png	22e1a34b4646fbdf3d6efdf059f3dbfa4bf0c90a7f0a950ef681b883348fad6f	b9d37dea7496c3007722e9847d2acacd0b1a99c05d35434d4e35c738e61f4eb1
1f9cd-1f3fc-200d-2640.png	assets/Woman standing/Medium-Light/3D/woman_standing_3d_medium-light.png	633b2326a7a2d7a28bf40b64edeb5c90322eb3ccd4397d98af3a71f17e60830e	edb13883ee358897bbbeaf947679b3fa0046799a024eb9b928f06e8ad7ef6b30
1f9cd-1f3fc-200d-2642.png	assets/Man standing/Medium-Light/3D/man_standing_3d_medium-light.png	7e363d4ceb23658260be35c5930651b31694db6e1f02fa98576cea9b4e97e350	e345fe0567627c58accf3eb0e5b3db40abe5dec60876397d2f262d1961508085
1f9cd-1f3fd.png	assets/Person standing/Medium/3D/person_standing_3d_medium.png	4e81eaf397263aff4b775864da30800557d6e773719805a75b6778b258447644	364bdc5407f4f8c8d455e1b49dc0c9cb90ff00ec07f75e9b5f1b8c56a1b0e356
1f9cd-1f3fd-200d-2640.png	assets/Woman standing/Medium/3D/woman_standing_3d_medium.png	28946a0aed154bc545d7222d3a875a1c43478295e4ff13aaf6b7e94bc57754dc	e2301519481d86f4a2384d367c9282a5692b337737f2b94ce65fcd09a57abe0b
1f9cd-1f3fd-200d-2642.png	assets/Man standing/Medium/3D/man_standing_3d_medium.png	0b1e868636124c44b96bbc4c3755afb63a4eb78c508823555b072e1ff7a2825b	c04d7be1632dd3b8f4ae24cccd75f2980f16697eebfb8e666eb6254b5ed9bbcc
1f9cd-1f3fe.png	assets/Person standing/Medium-Dark/3D/person_standing_3d_medium-dark.png	ddb7e949a890a996d5ed8ca370b4b3e0694cdd4afb9a36dfaa2e1229d2ce7403	af3353ed4b02082dd01d8c3ce02df6be9ac075f04f6645fbc608f7f9dac93eef
1f9cd-1f3fe-200d-2640.png	assets/Woman standing/Medium-Dark/3D/woman_standing_3d_medium-dark.png	8ef7d8f1e9668835c893dba8c1f64cdb4f7294e91fc6b151f4b37a69624c9592	7e2316284bb7733fd84acc79289b2a223d629ee55f52b8b332e91c59f7c868ff
1f9cd-1f3fe-200d-2642.png	assets/Man standing/Medium-Dark/3D/man_standing_3d_medium-dark.png	11f5c916f80612f39998d3038f97c3323d863fa447e6c9f8c37a4257963815a8	5d7cdf6efec95a1b2cc4538f74f0b0a7217c036ad6f9bb02c851a86f96681204
1f9cd-1f3ff.png	assets/Person standing/Dark/3D/person_standing_3d_dark.png	b557ba8f9a8f901d87bda9db8d8800bd912838c7639de6111b928ae3d1c99821	2ea415a8b369f662a85891c96b31cd7cb6387ef5562226f3d672452a801ead18
1f9cd-1f3ff-200d-2640.png	assets/Woman standing/Dark/3D/woman_standing_3d_dark.png	0eea6a4811e4a2fd3a1b98c33521de067292b481c0ba756f09ec290e2f0bc51c	0c6714650b37b5aa1468db3441dab581a13aee64e555cbb20bd8dc84cc5add42
1f9cd-1f3ff-200d-2642.png	assets/Man standing/Dark/3D/man_standing_3d_dark.png	7408ab697e57e8eb3d97e62986d685ff1db9604421e73371cc9d40deb0209965	733b3791f4c1031fd590f63b1ce1290113c7df38bd3dac8113e9c104d23c89d9
1f9cd-200d-2640.png	assets/Woman standing/Default/3D/woman_standing_3d_default.png	1539a46addc0ec6ef6630156305f23b9bc0a69ed1bf106e2baa34a8c8db65672	9e371965c4016b4da827482fe677d4169238fd6c594615d6348cf50598f67d5a
1f9cd-200d-2642.png	assets/Man standing/Default/3D/man_standing_3d_default.png	3f90f28f78d39dbe1407262d963677644706dfc38d1fab2200381649a1a52df7	00a93fa6433c1d794209221b576eed639cf0ec0b4e95203e8d55c004cbad9964
1f9ce.png	assets/Person kneeling/Default/3D/person_kneeling_3d_default.png	1e2fb5d9b17729fef128265ab42886fde6e816a5ddbfc256bc165349f084f6e6	2e0899be132368a605813641b0f4cfcf0bd556aed16b06006c7a2515a948b647
1f9ce-1f3fb.png	assets/Person kneeling/Light/3D/person_kneeling_3d_light.png	cfe9f183de9aa9b91d9a2b166dd18271e020426cc5531f263bb479c7c7e63514	5d708915deeffd3dca000d5dfe55b0e4c9458c629d39e54488241a7a06155dd1
1f9ce-1f3fb-200d-2640.png	assets/Woman kneeling/Light/3D/woman_kneeling_3d_light.png	028e4218f8c1e3f75684809036417e4e3c4666bc65479bd532362a44f9e45c2e	b82d258e11bbdf713cd4783ffd9ee4fc6e8175aaf4856b1db965230273011324
1f9ce-1f3fb-200d-2640-200d-27a1.png	assets/Woman kneeling facing right/Light/3D/woman_kneeling_facing_right_3d_light.png	959ef56caf5bd042fd5363a6b44aa4e2f7788b66c536ce6761f4f47e7cd0ef1e	eef29519ec2c896accf9ca9dd933d0bf50753d02b948606de8f4ed879b19a061
1f9ce-1f3fb-200d-2642.png	assets/Man kneeling/Light/3D/man_kneeling_3d_light.png	c5de005a75b3acf33bc0399467e9d1514dd79f539745b71e48241c4dc8fd9a00	216cabb825bc897c59424856d8096d32af705422d95abcba049dfbefbb08ccb8
1f9ce-1f3fb-200d-2642-200d-27a1.png	assets/Man kneeling facing right/Light/3D/man_kneeling_facing_right_3d_light.png	222b191cb412154e0e77e6dc646f01c5b69055dd3ff1270fb7bd3887362fb600	ea0ea039e47959f253394cb5eb5b85469d289e3383eae987f9a69b1f8b2a703b
1f9ce-1f3fb-200d-27a1.png	assets/Person kneeling facing right/Light/3D/person_kneeling_facing_right_3d_light.png	00ea82b4c203ca1f1d43ec8711343ad022dc516ac8fbde618c78a6edc09ad8ac	fd50fccf014a2b6ef5093c4d16c2dcba12ec830c455f0afea623bf06def65eea
1f9ce-1f3fc.png	assets/Person kneeling/Medium-Light/3D/person_kneeling_3d_medium-light.png	35fb234155026715612efeeed0cde519f85ca8241d22f50fdaa961826cf0f979	fa20ac45e93cd635af70978d18ea190f2327cc431f45dec218bf7ce0706044a3
1f9ce-1f3fc-200d-2640.png	assets/Woman kneeling/Medium-Light/3D/woman_kneeling_3d_medium-light.png	53c7f809305725bc1423ad35ab251798d9a7181c0e2aa1c86fe7d9a3041ac9e8	82c443a8375ce876d0519cecbc43392598ad5548b36152fa12e35071a234d702
1f9ce-1f3fc-200d-2640-200d-27a1.png	assets/Woman kneeling facing right/Medium-Light/3D/woman_kneeling_facing_right_3d_medium-light.png	483bd8fb9cc08c9b03b4e36376f71ade48062f8a0bb0e5af653e3389436205d9	ceab0f2e86d437f0891ecffc955c8d9e5ddc4ff9df8c7ea805357ae5282caa66
1f9ce-1f3fc-200d-2642.png	assets/Man kneeling/Medium-Light/3D/man_kneeling_3d_medium-light.png	e998c139f69d23d3220f2c73a9737c913016a2912c47372eb951aa8e747b1b6d	025584777fd3d4ae616725991a704db08629c9f8312ee57de23b20663285ba17
1f9ce-1f3fc-200d-2642-200d-27a1.png	assets/Man kneeling facing right/Medium-Light/3D/man_kneeling_facing_right_3d_medium-light.png	8675c085e78aa9b17389a60d98c08494b895c94b8fbfdf22415444eadcd0e6fa	9596e21faf2237eb735dc4fd3fd5a307ddeb207f22947a8e3149ad0ac1538044
1f9ce-1f3fc-200d-27a1.png	assets/Person kneeling facing right/Medium-Light/3D/person_kneeling_facing_right_3d_medium-light.png	6b1ee19d9f89d0a5b875f94c06916981bbd870a6a5612179b74f4f9c9150fa2c	56dc49672060226a0816c81f0f40f9e9f43edef639c5d63e3f2ee154eaec59db
1f9ce-1f3fd.png	assets/Person kneeling/Medium/3D/person_kneeling_3d_medium.png	a445df425d3f51a414b589e1e2ce82d1eb49307b6d5c1e556243560dd129be87	93bf109b36dc1a5741c5f1925f24f31473413d185735a6de05f039b33b76fdfc
1f9ce-1f3fd-200d-2640.png	assets/Woman kneeling/Medium/3D/woman_kneeling_3d_medium.png	d50e90c111724db5d1a18a88e4845bf3a4e505a4cf51cedf6bb4c710f00af772	5c7edba472703d3387a9f65c4b8688b9561de48badca8d96c8c5b4ed0a039c20
1f9ce-1f3fd-200d-2640-200d-27a1.png	assets/Woman kneeling facing right/Medium/3D/woman_kneeling_facing_right_3d_medium.png	c3f5d977ddfd4706baab28ba3134ab2ef75d6fc8ff73c76518beecc1f0b0fc6d	dc8a593623ea3e7d74b1cbe4131e16f8127d974088317a5832fdb7cce460661b
1f9ce-1f3fd-200d-2642.png	assets/Man kneeling/Medium/3D/man_kneeling_3d_medium.png	0e8ed2f2973b3aca13cb91fb140149f98a0752c9298b2e4c1f711f4e6233a2bd	a11517bcf6f62fd282e45be23a78e9dd263b840834f6795dd89773595bd0bf62
1f9ce-1f3fd-200d-2642-200d-27a1.png	assets/Man kneeling facing right/Medium/3D/man_kneeling_facing_right_3d_medium.png	e120be3ad3b822de1359f7cfffda55cae265e98b708e385173b1bb11bb492eb0	1774a9c848aba4bc6b44ca1d7149353a2ae4867ac4a6d53dab4cc2cc53772d4b
1f9ce-1f3fd-200d-27a1.png	assets/Person kneeling facing right/Medium/3D/person_kneeling_facing_right_3d_medium.png	6149364552fbbaed40ed64caf8a11a47d7076dc06ab6c3b764f934abd316af27	f7b8a8140204e286cea2c811d335f9a4b0a5c8b7dbf8647579d7208297bbcd23
1f9ce-1f3fe.png	assets/Person kneeling/Medium-Dark/3D/person_kneeling_3d_medium-dark.png	edb4beb26deb5fd3964c16244cbf1d72d6c1a9f3af647de0f7bcc1aa83cbfb08	7f88f329c115801681bb5ef0ecb78eaed6eea9eb3d2c1d29c2312269d95d64fc
1f9ce-1f3fe-200d-2640.png	assets/Woman kneeling/Medium-Dark/3D/woman_kneeling_3d_medium-dark.png	4a01240fe030de628809103bf077322e54d03efeffbeca9f33a72b49094f9dc4	becae5ee0aaa86d5aece000c8ebf9ba5bdd889912ff3b7a7e77be02ca6dfd029
1f9ce-1f3fe-200d-2640-200d-27a1.png	assets/Woman kneeling facing right/Medium-Dark/3D/woman_kneeling_facing_right_3d_medium-dark.png	ace9f943afbe147e97769b280f3de607dcd2153888c4d3243c59eef084d1f8ae	d5dabe1c6a503e8b7558814265969aa077bdfbae52abeb6e0211fe573b8b788c
1f9ce-1f3fe-200d-2642.png	assets/Man kneeling/Medium-Dark/3D/man_kneeling_3d_medium-dark.png	c92a34a7b5b79898ed020bc143378598db8a6d421c32ce5fbe7231d8bdcba7ff	622739f6515a8a358da291e7b6f0cd36bc5eec6581e1337a42a361a495a8a0ab
1f9ce-1f3fe-200d-2642-200d-27a1.png	assets/Man kneeling facing right/Medium-Dark/3D/man_kneeling_facing_right_3d_medium-dark.png	df0ad99fd8bd8ee07ecaef44aa86f5f3bcee7cfe1699ada40ed2550b2a91305f	b46f11b5f7cc0a033dfacd7d0dc8fec26bd760033b65b4b187de669e8738631c
1f9ce-1f3fe-200d-27a1.png	assets/Person kneeling facing right/Medium-Dark/3D/person_kneeling_facing_right_3d_medium-dark.png	1e6fcd83144b773297621799f9fcdae73c369bbf79b581869f65c011f939c69e	bb46a2f6de2f53ac8facdf92af6c93a004a52b72d5c0c1689f2c73a479f258d1
1f9ce-1f3ff.png	assets/Person kneeling/Dark/3D/person_kneeling_3d_dark.png	bd857a3c047c11c6c3e3c11c1ba1883bd1a0877477e3482efa54d737f0339a38	5a13507e1f3668e2afc7f3c497edac9ed2236da921eadd446e2253de9389b281
1f9ce-1f3ff-200d-2640.png	assets/Woman kneeling/Dark/3D/woman_kneeling_3d_dark.png	b433fb178ed35bf72f3a467282322e4d2c6b5f2ed50c61483f24d84b25871ccd	4678fd4df386cb990ee99fe8fea5c6d3047342c55d52bf0ab6f9af74485b7914
1f9ce-1f3ff-200d-2640-200d-27a1.png	assets/Woman kneeling facing right/Dark/3D/woman_kneeling_facing_right_3d_dark.png	30acbf8671bcf779855fe28fa43f14ba771a751ae2c320ca449af45f49907766	c03b43b91531881d59bcbdb99c02cbb0cc4d37fcd6629b0e5c012237c86e579b
1f9ce-1f3ff-200d-2642.png	assets/Man kneeling/Dark/3D/man_kneeling_3d_dark.png	e83a4de4d7fbe833fe740d7f9c71965e63c0dba350d5a954868706cfc631d578	4cacbecb68208d673c794392385d3b11de34ff295f0e4bf1753cf373b0b4eeff
1f9ce-1f3ff-200d-2642-200d-27a1.png	assets/Man kneeling facing right/Dark/3D/man_kneeling_facing_right_3d_dark.png	27e2e4e44a2f536d2a39b21933a244606fdefb2d7bcd9c43fdccf254b8dd3a0d	32759861eb464906059f53e1dac2a5777b3f4fb35d8e6a51b119a9e56f158b14
1f9ce-1f3ff-200d-27a1.png	assets/Person kneeling facing right/Dark/3D/person_kneeling_facing_right_3d_dark.png	6eb15379e9fbfd64bd34cdeab7c7453bca6c1774439b56494be1b4df279f789c	59848afc1a79fa4e5a12a3d7f5d4b76e68ce21a18c34e2fbe90d000f719b2265
1f9ce-200d-2640.png	assets/Woman kneeling/Default/3D/woman_kneeling_3d_default.png	a6d3b6d5e37095facfd34be178b929f963c6866d15e05b410ca209db95a21dcd	aada59643046f46a6682d611f63c9ae65b3708ecfc3244e41a5b3b6c8b3e2816
1f9ce-200d-2640-200d-27a1.png	assets/Woman kneeling facing right/Default/3D/woman_kneeling_facing_right_3d_default.png	974d1b1eb837da14afe78c36871c12757439029865d7f893fe3c2ba91f294b74	29c40298e0d0b99ccdba9da874fc6784da5032bd96dd40f4312d9dd622b2ec60
1f9ce-200d-2642.png	assets/Man kneeling/Default/3D/man_kneeling_3d_default.png	6d3c42b194c57805e088746a1289f05d4ba3d87f4ceda02a91acfe01e4fdae51	990902211dcfdcf05f64c142aae1b927bb30cfeb205339b0bbece40d40da02b7
1f9ce-200d-2642-200d-27a1.png	assets/Man kneeling facing right/Default/3D/man_kneeling_facing_right_3d_default.png	172e657fba126ff103c8b19d4034b174ca9d1932e07c110ee9d743f30055ac16	093e1282265371bdd255d74c502ea58d74192d17569b72e777eb695be572bf09
1f9ce-200d-27a1.png	assets/Person kneeling facing right/Default/3D/person_kneeling_facing_right_3d_default.png	c4d8382ed61b6ba1974789c7addb79d518486234aea72947cebc91816312331a	cd33d4571b8b199a927e255d369607b33d40c4ab5101e67f06f401cabf35d7f4
1f9cf.png	assets/Person deaf/Default/3D/person_deaf_3d_default.png	8a7d05ea106ce872edc70479a039b9b6ad9e343964faae9f343c74b097e6b664	a0fd58c42c09426caa678e36ea1bba34f303e5d3d5ff3abfbf8d2f3c55d38409
1f9cf-1f3fb.png	assets/Person deaf/Light/3D/person_deaf_3d_light.png	4f4c0f2f96fbf0eae37747a70adfe87685ac6ffc4e9ec7539dcfaf081fa34696	03281c403e56624b0929dd8909ab26673ee6cceb2426be7fe3d8e5e3756a592c
1f9cf-1f3fb-200d-2640.png	assets/Woman deaf/Light/3D/woman_deaf_3d_light.png	bb0b493db5c26330b853fa5b42534154cb6d82032dc4667e80a888c800c6c5a9	583b15f92f30092bca350c8b592e64b34d895019f2bd2732b821704a37cf5bae
1f9cf-1f3fb-200d-2642.png	assets/Man deaf/Light/3D/man_deaf_3d_light.png	e57589aafc4a7774f627a57b6d8b285d274a8705812accb0b9c2c88944077a9e	1f76f4cde4e539ffcd54217cfbda43a53d1879a07f6e2a4ff67231f3d9124521
1f9cf-1f3fc.png	assets/Person deaf/Medium-Light/3D/person_deaf_3d_medium-light.png	1f671c627b1755632aa4c8f5a41bff32b6d9827b79095c1c364ebc6c241c7997	2e2b229bbb6b734bd0fc43e0e807ac21bdfd3ae76d5eadcc209ab20bcc8807cf
1f9cf-1f3fc-200d-2640.png	assets/Woman deaf/Medium-Light/3D/woman_deaf_3d_medium-light.png	e24e415b545452fe049e9c7d96e45f61a72b027132032382e8cd73c7d54f76f7	a372a0efad5066fbf1904b6fb9c86ec6bdddd9c82672c6ca93efa43708a7e17e
1f9cf-1f3fc-200d-2642.png	assets/Man deaf/Medium-Light/3D/man_deaf_3d_medium-light.png	740010b8c517f5bd3b9efdfde351450b801f4b03ae581c302090aa3774f6ef86	b8daa6a18df4459e3180b7d06ea54706dcaa02a4dc80f1956c12a5e1b4125a94
1f9cf-1f3fd.png	assets/Person deaf/Medium/3D/person_deaf_3d_medium.png	ce0fcb2b9ca1ba6a32bd2c91303f0b6c4584019e150dd81e84a7afab36231a03	18d6c8d284132ecf8b00a70a6771fce17cd8f33b58af29e1b7bee6c2f2eb0802
1f9cf-1f3fd-200d-2640.png	assets/Woman deaf/Medium/3D/woman_deaf_3d_medium.png	629892d23ed118d16eb6dd22fab3f72fbdaf98a057e33084fe1ea2e53cc97f22	2a0fe6355adc6fce24b3e28494f014c184cc0d1e3f786d6e88e48438f5377bd6
1f9cf-1f3fd-200d-2642.png	assets/Man deaf/Medium/3D/man_deaf_3d_medium.png	c36b1929491349bdd4a44efda9e6f2620ecc6814fc8ba442883251f02a54e2f2	307634acf48f48b341f37cdfef1d8e986e4c0f658226acf2a018c515e765731d
1f9cf-1f3fe.png	assets/Person deaf/Medium-Dark/3D/person_deaf_3d_medium-dark.png	ad5ba6e123a6684b572ca513a907963057fd8bfd9a5bfb3ece55719462df7706	1db61ebe1298d4925adf946f39f95ef1c4839f2f198b82522a6737f2c1abaefd
1f9cf-1f3fe-200d-2640.png	assets/Woman deaf/Medium-Dark/3D/woman_deaf_3d_medium-dark.png	0c056e337feb4c5b2f3aeddb43ce9c9e146c99efc26e13181bac31f00e51f1b5	4227d5f3faa00df4034256b107eabb3d42080ac570818b4d87628eb60f092551
1f9cf-1f3fe-200d-2642.png	assets/Man deaf/Medium-Dark/3D/man_deaf_3d_medium-dark.png	5aaca60339faa6564b0cc2e947da0559e6b57d87f670564f4d3c568627d4244a	fbe934ef7308b92722dcb114275adc4e43d69b2fcad1fde162b0c36ef371903c
1f9cf-1f3ff.png	assets/Person deaf/Dark/3D/person_deaf_3d_dark.png	e9a1f837ab569ee3ef37e9d9979a8e092e3e17b4e8ad1c7cd24bd7e46cb60dcd	7aa3f03088621cd2167fe8668e9ed1317a3dbc4b6912ef4bf20f26a278a13fd9
1f9cf-1f3ff-200d-2640.png	assets/Woman deaf/Dark/3D/woman_deaf_3d_dark.png	57b4e22c50fa8cd5e94dcbfbfbbbf96666e7afc1cdc6aa0ce666e7a6e091872a	a54d09b12fc8624cc59e2d2a4afc0d3b2f503a6d91b32db30a9361ae75d1f89e
1f9cf-1f3ff-200d-2642.png	assets/Man deaf/Dark/3D/man_deaf_3d_dark.png	803a73da8e2468d7eb1799d937aa0f4a26e5e7fd951dde24f7fc87179cbddf4f	1e0dcf4725c15f8e3428b8e3ac4a0daf3c60ac9e57bbb32a92a2c23a35a397c3
1f9cf-200d-2640.png	assets/Woman deaf/Default/3D/woman_deaf_3d_default.png	07864f6b4b1ff370fe2c793b1eb2b5c7b1ebf3ad6b1fb9a8204a0aa181c96b5b	69f763a4dcc58da253896efdbb10cb75dc550e203afcaa4daeeae5eb4bf11467
1f9cf-200d-2642.png	assets/Man deaf/Default/3D/man_deaf_3d_default.png	a4ae9315b94901a57fca6f1123eb5fad2090d768e212b9a776da03fe91a193e3	bee4b2a77fb905118a7d7d1f9710a595165b11e9b601cb073fd18e4a59b83638
1f9d0.png	assets/Face with monocle/3D/face_with_monocle_3d.png	de447e866d16da68cf6c87e88a35b3312b76b20492056604259bd16e2148570e	6db1414253f1749c6c8dc5e103fb12d25afbf0c48165a057bb7e55416e930315
1f9d1.png	assets/Person/Default/3D/person_3d_default.png	0ce6392580dfdcc87567302da8f74639bce9898f1e440c6cd9f846723d6c68f6	b115a9da3e33b949e522a97a1d2a60de492a65d33409bc6a02ee39d94e555668
1f9d1-1f3fb.png	assets/Person/Light/3D/person_3d_light.png	2e409357ffdbbf43e4a3d96c7dbe2a989f7bfdcb106c82f23ef64b63da4e10f4	35c44fd918ccf121071c7f3a24d60242166115770311153dda1d7fa486a11ad2
1f9d1-1f3fb-200d-1f33e.png	assets/Farmer/Light/3D/farmer_3d_light.png	82a191e242131a287d5fdc8a691f26ee5569331930e11a9cd823061e0f1f6496	77421cc6ba0275855bdb8502c2fbeaa1de3fd7686731ffe7b31eb654fcd29f97
1f9d1-1f3fb-200d-1f373.png	assets/Cook/Light/3D/cook_3d_light.png	344bd75148dbacac1fe281a4573ea795ca307967e0bb05efc4b95ceab4fea25f	6844f4dd5de5692b8149bb6b6c3774a45752d8d68afbeb3a1653ae3e5bb3a257
1f9d1-1f3fb-200d-1f37c.png	assets/Person feeding baby/Light/3D/person_feeding_baby_3d_light.png	8aa8210bd889bc6336571282b501c89e53334e5a6233eb5575949f6c829c5354	dd96cc1566d9120cfb76708d96a23e3de9a487fabeb14c84eb86633016faffaa
1f9d1-1f3fb-200d-1f384.png	assets/Mx claus/Light/3D/mx_claus_3d_light.png	61bb2e52999a49b4de9b6a2b0a0ad2f998d567bccff36a6e8937d7177db9f79a	3154b70cdd9a6a3558c068ad1dec45e8afe2248e98ccdd26f39f057b56d413fa
1f9d1-1f3fb-200d-1f393.png	assets/Student/Light/3D/student_3d_light.png	778848ade1e5ca4737f707b109bc8ef757fae5b4d6f8d06bdd59568d078036cd	5ca2bada80090caa13548edd227f8b93b906774901dab67fcb4cf938b9cc50cd
1f9d1-1f3fb-200d-1f3a4.png	assets/Singer/Light/3D/singer_3d_light.png	957d97d5e015dcbb8a1db8bc245c6115d6940665541313e3569073930cdf4a73	62e313ca11b33fcf21607b2f59766f57217e0ff0ce139effc74dd0bdf1b2a528
1f9d1-1f3fb-200d-1f3a8.png	assets/Artist/Light/3D/artist_3d_light.png	6a296f8e2baf4cfdc7652fa466337c92bc64dd15a2ff2cc15682599c90cf8e41	b487fc3380ee0935ba5095dc82c8409d58565d029516dceeffd644a347f8abb1
1f9d1-1f3fb-200d-1f3eb.png	assets/Teacher/Light/3D/teacher_3d_light.png	5dfe9b61ee8e69b17461efad2752804a88201bfbfdd9b0ab0db181beaba3d26e	2e12385fbde8a1fdf0f87dc73f7e49b8a7e31d0cde6a37d35848417a9d580072
1f9d1-1f3fb-200d-1f3ed.png	assets/Factory worker/Light/3D/factory_worker_3d_light.png	509fe6cff9d03b7ffda4fc87a3dd73cd82b8be5d0da3d71a962b3fafcceaff16	2d1d276c54c1faa8025acc35aeb2a28d74cddfa0a55e477693e6a0ea687631e3
1f9d1-1f3fb-200d-1f4bb.png	assets/Technologist/Light/3D/technologist_3d_light.png	3c65976098205b5bf9a5c7e8f7af249f9969cfe5fe8eef5904273ca79c125654	4778aafe1f8d4fa1461d74aa462f48fc80cd2c3e975ddbe2aec430d26155d78d
1f9d1-1f3fb-200d-1f4bc.png	assets/Office worker/Light/3D/office_worker_3d_light.png	bd4aba34e4ea77c217a4be5bbc464d5f58042070ea15ff2c603fca4278e73575	fbe5ab4c568b6db05d5ad63c48deacbe665de79267b7e2479cce9a103025f591
1f9d1-1f3fb-200d-1f527.png	assets/Mechanic/Light/3D/mechanic_3d_light.png	42a8d6f3d7d3829e2c24d273a860face4f57fe63e9db2e87a615f42e66bfd588	ad704c5b9f2ba69c550201590a2d0cfe3ea1565621784761ec87fbf1185a9f28
1f9d1-1f3fb-200d-1f52c.png	assets/Scientist/Light/3D/scientist_3d_light.png	80dd172a944e1405c4dbf7d169bd5655931a749f8ed80f22b220c2250aab134f	70f166f2283a884355dcb1343be1804d38c8758e0ec63a437cedd38fda2914d7
1f9d1-1f3fb-200d-1f680.png	assets/Astronaut/Light/3D/astronaut_3d_light.png	8587842ad1a7c8bc6d5f5e476656a0ae3cbd848493be9ff110e6932c9b9de058	48153647d9913114422ff010253657d87030766504e672be2b4489007047820d
1f9d1-1f3fb-200d-1f692.png	assets/Firefighter/Light/3D/firefighter_3d_light.png	6f4b67a12c0091ead0eecb1255d49ea678381479308cc69041a0329855ea095a	6c2679b1437508b058ae113f307e1af8b680f4caacfc8fe76e07dfcf0afc7b8f
1f9d1-1f3fb-200d-1f9af.png	assets/Person with white cane/Light/3D/person_with_white_cane_3d_light.png	77e42aa7063c368bb03505c467954de782fb608c335df9c7b841de8a8e551a7d	56d31c4accbf439f0eb3b5f17e7f68b2b7f1effd7a558b28d72325aa85b73bdb
1f9d1-1f3fb-200d-1f9af-200d-27a1.png	assets/Person with white cane facing right/Light/3D/person_with_white_cane_facing_right_3d_light.png	8d03453f805dd2cac4222c71ea318220646c4dcdefe765c56cc64b7074992325	a075d49fc8d109c4288b41ec87723b09cd5fb412e706cced846cc2721540fc11
1f9d1-1f3fb-200d-1f9b0.png	assets/Person red hair/Light/3D/person_red_hair_3d_light.png	9a7be71390d5c6da703f1c6ca4899d543646dcc83d9c42f58af0d84ad2ba42c8	71a9a79c6d07871d40075e544d911d00ec5c1de3568447a23efceb56c7d55e8a
1f9d1-1f3fb-200d-1f9b1.png	assets/Person curly hair/Light/3D/person_curly_hair_3d_light.png	669c983a9777d92efb7dc17443f2163d572c1e88379d35860572446e7a8bf18b	05fe8960a471b70244165056a8b22e1b71aa77c5048abb2d2eedc9850b122186
1f9d1-1f3fb-200d-1f9b2.png	assets/Person bald/Light/3D/person_bald_3d_light.png	767fa54b3ebcdc120964b2f9c6891657c04089a59980cf3830ac75696fec13a0	e938ec6e98cccae92dbc7be590209f6440f446396365b7068c269d1d9850ee90
1f9d1-1f3fb-200d-1f9b3.png	assets/Person white hair/Light/3D/person_white_hair_3d_light.png	a8a0945ab4b58651274ef66be8084abfea0d271b9350caf86de88f9c671d7204	7ff7e158e53b5de3af166ada9315ddc30b775848b500ce66d8194870914605ce
1f9d1-1f3fb-200d-1f9bc.png	assets/Person in motorized wheelchair/Light/3D/person_in_motorized_wheelchair_3d_light.png	f359683feb8ac7863542a757378388ad964a71f46ac48c01724f761ed67e0b03	d915da4f592c4e43616945974ccac08559a8d673cd957dc219016e1d9fa541f8
1f9d1-1f3fb-200d-1f9bc-200d-27a1.png	assets/Person in motorized wheelchair facing right/Light/3D/person_in_motorized_wheelchair_facing_right_3d_light.png	9f59f500108c824e695a81705e446903bffd9c433538f305fab81694683fd6ba	6cfac15c96cdfef318fc96788d0b3a365f5856ef830391c1aa5a7ef3bf27e14a
1f9d1-1f3fb-200d-1f9bd.png	assets/Person in manual wheelchair/Light/3D/person_in_manual_wheelchair_3d_light.png	200a38db3080240d44daf2b57464672ecf283e9ef2388f399b463d5f86b3db15	67c31b70391a393aebb113a32ef4952e5fc68a8ef42d62670ada4cd71b9b4052
1f9d1-1f3fb-200d-1f9bd-200d-27a1.png	assets/Person in manual wheelchair facing right/Light/3D/person_in_manual_wheelchair_facing_right_3d_light.png	db8ae8bc775f30f5571c27ed6d30a61170b70c03f1c18f43f937853738140536	10c2c1039cc628fb3fc1ac254130e3e7c2118502e139cae72c7135da8f6d1dae
1f9d1-1f3fb-200d-2695.png	assets/Health worker/Light/3D/health_worker_3d_light.png	63b9c9975ef29de1dadc0df2a5d9ea108030b200927574130278f05fe2175981	ccbc6a4888f45dbfdf57796f1e11979fe7e95f29cb52816fe34db75f4b4ce31e
1f9d1-1f3fb-200d-2696.png	assets/Judge/Light/3D/judge_3d_light.png	46b91dcfb5d760a5793f4ee21d66833cba4c618a699a31e54ba882dd64928dee	fad6601787d7cfbe54882208db89d23e2789e2703e146e455978e02e92e04b12
1f9d1-1f3fb-200d-2708.png	assets/Pilot/Light/3D/pilot_3d_light.png	3adc6f2707c7d1d95f568c0a682c5498511400171139d3366b8f60325d5f10b8	ceabe94555b7ada8996a0ea761a6982d37b90d2ae50511d10acba318e98c71c7
1f9d1-1f3fc.png	assets/Person/Medium-Light/3D/person_3d_medium-light.png	9399620602c302adc78177d2f0f1f624b125a5eafc233ee21829d597be86da3e	a81cb4f4241db29b036c3290548ef016e96775e2f6f7eee502742aa9ecde9897
1f9d1-1f3fc-200d-1f33e.png	assets/Farmer/Medium-Light/3D/farmer_3d_medium-light.png	6fde58af0dbbff9977149fa94a067fc41b78fb04a463b1a61d6b2d6285b8cc0b	6ae0b2a0832fa6e251084ec1ee9dd764dd06e841bc29251cc30ea3f24433403e
1f9d1-1f3fc-200d-1f373.png	assets/Cook/Medium-Light/3D/cook_3d_medium-light.png	fcdf9244be43159cae8814fe76762b903ea629e8c53f5a941cb98188e598e0fb	c05ea33ca4791705cb1c4d54659e3e7b4c5ae8d39209360b521b02676aa80c3a
1f9d1-1f3fc-200d-1f37c.png	assets/Person feeding baby/Medium-Light/3D/person_feeding_baby_3d_medium-light.png	6aa985d41c96d7d5258dc73fb6720b84f43c93b42cb386d56894fc57a470aeee	de5a863b836bd1d6c4257aa23288c95e2cbccf02f365f10f8421f6b4bc227f38
1f9d1-1f3fc-200d-1f384.png	assets/Mx claus/Medium-Light/3D/mx_claus_3d_medium-light.png	e807c3d9989af05a5b16547e13cd60eea4e759fb14122500a5e7eea81132cc25	d716ed097e584af9c52f9afb577965c01fae3b4645e55896d1b6c5643c135c74
1f9d1-1f3fc-200d-1f393.png	assets/Student/Medium-Light/3D/student_3d_medium-light.png	2016f98bbb682817abe3680f8060880864796d1e290733ee54d28cbbb3260145	6980ee217a0d303f5d1fb25b5c263210a74793caac4d3c07a506d41fd58bf966
1f9d1-1f3fc-200d-1f3a4.png	assets/Singer/Medium-Light/3D/singer_3d_medium-light.png	f1c04ccb2c4d3ced282c59fb6c7ac5177163f3f1fb756b22024ef9bb025d7276	8ac4196cf59e1fbbab2fd8e8a36f2f50f550ccc54227b97b74f3157052ad7ca6
1f9d1-1f3fc-200d-1f3a8.png	assets/Artist/Medium-Light/3D/artist_3d_medium-light.png	7ac790eff077388326086168ef18706a6d49a6947bec68a19852f0e37ea5ae21	03cad3f8f10fc803b8975569ca9cc2c2e09619f9d80241ce8abdf11c6b576b0c
1f9d1-1f3fc-200d-1f3eb.png	assets/Teacher/Medium-Light/3D/teacher_3d_medium-light.png	fde862943245281ee636bb7873c8b51b8ef460c556dc9b5a7ea4dc2f1ef352d5	1d726843889492501c831dfc9e4f5fa34c4037bf6457b5062ed484283e29b591
1f9d1-1f3fc-200d-1f3ed.png	assets/Factory worker/Medium-Light/3D/factory_worker_3d_medium-light.png	d8c0a2ccf852c7ac0a6b155cd063a95e36d52fdca7f40d2b50f2baeaf3be214b	bf6a585534b2b5ec6a2814495dd1c3a912528c4d16d08671ff8be896b16f127b
1f9d1-1f3fc-200d-1f4bb.png	assets/Technologist/Medium-Light/3D/technologist_3d_medium-light.png	7a9549dd6310a29bd999e4939b360e745136c5e7ee6eb8292f17f8bab279fcda	5a8dfa0c62c8f487c2edff40c02177a2fe72e9f27483a4381f36eadf38614a6b
1f9d1-1f3fc-200d-1f4bc.png	assets/Office worker/Medium-Light/3D/office_worker_3d_medium-light.png	679764142978bacefb50fa082c969ca6b3761c617fcc898bcaa5105623ef1467	ed9b9300a66cc34ee740078ba7f7b0956249f143058a52be1161f4f7a4c76135
1f9d1-1f3fc-200d-1f527.png	assets/Mechanic/Medium-Light/3D/mechanic_3d_medium-light.png	6bb0b41488028e145901cc5281f52c7a261b0e55bb63a7b5030807a2de733eea	9362486178a8d00c98345748989176fa9934aeffff35e9dae67cd4b5fbe41cc7
1f9d1-1f3fc-200d-1f52c.png	assets/Scientist/Medium-Light/3D/scientist_3d_medium-light.png	61bd40d5e29f674549f50891c901743bbc5d1a47dbf3612775a2bc42ff163055	7f8a34f02f50348868a217f0bd88e90b99a0165aec3beee5bfffaf6c9859e141
1f9d1-1f3fc-200d-1f680.png	assets/Astronaut/Medium-Light/3D/astronaut_3d_medium-light.png	081b330d422b10552dfcdb8b424aca3ac560d094884e89c804d68f1d09d31e93	8f7a44aa9396b62437606d2012f3ea3e8cdb16614773380eddd3b236f179c62f
1f9d1-1f3fc-200d-1f692.png	assets/Firefighter/Medium-Light/3D/firefighter_3d_medium-light.png	c5a655a6aeae63c99c856fe54b7878b22c200440225f165bd3b4cbbac782cb67	cf748033b6099703905a2a943da975ab37a261c676ed72b34b4d4db747e30c4d
1f9d1-1f3fc-200d-1f9af.png	assets/Person with white cane/Medium-Light/3D/person_with_white_cane_3d_medium-light.png	7a8717c95bcd3490e0e3004577337b5ce5b9b22f6005845c04c1f22b85924dbe	709ed5dc90898a519dce734da7f8db489394b907d60b146e80c345cfcb8c6d93
1f9d1-1f3fc-200d-1f9af-200d-27a1.png	assets/Person with white cane facing right/Medium-Light/3D/person_with_white_cane_facing_right_3d_medium-light.png	482397db3f25b5adc65ecc73f29b1595bcc9d8f64ca463597244ed14225358f3	e1d97084e71eecd4da79acd010ea20644fb049f9f79fb17ff2df032478a4972d
1f9d1-1f3fc-200d-1f9b0.png	assets/Person red hair/Medium-Light/3D/person_red_hair_3d_medium-light.png	4994779ca4a21f1e9d60f390aa75b697428d685e70980988ee50fb3402719190	ba1fc155388f7be431fa3b81335e8985c8151e25b20df41b2e9fc1747158b701
1f9d1-1f3fc-200d-1f9b1.png	assets/Person curly hair/Medium-Light/3D/person_curly_hair_3d_medium-light.png	3639ea32d8482c40f5484f99ad3a6eb6da89bf0580a020225b1d7f6cf969675e	1b94643f634cc9da1f76cd0342d940ad1f4315bf9ec7661c56db128ecd983f6f
1f9d1-1f3fc-200d-1f9b2.png	assets/Person bald/Medium-Light/3D/person_bald_3d_medium-light.png	fb162e879d62aa5e994abd3ff27ffa92917f3232b62552e56afa2635a8cf6baa	26f3a5a8d6907c03d476f279e80d5cb4e8848b1e48574ad288586285f3ee3a3c
1f9d1-1f3fc-200d-1f9b3.png	assets/Person white hair/Medium-Light/3D/person_white_hair_3d_medium-light.png	d0344f45b77e0bf3b1acf42a490bb6ef7c820f224adee3f178a3d30df70c23ab	8e2137e6dc1bf2818e56202664d81813315a36f270bab61533d679a36396337c
1f9d1-1f3fc-200d-1f9bc.png	assets/Person in motorized wheelchair/Medium-Light/3D/person_in_motorized_wheelchair_3d_medium-light.png	e1c24c65847d543a8c43c2cc0471383187b55d011b2b8bb7f62a8a34e2b62131	df64a11a989ff2d09ca26a356bf08ed7737def219dd6d91f6a82ef67937481d8
1f9d1-1f3fc-200d-1f9bc-200d-27a1.png	assets/Person in motorized wheelchair facing right/Medium-Light/3D/person_in_motorized_wheelchair_facing_right_3d_medium-light.png	c84883c6a2b4e6e96af80e035704dc2414157dc804085a262da25705a1a6141e	7465e2c8ea47048bcc7436ba2bb6329f6c6e23217fad2cb64668e9aee89a89ca
1f9d1-1f3fc-200d-1f9bd.png	assets/Person in manual wheelchair/Medium-Light/3D/person_in_manual_wheelchair_3d_medium-light.png	ad2a23982eb619e240beec99b2f99a8352683611d2f94354f9fc12838e57f055	9ec53a68117bc2ee3fc78a60f9bf55e3f95220352dc5d693f1530259f704429d
1f9d1-1f3fc-200d-1f9bd-200d-27a1.png	assets/Person in manual wheelchair facing right/Medium-Light/3D/person_in_manual_wheelchair_facing_right_3d_medium-light.png	19bd5e67c4c306ebd5f9442ee8608bfbe4a861d61a472af180797372ad77d78a	3a42a0fa56bd960db897cedaf5c658ea65fceab7b78f7367416a26f8b580d096
1f9d1-1f3fc-200d-2695.png	assets/Health worker/Medium-Light/3D/health_worker_3d_medium-light.png	e55809f2658e3751ccfc2ea93847593034644e5af46edad4420f4aed21c0bafb	419ab36da8a384eb8f2311e678da1832b163f5bd7f974de5db70d8a1e287999a
1f9d1-1f3fc-200d-2696.png	assets/Judge/Medium-Light/3D/judge_3d_medium-light.png	1b6789515a7e755dc896217ec92f6a148428ce975841441d73681d249832eb3c	f12a92dd5e43bfb307df80baaf556c125f9c488623384a70911b3c3687f31001
1f9d1-1f3fc-200d-2708.png	assets/Pilot/Medium-Light/3D/pilot_3d_medium-light.png	d322f2e1664dd181a6ca5e8011801bd22416fec9773809f32b50abbda2c3f43d	9fe6b6817b709d724ca7ff59d347609d37b383d504e1add28b500a67e11cc2ab
1f9d1-1f3fd.png	assets/Person/Medium/3D/person_3d_medium.png	fa0e50fd451e309cd1e8eb27232d8dde81763197f1fe7b0d305f1993d0210ac5	dedaf24a6f116f602cd50fd4a2723c7aa6107008afca34a8e955f674772707b5
1f9d1-1f3fd-200d-1f33e.png	assets/Farmer/Medium/3D/farmer_3d_medium.png	88f092ef6e0b6c438f400f72798afdb6ec80db7b42fc02f5e504e1b35875575f	77982ce808f3ba19459a1f97edb5447b51c15314c389c3fdf9ba6e9141c2e517
1f9d1-1f3fd-200d-1f373.png	assets/Cook/Medium/3D/cook_3d_medium.png	db67be3082e1e52e99312dcafe7c29f4c5c7060e6e81a40ea822d33b5b1f078b	1b3c90fa754b6e2c9473870ca78ba985ffa6bdf26b41f60d30eb310fb5cd39c2
1f9d1-1f3fd-200d-1f37c.png	assets/Person feeding baby/Medium/3D/person_feeding_baby_3d_medium.png	af54fccd365bb7bbc4744b6bc50dc19d1a5a619c2ad6ca541f24d3ec3d807cb8	e3c09bfbe9307d0edeef47142967d4f17d56cc43c71659a3d75669b5f1284d00
1f9d1-1f3fd-200d-1f384.png	assets/Mx claus/Medium/3D/mx_claus_3d_medium.png	269e9d2fcbf95d266f9b1e08d44a7997eb10e9a911aff24020cf4da6f3c0b0e1	31ba4331a90120fba05f25b3075917d701311e4597abdfde27bfc9806216e98b
1f9d1-1f3fd-200d-1f393.png	assets/Student/Medium/3D/student_3d_medium.png	edc81e0d6bb721d334a8383ef07aa30da9500fd43e702f9012bcdb026db5ff04	d2c582f6a780d51d2d3057b82e4034ecfc4d55fc76472418fbd4cc34113f2b7f
1f9d1-1f3fd-200d-1f3a4.png	assets/Singer/Medium/3D/singer_3d_medium.png	611d1aab84fa7e921027e1b41823f049a088a0d3a8f9864efb6b530606b5b178	85539f911549fae7086afefa1e79b370182a45c65eec210c986ae8dda53c4f2f
1f9d1-1f3fd-200d-1f3a8.png	assets/Artist/Medium/3D/artist_3d_medium.png	384ffa6b9d6765f92070b5f4838285f9b5ac36a33d07920960b131e25189ab7b	499936b3f1b6f1cf2e02315097380323c423ab2da184c683574de45c5aa5acca
1f9d1-1f3fd-200d-1f3eb.png	assets/Teacher/Medium/3D/teacher_3d_medium.png	1dbd44d83bccd19a03381f0e401a254ff3593f41f367b370884bec127e9145f3	0e668178f6d1b93fc49030914292b669deceaf7becbd59fca988d41fc82f5a10
1f9d1-1f3fd-200d-1f3ed.png	assets/Factory worker/Medium/3D/factory_worker_3d_medium.png	6424812345f00129c6ad8930c1598d6874eda585763199df9abca71b7fdc6f8d	17070776fdd788bec2a6a8b91b2cd92550c8cc4334e4b5d5ba52c9fc2baf3b57
1f9d1-1f3fd-200d-1f4bb.png	assets/Technologist/Medium/3D/technologist_3d_medium.png	11a26d03d471954fe8f895575afa1704b0856543285f5150c1981602dc5a4554	97f5e4fa148eb0a4b5578aeaacceb9b1ad1407d1039b44f8c78606fa9e4f15ea
1f9d1-1f3fd-200d-1f4bc.png	assets/Office worker/Medium/3D/office_worker_3d_medium.png	a75b26ff41e1d70a7940e51e00d15d758d614de1e15df34b1fa7e1b4ded6aac8	19f77454d2f8cd4c012a3cdd8ea97cef60277925de57091cf6054663078fa02a
1f9d1-1f3fd-200d-1f527.png	assets/Mechanic/Medium/3D/mechanic_3d_medium.png	92ef225c5eace3cd54b2742fa781a8c60f4f5117b2a0a971305d64b2d1ce2be6	5c47a5a4a8ce670ddb5201bd6de36aca27dc0110aeaba20070da64107ec4a18e
1f9d1-1f3fd-200d-1f52c.png	assets/Scientist/Medium/3D/scientist_3d_medium.png	a92fc4e013061709148e8ad7410973a08bd7ae8d5fdd16d2ae47af3998acf5c1	555d005064e8fff3f515852ff8f96bd73b064a1ed5987b1a3e0de8973d3bcb34
1f9d1-1f3fd-200d-1f680.png	assets/Astronaut/Medium/3D/astronaut_3d_medium.png	6e525689cef6f10ab992cc12b1fde2b0bc21b19cdc15119d04533836938d561d	242afae775d77e724a9348aaf292e9336ae65cdf2560ba0c6bf779204268c0cc
1f9d1-1f3fd-200d-1f692.png	assets/Firefighter/Medium/3D/firefighter_3d_medium.png	fe3f80ae0143073362caf5168ccf30c89ee6903d44d0e6dd5012d8daa1e437cd	42fa20460d4d5c7200539279295159e439d9e57d076d2f3c48a51e2d25dce160
1f9d1-1f3fd-200d-1f9af.png	assets/Person with white cane/Medium/3D/person_with_white_cane_3d_medium.png	06b1ebeb05a68916a95723d28a1175dece454848ccff619e5f18bbf6029d5ad3	5ba88780019c2d4e4a7c84ef57dffef35dfc5f5c8e9abab086204e0df6e7bfe1
1f9d1-1f3fd-200d-1f9af-200d-27a1.png	assets/Person with white cane facing right/Medium/3D/person_with_white_cane_facing_right_3d_medium.png	a6f6f740d2b0cebe94448647f712d2fb08e54b0c93ca7e135352a34d6955ea30	561f2158e8b1ac0d24c42494cbddf463a2d11c5461d06664e8ed20bc043c1647
1f9d1-1f3fd-200d-1f9b0.png	assets/Person red hair/Medium/3D/person_red_hair_3d_medium.png	03a4d3d2c9a4eb1aee3f2189b279eb7f4b4ad5abc24a686dd04d8f75d35c8b27	20816f04edb8359e45338b295adedd4be55d940bcae0234a6d6d7ab2f049e9d2
1f9d1-1f3fd-200d-1f9b1.png	assets/Person curly hair/Medium/3D/person_curly_hair_3d_medium.png	0edeef3e0a2b5e4635aa20186ff19a521b09de19ac3d972ef91a56f349161088	1e5c58c8d1e5e276d8e381f89fa9a22cd676efd59b03b75a3f2757f5515157d1
1f9d1-1f3fd-200d-1f9b2.png	assets/Person bald/Medium/3D/person_bald_3d_medium.png	51691a560b4c4d61db99f0f7ffbb35519c78e590d11032edc26af577d1702c06	19b23fad2440799499bc283daf5f3753696fdfc12f1842d9968c2022ddfc36b3
1f9d1-1f3fd-200d-1f9b3.png	assets/Person white hair/Medium/3D/person_white_hair_3d_medium.png	b39c1d984a49abb392f7ca15f73c5d43afb5b47b12e0bb073498d9f796644bd2	f4c816882a255381bbeb1e20be72919376fa01fdcccd8d33ce9081355c3cee20
1f9d1-1f3fd-200d-1f9bc.png	assets/Person in motorized wheelchair/Medium/3D/person_in_motorized_wheelchair_3d_medium.png	04cccf9b70406da5c524bd93cdddd1bc18a6adae93d60167a0fc83482541693b	2d0091f479b2851633ed9823f51262b478f9e9d0907135bbf16e1dd6d7719163
1f9d1-1f3fd-200d-1f9bc-200d-27a1.png	assets/Person in motorized wheelchair facing right/Medium/3D/person_in_motorized_wheelchair_facing_right_3d_medium.png	9d35185c9b33c8d530320d7b8f6cf9ba182b626e14a618baedbde8eb356b69e3	386d769461edb5e07f4ba16a029a69b0ba8e010855d3c949c55e7ab1c8180dae
1f9d1-1f3fd-200d-1f9bd.png	assets/Person in manual wheelchair/Medium/3D/person_in_manual_wheelchair_3d_medium.png	ac64e4a00229b6a4114fc72b70eb41855a74e543209b48d595d3de771b21b021	be49470924b05625f395e29bd677d97f5f03ef6805abd956e7b9547ba59cb64e
1f9d1-1f3fd-200d-1f9bd-200d-27a1.png	assets/Person in manual wheelchair facing right/Medium/3D/person_in_manual_wheelchair_facing_right_3d_medium.png	e03952dc59fe474be37158ba4257ffa4c7ee1ef7d475dc5f530d74f852fb8bcc	4667d624427199eca19ef2494e963b58d2dd13571227aadb522b952766c2777f
1f9d1-1f3fd-200d-2695.png	assets/Health worker/Medium/3D/health_worker_3d_medium.png	366768f1362ffab30eb78a1814a80fcc28a51d7190e9e4ed20f73a98c3950933	3d9dcfe49330ab01f67b518307e05808d50fc1d2c862fb343f601507001c8605
1f9d1-1f3fd-200d-2696.png	assets/Judge/Medium/3D/judge_3d_medium.png	8ef49ce8d09facb8cb3bbc45e3389e492bb1d77f517aa83bbb633b3947c13ee1	120081aa65155caab79c232184a0a6352d6f8221f4fad3afd0a5eae759aa9f14
1f9d1-1f3fd-200d-2708.png	assets/Pilot/Medium/3D/pilot_3d_medium.png	d75f3cc316e1ac40961df7d417532c0452c6ec17b9f2989d22ad13c8a7b53a66	fe67883c2ac05b590ca2e4a391ab30107a4ee000e1dc8b62a322dfde685363d4
1f9d1-1f3fe.png	assets/Person/Medium-Dark/3D/person_3d_medium-dark.png	0c3a8c8987ad50d2c60741aa8d06bc1916961e24fbc81fd90746bfb82cd8cfb9	73e13d369298ecb2f2a280869cb02c649c410d24eec4cf375d18774bbde542f1
1f9d1-1f3fe-200d-1f33e.png	assets/Farmer/Medium-Dark/3D/farmer_3d_medium-dark.png	f1a8f01def9c53c5f5862f56b5e04f020f39cfdec66e23a9971cfa816b7375ae	7322f4defc86afc4b24a10d51985900a6769814fa7c590f2ed1ecc859a9d8324
1f9d1-1f3fe-200d-1f373.png	assets/Cook/Medium-Dark/3D/cook_3d_medium-dark.png	9d0105426925fa963c30ec9bc0e42dc40e2dd045ec4adfd094452479238a16b2	293deeec683d8f9fc9ee3b73911247fa7589c765dca9bdc4eb33aa44efa7ec1c
1f9d1-1f3fe-200d-1f37c.png	assets/Person feeding baby/Medium-Dark/3D/person_feeding_baby_3d_medium-dark.png	33d2fc2b179173e364204585e08e3843bc17c6f879bdf2b2786e1989b88a98ec	896e6889e7427ed415290b5c2078b52c1cfd731f42751836d5e38fd130affae7
1f9d1-1f3fe-200d-1f384.png	assets/Mx claus/Medium-Dark/3D/mx_claus_3d_medium-dark.png	88fcc4d60b3eca4169f0b28244718f991cabd8ea3b7c3348e8131c25c6c0a27c	424e23c822f5a4ec2a3f1c4c557b796103cc699b691c1b93b978cd0286bafb0c
1f9d1-1f3fe-200d-1f393.png	assets/Student/Medium-Dark/3D/student_3d_medium-dark.png	8f381d4dad0c30128841b7cbb7fba8b2a480ab93e29f9a90ed3e6fb8dd3affd5	01a8f8075064508f3c4c9398223e6fd2601d217ae4147930b69d568ae98eadfe
1f9d1-1f3fe-200d-1f3a4.png	assets/Singer/Medium-Dark/3D/singer_3d_medium-dark.png	27ca5a482e885dca1d54ca1539d1647c0227c4cdb1ecfbe4c3f6533ffdbf3149	ed115e1c4088254e96c9a6ba59b26a1fd09f83ee757840517fb5bd60ca49dcb3
1f9d1-1f3fe-200d-1f3a8.png	assets/Artist/Medium-Dark/3D/artist_3d_medium-dark.png	e609076219ddb1b49eb70adf457ab7d1a5d8497ebea4260484ed0374f4b7000a	44f63e78a39e5f2c97114de28b663abfd39d7a19a84eb8c6aa93a79e5cc158bd
1f9d1-1f3fe-200d-1f3eb.png	assets/Teacher/Medium-Dark/3D/teacher_3d_medium-dark.png	66cd9bb21db5c7d4c2bbcb7d2ec474e2bfb177c8c9d8c3c5bf6d1ec72543bf9c	811f4332ca290834cf01ea5138c02a899edd5e51d7daf80858c8f9690134c473
1f9d1-1f3fe-200d-1f3ed.png	assets/Factory worker/Medium-Dark/3D/factory_worker_3d_medium-dark.png	e434db2e84f283b45423fe17698e62f25c376ddad4fb8156fd628deb64834279	1cfaa9f79bc2559411ea105d28fc366d8ba6145483cbf3e43a93d10a5f334ebb
1f9d1-1f3fe-200d-1f4bb.png	assets/Technologist/Medium-Dark/3D/technologist_3d_medium-dark.png	95b757209069a957cea1d33639d04f56e9555fe541ee0d7d523c2befb5d05a19	8a09319d86e960001ef9c7fb2f81b85b89a28c93a30ea81555f179609cb31132
1f9d1-1f3fe-200d-1f4bc.png	assets/Office worker/Medium-Dark/3D/office_worker_3d_medium-dark.png	e1b3c0bc6b1e280cc0c0f44ccbdeae0b8689300d272d856a5b45338fb2028246	219141cc1a14ec98ab93b88780cf3c14c1706697fe25f77f496d861cecea5e6f
1f9d1-1f3fe-200d-1f527.png	assets/Mechanic/Medium-Dark/3D/mechanic_3d_medium-dark.png	00f4cb148b4b4c57cd4d6ff33693a087ee6578a793c1d648de0b89044c795844	a171f578980fc14e52079bf0d13597032127639cbd260277e473f412471c8536
1f9d1-1f3fe-200d-1f52c.png	assets/Scientist/Medium-Dark/3D/scientist_3d_medium-dark.png	a27f9d8f983bc58e4dc5ccf62b5cc03b27bb348bd5c9c076829be8653addf28c	81c77e0319eb72d49650f9ce9180144aeb4528f58ea9eed8a1dea85f739dfd6c
1f9d1-1f3fe-200d-1f680.png	assets/Astronaut/Medium-Dark/3D/astronaut_3d_medium-dark.png	8295d9a737678c54b672a8620b79a29109595a3e5465f0889f8b99e5577aab4b	40f69450b6d0e456d38abc6047697a88ef9d76c496a8510438fcc4501032e9cf
1f9d1-1f3fe-200d-1f692.png	assets/Firefighter/Medium-Dark/3D/firefighter_3d_medium-dark.png	814d4c240646bd28762614337da01818dbcfcae960ba349fa9c06cec042debe6	cc49d212f7bb635f7cc1829b3844efff470e2aeadf2d92070aa1678c521308b1
1f9d1-1f3fe-200d-1f9af.png	assets/Person with white cane/Medium-Dark/3D/person_with_white_cane_3d_medium-dark.png	b480bc5310a879215c1fda26d054142c117eed676fe94d07b4fcf6a2daf59fdd	1d3ea6cdb68b8f67d38485c6d3bb473315cfb36c0317657d237253c58a585e80
1f9d1-1f3fe-200d-1f9af-200d-27a1.png	assets/Person with white cane facing right/Medium-Dark/3D/person_with_white_cane_facing_right_3d_medium-dark.png	0dd24357dd1cfa09a49e0e3fa482c42dcd4d07d1a42474a539a279c79adbeb72	4330bf46aa76a12beef10d54c5f74419b16f01c602fd9752ce30a31e4cc951a8
1f9d1-1f3fe-200d-1f9b0.png	assets/Person red hair/Medium-Dark/3D/person_red_hair_3d_medium-dark.png	8184e8a7965f7b16de3b1ceeacddaec2c6cae09704a381dad5a9c412d26150aa	2711e5b549c90dd9aa878866c83507c3459093540ac397c47a07cdb72cafb1a6
1f9d1-1f3fe-200d-1f9b1.png	assets/Person curly hair/Medium-Dark/3D/person_curly_hair_3d_medium-dark.png	57ebbaa91db2b378500ca73371fb1573436987ce4a947a0e291c51f5f8905087	543d0b01e146a22b9186646b7356471cea5a459a7c571a3b570759cf7e8dc263
1f9d1-1f3fe-200d-1f9b2.png	assets/Person bald/Medium-Dark/3D/person_bald_3d_medium-dark.png	198a52c6413d8b48cbb566edbe0db0caf58d9f93f05729de4b16d3293e5cf81b	26c5048ebc93ca0893cef19492be3ae53070937b46ade047f4f96ba3b6b64934
1f9d1-1f3fe-200d-1f9b3.png	assets/Person white hair/Medium-Dark/3D/person_white_hair_3d_medium-dark.png	917d96d482e16d5fafa1d8a0b9c6537e376d9ad2686a04d8925fa480115ab453	536a3c94f800a271e3e0de5e056308a8d6d3dfe19cc463bf74bfbb53bb0277c4
1f9d1-1f3fe-200d-1f9bc.png	assets/Person in motorized wheelchair/Medium-Dark/3D/person_in_motorized_wheelchair_3d_medium-dark.png	8a377852068bb3bccbdfb109e23183c5bf101df15fc0153c5de9aea6d4c45c54	da65ca2baee882d6d1286c6d8e087c921c971a88fa80b4144290fa390fcccd31
1f9d1-1f3fe-200d-1f9bc-200d-27a1.png	assets/Person in motorized wheelchair facing right/Medium-Dark/3D/person_in_motorized_wheelchair_facing_right_3d_medium-dark.png	72c38062007e46ddc2e76155434625aa50da86c82b72d6281c5471e672777796	806b2770d6fea2124a08028b64ea8bb6da67c8b899ecd3f1f79161c700f1a4f7
1f9d1-1f3fe-200d-1f9bd.png	assets/Person in manual wheelchair/Medium-Dark/3D/person_in_manual_wheelchair_3d_medium-dark.png	0419dc103a860d5b68ecac52e6553f9c3932a6256424a40e4a39a79bb971d975	e09f7d7873b914dcc8fbf8212eee616193d24c33376bea0f95cf9fc912b01377
1f9d1-1f3fe-200d-1f9bd-200d-27a1.png	assets/Person in manual wheelchair facing right/Medium-Dark/3D/person_in_manual_wheelchair_facing_right_3d_medium-dark.png	9b83e1bd9d764b8f584aab92f8b99c274e0fefa2d6619f58dd72d5efa747fc99	9fbef159241f08eab97c9e4ea1cea789ac40605b6983fd91c67f95b12a2c2f23
1f9d1-1f3fe-200d-2695.png	assets/Health worker/Medium-Dark/3D/health_worker_3d_medium-dark.png	ca28b7dea13d293661edb8674342e31616e25dace6d134b2b9090d40782d316b	848f953b82c28a13f99d90bb58984bd4718cf28075ca0d9abd6d68051468158b
1f9d1-1f3fe-200d-2696.png	assets/Judge/Medium-Dark/3D/judge_3d_medium-dark.png	b33d1f023e7760bef92030d812c2c01fdc428eb0db24a030a65e14eeb49b34e5	339f43e223bb4fd65f5a6724b89416e710425e357798bcca9b1aff0049faefad
1f9d1-1f3fe-200d-2708.png	assets/Pilot/Medium-Dark/3D/pilot_3d_medium-dark.png	19c42e755cc11dd8430d28a9d0b41562ff1d714de3dfc7e7eae37dedda20ad01	08f020a94d2145138f3b579f95b65507809955a5f2e7a159ed487ff2eb2d7a9d
1f9d1-1f3ff.png	assets/Person/Dark/3D/person_3d_dark.png	7d2f06c045abaae5cc8a59e7b69e39323bd32ea02fe286b85f646940fd5ce70c	e766d30b81d88a672c6cd6355fc8207eb9594c9e4bb6d1d13382dc3c7b952f0e
1f9d1-1f3ff-200d-1f33e.png	assets/Farmer/Dark/3D/farmer_3d_dark.png	ea0ab99e45601e9f10455e92301be4b28bec9eba3e14ccd17628d55d7454f038	0415bcd364f3c7ca047b4dc356b859e5ca3afbccc549b6b7de2cbc6bd9701790
1f9d1-1f3ff-200d-1f373.png	assets/Cook/Dark/3D/cook_3d_dark.png	02551a011a41aec657ca7af9fd50c7275221143012e893f0495efe18656045ee	293f78ad906c0fb0a976f753145fa09294fa8c7ff7856c1d5c4449f7e7f53f45
1f9d1-1f3ff-200d-1f37c.png	assets/Person feeding baby/Dark/3D/person_feeding_baby_3d_dark.png	5f492e5dd21711eb40f70918608be8b1e5dd7ba240a003bfda0d43b0b29fe0a7	15de58a72a57c5157f1dfd76a343329011fc5006dd78314f72e03d85911e17b5
1f9d1-1f3ff-200d-1f384.png	assets/Mx claus/Dark/3D/mx_claus_3d_dark.png	4757da12a909bd1c996aba29878e44fd3d3f8d3c3ffc7f431a6b79a04dc46bb3	2af39ef6c87e946164abe694bea35aa33484dcf807130aae3228955bdd330ad5
1f9d1-1f3ff-200d-1f393.png	assets/Student/Dark/3D/student_3d_dark.png	1f620333a400b75c6f515bcaca8af6a5ad77063e90b864782ff9b495492db07a	cc22ec73cd44d8d5056af9abfb5aa6a0510d6d799379de08794354a8aea68f29
1f9d1-1f3ff-200d-1f3a4.png	assets/Singer/Dark/3D/singer_3d_dark.png	3b9663e5d9658b59697304b4394ff32f2626c47a91d384d9fca1d7624a68f376	3e1d8269a441893e8a99e691e03d46047c88256f1c1399b24475d3ee0ea7c4a6
1f9d1-1f3ff-200d-1f3a8.png	assets/Artist/Dark/3D/artist_3d_dark.png	0d4471d9454e2b61423d7273369b75d69a278fc1c65aa6a41399b89f6bbaca9b	4dab43bf050e00db9e3279e06fa8f4216c651f015c54580906a9ecd17ff20864
1f9d1-1f3ff-200d-1f3eb.png	assets/Teacher/Dark/3D/teacher_3d_dark.png	3c311e4915c135d7fcc012b5a44ffd6bba229e0d6ccb9a28554b7f10b11f5d80	77b40aab3c0ef200ad50679619e2e71a34ee1afb43e087f2ae12e31f421d48bb
1f9d1-1f3ff-200d-1f3ed.png	assets/Factory worker/Dark/3D/factory_worker_3d_dark.png	9400a2a37f1dce72546863d551756d966bfbe31bbcc9c691a58a729eb604e9dd	7e938ea2b850dee07efd357bc12c0852f3ef7d9cc47855f60c989eac204bf102
1f9d1-1f3ff-200d-1f4bb.png	assets/Technologist/Dark/3D/technologist_3d_dark.png	1a8cc5fcd7696184e10da371bb43ac8ff48d161b5c3b23f2f807d2dfd1818049	e7fbe2b923734407d2c23126b9a455ddd9ccb2763b9bccf32b193a0134a7c350
1f9d1-1f3ff-200d-1f4bc.png	assets/Office worker/Dark/3D/office_worker_3d_dark.png	8cd28a34cc174d0effd6861e1ed685146c403e74c1254047a67a53685bc9568f	8a0ed57e7755d58511dbd7c9a55d4cce68f5e97fdf3ed9371791b33f70d0c91b
1f9d1-1f3ff-200d-1f527.png	assets/Mechanic/Dark/3D/mechanic_3d_dark.png	40cf255830d6ca6590d3e835e977a74dfc8d61056db372f2de3b7ad254289638	af2807b89649d2472f9a4afee74ccb3f420e9d7f74282c13519f37c64a07ceb3
1f9d1-1f3ff-200d-1f52c.png	assets/Scientist/Dark/3D/scientist_3d_dark.png	cabf8969b1d71a3b44448b39f41efe98f0eb87853bcdf0c5cd910b38608e0f8f	2ad3d765a2ae312f80bf3f2d0de3e6d2aa4d68851502559c6c33662129efe1a4
1f9d1-1f3ff-200d-1f680.png	assets/Astronaut/Dark/3D/astronaut_3d_dark.png	46dfb880e7ea7bfe1d14eaf1af412d8e1399c4ea28a200b9163c054b47538e18	df2d9ef6cf88f1af8cfe1c9a3dfb1713415dbeab4e5fd7ee802267be8ab58531
1f9d1-1f3ff-200d-1f692.png	assets/Firefighter/Dark/3D/firefighter_3d_dark.png	4ab4b99a387a833fe7d62b4bdfac21f225cf05802ed1010cf792cabd28a8c62c	7904e34832b3597a35486d92b733d07af92ebbff0d9fed67ff1763e5c0aee9ac
1f9d1-1f3ff-200d-1f9af.png	assets/Person with white cane/Dark/3D/person_with_white_cane_3d_dark.png	c01c06baf557e400b28b3f9585da5a8129c0840b87656ca5777767a1014ed868	27d5f543bb31b3efa5300b9e93b03935d8ccefdfe13dc9f1b1525c7e01cdf26d
1f9d1-1f3ff-200d-1f9af-200d-27a1.png	assets/Person with white cane facing right/Dark/3D/person_with_white_cane_facing_right_3d_dark.png	cc43e9ee3cd7aa82c038ea01b40d7c9aeb600117e560f84fda8936f53c13498e	3d06b135e3a2d180584bd54589021ff3f9a9e77c18ecbd892678c3a09dce2168
1f9d1-1f3ff-200d-1f9b0.png	assets/Person red hair/Dark/3D/person_red_hair_3d_dark.png	03d2acce5b8d191542e0c014d41f81c123698b083b82d5b060bc49580bb6c40d	1923fcc8a522d94ae97d4f70536a814b40bc76354e8654896dea065213633a3f
1f9d1-1f3ff-200d-1f9b1.png	assets/Person curly hair/Dark/3D/person_curly_hair_3d_dark.png	7eb6e4d6854bced8b242809c7f76cb0e2ed0b4f43c5fb019518da4645a1d7e04	087f5b611e2fd24dd802bd815c1d86ddc6406e336396c9b26945d187ae9d8472
1f9d1-1f3ff-200d-1f9b2.png	assets/Person bald/Dark/3D/person_bald_3d_dark.png	68bee8826049f0ab1455e91e93bf3c165c0076d3794a6adf82ed185a8100b6a9	d280141b18a78feeceb8eb7b724767ce97361b6127147f4e24932336cb502508
1f9d1-1f3ff-200d-1f9b3.png	assets/Person white hair/Dark/3D/person_white_hair_3d_dark.png	4f5ae5c4c6961f45b12fa35192f9431f61e37cd9dce8410c48f045b13e4c8eed	6b8b29d2c91a615ce6a80f749048c506eddae6b57565b37aafc0990515cdc808
1f9d1-1f3ff-200d-1f9bc.png	assets/Person in motorized wheelchair/Dark/3D/person_in_motorized_wheelchair_3d_dark.png	b21eaaf0689b3d3f361d30e5cfbf0f12079945ebc4658925d9b48c682886b167	aaf4b9e9a15ab847e6d223ffb81974556144d28cdb4b34e45f3c4908bc3626a8
1f9d1-1f3ff-200d-1f9bc-200d-27a1.png	assets/Person in motorized wheelchair facing right/Dark/3D/person_in_motorized_wheelchair_facing_right_3d_dark.png	624d9801979509c1f808576d16e763b2598890a0dd0fcd89bcb0d64cd917cf20	4edd6d142b4301f8bc733f91dc8fe9aaced4eadc2d72f26e96b588fac337cfd7
1f9d1-1f3ff-200d-1f9bd.png	assets/Person in manual wheelchair/Dark/3D/person_in_manual_wheelchair_3d_dark.png	69ff2d48e8058231ab168ec81aaacd5b8dd7ed43d2b59a750b11145bf7c70720	95fc93a8add1b014d0262bcb3078450f1cb2e59fb9acc30ef06825fa3115fa74
1f9d1-1f3ff-200d-1f9bd-200d-27a1.png	assets/Person in manual wheelchair facing right/Dark/3D/person_in_manual_wheelchair_facing_right_3d_dark.png	d86d22000aaf96c93afe03303b213f2b7ad9ad3415509c454228fe51b44605f1	9127dc76167afe30d49d32b4259a9fb11cd02f3b6355b99ad996106bd40f3126
1f9d1-1f3ff-200d-2695.png	assets/Health worker/Dark/3D/health_worker_3d_dark.png	bf3dd8df190824139c50c3681b765f6a707a92c1e2d9e16fa4e753a8f9d69b2d	19504263a12a02e25cbd50c9f5c99b9ea313dffc6d8db8fcac2509844ce23c6a
1f9d1-1f3ff-200d-2696.png	assets/Judge/Dark/3D/judge_3d_dark.png	485db0bb94ad1a497fb8b0bdf5b5568837cddc29853398c16f06f068542ec3ba	b6e278272bc191e4d997b6d00ae9a0a57e2382a9001b52dd1ddcd4267fcd915f
1f9d1-1f3ff-200d-2708.png	assets/Pilot/Dark/3D/pilot_3d_dark.png	e2391556c31793955a56f3d5d132f6e5412054d0bd5f503e02fd001156ed3cc5	0cfd8e85d90ab6945b34653fdec45a07264e45929097db94132a6678bbd9f7ea
1f9d1-200d-1f33e.png	assets/Farmer/Default/3D/farmer_3d_default.png	2058c6cc22ba1bc6603d9055e064ca0c4800e5de01a2e2b71c1f1944cb2cd5ec	85743191adbbaa280160510707949c0013b900633f3fe68e54be68b5f9a90af4
1f9d1-200d-1f373.png	assets/Cook/Default/3D/cook_3d_default.png	4e0341d915cd1998326eee6ef51d942ebf577aff28858c1c0339a144bd94cee0	c736978d13713b83eafdbda8b8afac158b77695e0bbe15bbb39c17502f5c915d
1f9d1-200d-1f37c.png	assets/Person feeding baby/Default/3D/person_feeding_baby_3d_default.png	73ba493bcfc39a564329e272ea7ef1280aa0c774c5b76c55959795b9d78a3191	0c4cb143a82d8baa29b74f981b515ff95611e598f9263892e4824bdb5b16950b
1f9d1-200d-1f384.png	assets/Mx claus/Default/3D/mx_claus_3d_default.png	c069f6c118eec2d13cc8ed4c15f849929c0d4f423eb191e88d19a101b42ad291	7b15c753f8426e527b03df2796bb7e51f274ddaa7ceacd6211ed48979d433106
1f9d1-200d-1f393.png	assets/Student/Default/3D/student_3d_default.png	336c61e9f74bc76d2b04a5a89b411d20ac2fcae7ba5007c6e5f71a30469799a8	53c91bcdb08cfd4951178454f0eaff7c03a4d4088a1d589c64bc1ca657ad4620
1f9d1-200d-1f3a4.png	assets/Singer/Default/3D/singer_3d_default.png	ab08e70230004561355098a6827be8d6f5ca1592721af4c36e776d28577e2604	52281773275096f5f46a907bed6ce071768c78631dcf24004e05ce86acc99a14
1f9d1-200d-1f3a8.png	assets/Artist/Default/3D/artist_3d_default.png	21768e2173a23aaeda5a5d23e30c044e4c79a3d09c055bae6d91bcebb895d0a0	9e34c5defed9298a23e0f612322fc1cc0cb0ac0c5bff86de4b26830eb5fc92be
1f9d1-200d-1f3eb.png	assets/Teacher/Default/3D/teacher_3d_default.png	34ed464f8c14f4def83face7cf0260bdbbf8ad5b0ca96032ea55d9781ea85ca9	2454a53124a08dc418a8f23bca1f9047cabf245c104d3e56fc4e7c938ecf2602
1f9d1-200d-1f3ed.png	assets/Factory worker/Default/3D/factory_worker_3d_default.png	9274e4e7df27bef2a4a07caf3db5e5ec50b6222496253e548878f9bc25679d2d	f457a3227d49d8b8829a1b1274464543ba524cab5e70c06ca0ab97dcd361896d
1f9d1-200d-1f4bb.png	assets/Technologist/Default/3D/technologist_3d_default.png	01a264ffa49b1c361f9e215e37befe76f7048a4a62dcb85d57f615b4527e68f8	f842531055a99ec704bbc237487253d05a1b749bd2f6f6cf962d848141337546
1f9d1-200d-1f4bc.png	assets/Office worker/Default/3D/office_worker_3d_default.png	f74f2bc64a4a9b9ec332cf688cf8025ba44acd263a987bff32fd0146dde229d3	80b5d81774a796e112ba3b7d2d535cdbce14e95e7c10f4d17862f3913c6e03ba
1f9d1-200d-1f527.png	assets/Mechanic/Default/3D/mechanic_3d_default.png	24123b1d730f596eff0e023c9c0815a4f42381373f4939fdb8911f5882d477f8	5eaa62ff324a1e86580c401384372f072e81b0ecd22d9690ccac28554c0342c3
1f9d1-200d-1f52c.png	assets/Scientist/Default/3D/scientist_3d_default.png	f485cc9a3492e185b993a05a715fcb929fc4ec9bc64137ae73466a372f6e5604	c7fb95ed17276cc85ef223b6c38efd71f3abf9f8a4543de249beaf327da2b9a6
1f9d1-200d-1f680.png	assets/Astronaut/Default/3D/astronaut_3d_default.png	10d50b3d7e191facfd106f192d688f194d203b2483e46a0b866d834ba39b4ace	a8b02f9cdd014ad22801612ed3ec4baf3300b81e325b9d59302d74884207368a
1f9d1-200d-1f692.png	assets/Firefighter/Default/3D/firefighter_3d_default.png	7435898921fd3ed257f47eb3094241b307efcac70651a2d24cb343ca733060dc	61e3f3bca37a14dfa458ff3a01672325799aca333d39e1f0e54a656fa10753fd
1f9d1-200d-1f9af.png	assets/Person with white cane/Default/3D/person_with_white_cane_3d_default.png	4a311cf368cc3b5a16d773dcd218133c340850dc95c5be4a0c3f647711d43943	05493f9754afcddd614cc4e09ca54b1b0a93bc76395ceba07c3d8131ba6bb08d
1f9d1-200d-1f9af-200d-27a1.png	assets/Person with white cane facing right/Default/3D/person_with_white_cane_facing_right_3d_default.png	e16ecc0fee8fa2644fe5ab69f77740bcafc2a9375c2a7603d10bf4fba15c4023	000aaf769b1ee94b5cfb3beb74f26eac70cbde8fce4702be35c38291e360fe20
1f9d1-200d-1f9b0.png	assets/Person red hair/Default/3D/person_red_hair_3d_default.png	f649885bad2cdf1b34c4d90200eedbdfc44e43d3d561b6f3b0f13dd783e2c5f3	551f386668169ea716963d5920b4eb0d3ea3f0f0561e8e30df820c02dd20b086
1f9d1-200d-1f9b1.png	assets/Person curly hair/Default/3D/person_curly_hair_3d_default.png	07320c0d850dd3227d9770266ea018c4f65f6186582b8233227cf035640e0d85	7d3d2753c05f021d1e32da17c15c0a6178f07195d9b2952d7ae8c536f87ca3cc
1f9d1-200d-1f9b2.png	assets/Person bald/Default/3D/person_bald_3d_default.png	46aa8bfcdfcd6e4ce41d771b7841cdfacd15ff233a653b6b91a1be5704f508b5	e43b80e5c906bff06e87a98865a092344a92e1700fc599c7a920ee3479fb409a
1f9d1-200d-1f9b3.png	assets/Person white hair/Default/3D/person_white_hair_3d_default.png	6e75020c8e285bab9e79120bd17e234baf5e169ff7fcc6c6fb1529ab27f3c574	35d51a9ac158d4c70dbf057cf36a92e35383f058f82a754018d57805496fed97
1f9d1-200d-1f9bc.png	assets/Person in motorized wheelchair/Default/3D/person_in_motorized_wheelchair_3d_default.png	511a183d677ea0dd46de70aaf0e4ccbc74130cca661ec17019f1a8d932d9bf72	e3aa9d40667a61528410a63ee672b54869633499b492e9b5616bf077e5dabdbc
1f9d1-200d-1f9bc-200d-27a1.png	assets/Person in motorized wheelchair facing right/Default/3D/person_in_motorized_wheelchair_facing_right_3d_default.png	4f9f11e0199328b6145423dbbbcbb1ed5252b276f2f604cac81a6a124498e925	b7e9179c407dd060a2db3f5cfdf57fa865ce52b7a9310676407aa5574df62b05
1f9d1-200d-1f9bd.png	assets/Person in manual wheelchair/Default/3D/person_in_manual_wheelchair_3d_default.png	f15d756f920f2da62d57be2762fed75bbeb4a003934b6814a9299f82f7ab5c55	b91fb96d399b2beb67f999dbe5299272da45c4243f93ab9bdbd765e331272e25
1f9d1-200d-1f9bd-200d-27a1.png	assets/Person in manual wheelchair facing right/Default/3D/person_in_manual_wheelchair_facing_right_3d_default.png	11a500610493af896e88828dba8f6caf40b7bf7dba1faaf16c136ed4a7922cb6	c2bb92e68c00c3e317032b99623bac02c4ad8e497946948376e26ea7ef829d12
1f9d1-200d-2695.png	assets/Health worker/Default/3D/health_worker_3d_default.png	7e43d4d110dd44e650223229de337a027f1bc302124a76a2d185eb393b916fc7	8d7dca196eced23222e46ac32e876bc9cc462145d550f03ae753467aa37bd9e8
1f9d1-200d-2696.png	assets/Judge/Default/3D/judge_3d_default.png	2de0791b015d6b6e76c33c6ea79c5c81b13c74da73472618ea86d290463ce7f1	251421a79d01a0690f8330e3eb436a15ee7fe541d3fd947017542dce3e49e930
1f9d1-200d-2708.png	assets/Pilot/Default/3D/pilot_3d_default.png	63852941d7e15f3137e64a87aebcc9d248642cdb13a5b7d8e72631cdc75f9480	369609b97027c92748458d416253bb7f50d3f2b163ba55d79cfda062cf457c5d
1f9d2.png	assets/Child/Default/3D/child_3d_default.png	d8cfe98673ded5575f36c851318fea1b60d3591e93517a31792f6834440b31b9	14d370a3a64a7e54e4f4399460300d0c1c73b2739ef9caed18ea1fa04dd8997f
1f9d2-1f3fb.png	assets/Child/Light/3D/child_3d_light.png	e4969dd4625cc6ac78acf1b2796ce7fd5dc82adfde3327bdda2af2dcc1117459	5b164f8c234e97a79657a1fa9166032c5477be52dac050b4587ec4ca096a6494
1f9d2-1f3fc.png	assets/Child/Medium-Light/3D/child_3d_medium-light.png	4756bb1c0ba4a207b2030e071752bbfdd55a8e60642586e6e6a4a1b7d4d5ffd9	7ea550b874928e44355d49d8409e6ab6ae11f9a1b3dac14fc05af7d011c5fee7
1f9d2-1f3fd.png	assets/Child/Medium/3D/child_3d_medium.png	ab8b9d2801d5cf3c0eec3b772f7ad69754584adf3c1187bae030e76daa45546f	4222efaf92754bd36b9d7e9522c9c928c6b2f3acafcdd919962911cf283b232f
1f9d2-1f3fe.png	assets/Child/Medium-Dark/3D/child_3d_medium-dark.png	ffecc5ee255db00c5d0b13ec0a9bc12722080ee7e43030a10baf4c57377519cd	0f2a61c4dc781d8ba716a0538eead4a257c4da9d039b6f91a0cb2884d8216a67
1f9d2-1f3ff.png	assets/Child/Dark/3D/child_3d_dark.png	589ab2cdfa27c5db8e19ed45c49aca09bdd6d6c762aec21b67ef4f4cb8588e54	d90d41f50fe28db01deb22057d310d88a0f568f2997b0b4904fa30934a03579b
1f9d3.png	assets/Older person/Default/3D/older_person_3d_default.png	85fdcd2fc0ecb1be359bfea121fb57f0d4fdbbf64d8a4888c326f3592632711b	76abcf28a4df3fe4d6a5ce398de6c8152ae47fd62361850d4c006adef7a254bf
1f9d3-1f3fb.png	assets/Older person/Light/3D/older_person_3d_light.png	6bf8670a81308fcbaf58ad56a9b84f39b9ea30020883b6f3b1d17ea8529dc28b	6d0b02951a12d30145e32934c4896a62ccbc1d51fd17fe9ec414a893029d8b53
1f9d3-1f3fc.png	assets/Older person/Medium-Light/3D/older_person_3d_medium-light.png	024425b8b4fec379cd4cfc6b0ae5433537a3d6df738a3076f268cffe130806ae	d6119885e37cc0597096099441094ba319be4432fbb1d392cff7e67fad4fa63a
1f9d3-1f3fd.png	assets/Older person/Medium/3D/older_person_3d_medium.png	9696b0ce9c45e845f734717fa77acada78828f384a0df0c68ac622f13e650fdf	f4da52900317f2ec7e9b2dfef42d820029f6be029e6092712b6540e52e934620
1f9d3-1f3fe.png	assets/Older person/Medium-Dark/3D/older_person_3d_medium-dark.png	c08e70bfd98cbb9a03101b2bc48082de5d63dff3f3885c60f1a2ed10c19cf7b7	d1851a2acfa5084a40c443e069371d157189cc78af93d8856c3cebf3402b4191
1f9d3-1f3ff.png	assets/Older person/Dark/3D/older_person_3d_dark.png	bc9263eb926909f2361b1230aec74fc6beb1ccb3cf855e3384743a29cc8ad045	6f9c95a7c78b30e8b04d15bd1cf32be4fde952307eeff65213ca95940e0d9b82
1f9d4.png	assets/Person beard/Default/3D/person_beard_3d_default.png	2b31c66600896719091b9ac9e1e1ce797ba17abe1ba3468d94744512844be413	4ca0ec7c7e0a76aa3da78d077ce9121216db2d70989c4ea455293e4bcbfd8e43
1f9d4-1f3fb.png	assets/Person beard/Light/3D/person_beard_3d_light.png	6952c61528517392dd9b759773e1a5b8fe4c0cd2c62edaff87eab2cda7eb7846	557b0915e2c4da11d396c3a7275baff612f4bafbb211ca4045b8a01509c08552
1f9d4-1f3fb-200d-2640.png	assets/Woman beard/Light/3D/woman_beard_3d_light.png	fd2eed9ef8d1eed16522b2b71d608aa6e56130b8f67c85001ce6a8eee7144b02	12742a9a17179b42b73095a10a6136d0939ad6baf005138e340e061560c10975
1f9d4-1f3fb-200d-2642.png	assets/Man beard/Light/3D/man_beard_3d_light.png	5cc33c5f73e9743532c057767b2537532e0644f4f45ce438c2a07850c63cfc02	1b124b73cc25b65e9af8e1e2d434ddfa595a1ab01eec160a04fa146f748806c3
1f9d4-1f3fc.png	assets/Person beard/Medium-Light/3D/person_beard_3d_medium-light.png	2e04380452a00589b9e05ac50d6ee9c77fa90f8b966a69c59c87c06a29d965b9	05bb1e74a79e5401c1916f08545640496dd887b0b64f9c9d5bda42cb53bc6186
1f9d4-1f3fc-200d-2640.png	assets/Woman beard/Medium-Light/3D/woman_beard_3d_medium-light.png	da9ec2588a36bb598eb3f2d46151b25197dc65633179aebf915950020470ff85	82c3d3d062b329a48ddad4f6f99f8bfc477139fc707f6ed7e70f8a4c527f170a
1f9d4-1f3fc-200d-2642.png	assets/Man beard/Medium-Light/3D/man_beard_3d_medium-light.png	fa37e89866f7e59a2d88bcb93dd50ddbf6e313ddd1d72c60d3e767c6cb137774	8b6553ca2e274763c4093ca3dca4d4317ca217a0f74b45fc13e366070d07e9e3
1f9d4-1f3fd.png	assets/Person beard/Medium/3D/person_beard_3d_medium.png	1e09642a7d94323e2deb9008366f64107b23e11612690f202f3a00d0c27dbe34	893d4d4a8532bbf48d03536c23f35b6abf86b7343b9066b8557c61f344f8b8a6
1f9d4-1f3fd-200d-2640.png	assets/Woman beard/Medium/3D/woman_beard_3d_medium.png	cd9f15c2094570d3c904849ccec05ea9675d8eee60315c3cf64f42cde9e93faf	fb463cfce47bd202a7f551af36bfb33b02f44e20d239b3e53b48d7ee0735efbf
1f9d4-1f3fd-200d-2642.png	assets/Man beard/Medium/3D/man_beard_3d_medium.png	470589f8ca4fe3d720a6eb8cc13256451d2bfa1f2a656a0fa04c192b688c326f	a849d4b4156a302ad3dec24ef244b33fc7b7c9479c70e97ab12c985656cd2d79
1f9d4-1f3fe.png	assets/Person beard/Medium-Dark/3D/person_beard_3d_medium-dark.png	7f10061c8ebb2050881b3b8e422579c5cc0e59137840f71d7749a039d9977508	1678f594300f71a7d68f30c677fb4d0c37fd79b40c30963f0416130702c54bf0
1f9d4-1f3fe-200d-2640.png	assets/Woman beard/Medium-Dark/3D/woman_beard_3d_medium-dark.png	87e746fdd2b1d5447096452863ceb37705d5a9af3a7cd8ff1fb124f22e913a6c	ceda11c8d0c57e999eb3b4f7c62121c7b5db35ea6ec2556054013d5d33ff256e
1f9d4-1f3fe-200d-2642.png	assets/Man beard/Medium-Dark/3D/man_beard_3d_medium-dark.png	596768b939a78b728de0febe8074098e79a1d2e2361b069a01418249b0bca161	699d236ea04d17d7d73fa08d23a44f0ede92fa270ad757abf573623e75822b9b
1f9d4-1f3ff.png	assets/Person beard/Dark/3D/person_beard_3d_dark.png	efc543201e7da005d6a68bc2443d29b1e18c28fe54c7debce94f4f0039d1e780	0446e4e7ac79c6c84c6f61c083e16fb5811a1927dc0acce7ab120f059a49e04c
1f9d4-1f3ff-200d-2640.png	assets/Woman beard/Dark/3D/woman_beard_3d_dark.png	1fd6e9f61da1f60ac3d8daab5b2fa72c42e4779272188f309eb2c974d0f5f695	032d5a7773852af855a04af7605e453891ce016db38fbebf3861af40a0f7e185
1f9d4-1f3ff-200d-2642.png	assets/Man beard/Dark/3D/man_beard_3d_dark.png	74810b9bf1c7acf52ee301ff7faa3043730bc7347753e6823d81270ef3f2b705	e968ff43c05abb0dd18ce170f4356115a0262f492391f89a7e8d0187c37bb10e
1f9d4-200d-2640.png	assets/Woman beard/Default/3D/woman_beard_3d_default.png	641a82cf668366c4a200dba89f4d676249e08c4f8ed5869ee11619474293b2ad	51d1d5be72ef45ea4b7e0e5620b42aa05d94527eee37fa17a005a4629872baaf
1f9d4-200d-2642.png	assets/Man beard/Default/3D/man_beard_3d_default.png	6b6d4f813ffb3bdf4d615084f2782d1adb6930d843db74319b780ab214ae86fc	23c54ad39d2c400c77971a73a16cb8a2a78743a77a8acdcc7450440588497b6d
1f9d5.png	assets/Woman with headscarf/Default/3D/woman_with_headscarf_3d_default.png	2d51cae639091091ce93e386420a2cd469a216a28d3201ae4b3397b026f1c92d	cbdaf71dfeeb18f24c9bc85b6b28e3bada44f28a3694d34805772cbfe0d2cad4
1f9d5-1f3fb.png	assets/Woman with headscarf/Light/3D/woman_with_headscarf_3d_light.png	cf35c473f16f50b4cb77f35869b5bb09ad353570d565fb2d9a664d6c32efc4d2	6b293ecb0cb0d47b91b0cd74c38b3fae4651119f7732abc4654a83f905253a8f
1f9d5-1f3fc.png	assets/Woman with headscarf/Medium-Light/3D/woman_with_headscarf_3d_medium-light.png	e13f0594cce46240ad46e889ba2efc8622ab2e11b5108a450ef365d1f52a214e	92def1823cbb6abf6653ab5932b11bbab576b97cea0daf08a34b728104fe41cc
1f9d5-1f3fd.png	assets/Woman with headscarf/Medium/3D/woman_with_headscarf_3d_medium.png	091eb89954745837cfe18b288c487cd85e1f36d3d626071615538464f4b9c400	6ed7ac0f1ae5f56430bd8966788c3e572bcccfc5c61bbf1f33a3d2cb7b489784
1f9d5-1f3fe.png	assets/Woman with headscarf/Medium-Dark/3D/woman_with_headscarf_3d_medium-dark.png	46f9b686669d03178129cedfaf361286322394e37c4b6acd71e0129b01f6e359	3e4d15c76cee7ad8b595fb0f02791b6d67d24be8d1b4bce87097987c42106132
1f9d5-1f3ff.png	assets/Woman with headscarf/Dark/3D/woman_with_headscarf_3d_dark.png	8782f175e3670b4b22193d95554f17b1459879966cfba194f4f44a14e2a6f50c	daf508b151e54c54abb905c3ba54947cc362ea1af588a515a01a624e5a1b9c92
1f9d6.png	assets/Person in steamy room/Default/3D/person_in_steamy_room_3d_default.png	a23efc5fc7c6cf2dd34c5016662b03d4ba22d8448c59d4066ef4218c64cbe195	34ccb1c11f11a1586d2a2c0a4ddae1c1ca882697cc469c87bca86ec684ff68c5
1f9d6-1f3fb.png	assets/Person in steamy room/Light/3D/person_in_steamy_room_3d_light.png	ed3050ea303ce52c9dfac2ff45c6f86f61e7985272310b7c9983631b83a03351	1c930b02bb679855905162811961bee5051e86b33591f586c86ac39610d4c456
1f9d6-1f3fb-200d-2640.png	assets/Woman in steamy room/Light/3D/woman_in_steamy_room_3d_light.png	f25b229d8388e736822dea6b515f6304e853bb27b3d59796cd66de053e65cbce	abd41af2a1d6c87b4f5fd2a6383fb8c71c196569a3bde4e1df7038545f3026cd
1f9d6-1f3fb-200d-2642.png	assets/Man in steamy room/Light/3D/man_in_steamy_room_3d_light.png	e4fd16b66457cdb089ec12a02be0b6067aac7f31dc3750685496a4c50d7a988f	a61931f8e3e18cd408fc80fb30c2bec5b40f3fd74bb2603726c3af1fc026aa4c
1f9d6-1f3fc.png	assets/Person in steamy room/Medium-Light/3D/person_in_steamy_room_3d_medium-light.png	8c3ad4e445d9dded7b52a057fd63c686f1afee4ba3608fed0e0daf66cd166c1f	c36d4b8d7fdace173f2e98f22abcd3184ca0fe49c6673a077ffc8aaa0d98580c
1f9d6-1f3fc-200d-2640.png	assets/Woman in steamy room/Medium-Light/3D/woman_in_steamy_room_3d_medium-light.png	ab9687438dbdf3edba457edd5db0e664fa9956e3d4ef01f5f9c1837bbba160f6	18e5b69810932a1f5276189e52efe316138f3b9dbcc1b943a18c6b702b27e6be
1f9d6-1f3fc-200d-2642.png	assets/Man in steamy room/Medium-Light/3D/man_in_steamy_room_3d_medium-light.png	987109d07754fcd582171dbeb1b742356e0f3409c5fff3970a31089939837f4f	fc0c901c96d043b55f8b75c82d659cdf1553dd853d55e90dc72d0fd6e284882a
1f9d6-1f3fd.png	assets/Person in steamy room/Medium/3D/person_in_steamy_room_3d_medium.png	74de112444e151d3dc94df47877986fe51513bfa1987757edaf9c9248906bb35	0ce7738abcc8e44f1c149312886b5e17ee3931650b48a766dab9bd4ea74a2245
1f9d6-1f3fd-200d-2640.png	assets/Woman in steamy room/Medium/3D/woman_in_steamy_room_3d_medium.png	3971a1c84b01f710cf13e53590ba0de610fb97f27a81b07ee51b1170a66f0085	9193b2baf4a821b1fde826638b72ed20a3d6b179d7f3427f20bbc1d9148bb086
1f9d6-1f3fd-200d-2642.png	assets/Man in steamy room/Medium/3D/man_in_steamy_room_3d_medium.png	8f53061f7dbcae14cf2706d223b11654388a502613df76ca7f34eac78f655d9e	eea4d82e75fdd2092500670173636653309a9f8ba5d4df399467495a6ddd9a46
1f9d6-1f3fe.png	assets/Person in steamy room/Medium-Dark/3D/person_in_steamy_room_3d_medium-dark.png	50631d77dd6b2cfc4b013af072ee7fe4d21c3789b128244bac972b6eb6b006b6	c6d43469c8fd15eab5cbdc660d96290715600e7032c89b563872e2e669a09ebc
1f9d6-1f3fe-200d-2640.png	assets/Woman in steamy room/Medium-Dark/3D/woman_in_steamy_room_3d_medium-dark.png	a97189632c42681fab8df59f714c445998544ea2cc491dd1ed53f1e25390f620	3786473db3860a04b4713b4d34df9b56666fae0abaa07a02bdee82f2a3c7d5e8
1f9d6-1f3fe-200d-2642.png	assets/Man in steamy room/Medium-Dark/3D/man_in_steamy_room_3d_medium-dark.png	ccd2bda8c300bb3545e2393950eb0cf4ff6e167e41febef406534274a6a5f013	938adead091f5ef77586df6bc11f93a3b7b0938fcd273849925e2ab78829acc9
1f9d6-1f3ff.png	assets/Person in steamy room/Dark/3D/person_in_steamy_room_3d_dark.png	a04ab72a64d87cce75a0eb29616384042f8141abffc9a6ed8bb66ac66ae73093	59e904311519f46969d2c893aa29a06ff9ce5fd3d5fd4e6e0f23b142d4869988
1f9d6-1f3ff-200d-2640.png	assets/Woman in steamy room/Dark/3D/woman_in_steamy_room_3d_dark.png	a3821f7c3707147714bf08e2275439d04b9f1c6e9d8d41b91a15bd8da4e16ffa	a0ceb0b0805af5e50e558a6bcd0e8a108d5367ba9ed6edfb86e0d9a3bd6e2ba0
1f9d6-1f3ff-200d-2642.png	assets/Man in steamy room/Dark/3D/man_in_steamy_room_3d_dark.png	5a795caaca44e32bb9024f3f742da384908b260a85cc9d4bbe56b7f2f0b55b85	46535ecf21b6bd0279817878944aff28f384f41def392a9142ff5d208bb9c1f1
1f9d6-200d-2640.png	assets/Woman in steamy room/Default/3D/woman_in_steamy_room_3d_default.png	53b98bf8e22dcc6392ce0be7f0c2fa431fec9d00a1364de5063ca36be4753cdc	c503bcee9dff2b84af1e2a966194499f2f862b6ec778478f6bfe7476eae1b07e
1f9d6-200d-2642.png	assets/Man in steamy room/Default/3D/man_in_steamy_room_3d_default.png	0b496dbd074a00d370b6a5b1b9f03e13ba88f93a8a68d850409e64c21b98b0d0	8019aedf0810a40ff1ed1dc66e9dd74b7e8969f497c8cb476276b2ea098e22a4
1f9d7.png	assets/Person climbing/Default/3D/person_climbing_3d_default.png	e7db6e6845c49091de81832ee4e3d4e6012d150e7a49afc8a7b92736592379fa	73fe2a207237f3989e4c10414170af2868dac84dabd2cdcfa4810e2b35fe38d2
1f9d7-1f3fb.png	assets/Person climbing/Light/3D/person_climbing_3d_light.png	319b4a5d60ff44cf1c7902fdd206c2e85a2ebdad8fe0e7535c8a4c5a995c3ff0	3f41f0454e458b9d5ea7031ec0fa1591d4c5321883e88f631542e8b2a722068c
1f9d7-1f3fb-200d-2640.png	assets/Woman climbing/Light/3D/woman_climbing_3d_light.png	92785f269e4f8e19be5284a9d6c48b1efe6bb9fcfb4862c860a5d05aece3ccc8	6364c529697ae0da17d633f01250913ee9da0b157e70df10d9616a22c2038ac8
1f9d7-1f3fb-200d-2642.png	assets/Man climbing/Light/3D/man_climbing_3d_light.png	b010cf125a90842336dd5d1e6a3a6a2f1ae5a8e60fcbaa7592aa81c6963406a6	fc63d2cedf2bce775d3f79b7a5df34555087b1a2cc72f48d2ea39926439ccde2
1f9d7-1f3fc.png	assets/Person climbing/Medium-Light/3D/person_climbing_3d_medium-light.png	44b370734b26e6a796b191ff9cb80f0ac047235fb17834f76b3434bcc694d627	67b7133711ee3480736ce2ead085f4ca34db5297f93661faef8e66f12283f226
1f9d7-1f3fc-200d-2640.png	assets/Woman climbing/Medium-Light/3D/woman_climbing_3d_medium-light.png	a4d4421244ee6bc024e4a72ad3cb583d68aae6ceb406ea75f9a9af1788603a40	cb5bafbe978dbd12cae4efe7371deb4ea52102b4b3ca0018d29020e0a90ae6f7
1f9d7-1f3fc-200d-2642.png	assets/Man climbing/Medium-Light/3D/man_climbing_3d_medium-light.png	7def1f3a512dc2379479797ce5bd46ee3364dcffdce6924d9a58203e29e79d88	62ae5c8e367685a73b1a7dbabf129944cec56ba5526583cd6422bb10dce43896
1f9d7-1f3fd.png	assets/Person climbing/Medium/3D/person_climbing_3d_medium.png	c160b2955588a1f43ac2f84436023233f5494e307a3df43f33f723ff73dae00f	a98938546007201a07758598ae5c6b3b199a62bb0c44f7af025089782624575b
1f9d7-1f3fd-200d-2640.png	assets/Woman climbing/Medium/3D/woman_climbing_3d_medium.png	87037a39e6c32f1bbe65161e013c95d855f8ba985541277380fafc5f688a0e18	402295ac54eccbc4513b346c9d97cb661db3fef84053fbff0060850ef0464a82
1f9d7-1f3fd-200d-2642.png	assets/Man climbing/Medium/3D/man_climbing_3d_medium.png	2c0d9fff55ea73f4f4a9bb8b43e5130cf2f05f305b9ebffdb9ed545c7596c924	bcb1dcfab52632cc49667dbf3541900a430c35ad26525f08f8c4821986208bcb
1f9d7-1f3fe.png	assets/Person climbing/Medium-Dark/3D/person_climbing_3d_medium-dark.png	c1d4536667274b78bd7d008c3d757e0713e6be85d24e1d969147ae94830ddc0f	dee59a2dcc0464d03c4c77ef9c8949e04ea86e72357d01c1add58866fc7cd50d
1f9d7-1f3fe-200d-2640.png	assets/Woman climbing/Medium-Dark/3D/woman_climbing_3d_medium-dark.png	05c04dd4997e5d4233ee83c6466190d3f1cec74d731c52ce5d7926f1fcaff03a	d0d337c2bf5c2b31f0d7b59b62f9857fbe83623239acf159292b08f08752c6af
1f9d7-1f3fe-200d-2642.png	assets/Man climbing/Medium-Dark/3D/man_climbing_3d_medium-dark.png	0f2397d5466d384b6ff56dce15161e16237130c87e669a6403eb19f938e9b93e	57f37a9beab8eb0f3557ed8010acf5674e9bc3a879888abf29ac727d13168ce4
1f9d7-1f3ff.png	assets/Person climbing/Dark/3D/person_climbing_3d_dark.png	6d1a3fdb52344dda8a9d52e4f2e1d62991760129652348f8ab093be7a45c4b38	e8d25bcffdddbb11bfcf57797f8dadd1bc802de6e5fcd5a4ad483140fee3d20f
1f9d7-1f3ff-200d-2640.png	assets/Woman climbing/Dark/3D/woman_climbing_3d_dark.png	890faf1bc9bdb210739e72d684e5618870e6a9837ade3bce5f086512e03e0a22	4c6240d6f4655425d308f59c2f3f1022054269ccdb7c9dc740de1869d4e3fa7f
1f9d7-1f3ff-200d-2642.png	assets/Man climbing/Dark/3D/man_climbing_3d_dark.png	2674cffbf1a7a9316ef5c31e5352bbed1d3c84c979924349466560ef555d2ac7	0f54bd8ae43d063bc66056b9ee1e9ae43c4c82fcf65558a0215040bc0bf96a72
1f9d7-200d-2640.png	assets/Woman climbing/Default/3D/woman_climbing_3d_default.png	0c96126ce3bd060c1603a6867f6a1c37285f04aa946ba5c50a00753208914cfb	18269c6466eac4eb6b8bd5d3bf7334fb69edb1b98c72d91776d4aad4096d8192
1f9d7-200d-2642.png	assets/Man climbing/Default/3D/man_climbing_3d_default.png	01f60a15fe89e7ec161f85ef1da619541e237be4b8886f0dd064fc4b5fee1285	a7a5cf3c6abccced6182e53c52e36c93cc4de8bb442ea81e1fbfc0de5ede07ca
1f9d8.png	assets/Person in lotus position/Default/3D/person_in_lotus_position_3d_default.png	b276bcb327082025d5aecb16dfb3d56a32ba35a80b72adc02cbcdc41815c2209	218ade7316d0aca03c8462a0aa148f31c94b66c0e1a04d7b389eaff9e6a7c379
1f9d8-1f3fb.png	assets/Person in lotus position/Light/3D/person_in_lotus_position_3d_light.png	f8def00086f24d05152b3dbf94bce5755dd6db400c6448c54dee379740f724fd	c27d16cf9fb2ef9895190908ab0e5bf2385cde94fa18e2971909d2b65efa89f3
1f9d8-1f3fb-200d-2640.png	assets/Woman in lotus position/Light/3D/woman_in_lotus_position_3d_light.png	9b67384d3fa7e9bf2c93960b5b3465159342227ecacda5d5ed50431900108376	4a996691fd461ec83d54cf480431e334b815c97b6c0d41369208fbe36224df17
1f9d8-1f3fb-200d-2642.png	assets/Man in lotus position/Light/3D/man_in_lotus_position_3d_light.png	744da5cc0c98ccb1b4fe395635c149ebfb6be45d4318233dd18f30f9e60b34c9	b28699392f0b8c1afe6d05950873763197d24566c221deea80bcfe2d0469824c
1f9d8-1f3fc.png	assets/Person in lotus position/Medium-Light/3D/person_in_lotus_position_3d_medium-light.png	620c66c30c846d3450113712d9f06980d0d0dd6b3fcf17c5ff0df8647121defe	351f20813c2edf0dfd9fc853f32936f96ec8742c7b894ad3d9cc1190e2799509
1f9d8-1f3fc-200d-2640.png	assets/Woman in lotus position/Medium-Light/3D/woman_in_lotus_position_3d_medium-light.png	9d8119c24995cc7cdfed4f5da18930e4a051039d76390ee247f444539fe15d44	0be67ec42adbdaf825b551799fb54416f0b2b68ddee661e07d71358725959ba9
1f9d8-1f3fc-200d-2642.png	assets/Man in lotus position/Medium-Light/3D/man_in_lotus_position_3d_medium-light.png	c3276181b60adf214c0840a590e957593011eeebad43f97d7854a16e53e526df	84aa02fa2238bbe367c15e7b30c8cdeaaff5c824cbefb068a7828281a1b84d93
1f9d8-1f3fd.png	assets/Person in lotus position/Medium/3D/person_in_lotus_position_3d_medium.png	18c8d2b8a1caaff0e06e20ba0f979c185f0f8d4fbdb9cd7ac1ee129b5504f8f1	96dacacdcc012feb08167daa7633dce279b77ac8d7d8baa78787269dab096e3a
1f9d8-1f3fd-200d-2640.png	assets/Woman in lotus position/Medium/3D/woman_in_lotus_position_3d_medium.png	76dd3a5488bb3bfc187e6838eac3c24c6513ea9dc8b4e58f9603699e1bc7d5c6	a62a6d7a0ec2faf14edf01c72a34840abd76ffd0565579a37e7d2a64dc678ac4
1f9d8-1f3fd-200d-2642.png	assets/Man in lotus position/Medium/3D/man_in_lotus_position_3d_medium.png	9e621db5ab3d0e46eed15e9373d2c0380ce6d57bec0ca5ad76bfe9973c73f982	e72706f8cf2169f478d3522fcd31e19640bb4d62aed32af1b626e9f01982fa3b
1f9d8-1f3fe.png	assets/Person in lotus position/Medium-Dark/3D/person_in_lotus_position_3d_medium-dark.png	33ebae0f4bba3e8ac276080c4ef8142a9f71ff64075c717bc41f57f9f28a00fd	85fce0618e9d8416969749088514f0597f878ece5821bcacb3626c0952fe4f62
1f9d8-1f3fe-200d-2640.png	assets/Woman in lotus position/Medium-Dark/3D/woman_in_lotus_position_3d_medium-dark.png	7354ad472064710072e11cc425f2785ca67d029c2c82ddb9f29d1f2aa30ba2d1	95893cea4eee0d6b74fbc8a707d5439c6e2713897ad45c62218347a5133e6713
1f9d8-1f3fe-200d-2642.png	assets/Man in lotus position/Medium-Dark/3D/man_in_lotus_position_3d_medium-dark.png	5ac495f03eb7e81b33df7ddd8b6d9b41f9c70a54d107722dd609a65ae52d4759	cd98a742f106df6dd0dfd4e67fbe7cf8260dd615434cd2da7723fc7f4935fdd7
1f9d8-1f3ff.png	assets/Person in lotus position/Dark/3D/person_in_lotus_position_3d_dark.png	08d30841a76845c8d5cfa031195ae26566a41ea28f74bdfb7d10461324eda2fc	2f7bee9313f578987996435243986c50803f499d273500f71ddd3d3cac4b2119
1f9d8-1f3ff-200d-2640.png	assets/Woman in lotus position/Dark/3D/woman_in_lotus_position_3d_dark.png	805d2766a06a960b1e58cb696719f5708747939e1c26c00e72bf27df73b366ea	3af1f403d5816f56e57d6ac814a306a431efdfb256f0f60ed22c059577285fbc
1f9d8-1f3ff-200d-2642.png	assets/Man in lotus position/Dark/3D/man_in_lotus_position_3d_dark.png	d3bf1e3bd5fe4885aadd334d80bba45e8d13310f5b41ddf64f61634913dfb3c3	39447008f905cdc3e1d0dc3ab8dc2d5265df7305bfd2749c9eff7a58db0a668a
1f9d8-200d-2640.png	assets/Woman in lotus position/Default/3D/woman_in_lotus_position_3d_default.png	e1eb20bcfeec86bd8e8b22e0c55d1b14a20e5731620b1604726c920332d6963c	796a9f09370fc25c0ec626be1aaedc665f0a9408585e2b91858a26551fd4af35
1f9d8-200d-2642.png	assets/Man in lotus position/Default/3D/man_in_lotus_position_3d_default.png	f1719056956ba8f1e4b60abd3d5e8fe7d9ee489440ecbc8f29ae4b9b5c6ce2f8	3a221a3ee15b9c469502fc4f4102ba09df8fa6356f20cf12463a231ac1410a1b
1f9d9.png	assets/Person mage/Default/3D/person_mage_3d_default.png	5e18f176fa2ea8dfc23ec44054a11d29219e207602cf24e2ff4dea7ccc27ebb4	17c2edfcc984b6aba8ea6044debbaedabe260514c19454a9e3f6a980ffead650
1f9d9-1f3fb.png	assets/Person mage/Light/3D/person_mage_3d_light.png	2685174c54f1caf09ef59bad6441ecf2498588844e04f997c896886405e5750f	87407a1301a9aa0f1a9a7c5c1c3e39b61be5781adcf29b9848592cda5523da22
1f9d9-1f3fb-200d-2640.png	assets/Woman mage/Light/3D/woman_mage_3d_light.png	cc00176ae60ea7494ffb5e97fc6641453b76b5d0c375ac52f3ed7b5d92273516	3ae60efcac5b8c522f93512d397c931357c1e9bc454970f470d6d601570b163b
1f9d9-1f3fb-200d-2642.png	assets/Man mage/Light/3D/man_mage_3d_light.png	64b4cbef51c0f69107049be310f613ebfd42a76c7bfbdf4f2aef80b11eaa2ec6	1c4ce76ec9a04ea1bf55e0934888ff68b136750d8d2374d3a97357d28571df40
1f9d9-1f3fc.png	assets/Person mage/Medium-Light/3D/person_mage_3d_medium-light.png	63c5eaec098dc73500e0798b8fb29caa4a67b6e489e40ab9b3b42bf97a1ac751	3142b571b8bdd511972dc4f2ed9ad64884090184a9e93421c029011a18041da3
1f9d9-1f3fc-200d-2640.png	assets/Woman mage/Medium-Light/3D/woman_mage_3d_medium-light.png	ffbeacf16279ef3efefb5c903b842c5a548f022909908a05877cab24422a73eb	b17bd8caf52ce2476633fd4b28aee8960c5e07c3b9d732baf204f0bc0e763e2b
1f9d9-1f3fc-200d-2642.png	assets/Man mage/Medium-Light/3D/man_mage_3d_medium-light.png	0940ee1c6c24474f1967397d8e77317ea77ecf87e29ae8bb48b97d80a1a073ee	5b4106ac44cfca75d32628d932f7098ddebc66c32202efc7476c553b2f5c12ef
1f9d9-1f3fd.png	assets/Person mage/Medium/3D/person_mage_3d_medium.png	9ce4d332d88896a650e71d721c888a37c61de6a13e04484a8b26abce26d6c9e2	24c82e9cad0e0ab010e643d488442dc2532ce62546459ebf7f9291a560ad2679
1f9d9-1f3fd-200d-2640.png	assets/Woman mage/Medium/3D/woman_mage_3d_medium.png	839e5fa894e67f500806bf26dd45e801185c4c2bbfdd597d6453640db94c43b4	7206db4374d3e895e48160adfa267e5419f979bbc4095094dd67ac05c7db1af7
1f9d9-1f3fd-200d-2642.png	assets/Man mage/Medium/3D/man_mage_3d_medium.png	d6df6b8c1e83edfdf8a5e9815255c83953da465568a8d0778428665f5f9bbaae	0125c5e4a07dda525df20a730b320fc8eb1147b6aa7a3b4c35ef5a9cdf9628cd
1f9d9-1f3fe.png	assets/Person mage/Medium-Dark/3D/person_mage_3d_medium-dark.png	00b587f42bbcb3389adcde8ac7e5da02aa0fd58aa9dbb13c03ae21d1c67e4411	10d18ab4afe8c5e66e007842e591f205f57a1b87d31a2306d61efc54faa69318
1f9d9-1f3fe-200d-2640.png	assets/Woman mage/Medium-Dark/3D/woman_mage_3d_medium-dark.png	e96aa322b4c131c9ee5108796e321a04c6222cd15b55fb95420bc1271bd29f4f	9aeeca08d381038c78219046fac260e17a3e1d7b64c5e6afc68f3c783c827d28
1f9d9-1f3fe-200d-2642.png	assets/Man mage/Medium-Dark/3D/man_mage_3d_medium-dark.png	7a5d5a678ce0698464e2a500f116c1c6ccc8baef03244cbff362bd4f7acca4bb	157bc86fbfbde8cd38330eb477c3d2dc46aa000dcc35254164488eb126ff57c5
1f9d9-1f3ff.png	assets/Person mage/Dark/3D/person_mage_3d_dark.png	9054b3cc7ccb77668f3527e9fc34ceeb3f5f277f696f2c2fd5a29b22f891c0a5	9539a54f0756bc11d6af9119614294d62e857318d5ecd3996517c8cd4ec4dc2c
1f9d9-1f3ff-200d-2640.png	assets/Woman mage/Dark/3D/woman_mage_3d_dark.png	c3b0480cfb96570fabeb952695dc756e05875d3eb2ad5730a2afb35dc5eff8b7	aa91fa25d3c01427c760de6d28da8cd8fc2d5bcfac70c8430d3ba299cb11af1f
1f9d9-1f3ff-200d-2642.png	assets/Man mage/Dark/3D/man_mage_3d_dark.png	c68492a174e18f9a67705f291e79aa340ded926f4d407483fd13e4fb5bf1014c	e9bcab47489452e24cb912c4094be5b30c5163b744a3cf5cec7fc0c351686615
1f9d9-200d-2640.png	assets/Woman mage/Default/3D/woman_mage_3d_default.png	c2a935eff43249d124e7fe08055ae93e478dd4415c59d130bf2337d386b44d09	c16699160f9396b72d46af9684200919532fea1464e382cb43b638ac01dd3643
1f9d9-200d-2642.png	assets/Man mage/Default/3D/man_mage_3d_default.png	9a17f1d3c82ebd9cc3f705b3c02094ab8bb8c10c76958dddaadb63fd7d36140f	b10962a21f80a3586922734162db279128870004b62b09b954222618b4931f71
1f9da.png	assets/Person fairy/Default/3D/person_fairy_3d_default.png	fcddf77bc66f0f83c0328dae4c3c482640b2022f6fc0d00485a4e497f8dc7f81	d63d34d86b4a8cd109e13534dfb6c72897f399950377734b515d011ca82b86ad
1f9da-1f3fb.png	assets/Person fairy/Light/3D/person_fairy_3d_light.png	6ebbc8fe254cf9a033486a7c16c1a834065f08394b51aa743ce5374806846e09	7a5bdaec78aba3eaf09ddee3760a04c7b27620b7341dd4be493a9e099b586254
1f9da-1f3fb-200d-2640.png	assets/Woman fairy/Light/3D/woman_fairy_3d_light.png	f2589b990e78b8dd2e705e50951bb1743e4088323402221611bb8605260d6045	33119c86546918f62fc9a6dcc7157cc3acff613e900738701c38d9404374a56a
1f9da-1f3fb-200d-2642.png	assets/Man fairy/Light/3D/man_fairy_3d_light.png	8c162c689422603025aca7825388fb71cee1349e24a3b80690e998fafe45750d	c722fe1f322adcac08f64966dce0fe2952607438d39bf56f94dfc1e7f01894b2
1f9da-1f3fc.png	assets/Person fairy/Medium-Light/3D/person_fairy_3d_medium-light.png	6e317a2ce3c9a1b9f9b103246f996ec0951d4d1cbbf4ed0a98111fa28ffafa2d	80e9ebc39a355e1fd3c146b36ec766be138cb8e7599928067b4ee5b00ab228ed
1f9da-1f3fc-200d-2640.png	assets/Woman fairy/Medium-Light/3D/woman_fairy_3d_medium-light.png	e48a432c5ae19b61e59ef17212518deb12e04e8362b1eb15f0796ff5698bbd46	c4173c99e0bd34416c9803a408f6bc0118658199e5487484c42954a0a52032d7
1f9da-1f3fc-200d-2642.png	assets/Man fairy/Medium-Light/3D/man_fairy_3d_medium-light.png	b378b3abbacb43d84e141d74f7a512a49a4cefde571925e412acd87f91db6d19	666e5fd05ff9d4a2855c7b3e72fb730e0a97926ef1e08c63db6542553f9d52f1
1f9da-1f3fd.png	assets/Person fairy/Medium/3D/person_fairy_3d_medium.png	f6b857958aba9c9f927c789f3feeb1240c6915c12ef8192e6ded931df2a537d1	f2c1892759648b2c01158faf393390de00d5f0282e45b005db73a9ca3be542e7
1f9da-1f3fd-200d-2640.png	assets/Woman fairy/Medium/3D/woman_fairy_3d_medium.png	8fa3cd88dfeb59d7faec637ea1224379384be8dcd905223d60956948c5fb3af4	7bba5f6d6b189559b50cf753d71fc10b8ad5749d70974f9bd132dc09eba88774
1f9da-1f3fd-200d-2642.png	assets/Man fairy/Medium/3D/man_fairy_3d_medium.png	efa87837a61ead8eed7c25bb8a2340c93d59fa2d303937c1599a56605df4e9c8	b7f2ccd2a36bccbc8b24660877f0aca95fb11eec0ec35d99293d0e58610fac88
1f9da-1f3fe.png	assets/Person fairy/Medium-Dark/3D/person_fairy_3d_medium-dark.png	4fb66b40c109c22f510531d55fb7c37dc6552c488344e2d3615e3a8452e22fe8	7a88d4bfac19ec626ffe29ea7be6b94da4a5ce2c62da3734da2a4f95e781e6f5
1f9da-1f3fe-200d-2640.png	assets/Woman fairy/Medium-Dark/3D/woman_fairy_3d_medium-dark.png	ecfe39e12ca0061d5346d4b8950567c91651b27561058b644da100ad5e4df7b5	389c81e34e7606f307d3767605500f7fea635d68777adfda8593c90fb64d3e9e
1f9da-1f3fe-200d-2642.png	assets/Man fairy/Medium-Dark/3D/man_fairy_3d_medium-dark.png	0839289cf046ae44cb57911ee64c3dd2eafcd5ec90afdafdd82bdf258023e5af	4472282f08c1afc42d05989d70ee45db4a18ccd0a402d6268b842e5974803a92
1f9da-1f3ff.png	assets/Person fairy/Dark/3D/person_fairy_3d_dark.png	a89ebe6db302169635a4a2683cf1c1a0287f84b9de9f580721505c51a7819872	c45873f318b1f59394bc7960ba14bc802c770164e6ba6b69b87f9ad91d17568e
1f9da-1f3ff-200d-2640.png	assets/Woman fairy/Dark/3D/woman_fairy_3d_dark.png	6b28eee63e48d66cdf46a51db0846d4cd644000502e473a2b56a02e4cc3e7c66	e224947708f704d9536f4098c8a429d7b8e2c80f0f4707403d984e906e973608
1f9da-1f3ff-200d-2642.png	assets/Man fairy/Dark/3D/man_fairy_3d_dark.png	31bf356311fe01c4a33b462b13d7f1082efdf0693b2e06053f5a7cfc388bd376	f542a853fb574f3b85170411c8b56c2672f9f756d9d1f99b7ee2cd587a529ee1
1f9da-200d-2640.png	assets/Woman fairy/Default/3D/woman_fairy_3d_default.png	218d9ccd227c4bd5fa68dff9b0ed98eb02ca19a57880dce56064e25b2dfc75f2	52228b735b304f086fe0b6f11976c8398db7f47f5637d042416cc7875ec2feb8
1f9da-200d-2642.png	assets/Man fairy/Default/3D/man_fairy_3d_default.png	426ba9865e8689746321ee18df865bd6a018790d1feb24197ee1234d7d851813	3443e09ae1124b5e43c4165a02ca1e7eb152805d7222e4acabf27457e2bdbeb4
1f9db.png	assets/Person vampire/Default/3D/person_vampire_3d_default.png	22d423d94de091665782a0258c5b9c5ee830ae8c1baf876f83a9eee0d60ef850	802b0adf2a5d23555755885b7d72c5fabbabd902246c2158c9384d0ab975b2d7
1f9db-1f3fb.png	assets/Person vampire/Light/3D/person_vampire_3d_light.png	46afcaf896420423d4bc023811e48a8918d9f9ef9c3648989404cf664b8839d4	edcc6a4f23e384a00a0fc5a09b0a1318c9e7cc2cd547947bd576b2647ee40f31
1f9db-1f3fb-200d-2640.png	assets/Woman vampire/Light/3D/woman_vampire_3d_light.png	2bd79a5d65442303525fb6d0c409d2fb694c91ad62c7f3b0c5a49897fa540394	350b6129d92215e6e704082999582e0eed322e87c62c1289a1abbe02ab69348d
1f9db-1f3fb-200d-2642.png	assets/Man vampire/Light/3D/man_vampire_3d_light.png	97aec355162c3b05c8a991e3ea216a64d00ba73e2ba07de4d9ebafbf3ffedfbd	06a3b6ef0219fc9bae0653c5fd1dbbd4f78c33e547b72f27d05637255a1cce70
1f9db-1f3fc.png	assets/Person vampire/Medium-Light/3D/person_vampire_3d_medium-light.png	4fc45a7fe574600a9fe75dc256f38711135458dedaf76938d23fd7a09ebc089a	0fca14bd3f9e37580e1d763c5d87cfa9a8033073167cc3a3bcb7da15eeadec9c
1f9db-1f3fc-200d-2640.png	assets/Woman vampire/Medium-Light/3D/woman_vampire_3d_medium-light.png	3c2439ec34ba14dbf14a505bf458aeab4df3fc3ff7da70899e72312202c74add	4feb80cd0ed909c3737d8fe9c2172e1b26673cb08a0586b600563b307be2d568
1f9db-1f3fc-200d-2642.png	assets/Man vampire/Medium-Light/3D/man_vampire_3d_medium-light.png	e43407c75e9bdd33cdfb148ed7ad5c6682a201d08177dcc4b3793f5f69f2e723	c8504908b1bfd51ee62c808d368589997f9c94a144d3b685ad00ace4899b5f70
1f9db-1f3fd.png	assets/Person vampire/Medium/3D/person_vampire_3d_medium.png	f588ea7b8749909c8f99ea6b16e89878a21e11f0fd598ff5223aaabf22f9d604	74deae67bdd35f5e5127f1f25ad2e8ae9529b8c9639e848590d380017fad2736
1f9db-1f3fd-200d-2640.png	assets/Woman vampire/Medium/3D/woman_vampire_3d_medium.png	ea03a683e3306de493039a1d9c62fca130e164f3d57a6408380c6668a0e7cd9f	0acf5a36744f0b44d3772e07f1a49b413e4f4228e41f378267f81453236f51b8
1f9db-1f3fd-200d-2642.png	assets/Man vampire/Medium/3D/man_vampire_3d_medium.png	46f8a9ec2c9dcc8e3fc210cb5c0f8efbe88043e63a5b234611e55ccde5313f45	ad52041fae9dbfc7eafcb3273127db895684c60abc893e27c1eace8cc5e541d6
1f9db-1f3fe.png	assets/Person vampire/Medium-Dark/3D/person_vampire_3d_medium-dark.png	5c0f5d2617e72d448bfd1201691728b8066c22dcb9243809c7b8a868c2b1dd7d	78baa12e8b298f42c28921ae0fed44a21144f71a8fdb1cbe6121bc487ee78a17
1f9db-1f3fe-200d-2640.png	assets/Woman vampire/Medium-Dark/3D/woman_vampire_3d_medium-dark.png	ced4d5d25db7fac5849dc4eb09a0a0012ee8a7267c0b41f3135635ea0af39c82	bc6e3f15bf98f10b40f462a8884ce316f62744bd7250b7ac45b325c0f1a35bde
1f9db-1f3fe-200d-2642.png	assets/Man vampire/Medium-Dark/3D/man_vampire_3d_medium-dark.png	81c172af1afe82a345d74dfd8d622711e2886b7f088c75b2fc1bf1f37feab42c	ff046bd70d9fd7daa0d6c289e396b94336488f9050ae43d0c0897759bd48e726
1f9db-1f3ff.png	assets/Person vampire/Dark/3D/person_vampire_3d_dark.png	b4a6e663a5172b21979901e2faab8f26840ffee7d1335c5a0f8d44e185c22204	cc27e1d12dae39562833b4838884c5a54bc8530789b06074dd164b8d2ab80305
1f9db-1f3ff-200d-2640.png	assets/Woman vampire/Dark/3D/woman_vampire_3d_dark.png	9d31db5963830e8e4211573743a42f463804b2325ba3aa2d3c0002700a85f2e2	c1fb7a8d4d19cca5cde060ba262bc037f141059e2473d2b35fad78a8913576d4
1f9db-1f3ff-200d-2642.png	assets/Man vampire/Dark/3D/man_vampire_3d_dark.png	384c92dd6f76b8f0c1dc44a7edd9796f922a073c98bafd8993dd708ddf5468bb	b39d5c1d983398b28c49602016292427c2ec17113b98191e93cc7f9b033106cc
1f9db-200d-2640.png	assets/Woman vampire/Default/3D/woman_vampire_3d_default.png	625dcf078c55526d78a96e268670e06ecfb204ac1e27811bff85853aa4d7f0f8	7b90b5dc1988f8215eec4e92568bd9ad40f6950a9f4bed4a0367532562cafb52
1f9db-200d-2642.png	assets/Man vampire/Default/3D/man_vampire_3d_default.png	1b3df18d2197a1d0ddac14c7bef1cc7ca5d6c952c4449935e7dd29e7bab49ca0	8f3adb02e3623fbd3e65ea424ba3277f914e487a971963f5283fc89cb7504316
1f9dc.png	assets/Person merpeople/Default/3D/person_merpeople_3d_default.png	cadb19db29e2d7c70a7559e733ff7b61a2d42a4a1d63ef0022b32582d3a9527b	82b924671ed56319d1634016e9fe2c51eda10bb516aea72a6aa091fb500288b9
1f9dc-1f3fb.png	assets/Person merpeople/Light/3D/person_merpeople_3d_light.png	6003e95df925e17bc36e677aeb63510401cf66ca9b6f3c7ad5eb2548ff66985a	d2e126a1099cc4cd66f18253bcb6bb156217e4532e13c244312fb2e9357b9ad0
1f9dc-1f3fb-200d-2640.png	assets/Woman merpeople/Light/3D/woman_merpeople_3d_light.png	af98a63e691067fc513b956c565447df479064a399e7a9189f1f7914fca8c8bd	102faa3e7794a39072763a8e123889b98b51eada8442d2e9d9cbb1c6a8f93cfd
1f9dc-1f3fb-200d-2642.png	assets/Man merpeople/Light/3D/man_merpeople_3d_light.png	d8a67085c4426b0bc095f0b3a9371e3fee2225fdd1c664c6ba8c618df0269bc6	1b4168620cdc255b162854517a7f4cf543ea6fb8eb3290eedbea3b23de43b04f
1f9dc-1f3fc.png	assets/Person merpeople/Medium-Light/3D/person_merpeople_3d_medium-light.png	c506c2c5a7d06f1a891bcb5f511c3d71f71e61c5fb0285b6911d476acd277417	b311c83147362f9801468db27b32a0ee8bc928aad3500f9866e85c1ce4d8cb42
1f9dc-1f3fc-200d-2640.png	assets/Woman merpeople/Medium-Light/3D/woman_merpeople_3d_medium-light.png	402df7b7784fadb82f9a440a047b73f663a74ebf73ce53696394480f5250c513	fa7de7b8b94f510736b8f6bb93c1dc9ad57437e296efb281e3d428e99ac80408
1f9dc-1f3fc-200d-2642.png	assets/Man merpeople/Medium-Light/3D/man_merpeople_3d_medium-light.png	9846971224d7ffc173ddb715ce848366471079c274eaae5cf6b4b5bf786390d0	3d3883145852f6c6eb1d751472b16b66a511119b8e078a464b21481de1e2ba1b
1f9dc-1f3fd.png	assets/Person merpeople/Medium/3D/person_merpeople_3d_medium.png	e3325fcf1c16702c53a00f1c7d44b4dff0281276c6c20db225c4f6c6f3e134df	e6656f27d89858c8acb2c0712ddd13b4d734eecb8965c8fae24ea3979a476a03
1f9dc-1f3fd-200d-2640.png	assets/Woman merpeople/Medium/3D/woman_merpeople_3d_medium.png	2df5d5f9ed0dfd7595dec2d62889ec2515ba08a47f177c2f93800a3e040c4392	87818d852398f4d13c207713c3410c68613aa1a66bfac84787d7f49e64ffd22a
1f9dc-1f3fd-200d-2642.png	assets/Man merpeople/Medium/3D/man_merpeople_3d_medium.png	fb33e477419881eee1b61d363ad5dc65dc0d656b9bcc24aaef050f780ae40410	58015214e431d898aaa7cc39054c23d48d97a2e903ca91bd001c0f9011a8eb8f
1f9dc-1f3fe.png	assets/Person merpeople/Medium-Dark/3D/person_merpeople_3d_medium-dark.png	18636c0bcd113e33a4024354da7b1cb0b78a58e5654abcfff3308059a7b1a18d	4d94997c6448557e97ca289677a7143237beac80464d9c481621a4abc1a58378
1f9dc-1f3fe-200d-2640.png	assets/Woman merpeople/Medium-Dark/3D/woman_merpeople_3d_medium-dark.png	599f86dfeb838c2830d216d6ed1d1431f8330b100da6cdf00e020e9b82fa1f8b	8f672f02a2f9753e3bb2b494e13873daa51676aef288cd694f7eb4a544ac909e
1f9dc-1f3fe-200d-2642.png	assets/Man merpeople/Medium-Dark/3D/man_merpeople_3d_medium-dark.png	036f8d9b4dd45b679e034ecb86cd5cafb60d37b6c113308607b0c158c3055859	c962577d0809e7da47d099ab55b9db7468530f0ce8bee1976d44941f75e25bdc
1f9dc-1f3ff.png	assets/Person merpeople/Dark/3D/person_merpeople_3d_dark.png	a0db154eed5ea11cc15d6ed5a74f5e6f0a4907ca25584e548ac8a58f2a96db4c	18995dad5594fd297db277fc848ccd9e3d906296d820329acf1bf7ddb6190d6d
1f9dc-1f3ff-200d-2640.png	assets/Woman merpeople/Dark/3D/woman_merpeople_3d_dark.png	169cebc0a23334130b57e74272563e46627bef06f2e636e63e961eaa5f0bb4dd	8200b580ee735e8aae7ca5a89e00fe4c943b61f89b14fd915c02c5e19993619a
1f9dc-1f3ff-200d-2642.png	assets/Man merpeople/Dark/3D/man_merpeople_3d_dark.png	ce97264b150306fbf0a22149231d4802a3c064f6064e4abba185c70d21022fc3	e8579986b8e5d9827c940047e8dd4b9067321865d18e8f6b9497d278ab746a1b
1f9dc-200d-2640.png	assets/Woman merpeople/Default/3D/woman_merpeople_3d_default.png	38964f99885750c46533218c90429a7b2dc728aaea9798ef6fd1038ca1d8e334	ce608da27a897c493685b0aac5c1b38ffcf48cbfe8cd8bebebf7ff519b7fc5d2
1f9dc-200d-2642.png	assets/Man merpeople/Default/3D/man_merpeople_3d_default.png	4200cbe5d063ce21f126f2a51cfcf61613033e34ea8fee4ed9069759d93ca0d6	3e6022596acc4d95595f6505b8cdbfc344948d828d37d82b4beba2544f8f146d
1f9dd.png	assets/Person elf/Default/3D/person_elf_3d_default.png	805c6e518b097553f483ee0429da61779600227fc5ec0d25e0125a56aa963315	b677ff24acdff397c5ebd70852d0f76b61d099042574d07a71f9033c9b15bce3
1f9dd-1f3fb.png	assets/Person elf/Light/3D/person_elf_3d_light.png	b1438ae4242424fc100724977d30c05b0ce363e007f2ed0c4f9919a0f1fad554	fb45a12732e584e1e93627ae87782fbd2b44a1ede245fe48d5ce780d912eb9d8
1f9dd-1f3fb-200d-2640.png	assets/Woman elf/Light/3D/woman_elf_3d_light.png	dc0c3d2649ef1ab4a8f4e40b18113a2b83686cc48ff5e255b9c799f9a1fea474	1ab870383f4eb185406f34acab0c3cdd299aac61b69014cbb5555537821ce345
1f9dd-1f3fb-200d-2642.png	assets/Man elf/Light/3D/man_elf_3d_light.png	db556cbd146a784e70b33ba2a8491f276bab9f6528dab127d693e11ae95c13bd	775d7c2cfce0ca334db8dcf87bc0408d9d10a1a54209c81d7cbcdd8375696d61
1f9dd-1f3fc.png	assets/Person elf/Medium-Light/3D/person_elf_3d_medium-light.png	9a51ef149b4d2d5f4c498b26a7e8087ed3d7201b88c3d997fbcd859b18f8fce0	49f8460a54f6cb0fe9861393791450d2d2627270364e7bf70f4cec16a6a449ca
1f9dd-1f3fc-200d-2640.png	assets/Woman elf/Medium-Light/3D/woman_elf_3d_medium-light.png	e6dcb45e4ba0d90ed377c5f0de7d8dedf6e01be2d77051daa70bea4d9631c601	0cbdec0cef52965462114bb091c1a9ef7d549dbead5eab896ad31745a0b68af4
1f9dd-1f3fc-200d-2642.png	assets/Man elf/Medium-Light/3D/man_elf_3d_medium-light.png	740eb00689635f54d587b6beb96e95120bf23fe9dfd61814c91e9da82f40c9a3	68e48ecb196865d5196b1e8272ec0b086a0858d129160b386f17cee1756330eb
1f9dd-1f3fd.png	assets/Person elf/Medium/3D/person_elf_3d_medium.png	a5e6db79eec9e985e238e5eb51412809339f9de8cbf720c7eb2ec9a7a2360e46	f1bf1245af54ccec495fbe790322725669988001e54ddc3753ff3e1be9cf69a2
1f9dd-1f3fd-200d-2640.png	assets/Woman elf/Medium/3D/woman_elf_3d_medium.png	e10cca2e51cc46833656c5ced35c77fc48ebdd359a5532d09094542cdc631547	cef1cf0c3b06391d5d0c9c16995bf58cefccac1771660e881eefe9d7ef4417f2
1f9dd-1f3fd-200d-2642.png	assets/Man elf/Medium/3D/man_elf_3d_medium.png	7fdc8b6715706861fe688f487e65172aa338960669f675ded3a2c1d2996cf691	4b14611bb54d7d7cdc99ab10ef8be1b6dfb9627b2849b174c4a4643d1abc3ccb
1f9dd-1f3fe.png	assets/Person elf/Medium-Dark/3D/person_elf_3d_medium-dark.png	797d06b0a64015f0ecca277d987ebba5b1202b3127b240db585eeb29f3c6112f	cb3305c800fe86e4cf2a7292d52f890a8049b62e85e3a1e09d5c7b29f4d36aa5
1f9dd-1f3fe-200d-2640.png	assets/Woman elf/Medium-Dark/3D/woman_elf_3d_medium-dark.png	29df3b577492cd3d413b29c7ba6663e6ccfedaf2bef356eed7bc30b045d7d39f	6bd1fe47bce0d92d596ae84f181d4a3606207163c9aaebe59da8b60ec7449d88
1f9dd-1f3fe-200d-2642.png	assets/Man elf/Medium-Dark/3D/man_elf_3d_medium-dark.png	176c88b366b55fabb8108adeb7cd85b5b56ed69151cbf19354b05a70facd4dc3	b179516e5e25746664fb7b98eca973e5f0962694b3de5e238aae655d070db7e7
1f9dd-1f3ff.png	assets/Person elf/Dark/3D/person_elf_3d_dark.png	78c8d26b35519653d41f1a9bb35b01da1e6cfbce356794092d7e7456c21c6c35	cd11710f4a48df9503fe439bec4265382e1adbd22243f892ca019644a7a89f3a
1f9dd-1f3ff-200d-2640.png	assets/Woman elf/Dark/3D/woman_elf_3d_dark.png	673e7fd0b32e49248b6e572f73cf14e17339cbbb45ec68bca979b7cc3373817a	e21cbb08b9fd0e3c17b3887e8aaf972f29d6d3882c06032ffd401abeff437f58
1f9dd-1f3ff-200d-2642.png	assets/Man elf/Dark/3D/man_elf_3d_dark.png	4f7e826cde71629620fc3ea70f9c526ce316ce32c84f979a42c9bdb063c1e4fc	feefec6c1fa823de1ecd450bfcd5afdf1caa57d2f833d7522c563affc1e60a11
1f9dd-200d-2640.png	assets/Woman elf/Default/3D/woman_elf_3d_default.png	b81dd4b2333a0e0c2970c2d0be8518b05c38df4ff1be65078333c7fbc1a6b65c	a6906db425530e3025c50c5e29bb53e10c4989e95c347edae324018c4a0c4f0e
1f9dd-200d-2642.png	assets/Man elf/Default/3D/man_elf_3d_default.png	10199aa7192d8a722610eda95a91eb27bdf6b35d930af2fb23f00b0b4778748b	912bce9be756abe3f62bffc63287bc8db10078f87888e517a074e06ca3693d45
1f9de.png	assets/Person genie/3D/person_genie_3d.png	5ecd1e1ffaa700d6f3e659904775cc5289d2ff67d7c3564a315d985a55a0c9b8	e7da89e2643ce070a3d8feb84c9df9bfe7467d1d77388079cd69caabbaedcb9e
1f9de-200d-2640.png	assets/Woman genie/3D/woman_genie_3d.png	684807ffaed6a367a091bbc457cfe6c15c68fb8cd9ff03aff3fd14b7c1b13813	63d9bdc464c2531c3dfe25de66620f5899bda76d2bd9264aae3994a6bfae2d9e
1f9de-200d-2642.png	assets/Man genie/3D/man_genie_3d.png	1114e42427719e89360180e25327d6607ee29638c27e325bbc0da51b743184d7	aa32cfa63bf2bbc70864eed8f38a44256b2b94ddeacc0071462dbb7578fb8367
1f9df.png	assets/Person zombie/3D/person_zombie_3d.png	d6729bf5aca1fe3d1b4e155173652a0258c447e51dc11c8f02a50418b3b01fab	6334bfa3c620e1096f46e2f15798372e8579c8b9a35cb0c0846de1ecb509f518
1f9df-200d-2640.png	assets/Woman zombie/3D/woman_zombie_3d.png	6eed6d3c4006f3cba1f09615099849f0e5f07155453fd7aab76fcaeff73b063a	375f40f8b9310468af0109518d906ca226a2d13bd95d00f8a884653b11f19b5b
1f9df-200d-2642.png	assets/Man zombie/3D/man_zombie_3d.png	73bd4b3a71ddb2c4b717beff8f3ec7dbbd9fcca2e553515043a5e52af1223db5	9ad7efb8633a558ebfb96d9719e115dafc6f49455c6a58443d9bcc18948637ee
1f9e0.png	assets/Brain/3D/brain_3d.png	37906c3f0b0495215df114d72565a389496dc4c5b2af02398abf9dc7dc5a2a43	6ee3cf078b8e11c28be99eba9fe938d78482ab46e785636af62f5e57dc08dd7a
1f9e1.png	assets/Orange heart/3D/orange_heart_3d.png	623c508a92d4651817462f6ae0374c4ec62c2a88779b9306a95d80883b5618da	6ab7b8711e2789bf15bc28a8b9d199f4679d07285a768f5914fb931a8fdff870
1f9e2.png	assets/Billed cap/3D/billed_cap_3d.png	c0bca67c099cd4199af0eeeebfae76721d96f84353b0020e9cd76438d6f69909	bf92530349b88e73d3a75b92aaa2f58347894521a90a8ec54c2e8e5bfb0bef5c
1f9e3.png	assets/Scarf/3D/scarf_3d.png	f04c375910a91e6c6108837b75b5b105225638324c2c922eaf43f1ba7701a626	9db4b01fb6e69bfd73fe6ecdae563d1096f05cf3f89111b3f4104723a231bef7
1f9e4.png	assets/Gloves/3D/gloves_3d.png	fe00785b8204bad28c84700d07cfec0f3946d9f9f12329519d8ca8308b06a368	4293dda4be17be87aeda8a2b68fc413b6eaaab7d417213db5273010e4d8d311d
1f9e5.png	assets/Coat/3D/coat_3d.png	36b2c4951a94dbe7a39b88bcceabcd925eec2b40ca65675f9897acc29980705b	71989f25d526452ce22197110c415b134a0e39a4da7fcac228f31202bc729b44
1f9e6.png	assets/Socks/3D/socks_3d.png	6087c12587efdc65ddb4906227f715facf881f1f3ba4167c812ed25ffcf2ab71	e54e11295b246020ea170b835b2475dccf43935f8c8ee789837e4f554171d528
1f9e7.png	assets/Red envelope/3D/red_envelope_3d.png	eda44cc0726ba1912ebb88e088421816d27d4adfa4065100d6b733c02f075580	f943e200f224c2482244d069b1747fc803b568ffaa11e0622301c4a478533bf5
1f9e8.png	assets/Firecracker/3D/firecracker_3d.png	99f51785cc3d2b0e2132554d029de8f2672b1374a38f99fab0c92fdf7cd6633e	784b390f26fb4307aa10be488bad8bf56da75ced230829186623660aabbf2d3e
1f9e9.png	assets/Puzzle piece/3D/puzzle_piece_3d.png	c0f47e02e87bd61118985d8ab7b5f40fe302c82e6bb7ae6a7b7add2eefc6de7a	78fa38485d74a437f52d446a680489abbbe7932cc4fddb60225419888e6feb15
1f9ea.png	assets/Test tube/3D/test_tube_3d.png	60dc2ba1c1dd275624dc27a1a63548af6264c4288733b838af46e1ee31233668	6f88f2bec5ec4a79ba856ce0467d38d94d6f9945ffecd7b718a0d40843b53ec8
1f9eb.png	assets/Petri dish/3D/petri_dish_3d.png	cb40354319f454f2b76a6dbe0086818a9494e19c1186fa6df33d5009040f05c7	1a8272a1e1881f4a22419383e084ebcde528e79a8616fec5263c06c81e9cfd05
1f9ec.png	assets/Dna/3D/dna_3d.png	eb499cb4fa5b560b1cd6379e79d9565a6e06b9033f96b4cdb835a9fc65db81e2	a2f82bc7e61cb4a6870a312f89368df8220e1ab5fc9057c19bc233d92e59ed1b
1f9ed.png	assets/Compass/3D/compass_3d.png	146e39368bbeb95049ca200ba6fca3ded48f0883bc042230d9fa1939b6aec2e7	e05d6c6ede7c130f98dc2a20da43c8f35517b7aaad10f1fc8976211aa571700f
1f9ee.png	assets/Abacus/3D/abacus_3d.png	85d0c6771052754de74aef75c4643daea9ad29150b7093d185425cb3c13abaf2	b4ab29bb3dd6928e28331b2d6244b3fe55eb4a7f7d6160199b461b2cdb306440
1f9ef.png	assets/Fire extinguisher/3D/fire_extinguisher_3d.png	ca0d694bdce71cbf3648c670c8d9d2c1dee97a66f66176404870223cba90011a	a25f5f23a59e16e69a120a576251dc974ae14ce6b1560c859d3f5875958987aa
1f9f0.png	assets/Toolbox/3D/toolbox_3d.png	904e3e9b5e16bfd6473ea1303ac6a60b2100ebb2078ccfcfe4ea7598bfd21052	238dfe1b5a5a09a59f266f17f3bcf0c64c0bcaa329481df7e74b0fbe62c9e5bf
1f9f1.png	assets/Brick/3D/brick_3d.png	9c4507e9ebfd7c81229591d4df499e7ab6159a4110cac4b88d26faba7f041784	36317d5a89d50af69b3590d97b0a2fbecb1fa4bc84c9c8d9c308b697af001e9e
1f9f2.png	assets/Magnet/3D/magnet_3d.png	56687f679214a76166acd38ce1431f3de003733f0e0c58a3a83cc2acf9c7f7cf	fd1d2b0d9de68a8eb42e6eca5616a4c737ba47192256dc7c7e29504ecc8997e0
1f9f3.png	assets/Luggage/3D/luggage_3d.png	4af3bc650c55c2f94a95146a7e92d2c5c969324fb4e19badf977f467a497856b	cb82a01c9ab273edbb690852d78fc74ab36e4f41c62d2986950e94978fafe025
1f9f4.png	assets/Lotion bottle/3D/lotion_bottle_3d.png	a065d7c9d54740af0e36614c88f193f82411fcfe595f41076238f89ccd5d1b1c	e52922b1e5719448f96c01eb43206fc5e681dfa00f2eb589116c062a2df891fb
1f9f5.png	assets/Thread/3D/thread_3d.png	0e8078e6b61605bd7aa94d827fccd3754375f0d52a6ca615ddc6e31db08b0452	9597c8fd9a48e470a30153548496a56debd65c4cefbaeaa249c6a9990b876eb2
1f9f6.png	assets/Yarn/3D/yarn_3d.png	6252c1b04da54a6251188818750938566639b6c178ad780264d79c2c71155f66	5566953d1d4230a116da7abdaa1b2941d44422cf2273737027bc32260d2fcab4
1f9f7.png	assets/Safety pin/3D/safety_pin_3d.png	5b448f2d746dc4096a6bbcbfecb2f194dff65229dcc9e5023a963339844cd9c3	571a21e053fdf3b39ddaf885f042d374ad239ff8324d4c050956c01366614e64
1f9f8.png	assets/Teddy bear/3D/teddy_bear_3d.png	149fc51d489ec22d2054576293a1135d5c86efcd7cbc262b55cdb94d569d0a23	ef4f0d4aab3a15a099ede11c59abb01ce2ad3dfb55acd961e4f21723aa7dad63
1f9f9.png	assets/Broom/3D/broom_3d.png	67676a5b71c3f30d5d4c249631b511f084c5423330ef200951f9d0a8dc832380	f23d43696df603887a68fbb0c16b0c4f240c2dea16c24b436cf3c3652316bad0
1f9fa.png	assets/Basket/3D/basket_3d.png	db6aa1804bc6315e7d663eff3f886bf863b4f3375fe030122c8b8375a89bb135	2403a4198cec495d4ca3d90cf9813845df87a9305ae90625d8cb87b3c3da03d8
1f9fb.png	assets/Roll of paper/3D/roll_of_paper_3d.png	84e90b74a8f7b422595fb93d0de8082bba5179838f2bf38029a42a1e32647fca	1bac51c086b8969cfbb4b6f90f284d9ea0e6ae2789f2a1682674418e49aee2c4
1f9fc.png	assets/Soap/3D/soap_3d.png	bbdb3c63535807bf09b134c71fc97c5ac1b652886d305b7539d4ea6715567a96	90bb36fb71b4665b1872f7df37eb204d1fd7e922364f8055ce937d233cba8907
1f9fd.png	assets/Sponge/3D/sponge_3d.png	a0f6188714d9200278f12b8db5e9a94dda05634e7c155bd73850f2997a3f605e	8abfe27541d58cca6f57fe94f3ec3b720405682561cd587acf6cb4d0fc39a96b
1f9fe.png	assets/Receipt/3D/receipt_3d.png	3a0d1b4ab48e5f181211f55d954de2e915db0a9749258c75cae8cff92f1983ba	b1ef85d5362c2f07498eeefbc749f3dc6a2a9f8e1caf035a6499c5af4c0c831b
1f9ff.png	assets/Nazar amulet/3D/nazar_amulet_3d.png	1654f37a310cfca41e01a968dcb9144aa7126dce54bc145d126bad50c2f3c5c9	21a753a9e5880bf1c53f24920f3d8a72d46831098eccde2508417b3d3e4ac101
1fa70.png	assets/Ballet shoes/3D/ballet_shoes_3d.png	150ee0a6b502b204510b899d3e01b8b0c818933d80981067b4b0cfdfb14f766c	0efa16d8395aeb5e66dbc3b71e5b8ed142336b158b339ef3dbade706c6704a88
1fa71.png	assets/One-piece swimsuit/3D/one-piece_swimsuit_3d.png	bfdab444449e4e4ffc4334bb75fceb9bee89d6ffc1ff48d37ded6cd598d9c576	ae0dba91791188bc4735bfc95140f185a06e4b4ec9d87844e559e28669a21b33
1fa72.png	assets/Briefs/3D/briefs_3d.png	0800d7feffd573009ddf26853dbf53dbc3f7a7ffd445f252d75884580761675d	9d9a76cdde60bba992e75bedbb8ca4885c88f29d37580857e4cdb8830dc7c797
1fa73.png	assets/Shorts/3D/shorts_3d.png	1f61c1a9862dd178c33da80f44b3ba6255e563e8bc1a476c64790359cfb707f6	5fee48ee7ded78e9b8400b376657814ca6a92d3c94673d6043bbdd5602203559
1fa74.png	assets/Thong sandal/3D/thong_sandal_3d.png	d0126a5da9841068859b539e96ffef0ba5bf54c93bc37c15475c9372281cfa18	0e877b5e58b0a8541094d24d65efdd27945017a347dfbfe8498835bf8e2905ba
1fa75.png	assets/Light blue heart/3D/light_blue_heart_3d.png	4c3dd1fde51caf47dc25a83e6806e582deda6fd9d8a12864a86d6abd9f56f26d	c32bb4c25b31338ce9ccd115a655ec4e72d136112f796fc2fc3da35947c7b54c
1fa76.png	assets/Grey heart/3D/grey_heart_3d.png	4e2c0596eb19c4b4f484497342ed7aad796775f373b4d0a837bf4128a86c365b	33bb2b6afa58e609f4f94185bc70ede079e16d788694ec8d563912139a0fd604
1fa77.png	assets/Pink heart/3D/pink_heart_3d.png	6c9e6e30fe05575a7ef1499429f829f2384fafdfb6cadf5106d6c1ca49a0e4f9	bff19d7ad0c9d499a285ade5c793568ea6a02185c69e53b0ca9ee85430f6688b
1fa78.png	assets/Drop of blood/3D/drop_of_blood_3d.png	687b9505d52f4c5ebed708f3c4a2d738850de426e007529b3ccd4a834cd235d8	b7baadb6c0f2031338029bc92c2c74ec0a6880b80fe9a1d448e60c3a2eff17c2
1fa79.png	assets/Adhesive bandage/3D/adhesive_bandage_3d.png	5bf39721690e65e542572f75eff00e79076437bd4aa3e188130c34aa3f7a2e22	04db61cbdfc6a6b6635b02b8b8a9bd6046648d0d1aa42a6e34b9e79da2fe6d04
1fa7a.png	assets/Stethoscope/3D/stethoscope_3d.png	5396b7ca1ffa1a040b260f2dc900fdfba087500ed2b51e8920ce45d745b5192e	bdc40d424966a277af7a16ed7537c9dfb56fb87a5fe961bde3bc0957c8add75b
1fa7b.png	assets/X-ray/3D/x-ray_3d.png	1c216f6c54cc0f8e26bc04a0ebafd21da48285e9eeb6987a4eb88693bc1c7c2e	5a5c3676fb711556d555398239cdf2746c09eae7d4ac58237f12ab49cc6469ff
1fa7c.png	assets/Crutch/3D/crutch_3d.png	4631ce80bff570a784942b47ebc9623831e8dfc2210081f62bf742e8958188af	c4272f337d3e94d15607a90a0fa3c729f40c1030581873e71f127564d0d0cb4b
1fa80.png	assets/Yo-yo/3D/yo-yo_3d.png	974e4d17241a6987774dac63f9fe4bf7635a8961ed078f433a68bdbe373a7894	c8346ffa20ea0d4cc8c6bbe0eb784e5d936f6bd7bb9548832cf8423a5cca31ec
1fa81.png	assets/Kite/3D/kite_3d.png	db6f1dd0e65c214c4708f8db14acc8cf4359752cdf0d6c07a436e82c477a0b61	438db726bed6b99c24a097b14571935fd8de5807999b3ae6024e278a685fe745
1fa82.png	assets/Parachute/3D/parachute_3d.png	d64449621789dfee77668354b04cec9ca2f58e9b400e57fff5a6861f9da5fe38	4b72a349fc506943749fe21faf64708953852fd30a8084b5df8c1492fabf5c69
1fa83.png	assets/Boomerang/3D/boomerang_3d.png	936febc3c504e36ab723cfc8f0e2f79ec04549aae8dac5bac6340233be366013	1518efd1be14f1bb53bb00a6f9709f0603af361dd1e662fc48b02880fe2a34fd
1fa84.png	assets/Magic wand/3D/magic_wand_3d.png	ba15c729deed09fc6d51114ab14356135e08e8562cb82d040dfe601594138308	fe2ea8402b329fcd45454bdab857e2b2ab2be3277e968536683a6e162182d3f7
1fa85.png	assets/Piñata/3D/piñata_3d.png	bc54a46b9f35f946625c460aa4fcc21b708f96791300ad14227d0fc6c2bcd0fd	f9803427f59af5c282a6c7a2e44b6f4345bb101c8beb60f5628017bd798043e8
1fa86.png	assets/Nesting dolls/3D/nesting_dolls_3d.png	550c40d4294d04f59da13af5103c07a9eafb208053510fffd8e680407eb684f7	b30d79044bb695346ea442077414509cf9c89dd52d7e1b2620905497d5644bae
1fa87.png	assets/Maracas/3D/maracas_3d.png	e60dc9bd658c36e0ecb96684f1eed8c0730bd2886484ecc839ce8805d3f1685b	bbcf92d8f14888bb176d9274989c46e7c742e59e381d65c1d261f5f60eed9e67
1fa88.png	assets/Flute/3D/flute_3d.png	8b7ab7ab9c6fa7410a4bafa4e19c1289ec6b3976982b4a23c681a7f780016cb2	732df83121fe89ca3d939dee9f33a982836d03ad7142024312d7cb66bccf1303
1fa90.png	assets/Ringed planet/3D/ringed_planet_3d.png	e810d03a3d347da5d0cf50cace209c413c963bae9a3c72d7e396ef858574087d	4c981722d72cdc0e68afaa14239c2f199935e1b3f407d3f67222e3e8b68098d7
1fa91.png	assets/Chair/3D/chair_3d.png	6e7dce648deb73ec3ee960a505ad6449fad5c5538808b2c3ffb73e053f0e5c2c	d48c68d28d72cca29880dcf56fe361eb1485252cd83ca03a61bffc944587446d
1fa92.png	assets/Razor/3D/razor_3d.png	1f96760ec1bb14b71afcdbc89100817dbe097be4b8f6db2ce82178a840c7552b	d2b7e45c3f090b726ce0b58f473d455b79f90b85540683ce40213064015a92fb
1fa93.png	assets/Axe/3D/axe_3d.png	c154d98003c6de6adf05d594e55e51051822b866135364969e8763e0b44a8caa	c33b38413e5ed1ec0ba9a325fbc4a069576c7ad0671055ac1ff1afa3a71bab83
1fa94.png	assets/Diya lamp/3D/diya_lamp_3d.png	f2f1ba4c484521c0907cbe866e775b58d1b1d26a4d48f42aa4f675ec93d2ebaa	fbf71f33b017c6b8d8a82027e3c5ea168093cbd47094e4760398d4dabec1e3d4
1fa95.png	assets/Banjo/3D/banjo_3d.png	42a4c222bd9285c95f64d8e477d0b23e4d04568406bd16d06a4e0c55f0498761	54b7fa204ed8e104ce744614a19fce9216550542629722ad8a096ee7232373fd
1fa96.png	assets/Military helmet/3D/military_helmet_3d.png	25b7b0dfa4f20dc59131d1611c2d52c89bee81c5286da4473484cfa1f4d2d6f1	1ccc6757163e5153acdec49973846511ee69520ad6b043a4b07ffaf03435e442
1fa97.png	assets/Accordion/3D/accordion_3d.png	a1a2e795ff74e91a5db764527eb9fc69a4f06c967d664b92a925021a370371bb	7623ff52c9e43bd093f12baafc24c34eb856a6270c7ea7140b0d28d982fff9be
1fa98.png	assets/Long drum/3D/long_drum_3d.png	b20f1e08920e8f19582a315f6ca62ef06f26d6a31c0fe8e5ebb05b186cad6e53	167e746afbc9de923a2878586532181cad8393b3b1d24786d7034fdb7daa8cfb
1fa99.png	assets/Coin/3D/coin_3d.png	17e2a0c226342fe2cdd2612c56f5dd188870d1435076f47600313c04876f843b	ab0d0831cb906924d2cf908e5a6d8fb224ff40611ff1860451839696df4cc315
1fa9a.png	assets/Carpentry saw/3D/carpentry_saw_3d.png	61a64f8bb4edb9d5d9b67f88ad79a8ddac9f1b9526ffdf313cff4b6666e158b3	c8dadf618d9283fd57184c67e32f7634824a45f1ddc0e8387ad974053c3363ff
1fa9b.png	assets/Screwdriver/3D/screwdriver_3d.png	a5e893dd6136905f96cb658edc6d73c413ad08b29ea7dccd15b9c5d5c5014f93	2c3ca87e5c5353f26742ae10fa648edf629573da688e300252a1c3e54e5a6370
1fa9c.png	assets/Ladder/3D/ladder_3d.png	2c418c0cdbbb6d5ad572f439b1bf27930b4923e53655734736e6ed831592dc0c	79050d857b129d6e691d0a0fc0b750b3df53da703863efb1e11ef72084e502b1
1fa9d.png	assets/Hook/3D/hook_3d.png	63a01aec0dc5713b6c0db080b928150d5945a660627eecc6f3cb81c4517ccc5e	c8e1d3d37e99136339b713c3d7644a021f3a76ea5c3d65e497474d687fed0de1
1fa9e.png	assets/Mirror/3D/mirror_3d.png	7d3522d8a521298bc218f106e92ca58c1241810e4d72dcd24e03cccefbf9ffd8	e3256bd8838a25024f27564590e999b5b66d5282f6ea21def3bae8fb5f6bf7e5
1fa9f.png	assets/Window/3D/window_3d.png	6826ed43d4c2ec8071f7384048eee5c0bc9080ee85f46947002681dc3eb225c4	dfe2bbae8295c73ea349cdb6030a9095578dd8eb3d908d763f800d24aa50f80c
1faa0.png	assets/Plunger/3D/plunger_3d.png	75bc539f582cfdc529620b4d5c7bf3fbaf2da999391c980d015ec983ba27513c	dea22829ea07a2b2ea992d9b24200b7e7270e16f7faf498408e56246e7468b55
1faa1.png	assets/Sewing needle/3D/sewing_needle_3d.png	e01095a58a462fb69f95b14a15fc177a259133b502fca29f6cd5ea821c3975e3	93eb59d07245e0aebe26696b5d8b911531bfe01821d80efe5f6cd31664e0bfee
1faa2.png	assets/Knot/3D/knot_3d.png	b0bd7a25df638e174f096db9f350989d3e1c85ccc6ed93feed1c19d3cc51244d	5a061df7dda296ace72518c2a0d250f846e408d56b5f909ea939f8b7a9339a97
1faa3.png	assets/Bucket/3D/bucket_3d.png	1669a18d8b50488a7fb3f3493efa47349d857e0466170e850e47a60402c456dd	e0544f74cc6e1e68137333c7305d520feeb6b9d6cdfc164eb26b42474fa046a5
1faa4.png	assets/Mouse trap/3D/mouse_trap_3d.png	40aba6a52d2cf72d808578a72db73935d7351b23d739e9df6445d389960419da	48558414ef07e239674b5024556d640a35b9beb85c139be3ea00b065b53b1322
1faa5.png	assets/Toothbrush/3D/toothbrush_3d.png	8e6a2aed26ed9f8265dde8cf739ae5d04de7dd9a71ab867c223749152cb80cfe	cf0a88e7607dcb8bd6c1e0ea3488734ceff96a18165ff895602f407aa2abb5dd
1faa6.png	assets/Headstone/3D/headstone_3d.png	046213feb4cc6fd06218095e0798d8b6171424b86fa7f818d369fa18e463549b	9d5d06c59bfc09b96d62931b0fa15b558fc84e6a632115e5836b0c8365405eed
1faa7.png	assets/Placard/3D/placard_3d.png	35d632272315a3b8506404c0a47ef51ae341217013e47974429605699f782d79	b7da54af23d9c795a58b2b6c34d82c2eb1fc2e0f5371f3dc8a364016eb576e47
1faa8.png	assets/Rock/3D/rock_3d.png	181290912d7daacb0922c2b822463ce0d54b7bc04981207372851bfc20fed39d	1b32131a97cfb6aefe3874a829c69395bc54af9f628c419ae959ba1c525682cd
1faa9.png	assets/Mirror ball/3D/mirror_ball_3d.png	128ceb2aee9555fd12ba2790f2f94d8ae89bd641fe6459857b9247bb6326fc77	50c3c6e844e99ba8363bb8fb0a42b083d0181f1972f16d6967820fa0d470735f
1faaa.png	assets/Identification card/3D/identification_card_3d.png	5a8ce65f80e7072b64fa70d8dd07c730d9e99c3d004d0644b76729fd2601ca89	e04cfc98ec96fa8f3a434cac824bddc904429f1f6c55ce8e0dd08db966ac6230
1faab.png	assets/Low battery/3D/low_battery_3d.png	cbe920327b94ea2484b869bb2aace1821f56d84c3b3e47589332d468039371ac	9188d0c1f4c4c3ae432f38ad9fb428371681a1e87c35757f9ca868147249517b
1faac.png	assets/Hamsa/3D/hamsa_3d.png	6cf730ffb3bf25d0844be09941c8559ce31779213ba95b1de7b3727410b3291c	b8a9a063c254464a93d367ff5f88048266df728b2c3875d76ee7a413b17f7165
1faad.png	assets/Folding hand fan/3D/folding_hand_fan_3d.png	5ea12b9a213d8c6d164dccb5787dcfa54530134dd9310ed88c3f9bc4db4abee1	c7a69266e54ae609b6788faf9de02dcc3d7cb616b0be121c951fe88b616ad72d
1faae.png	assets/Hair pick/3D/hair_pick_3d.png	9c9c36d70356eb6cfbd5d42c26684f8bad944709704503dc0324ad89912b3461	edc0194f3aaad2db1e0dceaa3bf22fee2019a0ef946c7cda01f70da2e6bf9bc6
1faaf.png	assets/Khanda/3D/khanda_3d.png	4c3b2654bdaabc947ed6d56e8a072ba9447713d78609d232bfe033eb2d5da3be	d6409e4e361fbb51ba862900a9865e4ac2e057a73632670a712327f9bf85411c
1fab0.png	assets/Fly/3D/fly_3d.png	09fbfb6a351713d3f43cbfbc17db852547dbe6fb8f2fc5e2313fc43e8bcfc33c	8f7892819a5b3a4ccb23d380665d66ca278ce0603a4a9cb29bdc23c724011a0d
1fab1.png	assets/Worm/3D/worm_3d.png	ed1e33aad76d037c3e866515f4383b6c7910a7de298074fd72aa9903aa85e52a	e2ef3abd6d0afbdf652afb3c1ea3c859dc7e6554e4a98ab68ad9a7e8a0382abc
1fab2.png	assets/Beetle/3D/beetle_3d.png	13c6d2f00417ed5b3dc9a0d232a823ec68c64f568c50dfdc1c70a51b7e9a2d67	280c503edbfcb84c4bc3891ea938b8ccb1bbf5ff0b849083043b14e243f0671c
1fab3.png	assets/Cockroach/3D/cockroach_3d.png	71db5e8b9c81fc88d2e920f1b10170b642acc4a937ea7d7734be4c85343bdfcb	e0afc1dfa1ce41c816ebe981534f7c3649b64c8ab463f708807726ece291c514
1fab4.png	assets/Potted plant/3D/potted_plant_3d.png	c7356d6e738b2267ba1c6eb862ed4d46ddea9f5e786e07eb129b0cf9ad4e7516	b1cb61466c6cf95ec012bdaa78abe8f098a9c90bb9fad247c73499ea71110fad
1fab5.png	assets/Wood/3D/wood_3d.png	bfe38852c43fcd51ffc06032141128c9a58402ac3e91fcd5115620e02c2de171	c648346b7db5f3aa911828820be6784448530b54f85e064b961fd3a7c1551d00
1fab6.png	assets/Feather/3D/feather_3d.png	44a0b99188849335acb97e852cc0983758ebcd32dd7ad2689e461248e9c302da	ad970e01f45b9d8383a5042af55cb52528369095153ea3a7f5985ee7b73d65ba
1fab7.png	assets/Lotus/3D/lotus_3d.png	68fa9716e5a993f9307637e5db422cd55392b35a4dd9be35242516858139470e	0c96f854338756e4c6e31f222aa46988accfe53105fcaf11c95071312678de26
1fab8.png	assets/Coral/3D/coral_3d.png	5155e159e72a019004966217eaba7849d0ef0be633827d60a47b658d235055a0	856419253b1905c6fa89db8b90a85109d2c046cd88ef8c03dfdd5f6340410332
1fab9.png	assets/Empty nest/3D/empty_nest_3d.png	afc612866dbcbc160622a9a18cd5b0bae8cd21bc8956293a4af6baeb252a253f	b6a206257c970829b3b967c0077303460d503815745bde8ee4aaa00b9ee456a1
1faba.png	assets/Nest with eggs/3D/nest_with_eggs_3d.png	09f20c346a77e8e780bc82448f3aec2e3132f8d93489965f4fe51d2af6dfdeec	00fdc81021b0b0ba9b892f10f2daca76a5a4a150eb5fab5b6152c0ceda97ec06
1fabb.png	assets/Hyacinth/3D/hyacinth_3d.png	7cec98489a2f3d5dfcc4499c3c3b4d6853b168f04840d878945bf02747014184	cea4525938b2873621472276e4c73733951fdeea0fb1fc785233130942e494f9
1fabc.png	assets/Jellyfish/3D/jellyfish_3d.png	b807bb54d0cffcf81ad27d8943fc03f2161e9359c7c24632c45fb24622a4962e	f77f662b51b6cfcf403efc1864d57a5ece75aaa1a2100cbfeaa98557b7b1239c
1fabd.png	assets/Wing/3D/wing_3d.png	f75d13f61877f053588b96c9a3d788074010e818a9a89c20f2e573ef6228b35a	248fbc5e0d6fd59d3d512a83f6c40b4b47617c028a7663efb88c4793ff1c408a
1fabf.png	assets/Goose/3D/goose_3d.png	d252877c8f1f41e47bc01a351df3430a08bdbdb53d79329638a2535531f14f8b	ac2b1b6e8930eb7e8852c3413fbe285503642fb7cdfd39a64f12686d1446d0f5
1fac0.png	assets/Anatomical heart/3D/anatomical_heart_3d.png	1858499a268e20a5466e341b08477d1420a0ae407a1f8a5fe5c0bc5ffaf7d92d	d376f852430522669d7e40b22efff2b870822d39716645015ba2e45729829b66
1fac1.png	assets/Lungs/3D/lungs_3d.png	6e419589aaf466b025c663b8beff38a44754052cc7bc7a1623d0a62b8eb34df2	51330dac8bd28a6a9304d4885b35ca479657b8b53662162144e81082ec6ad264
1fac2.png	assets/People hugging/3D/people_hugging_3d.png	6fa8b93833d8708195dc8e3dfc94c10c80ca838647e27deb0ed53e95e96ab844	4a518a09ed764d0748db683f92e04304866e569b871caa61d8b29ed0a5e22889
1fac3.png	assets/Pregnant man/Default/3D/pregnant_man_3d_default.png	38ed0d53f7a03e76946bdd98956adb2fcc2088fa4d59deaf2d1d5d367b8370be	a6b40f60ac3527c10229f6d8816ccc4a92794203bd776288fd4a9e4b004e4dea
1fac3-1f3fb.png	assets/Pregnant man/Light/3D/pregnant_man_3d_light.png	716bcdf36d4f1919123a69f4e9ba9ece4514a32465baff6e308be82bbcae0144	03bd716def3323a2a3d938001745d12bd24ad0aeaa54f58d3b8572aeb6ca7071
1fac3-1f3fc.png	assets/Pregnant man/Medium-Light/3D/pregnant_man_3d_medium-light.png	5c592781b0f7e5954b0078c7554df256b00f3eced63c9a9fdc0c66bcca746941	551ba7de0f85730b48959bd5940a53c4497ca9f822892da55b583b14cee89c92
1fac3-1f3fd.png	assets/Pregnant man/Medium/3D/pregnant_man_3d_medium.png	b699aacaa59b88d7346291bcb5a5973b2665b948d73e4d127e390f219a9d12df	78e6c7c4d53d676f51f7496be9d920dbeb061d9a9c098a63ba1a1419cee5f914
1fac3-1f3fe.png	assets/Pregnant man/Medium-Dark/3D/pregnant_man_3d_medium-dark.png	e4156b70cfea26c4298577b3dade403a7575013a4c47109a621e1edfc84acbe4	adb66a1dd1c4432887485dcf60e46ae62c4587b29ca8f315c140e202c4aa43a2
1fac3-1f3ff.png	assets/Pregnant man/Dark/3D/pregnant_man_3d_dark.png	26f3f4c9affa967df77f66096dc76cc62b70704da5adb7b908546fc196137699	650efed4f352d63bbda17e88e770fa24aa8042226a8c688a7ce65d33c0f82dba
1fac4.png	assets/Pregnant person/Default/3D/pregnant_person_3d_default.png	e932a499831d5569ba0040948acfd146ec2da110e2437db8c65c3bf106ed7ad6	374ab656197c48b661ee439a982d6bcff88ef3f8abe581ac6e138b0ab699b78d
1fac4-1f3fb.png	assets/Pregnant person/Light/3D/pregnant_person_3d_light.png	32d78c0191d9edf6742cba9616bd316477b3526a919a4c23e82b9e50d2db1e9c	8755fd2faaba96b747b9c9ca3ac4cd287863760aded0b6370ef2a1ee3c9f3386
1fac4-1f3fc.png	assets/Pregnant person/Medium-Light/3D/pregnant_person_3d_medium-light.png	247048c33a9b8c812e5f1eac610c46bbc59d909926e30f18a8c1cf5356174fa5	9f02c6108a979be1e193b227009375f3e4c93ffca4757776aad47f3e1de73df5
1fac4-1f3fd.png	assets/Pregnant person/Medium/3D/pregnant_person_3d_medium.png	40c964cf63b1f6d0b459739f8eb0c5c4dead6b2a2291fb1df96bf8f076db3b40	e9638b81fde1dc1d30f4c7ec6df75acc27e2d2a5cb730a234e0947146dda2faa
1fac4-1f3fe.png	assets/Pregnant person/Medium-Dark/3D/pregnant_person_3d_medium-dark.png	cdbd1dee1bcaae64f24fdbb1812a9a9a5c3f1142e808bc35de7c91456cff128f	0cdaa161d59eda83063b97388f8db4bd72254d0b430671e1634d77bb5aecc2ca
1fac4-1f3ff.png	assets/Pregnant person/Dark/3D/pregnant_person_3d_dark.png	90acb26076cd319fe82a40404d56330d30d219cd1ff55e93e29f8d6945815e0b	b058e52a603791fc2b9d7a230fe0352701c6126d11b81d4de4b81f469a59f2eb
1fac5.png	assets/Person with crown/Default/3D/person_with_crown_3d_default.png	47e952657ff3587a75dacc4442716adc1cce020d6ce279d6fafbed5347f8d579	9492b16774d16af4d19d1d9adcb03daa7e40d8ef1245d5080b29f7b365c283bf
1fac5-1f3fb.png	assets/Person with crown/Light/3D/person_with_crown_3d_light.png	9249ee9ad0c04202bd56948521c71f7fca6fdad772a58f90c32401a754eb3197	4eab6338f5e941c9c7d9e12137bbbc6bbe6750d8f8e8b8e8bf0a9394056a3e5e
1fac5-1f3fc.png	assets/Person with crown/Medium-Light/3D/person_with_crown_3d_medium-light.png	6ec109a8d90ea852b53c2e1f297d23003cf068b32622bcd644a189cdfcbdc071	bbc2b61cbf3e55e2f847f9c43afc3dd017361ef7f6fce20e190adbcb17189e60
1fac5-1f3fd.png	assets/Person with crown/Medium/3D/person_with_crown_3d_medium.png	63a5cbd521f81fe2a5158dd49ff9e1b4d4a83ff4109471cdef27a55efdf3f470	4562eaac536535c78ae81680064ad2a934546f88bf5fca069d5bea44398e3675
1fac5-1f3fe.png	assets/Person with crown/Medium-Dark/3D/person_with_crown_3d_medium-dark.png	e837265f65c0537d61a67263219706b3335e17934fc1ac3d51bae6ec1383165d	e5d8d9d694ab9b0f72df8927cf4c18aeaa5eddef4c3fd4bd2bfb4dca69464f8f
1fac5-1f3ff.png	assets/Person with crown/Dark/3D/person_with_crown_3d_dark.png	9e9138c5579e2e947b21de73e571f44c5252776f93f523bda24527fbef76e677	cdd4be312224a9680def48d15e408111137a4c29f6c70d7ef45e41e3a9c1b861
1face.png	assets/Moose/3D/moose_3d.png	8a4c2d87989e8fe3c8505d0ccb0cb93ea16c84163290677b3f53c720f4f06b22	c48d0e6b05e8b0bd344f57163ad760a50736816f97a59dfd922b1bc9b4d3092d
1facf.png	assets/Donkey/3D/donkey_3d.png	aa4ef18cdff6df9e9971ba3b4b4902db708adb2dda92b57e5e1b5e5414476508	8d5326a68654b6b9cc4cf457995988c892e93b1cf3f1dcbc794df098fb89672d
1fad0.png	assets/Blueberries/3D/blueberries_3d.png	8e640a8fd43c2054088d3588de1303dc792ca13f77c90387a98c2500a6e51497	874c9767f76c0c5da68726604450d9fbeb685824bc8fecb6bbaeffb5f26938b2
1fad1.png	assets/Bell pepper/3D/bell_pepper_3d.png	59535d7144cd2ef2f60f58f24181656abf3cc11807d4affa30f2db57f231ee72	6d62651e41ff7f42c06eeae04ccc3b5a04dec44882e04b6b3317510c7bf8375c
1fad2.png	assets/Olive/3D/olive_3d.png	21554473f6bd7b38011fc68e5f2bc8ab299fde6466faa06fb961bacf576d2792	2b56d6eed36eadec7721d72adb2ac7307788a2eede8e06c999834a943d72ec8d
1fad3.png	assets/Flatbread/3D/flatbread_3d.png	168762b1a2ddd08454f1431833e02b6a4e104b895866e8086f0615ee63c025f3	05172df0f917e8a0ac9bd82057a2dc18f9182f8f8a41521c2bbf9d4766d3381f
1fad4.png	assets/Tamale/3D/tamale_3d.png	d721f063263e217cbe9508ec2833b0bf2448aa452c536415e3b4a0b13635398a	1e3a4bb1e0bd4307924006f11deb6e61e719cced8fa918c982a8d2448806b644
1fad5.png	assets/Fondue/3D/fondue_3d.png	f4ff595e8a1eff2682cf9048606e36ecbec8dc1f96dfd3ad357df763f3a8bcb9	52df0a7d49d0fa33821b6bb757257a0b1a051bdb29a9ac5f596dfc8bffd7b676
1fad6.png	assets/Teapot/3D/teapot_3d.png	2784c6fdf222b0304e9a09bb7e53f9ec8183e7dcac58cbaf79b1cfbde1455d8d	5c74b8ad58bc1605395c5d3752be134831490af518d96c7e7c10818fd8f822d5
1fad7.png	assets/Pouring liquid/3D/pouring_liquid_3d.png	09d76585d31bc37fb5c36dc6b64c82bccd92bf32da26571825bac7360511d9b9	1085d5056663b07ee27e99252d7bf5fda0cebac2dc2f3869debf0f336cf4303c
1fad8.png	assets/Beans/3D/beans_3d.png	63511015219fdcad64c1df0e03d48c9ce6e19538029fb158669a829699416716	9030be3fa277e378a93e715f5d68ddb66e31996b5c4d5fb98306a773dc53c7e2
1fad9.png	assets/Jar/3D/jar_3d.png	b21208b7402603f4520ce8e188b369ccafa1b8a183d268d6b70dfcb447d326be	7efefb69e85307fa47c669485edc99a7364988231ccb1d5af4d94be9880b5fc0
1fada.png	assets/Ginger root/3D/ginger_root_3d.png	00a000283ebfcdab107ee848fb9cd41475e55a68407c2deccf3936f78bf805c3	9cf97b7e11e3418ebfbc621b4964e7bb34304d7a4910c96e098d06d3d6cb057b
1fadb.png	assets/Pea pod/3D/pea_pod_3d.png	b93f6c05d0db4b8d35ba2fd4d381506ecba5d154c5dd18f64efae5c8c067de43	8fd439c9f2b77cd7bbbe91a3f4b3d816fb044e42f12110936c6cbec5a3646ca9
1fae0.png	assets/Melting face/3D/melting_face_3d.png	39967c77e124e7f1e44043b3b98c634b2c09aca01b1cc5b52b7a6b563f7c99d8	a5b63e1e90d9a8cc591139a0e2d42a97706c03a187f99d1e31c4cb6dec6d0919
1fae1.png	assets/Saluting face/3D/saluting_face_3d.png	3a18f67e9cb6edaa18e9331451f9b93527aca574c52f9e6d896cce691e737b5a	759e76e0c6e0acf6f4b52a9e0737d45c3229dfea9b8aa76cff8e05e3258115cc
1fae2.png	assets/Face with open eyes and hand over mouth/3D/face_with_open_eyes_and_hand_over_mouth_3d.png	85d30dc2e232f14ec9fc09ca8d8c1639251ee40e1f61e9f9c3fc5319777f2b25	4054c646cbd5050c19746bb7f9b8afd600a5f23e61a77efd7de3d3ea69a60d90
1fae3.png	assets/Face with peeking eye/3D/face_with_peeking_eye_3d.png	f20bf09f252c389ba7908f26a2326e4f8a38ec4e58fb9d14bf5efb64191c0251	55d2a98ef65862780ca0b5936d54c8fdf4082d4e79c277a12b2bf1fe9b2de429
1fae4.png	assets/Face with diagonal mouth/3D/face_with_diagonal_mouth_3d.png	06c954ab00b6a8f976b3b2058690d0f662f7f942437f98d7236c8f0805d571fb	341a7d0c89bc601e1af7ea2833aa4f3ded55ab08bec11b75d1e14e75367a775d
1fae5.png	assets/Dotted line face/3D/dotted_line_face_3d.png	6fd65fa2d10a33b0ef46c79bd8188d69a3fe01537f77cd8cea2335f57f676f68	97784e4b9356359592ceccf19ad4f77295c07e93d3846494fedafe31a4a09aad
1fae6.png	assets/Biting lip/3D/biting_lip_3d.png	2a394ccf146464c0af05d3b984bb80e90f03c2db503f41291bb4c7814aebcb10	0dd7e6f357184c9c019a266e07971afcf83627dca273672d440e5b5840f4fd39
1fae7.png	assets/Bubbles/3D/bubbles_3d.png	3a1ce03e8f2b4056ca8447095cf77d3859460bc720a8e068b5c5679221da9435	dee52a2271f4c6887ca461a967295cd5fe9dd064f82eb75af985ba91f5014231
1fae8.png	assets/Shaking face/3D/shaking_face_3d.png	f38ccb804461865d5d935a2369118c4336b6675698f1d7dfc292fc42cccf97c1	403b0e310d681c94b3b773b485c2b7ced78d2be5dc7b3ee2bf5dfdaa11d793a6
1faf0.png	assets/Hand with index finger and thumb crossed/Default/3D/hand_with_index_finger_and_thumb_crossed_3d_default.png	c4d2388063ccb89d611cd6698292ea191a48b1a1296789d3c41c35b61773d1af	513f36e3e976a6ac32a51a5b41ae540e90145af7e8e75e80f7337f1a10e39cf5
1faf0-1f3fb.png	assets/Hand with index finger and thumb crossed/Light/3D/hand_with_index_finger_and_thumb_crossed_3d_light.png	5b47a5c646c5a9cf7ca1b1a3e1bbaa77b1ceb55fecc4d9c2af1ec9515e644bb8	825eefb48cd88ae679b5e63a1eebda8913e6fb3a097245d74673ce1d7d8e0b31
1faf0-1f3fc.png	assets/Hand with index finger and thumb crossed/Medium-Light/3D/hand_with_index_finger_and_thumb_crossed_3d_medium-light.png	1ab7e58aa75d40e374a0cb0d5d8f3abeb333f5b641df93ce7c3667fbe06f87ef	183bbe353a06a04a81e14d425200fce433e32147ef104063f522cd08cdbad089
1faf0-1f3fd.png	assets/Hand with index finger and thumb crossed/Medium/3D/hand_with_index_finger_and_thumb_crossed_3d_medium.png	2a3fe3cdb996c0d0a604f144bcd6a1f0ad3967a1571b04e7a6b481429ca833fa	a3225db4907b995c14e9ef36054e01c465effcdf8cde2d305949bdc3b662d3ac
1faf0-1f3fe.png	assets/Hand with index finger and thumb crossed/Medium-Dark/3D/hand_with_index_finger_and_thumb_crossed_3d_medium-dark.png	c5302c5a36024f6131028dcae7e97fe00f5f9f1645484af3abb282feb6eaad7e	ed76c079c9a1ccfbc508c3a25f2e5f341cba4d693a5923b991bae2619aef5b09
1faf0-1f3ff.png	assets/Hand with index finger and thumb crossed/Dark/3D/hand_with_index_finger_and_thumb_crossed_3d_dark.png	559de3b6fe5a57b2ef92097e62b1e5992608af1ad066e8ca9c893c11e05126e1	f2a6155d81e05fccb2c3385ebbab1b4bc0fdac757f55be1e46f6ba33f9a12c30
1faf1.png	assets/Rightwards hand/Default/3D/rightwards_hand_3d_default.png	ca3a3ea1f8a12d387844ce9f57f5160787b607d86985a27665fb556edc1c5c1b	99be84684c2cdda509e791023a90e363852ede01160b5af2f206eb659cff6d14
1faf1-1f3fb.png	assets/Rightwards hand/Light/3D/rightwards_hand_3d_light.png	10128fbb2d6550cd9c1a4da6dbfe675efc7f5a0db0a3a763529a19e39284b2ec	7557ef63098b7c6672c49cb94672a15ad03d1d2587782704168e02fb26ed6a9b
1faf1-1f3fc.png	assets/Rightwards hand/Medium-Light/3D/rightwards_hand_3d_medium-light.png	58c29ab562afcdfc3603231ac6b8644e58ff75f31264e7c9cf0838503ad702c8	b15052100e27724be675e71e5397029313513ef6d648559c9464e8992613beaa
1faf1-1f3fd.png	assets/Rightwards hand/Medium/3D/rightwards_hand_3d_medium.png	52c7acb830a187fcd35a8d6047dbabe5b86d1dea245a162e30e76ea25185b8d4	be70a69abb7803518af9c2f20630ac11241c53d1489ab62c5d579922dfae1d16
1faf1-1f3fe.png	assets/Rightwards hand/Medium-Dark/3D/rightwards_hand_3d_medium-dark.png	39d04c7197b8f9d765f6a8cf5a4b11907cf1d942d2c7ddfabf0a586e9b85a5ca	d878ca511d4a8064e09e131be5fef070e72d899e2d8545a3073c6d3b07baff30
1faf1-1f3ff.png	assets/Rightwards hand/Dark/3D/rightwards_hand_3d_dark.png	26439c0be3234f71c976647ad039efb2840af1cef0170b537dd01c36be9effb5	ac6e8572fe7bc7c70fec13f5fc852998f30524bee0b3abf296bd6fca3f17f48b
1faf2.png	assets/Leftwards hand/Default/3D/leftwards_hand_3d_default.png	19133ca915f66a6d0e2195dd285781270e0561be4f324c8f744984e6fb3de859	64af5771d0d3e787ee53377334a485cb4a33d3bafcb848168840b97d02604b46
1faf2-1f3fb.png	assets/Leftwards hand/Light/3D/leftwards_hand_3d_light.png	c1b43b53f077cf7010a70419f980a4d3f4d7a4667dec09f525c4f59f8a50c5fb	d026ba89f3c8c7b01d96749788eca8fabd8a8e208aab7e9dad4e14b4d8edd2b3
1faf2-1f3fc.png	assets/Leftwards hand/Medium-Light/3D/leftwards_hand_3d_medium-light.png	0ffb9950c8e1cfcabc9abde3e0d849845fdef560617ea872c859208eeb854637	71f5796a60f1285696aa92d7e4b19103207524e6f1a8bd86915e44a757c3a2f5
1faf2-1f3fd.png	assets/Leftwards hand/Medium/3D/leftwards_hand_3d_medium.png	f347c66fa4b86f2edb0cd0f99458e47224d06efc9b7d971715b6a3fff03a1cb1	6285b2a0b73b11db8e49e5d16dbacb76749801bacc754d9752331b9ee83abde7
1faf2-1f3fe.png	assets/Leftwards hand/Medium-Dark/3D/leftwards_hand_3d_medium-dark.png	d4ffd805f005a52c1a97ef717bb4c3fe44bf65a5c0e4ed8cfac8d4018b597ad2	5cbe897773fd20ab4cf91dda6fd591a6bdc10c97aaec96b2f54503b157a76f55
1faf2-1f3ff.png	assets/Leftwards hand/Dark/3D/leftwards_hand_3d_dark.png	54358616e20802ef7486bfc18a8c513047e963af05d5b0b55cf8d494fa66017b	c24162a4cb61b25a7e2a1583f812e7b1b5da66bf8952662adac0591bdd5dad99
1faf3.png	assets/Palm down hand/Default/3D/palm_down_hand_3d_default.png	d11cadf62b10725336c71864ea4138d6b29299ee0ae604f42d60bde1dbe5054a	23357e64d9950737ac727225ed1c6cd5bcf73cb17e4b0fc26114b0b8db46b60c
1faf3-1f3fb.png	assets/Palm down hand/Light/3D/palm_down_hand_3d_light.png	81d45429558c2e6fd75305bf31133f76b3853e2ab668debcca3a4f0a28c01aec	f163fc5f8705541fe067aefc86ea71c0af4ff1818b8137482a75f826282aeb51
1faf3-1f3fc.png	assets/Palm down hand/Medium-Light/3D/palm_down_hand_3d_medium-light.png	8b290a5d4fe5715c0461caa97c2138c36028d0579ed0eb3768770410a9d12dc7	ac22d012eeca2fea6132b64fb483355bf26b60bad1c2c766cbb030f415223d5d
1faf3-1f3fd.png	assets/Palm down hand/Medium/3D/palm_down_hand_3d_medium.png	d1a883d9d65ea10d8f48c7b191934d45dc6e4de8f9ce3a7132ac5eddd8148850	ee0d58bccae65daaa80b33dac9f4d8f38dbabc4919ab24d254cb841e1781eb0d
1faf3-1f3fe.png	assets/Palm down hand/Medium-Dark/3D/palm_down_hand_3d_medium-dark.png	d3c3e39956179531c29a7f1da6c31ef97fae78e8de747a71415bb86737edf4dc	5c79f3a0ce52676069cc20b27e069d64b2aad93d689ec215ec82f60de07c926a
1faf3-1f3ff.png	assets/Palm down hand/Dark/3D/palm_down_hand_3d_dark.png	eebad9a09771e127cf5ac4f25ecf6e96dd1f309aef7ada915747afd7050b4a5b	5d93fe23bee761c5f4d41af1b509bc051190a7cf570768997244dc319480f783
1faf4.png	assets/Palm up hand/Default/3D/palm_up_hand_3d_default.png	dbd4e90ddcbc64a6c0ab02b36d234c87f180efb52884648fc6bfcd5b60424aa5	6b568df6a8ff19825c30967fc27912462f9e90fd3d4a4077f5cf566bc171d4a3
1faf4-1f3fb.png	assets/Palm up hand/Light/3D/palm_up_hand_3d_light.png	c9dcfe9cd08e370b13aa46cc1f92c40d0a96fe43d8d3d88c54fb243a1c6f3b8f	5d8ada9bf5d12e56ccf587f7e37a9965684715365c3e7c3462a1cdecef467361
1faf4-1f3fc.png	assets/Palm up hand/Medium-Light/3D/palm_up_hand_3d_medium-light.png	33e2403380c5c52a3229a91fba5038b2e8cfdd7df48511d5b8ce6c1a02048de0	3b8cc699d8730db34c3a9c82ff8394e0a421d34d7cad14b97b77da1212cfd4ab
1faf4-1f3fd.png	assets/Palm up hand/Medium/3D/palm_up_hand_3d_medium.png	d994c5467063b532951a09b81ed8dd9e6e06c075b8ead12f99d4298a3291ca99	0dff13d498f5c0b20660f77e0a78b09bcb62e8ba3e47012a35955a44867a8c05
1faf4-1f3fe.png	assets/Palm up hand/Medium-Dark/3D/palm_up_hand_3d_medium-dark.png	afa4df559598e5cb72b4de4614600d00d39e31f020be3fc70fa59e2a6c833204	a31ff5e7318a779b7e1c18c7137679e1beb66bedc45aa685b965b05156d8f49f
1faf4-1f3ff.png	assets/Palm up hand/Dark/3D/palm_up_hand_3d_dark.png	95f2fd008e233d2033b02fb8016f51f545a8c5f3f1c0b7d96c237b1cce63e50b	87f167799e71952d776aba78fd0d0ffe0f42ae76d19c62d5782162ee46073680
1faf5.png	assets/Index pointing at the viewer/Default/3D/index_pointing_at_the_viewer_3d_default.png	c741fe2275779e04a68b61af0d5b8a639b1849e985f638c0a8a0985af0004f10	e4c34fdc46e05f93d899ca1dcfb73795c2c29db2b4ac32680f5c8e9d5d5e4e93
1faf5-1f3fb.png	assets/Index pointing at the viewer/Light/3D/index_pointing_at_the_viewer_3d_light.png	0b5dbf601148ac30294e4517b2e11046a182d87c1626909cf58b12c81ded93c5	4298683bdbf6f9e526f61109873525d1d58e55349bd1fef69e4e8f2a14688712
1faf5-1f3fc.png	assets/Index pointing at the viewer/Medium-Light/3D/index_pointing_at_the_viewer_3d_medium-light.png	c87263d519f8d52ed4ece9a212deb2b66261643b15e949f72b5cd07d47b78760	8d28fccb08ddc1ae22acc32cc34e9963adc515e9fd9b2560f17dad65fecc0d78
1faf5-1f3fd.png	assets/Index pointing at the viewer/Medium/3D/index_pointing_at_the_viewer_3d_medium.png	7b1d1ea54d9f5a3d63f0294ee76f86fbdc9329d669597fdf963dce6ba28ed2ab	780d0e69c7c16f7d785584dd49a8cb962e9148003f200ee243014bbabaca2842
1faf5-1f3fe.png	assets/Index pointing at the viewer/Medium-Dark/3D/index_pointing_at_the_viewer_3d_medium-dark.png	f520de64b1c6cbdb432fb1d7a9a8c372872e16731537b8794b31247239f02039	22dbe525f91e7d22a2ab581002db0bdbfa072bd2ccc5fa6698c130a8d5f439cb
1faf5-1f3ff.png	assets/Index pointing at the viewer/Dark/3D/index_pointing_at_the_viewer_3d_dark.png	55e05ee4b91295567986c19b4259e01c69420bd6c9ef8ca3f43a4aa56f9200dc	e853d003b95702c5f4548e3eb9a93d1bc1a35c0dc4003166d023fb7eb82824e1
1faf6.png	assets/Heart hands/Default/3D/heart_hands_3d_default.png	6bba515957b6068cff97b8ff99064694d4afb340b38795d782757373de868e22	253360c668cc3080c2a4ed5ad3635908591f9ab72e7fc8b1f6ba2ab29cd71042
1faf6-1f3fb.png	assets/Heart hands/Light/3D/heart_hands_3d_light.png	077327d4c7c7416eec7f3509ac5c345da48800d2e71f778942b840ef4c0fb821	b3661a366581b845340d66912fa43e20a5c098790194a00b9b1ac69aec0932ae
1faf6-1f3fc.png	assets/Heart hands/Medium-Light/3D/heart_hands_3d_medium-light.png	352536a4fd75994ec3dc4c07a5eaff750c1f7237ebe63cce29c2969a03830394	a43aa0066b087817f23f08d6483d1655bf889880115ac6af93202d6b5194d2cd
1faf6-1f3fd.png	assets/Heart hands/Medium/3D/heart_hands_3d_medium.png	b7601ec12a86f40ee356252a6d1988471aafa38d1f06b39f9f0f86340bdc22eb	01bccfd89c2043cb20cc73c65bef4c3304f6c77b0187eccf372dd3f262e8e59d
1faf6-1f3fe.png	assets/Heart hands/Medium-Dark/3D/heart_hands_3d_medium-dark.png	1021a7415459c0841f1edb3f7c3374bc657a1bd5de9159dd5d5d6d4a5b3d3039	a2c07e261b608d454792b3b08eb4c49957167412e314163debc078a26f7af7d8
1faf6-1f3ff.png	assets/Heart hands/Dark/3D/heart_hands_3d_dark.png	1dc1a33105a830d23ea908135c3493fd2c309d7f956892721cec5526d8560c29	ab1752698e210c84fc345707e309129d3134d532103348235a5b11141452f7cc
1faf7.png	assets/Leftwards pushing hand/Default/3D/leftwards_pushing_hand_3d_default.png	275357b73fbb04220266d59422ed95e79b4d82d6c84948d7220af37bf84e9393	a15699ae75d4c6068d82a839dc8b04ede7d5d37e54d5e4543c42b6d445277c1d
1faf7-1f3fb.png	assets/Leftwards pushing hand/Light/3D/leftwards_pushing_hand_3d_light.png	37971e4af439d3864767319afffd4b8ae1f1c341342a1c6c396c60be03791d9a	fd88993ba1216379be208fe329fd60750a8a2160ef1e90b11682d7478ebc6150
1faf7-1f3fc.png	assets/Leftwards pushing hand/Medium-Light/3D/leftwards_pushing_hand_3d_medium-light.png	48af4469569afcb56ff5eb33a137a681249459f837fc4dee5501f9a57811a2c0	8a2e1f67c3528a3962110b92caaada0548b33e49f7022ffb9776456a5e346783
1faf7-1f3fd.png	assets/Leftwards pushing hand/Medium/3D/leftwards_pushing_hand_3d_medium.png	01faf36a4455b623a35ea34b15bfd4713fc3819f25b184c8d4b831357592d15d	0f174f30a10861fb906e6cbf19cff12b82fe74a9123178be391bc5cbdd5c0509
1faf7-1f3fe.png	assets/Leftwards pushing hand/Medium-Dark/3D/leftwards_pushing_hand_3d_medium-dark.png	1293b0198d2aeca85293cfdba706aeece77aaaa6031f961fe3645b756dc01448	66398e98eea4eb43c85ad9804c6ed9d447ebbcc0d04f486c406e5bd82203817d
1faf7-1f3ff.png	assets/Leftwards pushing hand/Dark/3D/leftwards_pushing_hand_3d_dark.png	2b2cc09c1fedd6e225503c54074a49c34b590739b062bcd88627c0d1f093db21	4496fdb849e4caf407d078a72420e0ac455a1c4667d5852c988c7e02a4bd9ef6
1faf8.png	assets/Rightwards pushing hand/Default/3D/rightwards_pushing_hand_3d_default.png	96a4811d84b0b1dc72b8adc82b1e3df3cf27bf3898d7d0e68f96ef95a8b9cac2	536663e56871691eab2d99f9fbebb38e5936246f365dac5fb22ff7403ac1ebf9
1faf8-1f3fb.png	assets/Rightwards pushing hand/Light/3D/rightwards_pushing_hand_3d_light.png	52c612c27b3282901dea1c8b75f3eb57be250010b7bf4545782e8eb45199bd4d	cc8d4bb606263bafcc43bc8144ddbe9f94156bae38099daa86720475c9a6934f
1faf8-1f3fc.png	assets/Rightwards pushing hand/Medium-Light/3D/rightwards_pushing_hand_3d_medium-light.png	9a87296b940deddd8c1c2dbe2bf3d0e5bcc1baf2fc7294e3b76adc69edf5a7cc	6144f3a7c35d033f3e7737d6de06f6b4ce5e5698a34d97c1dfe2368948789b23
1faf8-1f3fd.png	assets/Rightwards pushing hand/Medium/3D/rightwards_pushing_hand_3d_medium.png	96a5292a3323679df25a1123418bb67aca2dce50ca83d9d95537aae9e71e55bf	db37528fdc700e1904b7afdfbc2639a4ce18d53deacfff153c75ead966ab20b1
1faf8-1f3fe.png	assets/Rightwards pushing hand/Medium-Dark/3D/rightwards_pushing_hand_3d_medium-dark.png	fb23ae8dffd19ab0400a26667ce6f15bbe6e3a43004dbc70ceaddc465a9afb6c	0dfa6338a5745f6d218f68ace89f842f25a82eab1d1c869ce7056907d7a26497
1faf8-1f3ff.png	assets/Rightwards pushing hand/Dark/3D/rightwards_pushing_hand_3d_dark.png	980bc4cd9df400c958c9888abd8a16a4b1dcdbbc47d376ea13cbf337466e0e57	794995e327f7fe613708d7a0d76408704850d12ceec8cf522a0f73241a41a80f
203c.png	assets/Double exclamation mark/3D/double_exclamation_mark_3d.png	144260091a4041a939bc579db61ca8d44f87c56ec03f28622071e8e8f323c91d	a191b55e1379e26956c536a3bbb1c4e6cd6c8ff81183edab8eca84fc2a5225be
2049.png	assets/Exclamation question mark/3D/exclamation_question_mark_3d.png	0b48b08570e8cc01c2ddadf848ba07f0a822b4cba33383673d95c772263ffde1	1430ed5e13b8886441ab60427a86df565a3e623dd2fec7b1303a94b67c19d298
2122.png	assets/Trade mark/3D/trade_mark_3d.png	b8c54f8c35e4c38b065f10f40b6f38fc9928195b8da62ac00f16f894e6fd617d	c4cacb1b5e96d941469b493da47f661f42b446ce4e3ec9f111bd4e4520436f65
2139.png	assets/Information/3D/information_3d.png	b3924702264b5959989cc1a8ab011c23748b682af85c566132e3d6b120c9b2b0	f2978e575ad7731e4dded827c6d88880564af227d55cfa89b730542585e4c2fb
2194.png	assets/Left-right arrow/3D/left-right_arrow_3d.png	6571a8bbdd050759c000895577e44f44ac2635507afb1fc1b9f465e39c6c8838	788899a8b17d7a554ad94c625cc3e048eb5ee35c1e107a94ed9e893b7a55bd16
2195.png	assets/Up-down arrow/3D/up-down_arrow_3d.png	c87a422da5106a1b9ac03f41ba681a7eea62f6f89765c44754f63b1f7411fc2b	dade6f86b76bb47486ac62b63a6e15d3ee337744592264118792dfa0cc07e4cd
2196.png	assets/Up-left arrow/3D/up-left_arrow_3d.png	76a50a3b9bf5f0c8f76970b1f33ca1940d80e9ceaa737df59e5fda55780e4ef2	fe80a161747253ce60d9e09d998cadc6e44bdbf0e475c9003156c40e56af61a3
2197.png	assets/Up-right arrow/3D/up-right_arrow_3d.png	d7791bf00e122c2d0d83efa7700857e04a75256658e393ef943bc8f00e795754	f3e4d582c9009a880f5b536538176d4cc3fd99554c30058e0600bf628a46872c
2198.png	assets/Down-right arrow/3D/down-right_arrow_3d.png	33e040ed2715c44fe82d73b4b1d188df8876841ff203742a29c7dc549384542e	f288d0511598d5b0a572611c75b930175951f973869f75c105bde4e218faa065
2199.png	assets/Down-left arrow/3D/down-left_arrow_3d.png	767ae1a8383bfee3553dfd03c16fceaab6dae89454c55d0da891c97494782496	60f424106e4695dea4c94518f923075e0821789aa0461d710941067442b686bc
21a9.png	assets/Right arrow curving left/3D/right_arrow_curving_left_3d.png	5ff5c1ecf975ebcd4111ee2ded16f587678265d4ebf12ce5be116df3e291ad9e	8fc6fc726bb400d064ea3872efa91e52f1c4fce3bb637b372e9c70bac048ab1a
21aa.png	assets/Left arrow curving right/3D/left_arrow_curving_right_3d.png	6d50405b2f439803e15a76469a4f7465c67b08f9c0262fd1b430e66c70d4c0dd	dcf805382e84703fcd9297198f3410d52b38d353e5f25f511572b7a64758cde9
23-20e3.png	assets/Keycap hashtag/3D/keycap_hashtag_3d.png	bbccaabf64e98f0cfb9f0d981565e23b5c42362911311db54ed9fa721838f914	093667d25e22fac644462254f3ebfba1bf833853fefdb0f238bdc8e1d11a1933
231a.png	assets/Watch/3D/watch_3d.png	0df0cdf7cd6675d1cc3f716a26a846fb646b300caeaa20b55337785b8c9c21b2	c848b56f6b4dd269f54545072dcc0afca13ec4502ac9ed9030346f480895c582
231b.png	assets/Hourglass done/3D/hourglass_done_3d.png	3b5e903ed916a692cdb7db131d43f6fc6040ea21303809fd1bfc148cf4af531a	eaf5a5b81ef2a2c8c6c1780fdc5acee180a8802e3714a8cc8b22e6babff1cb66
2328.png	assets/Keyboard/3D/keyboard_3d.png	448ea066381ca784676b617c9c76a3ea175e93a025d3b1103a685996496521c0	268613f0b3696a6a5ab3d02dbe3ea4c6b80e6bc9af66e66954079dc525079ec5
23cf.png	assets/Eject button/3D/eject_button_3d.png	c3efb3743790093be06720724754214d00dd2768736d77a8f1b9456b9ec0797f	af227ccfaa7141cb93963797da4fc9a1f1f33c028649b2381e005781c161e226
23e9.png	assets/Fast-forward button/3D/fast-forward_button_3d.png	9bcc5ecc301a33e51298dce7dcdb9082abb7c1abde73be96f9c4eb814e10150d	8702278cd8b4dfa9e111e83986455ae72ecd484609e2b85f77b890cfeffc8235
23ea.png	assets/Fast reverse button/3D/fast_reverse_button_3d.png	c92775949262e55b279a4c4c2a78bd5b19a8d3f4ae611a83d9928a202418f991	3c933f02d7ea45d6124f3bdbdf14405347a511c7d441c7b8800c668ece486e0e
23eb.png	assets/Fast up button/3D/fast_up_button_3d.png	89e6b500e698f223d567c950517d1b501c244a8bb652080d26dfa246597036df	7c8f8fa6d5a05e28ee745159ea4fb9176fd673a0c1cd98fef7de0a0b9d9eac06
23ec.png	assets/Fast down button/3D/fast_down_button_3d.png	df3fa4978618c66b3055a32ea8792516e709efee606adfc4a96cef0af639fcf0	7695885c71139b5892678fee563f7c2fb182e02a7b5f01d5e0978bb345390aea
23ed.png	assets/Next track button/3D/next_track_button_3d.png	3692a10626b576190da7b6c0ba3e115be86cb35e54e5d6c8522394ce641ddc69	620d68f051a66f23a2d3ae2c16761d6d0139389faea239cac7abd2dd9b16b8eb
23ee.png	assets/Last track button/3D/last_track_button_3d.png	9f38025edff73afd1e65bafff939a5b825226dc996bca0afe5984fd0d556e820	d11909d68dae96f800dc9b9d87a7a3759a7f9d1190ac0470c5c7da2ae70bd38b
23ef.png	assets/Play or pause button/3D/play_or_pause_button_3d.png	49101450a041dbb68543459caa998335b84d6d111623739dae9c0c55316acf52	b3b94f2665fc2ca892fc93bc44f9c4d35eb83d50cf86b1d7716406c468b8de8b
23f0.png	assets/Alarm clock/3D/alarm_clock_3d.png	1aa6929e1baa440db535fd321868dc76ddd888bf3e4f4333d37800ff2ec41c74	b26d0787e9a6edc388600967aa8dfc306c41b31af3f818f4f164fc129fc26b61
23f1.png	assets/Stopwatch/3D/stopwatch_3d.png	8dc8f855072855723fde9ef8d6ce5b25db19102222b4a838bceea1e442bd78cf	001797e83069ea566a01e4d67d6f1c3dc6eabafe8a51b62801afd875bce18089
23f2.png	assets/Timer clock/3D/timer_clock_3d.png	07c08d8c059a74799d7bece45ca4aef2e20c7dc8c794dae91d6a51a283ec4eb8	301a2422fea473830034d2497785cf9c28cc5a28c3834e2dcc6a9c84a57d2c71
23f3.png	assets/Hourglass not done/3D/hourglass_not_done_3d.png	ab4183328a0ec7a0440a6fb48113fdb9145f51235e960c7f17097ebb9f13af97	649c35b280df0e6efbeae8874c6a0eeee138bd057b617b0c046dc2c855298e89
23f8.png	assets/Pause button/3D/pause_button_3d.png	628ce66757a7567a3f16ff54793b83e06f4a34c56b9eba76b5d24dee2e9c2edc	d2eb2c8d99d86852fd36a458fdd06be9bd8ee0ad3c1a09b2137a89241aeccb16
23f9.png	assets/Stop button/3D/stop_button_3d.png	2cd7b470a4b03e9567f52a069539f2a07983e24a341175e369a5564c293d35ce	d7afba8d675db881c41481ecfda9eef4c90f35058a0007cc67bbfe5dd5ff8408
23fa.png	assets/Record button/3D/record_button_3d.png	7cdbe4cbc076c7ccc84354244658e5a59822a6f6c01b2aa830a3ac085f3450c1	c4c753002526f42e2472433caf0c140c03e086ea21e3d89bc4735e270e8473df
24c2.png	assets/Circled m/3D/circled_m_3d.png	edbfc4d1774cc2e583bfd1c2604d263d66469ab945929a3f8785d98797317907	4c0bc35f34066c33997136043c61f4bdb520effb212b2e19b20b9fa837137ed4
25aa.png	assets/Black small square/3D/black_small_square_3d.png	f430fd234bfa5481c8dedadbe11220d2c2b7dde772086e4bb89f846590ffbaf6	e89dbd95bb818f81671614e62c8f3be2f81ae8a76919022ddaceb88e44fbfe99
25ab.png	assets/White small square/3D/white_small_square_3d.png	5a2792f7c1c29134eae83c08a48a04f639bb13646c26919328fb4e4a44d33f5c	e9cb9d975efbe9acf3faa7e1ac07087a4bbb9cac9869af2ed1bb2eead48ef406
25b6.png	assets/Play button/3D/play_button_3d.png	0731d5e1ba56a3929bcd05526af88faa504440127e5f0d1d2956ebf7d2e4a114	8661d621c4838f7850b17f4db6e5710b24deea400ff40270b654f0c0d5fc68da
25c0.png	assets/Reverse button/3D/reverse_button_3d.png	dc6c831c0ab8b4ede04637262d4c3d19d08aee8c9b48f87fae57caad03a05452	e42dd8396acf722ca06dce43792fd81feac2e1125749c805560c26cb6eada27b
25fb.png	assets/White medium square/3D/white_medium_square_3d.png	67cc6a8afbb05a27d6915163dfbebd0c3edafd681f14eb4240f34eff53cd0dae	ffbd9bc21fcc9b724b84ee2469e78cf92c64c9044fcb09a1fb1cb818685d5a73
25fc.png	assets/Black medium square/3D/black_medium_square_3d.png	f775fda53ee2b94f6bf6d045d60f29fbcae5e6178ce5844b494531f4598e0fe0	a322c781c8564aec2355ba2110595fbe90fb6411d8d8d12cf481d311f1a82a29
25fd.png	assets/White medium-small square/3D/white_medium-small_square_3d.png	abd9a58a70c30a506183d27bbab05e4589f2ae3f06a562a43a2b487097739eee	548ed21f5bd012735fd47b287bb2e64ddc2d45a8af1b1819258f77d96ad36235
25fe.png	assets/Black medium-small square/3D/black_medium-small_square_3d.png	d25c43f245cbd1123b91ae8200cf704827fe2fb930659c04e8512f27d5362ac2	6b67f57f604a9cf7981573f9acc9e77a96da88dc834b7276e40a1f207799abb8
2600.png	assets/Sun/3D/sun_3d.png	c9bb15d03d4b1e6151d97e12119ac93bbd2bcb5e713a49c1fcfc11ece54caec1	28486041f44dd1f0e623efbf78183bd1f1b3e417c4e9b3a61ad3e27b06590e29
2601.png	assets/Cloud/3D/cloud_3d.png	a4d4629711661a80f6b6b0081c0f84e65352518b2bf23f4c1bec55e297a9fafc	d9cd9841eb5655b7300671cdd5b038a2d209525ba63481ea9b3f1f4a0f0e81e2
2602.png	assets/Umbrella/3D/umbrella_3d.png	2c5f9e611931a759211f0d1879a229f577936c5830ec88cbbc5626f3706e79a4	260e1df81f360d4d94c4aa0a7b31603ad4389b4cdce8d1740ffe360b84b11943
2603.png	assets/Snowman/3D/snowman_3d.png	a974301ed9abc99340d1b73331957ffda8e2ea78635ed540bc7020f14e26a678	0dd9d10cf5090c73385be581d3dc145c5b08bbd4161467dbe1ad48e998a83227
2604.png	assets/Comet/3D/comet_3d.png	542b2bcedfb07790ff373155f2655304fe72daa8cf92f7cb18f3a8210f51969d	69b22b0c172e156f125bd8e41331977c4738e050b6d7886d678bc5b8f2c82821
260e.png	assets/Telephone/3D/telephone_3d.png	b74cc6352ad309fb0a6148419d1d224f7c49ff68047d7a00bfc5ef76daeedc1e	2716cc91df406ef6679aed5c14a975fc4d7f0f26d6c7327dc42336a764138270
2611.png	assets/Check box with check/3D/check_box_with_check_3d.png	f471e406ca3b94ff1839c74eed328d592deafeb753fb71c733fbbc9cd1f240d9	a0b874eb8fcd9a45f421baeb12aef7e2ed4395d233e853303b7b668c0db61867
2614.png	assets/Umbrella with rain drops/3D/umbrella_with_rain_drops_3d.png	40310c005cf390796e3558d7d2a0758661cd1b4df9840a878fdbbaa4aeb68906	2f1ec280b076406751cb184468d0c43abd12c24ac4480226132cc079aa1ece4b
2615.png	assets/Hot beverage/3D/hot_beverage_3d.png	edeaa3fca5eace5f2546efcd3b3e42ef1fd389a0c51d374dbf7863731db8f314	e6036821b369590131e915c79010a9659f37cee18fc20e9f6cb17c88a2426113
2618.png	assets/Shamrock/3D/shamrock_3d.png	d407e7c2e5b9c3575bf12fc12a4a1eadb02423a810114efe5ff5d90787fb17c2	f2186ce4287f041b6c5518c4f528763041c6d08bbd876b43c1c99407a01399f3
261d.png	assets/Index pointing up/Default/3D/index_pointing_up_3d_default.png	01c60cb58d08f446877022f90c4083e8e8c651947db26ff7c35c218f1e54f0bb	e94fb532c304489d7e1f1973d01621d3d6bdd2d799b6f65cccef2ecdf816f3cc
261d-1f3fb.png	assets/Index pointing up/Light/3D/index_pointing_up_3d_light.png	4281077b250474b68605a04b9347a480e174d674950efbbddddd69e38ac0f5d4	ac6f0125a331b557745faced4d9e521fead3e21d30a7c3264bea3220c537c904
261d-1f3fc.png	assets/Index pointing up/Medium-Light/3D/index_pointing_up_3d_medium-light.png	776150b1e42a4ad3511fcea79634479f2ae78e67552a45b2328c8aba7f98f76c	544b4d6818553e37c64a18edf91ce2a2099944f809342e35d6a861301427c0d1
261d-1f3fd.png	assets/Index pointing up/Medium/3D/index_pointing_up_3d_medium.png	88f26436dfb51ac140c36ad7b004d0ccb133532569a17e3ab217f23bdb6b1782	464042e7cedfbc11dee58ec059bb623732e6de3d5afacfb66791e7d063b8bcd7
261d-1f3fe.png	assets/Index pointing up/Medium-Dark/3D/index_pointing_up_3d_medium-dark.png	a71a9d4e1993e8ae67dbe900ab322292b6149ab17e20115541a68c9f048638fa	963fa7eba4120a63ac58bb828c2f850469398a2435c0e17b2f1a413524fc6736
261d-1f3ff.png	assets/Index pointing up/Dark/3D/index_pointing_up_3d_dark.png	fcd7250942dbb3f35105c61a73893199f46e126eaf70bfe87e4f75863a22e45e	f9edf295398eb1872cd85c2555e55b6fe287b1655c3e1e8f1ee879435b95c751
2620.png	assets/Skull and crossbones/3D/skull_and_crossbones_3d.png	5d51febed5ac6967a3b69ad9d773e0975b51222486c224e603f95b3ce0777f87	05190d514c2477c02b4c1fcc860394eb5bd1b703a7401f1060b89a6b4a3f96e9
2622.png	assets/Radioactive/3D/radioactive_3d.png	3f8f14c6a7d2de3f28a1f11e21ddba1469d331af33dd0b046f5d2888ed25a943	c78237a53065057cb5fc2babe50866741dcff13776428ff446116b4702836183
2623.png	assets/Biohazard/3D/biohazard_3d.png	ac0ff3ff0ebac8a57923bde4f4c97e67082bca9898099e70282e7f5c6f190043	f43220d1cd04ab612430e3fd3fcd7e393c804bf20595be54bbc28d20f3e2c328
2626.png	assets/Orthodox cross/3D/orthodox_cross_3d.png	389a3c3b383e55fce13917ee219caff0698b85e7227ee43bfca59f2627a74359	10aa6e97d2eb1d43d2ca7a53a70814c4998858653288e9fb160c073b8ecca817
262a.png	assets/Star and crescent/3D/star_and_crescent_3d.png	a1e527a7fdccd7c71c78152dad21ec46c296756becdd22553c11ccd1ec28b4eb	6de0e81699e0040c3874f6dc9f5b9f4e5bffea6759727987ebf40c1466771af1
262e.png	assets/Peace symbol/3D/peace_symbol_3d.png	a5f453c9b8692b63733e82fa10b0de39de22691c2fb3e5a88a62bf22fd01a0d6	cebe6e8c2eee3b70babd520de99fc71b946357c8bd275e4619c80481a2bc4cf4
262f.png	assets/Yin yang/3D/yin_yang_3d.png	e71a1a2fcb0deb08c3ecd7f1633864797634378a5cc417a0cd04f5bc37974692	aeb4235da7034dcb64e8a9a6cb043db656341a0cd1f0e2dff2b37b3baaf19295
2638.png	assets/Wheel of dharma/3D/wheel_of_dharma_3d.png	f445ccab013005b5594a898df38aa2f4d9a4e50a7b26822f9e453b5de683a147	a1bc7864d2cb5a9ccc6f31550971e3b07cc6f20fc8513935c8942db13d361b09
2639.png	assets/Frowning face/3D/frowning_face_3d.png	bb198fd1ae3a9f0a69c31237b0d72818ec286c0d80b8c1fac5fdd3819d3479a3	b4d75a9100223752aba9c44f8dafbe0cad10d72c4852b3d5c8bee4fad9f3ad33
263a.png	assets/Smiling face/3D/smiling_face_3d.png	9f2604ccd3ae823c448fc8e5867c025fcb777a8528d127882725c9ccf568e6b3	8e4bb15a6071920cfd1e1ad9c85c9abc47b18e7cf6560e6f12f0d9fa38b0b812
2640.png	assets/Female sign/3D/female_sign_3d.png	319a20dd9a01a9f53e0e670165e4218985bd1eb6bcfc55efbbb1d32e06b6b9ac	9ecdcd2e4af627a75c3e69def363808960e7f698019158f986978cf0714c3808
2642.png	assets/Male sign/3D/male_sign_3d.png	d48a99c4ce0d4571f99bcdbe669235c0f1bb6dfd5312eb6fe8d9777510f7a1e2	ad0cf544431e1af36fc29f864f9f8e94d40ed92215efb6cbf399cf85e9385f09
2648.png	assets/Aries/3D/aries_3d.png	b012d573544be9128f0f96f05476c33d7fc717483e151ff5a55213e63add110b	68a26b56077147dd1e5ffeec533e1f83b09f11a11406dfa520ec40a8ecef795b
2649.png	assets/Taurus/3D/taurus_3d.png	5591651daa92a683007cdd2252926324717e508726953f6cb1d10be8a876b267	3b92f57ef215202ad5d53d046fd72ec4b78060fea65e36f405fab5b78e4ddfc6
264a.png	assets/Gemini/3D/gemini_3d.png	2e8751ce9ba5af4bd15463763aad65d7da396abdb2405bc183aa2b25c97f21cf	4d04f3800c357c2daaec9cfe61299ac3cb84881b8b3feee22a7f0ae04b83e88e
264b.png	assets/Cancer/3D/cancer_3d.png	51f26a279d926648c2acd989026b74f99d5a48675bb1d7e7b5ec31fa6737ca09	9b51919c489dd4b7aa1baacdcf4bdb558e6fc85946c6e309efea75a70d0a299b
264c.png	assets/Leo/3D/leo_3d.png	3f73a7e86e1f19c2434a4c907b619b53c51a5aeae20c18a6d7497c1f016d997d	f5befa415c6eba14c39361781eaeb293074fe64ad2b888b7450587b10a083608
264d.png	assets/Virgo/3D/virgo_3d.png	c039d98001706d646d41ace50a9cafdf4133efe29b6dbce21375466f10f3857e	a6e47baed7a0366cb6635248cfe9ad3ae9ab123f7940cdab26b0ca78ada327ad
264e.png	assets/Libra/3D/libra_3d.png	d543722478458cd26e88aeb9a12f471fea031cc646361bcca9b2881fdc4c84e1	b499514de6b35d98dd781b19c71a0a371bbafb5a8e846f8a57f53afbc310380d
264f.png	assets/Scorpio/3D/scorpio_3d.png	51eec68009828e09e01a26e57104edd72980c8bcb47ff1bf3608a89ddbbb4aff	868f1e723f790cea3e12c2998c61a62b0884ed638e0f039eb5c6a9335e843c37
2650.png	assets/Sagittarius/3D/sagittarius_3d.png	bb086b6213d10f174c6b3a9aae28a9d1610d2c2ed538889a662ebe81835871a8	ca23d88e4414d61330ead4794a4df18710db0da801650e24c1d0268995ed6286
2651.png	assets/Capricorn/3D/capricorn_3d.png	84946bb512eacfe6469ed0eadfd9f234c65ea4e3c87722d44fbd123e92e077ce	b6c717ae532f9a3047210c05db26d1849250e2c413af946faa795624456eb436
2652.png	assets/Aquarius/3D/aquarius_3d.png	07b6d99934c052f33155df826ee98cf0772e80c95427de6562ab8c5954790598	048908542017195f83b81ca3e89a067cb4b06e31c26816e211d4b9474f6c8d89
2653.png	assets/Pisces/3D/pisces_3d.png	6d85faf8249b15b8a2c2b2e11a9bf8c10365edd47155d5d294ed69812f194005	b7df35693c5415990106621d6bbe7b2412f0516c61a41c93a1fab63b04c60e44
265f.png	assets/Chess pawn/3D/chess_pawn_3d.png	d8790d1ca7b8766c739fcdadcc89a5621d2a7747f4ea1c920f39959437a4c92e	3e299450effec745d2c0410ed7ef3c1ae2001299c340f45e4b73a14f2845df1f
2660.png	assets/Spade suit/3D/spade_suit_3d.png	8475add4d43a53cf1ac16e1b4495a217c2c5e863b038903659082ff09730f94a	cfb4530d22b5ece2fa3d28f61575c950262418e7204d87906b2fc0cee8ef7839
2663.png	assets/Club suit/3D/club_suit_3d.png	fd7297450c4c935a02d748c68cdca1ccc665f09632e65112f366e99ed3d0e635	fb7d535a81dc818143f17c9c9a03e73966841f1fcf281c76713a0033ebb8a664
2665.png	assets/Heart suit/3D/heart_suit_3d.png	06285abaea2e055913841a92abc1be28aeef0c6afda480ce75a1f7938a2b2d65	1a93dd4f34f276fceead3ead3d778d0516cff69e13dcd67aa113c4383ca48310
2666.png	assets/Diamond suit/3D/diamond_suit_3d.png	fb7cf025d19ec668ae36440f441f983863323c608e821b76755b1147bdf6e1a2	1f0897bcd2c49ab1e4249f956d7005f14b938a3dca834a8d177793f590c20f62
2668.png	assets/Hot springs/3D/hot_springs_3d.png	13a7209973d24a63e7b9b3184e342b77a66924634603903235dd3f53fc45ca15	5bf3cc5a03447e8cc4b13892f38612388d678892b188319594748d456e35654e
267b.png	assets/Recycling symbol/3D/recycling_symbol_3d.png	9f19c694b396bece02d8bb763ed6ec7690a434f7214ccc4156332d34e1f52f4f	e29c9231dc23559d34e288406e6a6fb698ff16b85672a50699c3097e5f94fb6f
267e.png	assets/Infinity/3D/infinity_3d.png	3a66a3310ce3d37b87082576d64993dd8a3aec50eccccbe1f9134ccec69e850d	c86d0e1ebc9507a66da96d6284a08adfad13ec87c19e35d7bd604eb4663cbaad
267f.png	assets/Wheelchair symbol/3D/wheelchair_symbol_3d.png	a03f05c97b0c161e44df51d6ccc67a96a1a740f53d467473b541579a029cb1da	2c7594d4bd22baacb97fb843c0a6688dae92abc4bd323719fbe32b66b745b86b
2692.png	assets/Hammer and pick/3D/hammer_and_pick_3d.png	e253562c95df27bfd0cfaa108637fdf6c4aa1e7d10cdfcc728c7fbe4cec3dbf8	39d7f48251f23648d1300c6bc153d1c6c0278516ef398e88f109baaff4acd352
2693.png	assets/Anchor/3D/anchor_3d.png	79aeab71fca9cf6d4ce367ac3e1bb21a653204c22e1e3b415899124241bf2977	79571c4fd10b36bfab6a68dfefce91273a013db799940447475fd2108607f380
2694.png	assets/Crossed swords/3D/crossed_swords_3d.png	342d82ff21f3799ae05ef9f6cc33862cd72432063e072ec900c8d58013ea96a0	cdca8a640f6cd6ac8c059a7f07adb4db6f6c0bf7380562fc61c8119113d5f50c
2695.png	assets/Medical symbol/3D/medical_symbol_3d.png	86a74b30437711edbf4ce116d9583538cafa2c5cda5b0228a0da76b5760b48da	2582182f247a12aa317ed42b8f25804a5fbe38cef7a6395abc193cc5e88ff9f4
2696.png	assets/Balance scale/3D/balance_scale_3d.png	442cfa3f13a9052484475e388e021f248fc39d20a8a7f36b30ea70adcad0d217	6dc014d0b4f5e3a6800d00ca0aa8d208e5c4f58da64d9f0d47972424d24dda0f
2697.png	assets/Alembic/3D/alembic_3d.png	03d4976535281a6be9af81f568566e5fe895dd6c45dde8bd0524a5426f8ded22	6c460d776eb41c1c12a1f72ed0c9ba961d878f1eaabe6d16ab734a69ef8a7ed8
2699.png	assets/Gear/3D/gear_3d.png	415296d4fadabc2e0f6593143ea632948fef20a1cd73fbbc3dbda571f0421988	37c53917977df70023899574a2c4aed0c3bfbc10f71ad5dfd4dac72b620651d8
269b.png	assets/Atom symbol/3D/atom_symbol_3d.png	cdb22cc040297b7f61d4b6d5934dec110fa912391159532eea22f22597de38b2	9436ad07e4bcdbd048df8be05983920405739e33cc7770dcabf531320ab4f394
269c.png	assets/Fleur-de-lis/3D/fleur-de-lis_3d.png	b68e7ec320be9859c0ad78f3b3aced1dfa8a1ab52f42d54cd1d74c9b7aa65b03	8928038b255b33a1ac89014f17cb1070f7176fca8957bd7596a8b392b1d5fcc9
26a0.png	assets/Warning/3D/warning_3d.png	318f534c5d93100443f6e48defc47d76140473d797087af5821587f0feb8003c	0ef28bf8ec2125f627ba77687f833946c81ebfbd5594198f0998af26343df9f7
26a1.png	assets/High voltage/3D/high_voltage_3d.png	f8f9d3ed8a6f350f1e3f009fb8b3f3bcc20276c008b2ce391bef057ea062ca71	f2ca29c8404b17ebc343e91b499b6361c5c78efe13b726673dfb903953b7d030
26a7.png	assets/Transgender symbol/3D/transgender_symbol_3d.png	2276ba3edd1bf85179ce4ca8c8bd8a903d57f692ec5d0c463ab501123acdd510	8e254649cc5e91400e7f48f19e87b70d9477d27f2428432c5b823c29dcc91f43
26aa.png	assets/White circle/3D/white_circle_3d.png	7789fbff029182d5a8b311453b8de9a04d582057e9a464750ad4f2f28d9dab60	818b833491fd4ad2354073726a5229ee954ba18c5a9476d7c00baaf1bd218153
26ab.png	assets/Black circle/3D/black_circle_3d.png	784da1594a382dfb7c6fa708e257506eb0cc78423be5a55aad2200817a0f0737	3a01abb276f5f98bf14503255fd0f7eb79b10fa8bc5e25a03bfb937ffbf025ef
26b0.png	assets/Coffin/3D/coffin_3d.png	9c763e492521f4bd96cbb9621547f80a0265f8b33c59800f80aa881ad47a5a36	a94a60bec4bda6493f2ed3e1671dbe8a6f1420181fe32c61b71b9cac366fa1f4
26b1.png	assets/Funeral urn/3D/funeral_urn_3d.png	6e28cec3031e6b47acd48875781cb598a95b4beb3827ae6f9edc828007f07473	314590c33a3f5dd0243a4c23efcdd8b19c7873c199e2a7e7cc7599a4fbf999f0
26bd.png	assets/Soccer ball/3D/soccer_ball_3d.png	bf8597110e987c13b8a3ac0c317d6903cef29499faa04de695b5fc37dbb5a053	1599b4ba75f810c062bdd5f2790d20f7e398a88de58584d173f9e168856e384d
26be.png	assets/Baseball/3D/baseball_3d.png	08ddebb4406f2c243449b344f3e511b0077143e96f3c4d0eff619bf11de7123d	6cf28c3ffa184f478bda2e7581329cb869fff7a8bc360e91d7f934b11c6ee3de
26c4.png	assets/Snowman without snow/3D/snowman_without_snow_3d.png	97636c1aac3328fb9e7f79db75fa22eda0866975ae948c04be9e9c3cd308c4ce	d550a51599990cd11f3db248c16cfd1a0359a2721a7e40323d2d8a7b9b2bc751
26c5.png	assets/Sun behind cloud/3D/sun_behind_cloud_3d.png	d4972a180706ee21ad82b903c394c2eae536b72ddd78e80599cbb790570f2c58	3922ee58624304e0d624f6f995253b60f1987c6ca417230d1dfbf7fa9deb64e8
26c8.png	assets/Cloud with lightning and rain/3D/cloud_with_lightning_and_rain_3d.png	ed1f207db4824e666055faba6461900d24300332926d72379a53f7d904a2cfbe	12a0bf4aa8752f660a18bdfb7854f15355d31af393b15e3264770607fdaeef03
26ce.png	assets/Ophiuchus/3D/ophiuchus_3d.png	a4c9d871dce284b2c285f3d98da9914407ebf8e0b585b9340850ea4b2fdcf23b	3f262391b8e8ab90b91f53db237ad00e3d4d8ad53e82ce60b3264e091bb205b1
26cf.png	assets/Pick/3D/pick_3d.png	0416fc20162c1e3b05e1a1e57fd1b880d8d16b0259df517174372a64051b0ff6	3cbe6ff6b7de04d1e5ae404d40b43920b7ec9e93ac8b44da91e7aade1cb85e6a
26d1.png	assets/Rescue workers helmet/3D/rescue_workers_helmet_3d.png	c5cf179b0b3aec74b936505f2ab08b0aaef307c789da8caf774e854f4e024db6	4cd9ffd0ddebd73189f55d73c47c7cb705212a66dc23fa648a627555493688f3
26d3.png	assets/Chains/3D/chains_3d.png	ade8cd15a77f46771cabb0ed2e96398126dc4509de1cde0ebcff477df9b76626	4debc6e9943893c3add0e581e619ea3dc9333ae7ac85fc61b4922fbca4e82003
26d3-200d-1f4a5.png	assets/Broken chain/3D/broken_chain_3d.png	2e8cdb7f2da06209b1256194c2590e0dbe825cea6b841eeaf150bea3de08c98a	230b50b5c5cf6c56606a28334207b93d9e0c0f3eb199aa0693968ed3e6896bfd
26d4.png	assets/No entry/3D/no_entry_3d.png	dc34988e83af66a6c9485d3bc64975908da6c857c73261e7bca125acc1e31198	0fab80fca448f1b586ad699d4a4a4fb9961fdfb6ae24ac3b98a4378d6fba7672
26e9.png	assets/Shinto shrine/3D/shinto_shrine_3d.png	e243e1164e1601513a871f4a9319cd5a7015c593180a792e3a440b419d8a383c	c6f3b6968557da07bb80c8306788f1a541522ee03bdeb8dd43aae3994dc62c14
26ea.png	assets/Church/3D/church_3d.png	7a9502c1f7570dc6dfcffade968f9ffbf097dac59c5ca4a81614c6d2fcdfd297	1eee3318470176f9a39c0e314e17d4a7fbee9421f048ff1d824bb7569171f1e4
26f0.png	assets/Mountain/3D/mountain_3d.png	1ad6bb64d9596690fa8074d5abd9175c8e3d6111d44344101bf03f7f763c536a	6409c9a74d56fcf63defaa21093d7396c3af23b3e29f2ae9813f8949d5b973dc
26f1.png	assets/Umbrella on ground/3D/umbrella_on_ground_3d.png	b6174d1cfb770fd4986c857d22a067f0f2adba9fd059807fe4aa89eb53ed2f91	1e0fad3590efd240e5dbcf10f469a190351d8e67ca61707b0c983ff0cb4c3e71
26f2.png	assets/Fountain/3D/fountain_3d.png	9a613229a07f66effc8a32d950b9c02cdf063e7a67d9b011caf642e24166fc6c	ab674cacb79d605867af765b8ee7c0096525569e634fed9a5c25fb05fa37d616
26f3.png	assets/Flag in hole/3D/flag_in_hole_3d.png	92a644f41d5f4c1f75d774724028d0ffab82bc28b92d9ddf83fd4e7b0e405069	24a4d85ab7da7b1967e0d03db51085e47ea8e17442de152f431a8d54f3d5797c
26f4.png	assets/Ferry/3D/ferry_3d.png	72ce4a329fa167e4822593f747631ca2bb0c17aa1c0f128e7727df40187b351a	ad2e76723ba30df65c289abbdd2f4dfa47eacbcbf7dbf57e22cfc723afad20c8
26f5.png	assets/Sailboat/3D/sailboat_3d.png	afac9f137599084a542bb68f11a7c56af4adc479ff2326b1184a0ea1af38276d	21f92e88ac416b5c1e17b15e8b068719c53b1271b1c0152e478ffaab66f8cfc3
26f7.png	assets/Skier/3D/skier_3d.png	fcf73f11b9a56f40d6595dee7926e9f18fdcebbea06800911336244ba850a144	45fd5d087ab233d285158982e407cd5763e564d913f0409bcc07a5f4d5f74f0b
26f8.png	assets/Ice skate/3D/ice_skate_3d.png	c87f5670c8e3c9c11afcfbb984b4018a1cf46fdda8299bbea2844b4a5b205cad	f7c96530559178dc163b5247c15d4be7f105d8f343f1dbb2b37fd5cde3149e60
26f9.png	assets/Person bouncing ball/Default/3D/person_bouncing_ball_3d_default.png	08c068617c508806e6edb50c403ca4356a9073374ee462a8682f52a4c617d36c	b57d9450b5be7e2d0c51e294d638ffd3a8caa9ea47b541fcd043e4103f58a232
26f9-1f3fb.png	assets/Person bouncing ball/Light/3D/person_bouncing_ball_3d_light.png	945b41a1db218ee679c5998c122a7627f00b25dd93166e30ae94cc26b40e4392	78c76b3e182e883b4f6e9222b63088792cc6641d3d29a521fa9cc643561675ea
26f9-1f3fb-200d-2640.png	assets/Woman bouncing ball/Light/3D/woman_bouncing_ball_3d_light.png	506e09f6446c770fde15a230924d6c126ef729b202256e74e5eaf51548babdbb	fb8bade7d663b78b2c49a2cbbaab30bab8280265f73a2c613bd4fc629fb060dc
26f9-1f3fb-200d-2642.png	assets/Man bouncing ball/Light/3D/man_bouncing_ball_3d_light.png	21429e30664075e1198d51213801e275a8febba3f1a513df4d7ab5c3a086075c	d8800d4e26cdf5f439b31fd6b8fc55939fa65e2729990138dc27bd007d8ad24c
26f9-1f3fc.png	assets/Person bouncing ball/Medium-Light/3D/person_bouncing_ball_3d_medium-light.png	59482a8e606be7b3699f7925eac280c7064c4b37991dbd9cf4f3104287300de3	437bf63b99b6cf9e1b15e151740c0bf44b05ad8255e13d2c7651222e1c0d384e
26f9-1f3fc-200d-2640.png	assets/Woman bouncing ball/Medium-Light/3D/woman_bouncing_ball_3d_medium-light.png	fffa8bed98c4a6a4ab42a9a6cd3bb4f5ea3201ce294bfa6d55fc8a089ec45a60	f509b64b34e93075bc71940391911e29bc2e87dfb4b28eeae4c65aeaf0e94b52
26f9-1f3fc-200d-2642.png	assets/Man bouncing ball/Medium-Light/3D/man_bouncing_ball_3d_medium-light.png	b00358d5a34146bf2c5ef6ffbd804c1cdb50e624261086737ae46630a493acd4	7b8ef7d47f14a239734c330d409a688b5028cab08c1110db307ed7de47686a92
26f9-1f3fd.png	assets/Person bouncing ball/Medium/3D/person_bouncing_ball_3d_medium.png	c62c55b6cd254568942d289826c2f086fca9c26b5c0cdc1e3d5b57298e1c0411	407e70fa342723c8b92a42ff15ffcee4843878a5e86d6e0c1e27e0a3ff99871d
26f9-1f3fd-200d-2640.png	assets/Woman bouncing ball/Medium/3D/woman_bouncing_ball_3d_medium.png	499a2733fa02acf6475526584a60187c478779910c63834042a0a783a4af7fcf	93407134669cb4238bc129178099148806f9c1bfaecfb86110979c3570731878
26f9-1f3fd-200d-2642.png	assets/Man bouncing ball/Medium/3D/man_bouncing_ball_3d_medium.png	be887261669207299a06a5bd3354f66628c8c4aee4025952a6dbcc419c1559ab	c9dcd548d41f6d1b40b6f37617e1661335af1f5652089caffeeaa9b58eb757ca
26f9-1f3fe.png	assets/Person bouncing ball/Medium-Dark/3D/person_bouncing_ball_3d_medium-dark.png	f1e788e78ff821c630a1399411099835855bbe55a08a549ef630c853cdd85c68	783cf45e84802410236257a7bd596150e5aa5c4277a48a706f7a5d4e645ff671
26f9-1f3fe-200d-2640.png	assets/Woman bouncing ball/Medium-Dark/3D/woman_bouncing_ball_3d_medium-dark.png	4ee6ba88a645740c96650dfb27a0cabc5506cefbdb08e8fc4eaa2552f69bb002	dd636f8607025f77b60873ef2145e3dfdfe605bcf702d96c110eba72b2d9a1fb
26f9-1f3fe-200d-2642.png	assets/Man bouncing ball/Medium-Dark/3D/man_bouncing_ball_3d_medium-dark.png	293c7480d07ff49f9de0d0c5850845a906a602b5ec1edce741123beaa159ff60	627d5954ffaf84aa260f1823b154f0f8fe2da59a921cf8c1c53df866b3c07799
26f9-1f3ff.png	assets/Person bouncing ball/Dark/3D/person_bouncing_ball_3d_dark.png	7391050d478c289c1a30fae04f6219c0edd3e0da433983b1ffacdc1460d9016c	91483ac587652d45c4ecebda46ac8e4be7e0b5ba69ecdf49aede082e578406ad
26f9-1f3ff-200d-2640.png	assets/Woman bouncing ball/Dark/3D/woman_bouncing_ball_3d_dark.png	9b0f5e69b8f2bd318d296876975b065c0e6d0e94c8328d941c6c852e06647ffe	14250998cc6303815b89ce5bed3432d420ea996ea726b5d102c257cd6bd0b1f4
26f9-1f3ff-200d-2642.png	assets/Man bouncing ball/Dark/3D/man_bouncing_ball_3d_dark.png	06eecfc750f11b78528359f2ee202f30e61e34ff86d039b30e750c57079b03b7	b90d3855dfa214049eb925f244435f0d9469f7a84304599443f7d5f6f5fb8e62
26f9-200d-2640.png	assets/Woman bouncing ball/Default/3D/woman_bouncing_ball_3d_default.png	4ad3a15f24f2a234d3f8594c08fee92a99d3d6297ce3d9f420887fb9059dfacd	9910d971a6ca0fea5b27a2b0187cf99c6e170cde54c725d349c791be35b2565e
26f9-200d-2642.png	assets/Man bouncing ball/Default/3D/man_bouncing_ball_3d_default.png	cacf43af06a7d2a827eab1e78426cefadc6a0945834d29ed91f35bd6861797d1	ce2c34bbfa0e85d176b202594c742a0b11aeec762a3b9947124ed17ece7239a8
26fa.png	assets/Tent/3D/tent_3d.png	358343b871e0feb95ffa66db96cf41b1332469c89fcc5d6d3904055c81e84511	7e644cc3aea1961c0a756d80f98d7bc374ed13ed3c288f2046a541c00da4f5c8
26fd.png	assets/Fuel pump/3D/fuel_pump_3d.png	e1932a0772cd613e20ee4761fd9a9d70d670cfb9f321ec2ec4ce85a9eb3ed405	301dbc9c4c07846bf0e396ef05480c86be23ded15809f589a466db4187a2a0d5
2702.png	assets/Scissors/3D/scissors_3d.png	0e256f6c048e438cefd0bccdbd77ac9c58e3a0921aebb3c273ac402a31b97a5e	8f8c65144c832f377aa3bb1cc2e16791994c33ca604e1717726522e77001b756
2705.png	assets/Check mark button/3D/check_mark_button_3d.png	256e3dd950cf1705ab72511ab242472b4bd7db519aa402a6182c1aaf8c58def9	543070e59eebde8600a616b67f7f2dd428fddaf775c20c11ee4dca8b47f211dc
2708.png	assets/Airplane/3D/airplane_3d.png	dda8d8e9ccaca71973f4ee75fcab085dcffbb89f3987a9d2cc5401f186268fa1	ec1da1019664b3baebd7017ceed6065434f2113919d1b1b126562e67a9c9e727
2709.png	assets/Envelope/3D/envelope_3d.png	9671859aa64b65b6977b7ab6adc2e64220e75edf531a8e67c4b76e01ace04230	3609d1f21b2e4fd577e3c7f86ea33246a6d26d47eda8d6579e28c8b0b9c905df
270a.png	assets/Raised fist/Default/3D/raised_fist_3d_default.png	2418f8596cc79cebacc0ae73091d8ee965ca280f2087014bdd78da31474bd422	40bc03c3d0c2bfa5859c52fc42efef63a4bd2ef555ddb3f8e6267bee820ae028
270a-1f3fb.png	assets/Raised fist/Light/3D/raised_fist_3d_light.png	4a9b62f74abfb3c2f0989ac33b5cbe309fe762ab18005fe7eb48d6e15a74455a	ea5bff5a422aae221a91dd3a501a9acabd4c4fb740f35ce8c00aa6a80760cd6e
270a-1f3fc.png	assets/Raised fist/Medium-Light/3D/raised_fist_3d_medium-light.png	656c19819c7ce3bdbae06ac2d7c90fa797c6f59abdc3a346f3e813fa0b9e8f1d	cc97274217a77aa8ebd20cb6b14139258665e87e4ea42ae207176fb983237573
270a-1f3fd.png	assets/Raised fist/Medium/3D/raised_fist_3d_medium.png	4c2cf126b631e84ecb33b2e995f74be36c727ef274e3d1eebc07742615eb88db	20504a1ba4d773ef69d00b4bc2c8ddab727c06d2a7101c33303cd5c1c9edfb6b
270a-1f3fe.png	assets/Raised fist/Medium-Dark/3D/raised_fist_3d_medium-dark.png	f51c7a4a342b3b0eb693052f460c558764b24a70128857884114918490e32cbc	16a8ad2424f75e38b48fcdb114d6896f317641be7e8146b4bc204d1a3693019a
270a-1f3ff.png	assets/Raised fist/Dark/3D/raised_fist_3d_dark.png	9edb230e20c2e80fd21d1f5852ee2123aacaeb20c5d9c54d69ee216203d7f6ed	de07cd99bb16be32cc39f9f353006ac3059ada60f053639614b7ed0f45947aad
270b.png	assets/Raised hand/Default/3D/raised_hand_3d_default.png	70a05b72094c836ffc45fce31b551cb939daecf36526ad745f844fa7bc98f2ff	bcb61e5bbba7820dd83b4a9db284d119e7b206b56a014f86aa0b4ebe6a4f97d1
270b-1f3fb.png	assets/Raised hand/Light/3D/raised_hand_3d_light.png	279972aa0c0dd3464967faf36c3e065e89c7f0f9ad6297de577eb345fa1c0f8e	6abc920a3592f1b65024fab33ee023738f714bd1031b39823de0524a66bd816d
270b-1f3fc.png	assets/Raised hand/Medium-Light/3D/raised_hand_3d_medium-light.png	6668d518740d3a68b95b6d0d9ed792ea857bcd6c243ef90787f114a7751a3bd3	c7e6ba1bc6558795d120e5f0a9b5dfd24853ffdcc5349a9ea9b9e1e1e8d13134
270b-1f3fd.png	assets/Raised hand/Medium/3D/raised_hand_3d_medium.png	70e9de3da478e344b9704751d64cf78cc941cf8f4e802b7b49434977df9b1931	758881acb4466b5c95c305fb312c6ee37218293578a3b4c426ce0e3d942fdeae
270b-1f3fe.png	assets/Raised hand/Medium-Dark/3D/raised_hand_3d_medium-dark.png	ca51a0121abad3f64298741f16247dcd844def9490a31067e871831fe1d2142f	5e05ccdac196bf329293747a0351f0b39cd92344b2c7b56329251dacef97f235
270b-1f3ff.png	assets/Raised hand/Dark/3D/raised_hand_3d_dark.png	5159cc393c26e07eb4a592a94332a561cfc83d2cd8260fd848ec3fa95683bf1f	a67ee69b90df5683fc0aa29507aaa0b2eb4c8773ede816ed1e40ee077a0c0d04
270c.png	assets/Victory hand/Default/3D/victory_hand_3d_default.png	8b2a28bc1662f54491dec60f2c8ac867aae56784a2cc33e8a7b444942c5c74f1	b894d6348c220acd68f3ef311183b7c18388ee74bf6d5c35505ff6a9e9b322e0
270c-1f3fb.png	assets/Victory hand/Light/3D/victory_hand_3d_light.png	51e123bc3c2014d2aee19bf3a0e14731cc277cbe2d50e53820c97d48993068de	c1cad2835b53cf727ae795c0c4bed3b5a42c28c55752ee150007336448d7cd05
270c-1f3fc.png	assets/Victory hand/Medium-Light/3D/victory_hand_3d_medium-light.png	dc551fe35088a7d27192674fc6a52ef7ed35671060ec90297aea48d0e856ee3b	5b0f1cfe5cbf2556fb447e834a7a98853368940052ef43d3a1676a4e60991967
270c-1f3fd.png	assets/Victory hand/Medium/3D/victory_hand_3d_medium.png	356b46aee01f78880e01656b5d83325106c404efbc1ad0c6eb56d9ad354221a8	cf785a46a1dcdba37f91dc7bb87f49934a7b5334796577203bc9824f9eb38829
270c-1f3fe.png	assets/Victory hand/Medium-Dark/3D/victory_hand_3d_medium-dark.png	45b36b5359c4b32cf1f50913e0a049b7052e09fe72605d01d007c69866ec38c9	44a418456771ca418a1ed295e4d96f492154cc7ab74e48c4edb3e6d4ec0b8dd3
270c-1f3ff.png	assets/Victory hand/Dark/3D/victory_hand_3d_dark.png	eb74ddbe0edbe1b48956b2962052b266f25ba90ac637b873986c2e57f4d2bf6b	2e20800b199e1002f5e2ebb2113b5e480c151492ca3e1b27cf82bf2e16daeb5d
270d.png	assets/Writing hand/Default/3D/writing_hand_3d_default.png	21fec1f884889ddbf2b74b669d18b6d006edd74dc1b1aa4073e18a1c0a3a1579	b877a33d8bc0f7dbcd46e18d4ab51407f3d9ba1f44720cf9aaa856881816100f
270d-1f3fb.png	assets/Writing hand/Light/3D/writing_hand_3d_light.png	7da75837c66ea5ac4811c9f0b1477a7a3cbec5ccb95f01bec7aac52275f7e078	761a7c0b570762e467eb7ec7165cadff9998bc78e6a2a223fa83d465af95e5fc
270d-1f3fc.png	assets/Writing hand/Medium-Light/3D/writing_hand_3d_medium-light.png	70c65bc29737a92b31c403c876e445937b2de19ac5b740eedac496ab089e7c31	cf64625d362054202bba8844fec27099f9c7063c5a01c51e892ef374dbc60871
270d-1f3fd.png	assets/Writing hand/Medium/3D/writing_hand_3d_medium.png	54892f8ab1d7f337f275f857a801e586955df0973eae8c577f3db533733cc613	37d403d57cd8edb7bbe3c1b6b8809d46094e49df613d5f621b4eeabf14544ebe
270d-1f3fe.png	assets/Writing hand/Medium-Dark/3D/writing_hand_3d_medium-dark.png	cfc55be249724469f3a1b620127edce813f600f7fe874c477fdfdbf23830d519	eea31c20fe8896bf5c98c5e2b7222677ca0243dd8ac0be34f40f118164632040
270d-1f3ff.png	assets/Writing hand/Dark/3D/writing_hand_3d_dark.png	f258af8744fb36c10db3fca4a0c9c698e81dda4786cba71c84653580c908aee1	83b76df8cf2785a90cd02cc9cdde5bb3351e761848118511aa3f8f2668ca5c73
270f.png	assets/Pencil/3D/pencil_3d.png	c33b52acc157fe010851709a6ba06ee7b9e107f9e421436c97fd4404c25dec3f	38af9841cff0ee51585cee9adca416c9b9664218236de1f45b54b5fefb5186ac
2712.png	assets/Black nib/3D/black_nib_3d.png	de4c51ca6e028eb118b641846e81d4124c065495f9fb7c27294a446f116f67d1	f5a7f0c2810472e1cd3822a4347ea1f8ee6963462fab71edbc60e48d04b9fc86
2714.png	assets/Check mark/3D/check_mark_3d.png	2afd74cdf3f327936a59e3e19df1a7a25a0dc61acaaa35194c553781f9bb9072	a015cebd782f192bc21c3918a5c6d91e46fdb19d1322b028494f43fa66b4113f
2716.png	assets/Multiply/3D/multiply_3d.png	485183921fcd9b07c8c8f236a8c04d7b0ebe0561f72e9d32f60ce5124c68aafd	1cc3c52d2f33b9f40be649e7ab38ff407e71baf0d98e51c10c78f6678b395953
271d.png	assets/Latin cross/3D/latin_cross_3d.png	551afa73a0ba54864bce386d07b9c430cd54fb3d301613fec1f0b9e8ce98a8a7	bf2e7d8c1b1ce451afba452eda7b7b368e400402801577aaa4a3a0a3b6ae3cda
2721.png	assets/Star of david/3D/star_of_david_3d.png	63e95ae5563e659a03758c13bf07401cd50bf2bbc6bc57bfebda96076ae2d777	e1a2bc40b9a1b9e860fbcad55e1e4c788fde325c077e574c821eafcbbccc41eb
2728.png	assets/Sparkles/3D/sparkles_3d.png	e4490c9ff74a3fd73a8f99c760d65b6ed51b8a3e4ad28da137fec050b77e1058	0b90103efe1e443ece08d5796c078684f1abbdc599f896a3a363b66948062190
2733.png	assets/Eight-spoked asterisk/3D/eight-spoked_asterisk_3d.png	6b7af7490ec29b513b2cf1986e6bc72c845cd812da443b7e948defbba7898825	ec2bf1b122628df35568af38a8f87df4ff3f0c12aef1e7edefd1a6b53c408d0a
2734.png	assets/Eight-pointed star/3D/eight-pointed_star_3d.png	a8b6d307761b60dc6d041290a85ec45531390c375d50b3778ad6bbc949d31ded	4b25e16fc492f34eecd8c3b007b06437733d9270c8c617b03758eb3f1f5b029a
2744.png	assets/Snowflake/3D/snowflake_3d.png	82f12779eb8658ebd4bae02c8136c4588bea55cdf60536d4d88f5eb530e7cb90	dcc30e09b327d7c74682c1ea913ecc238c2a62d128cc232956f694600ec38389
2747.png	assets/Sparkle/3D/sparkle_3d.png	e9cdfa205ed7a4fa00374e39ffef3a1f11787dc6b8091c248328fe9ea0275c48	f44102903120102def47bb28605d8a1e3fe25fc19b1916c0db1ee39eb031b699
274c.png	assets/Cross mark/3D/cross_mark_3d.png	2753b89dcd790c7f25fa3c5fd5641821860257364163abd87a2f57bb268466b9	6d1885119052476289431f8dd1ba6697332a552ffa57a5d2f9aada4d116b83ff
274e.png	assets/Cross mark button/3D/cross_mark_button_3d.png	61a65558f334a32c402cf3bae942abfe2aac5e611a8fc0bbbdec0c393ba10816	dc2d571237665faef3c012219a48d6d220079d1e5467805e1dc2fd12a89a5aa7
2753.png	assets/Red question mark/3D/red_question_mark_3d.png	fb2af4458d9bf975a4a3a841e8368c9d7315dc881a3080b3fcbcf522934d4cca	c507e2a0a278de5f0230fe32383ac09440b3912bbb5d47c8d2ff941630559f54
2754.png	assets/White question mark/3D/white_question_mark_3d.png	0890b39850c6fa054448c873e3525a989d0fd9e49ddd3902dc281e54343e3a40	d09541f640b98e3aa037ac312e46c01c2af52538fa5c787118c6a63e03c271d3
2755.png	assets/White exclamation mark/3D/white_exclamation_mark_3d.png	a657dd8c8559f9ecce0daf5cc7f9ea987bf7e802f9d61775d176419b29188935	8028640ca21778d093abff70545f4f1b2fdc881419535eb98920f7454655ee30
2757.png	assets/Red exclamation mark/3D/red_exclamation_mark_3d.png	a058bdb1b245cb6134bcc99975722c6093873a5c59e59cd3e2aee8bf0a362f58	a9e58609c0d595b55cd1a8b168697573aa7d5ea31670d9e5930d8c56fbb5e602
2763.png	assets/Heart exclamation/3D/heart_exclamation_3d.png	ac128e8b4f72e4cce4f5f47b68357b3300b6530c1121c00a3ac87f0655bf30d5	fbd15e2bddf82c26b469e28b38929d45628d05eec6351bebd3bbcf7831cec197
2764.png	assets/Red heart/3D/red_heart_3d.png	7218cb9f08ed1ef38fcd83fe699a1125d07f50725f4c87a68cb7c9f4efb3c32b	69b96934b10ba8a60a43a9c3576308447319dd24d7e486066ac8d8702ca812c8
2764-200d-1f525.png	assets/Heart on fire/3D/heart_on_fire_3d.png	0dfc88192e5ea866be9300a568ca62e0505ea1878b8615c70e3f49fcb3c3da36	cfa5236014f443e6185322ffaece6b6bf3e4032c2c186ee92acbcf5321818df4
2764-200d-1fa79.png	assets/Mending heart/3D/mending_heart_3d.png	dbda40341c72b9587912e365703e60acfb08e82b5fa3868ad32cdda8ac1a3102	bc7da18b151d657795e684b65cfa39f22e47aaedbdf8060fd286e7af95eec076
2795.png	assets/Plus/3D/plus_3d.png	d3e169258dd3e0d90886c6adb89fbcf79d5094c47a9cba8dfdc877296a696856	3d4f8829352688e1edb1a6b2461201fb85fd807a330f23b71625ec7137b3f23b
2796.png	assets/Minus/3D/minus_3d.png	393b2f4b842c04138c9de88fecf39c8e7eb71c64d07ce1ecc513c287f0b342be	d4c34b446a0c19623eb787331ad5ebd1a31703b4bb76d89b5afa176e4e2ad931
2797.png	assets/Divide/3D/divide_3d.png	ee8552f252287153f5212c18386fb5d548858af1c4b26707127011f852bb3825	f2324690fccf5a0f93458ae13be70c0dec0decd694ec9700321cb5c6e0c092e3
27a1.png	assets/Right arrow/3D/right_arrow_3d.png	499ad6a8d1327d60c756134fff21fc879cebd43e478a1b1d99fc07e83adca2d6	805c97570d2ad2ed7854f4f0e358541bda5aa7e2228a85084e8bb348bbe1a207
27b0.png	assets/Curly loop/3D/curly_loop_3d.png	c1856f1c49a135ce043e38446822533cf94277aa392ee89ea8551135507193aa	811e1c42eabe9ebbd31db78b78671a69d13af460a7133a147ddb9aa557441a10
27bf.png	assets/Double curly loop/3D/double_curly_loop_3d.png	a9848489ce6c69de7ef9718242ec7e004a1ead1e0d2e112b0674a0d743382bf7	6594a0185c12f69d673433d476b9bed42491685e6a6e5e3a6aa91d6467d5f8fb
2934.png	assets/Right arrow curving up/3D/right_arrow_curving_up_3d.png	6b8a7496b6439e9aaa0bbe4e3f59c40fea6432f8b33651f56ed6c41aea0e0fba	b1a3d9f1df37a89d45b1061f97d9b5462f0d5b707365e161dfe21e3c8d559e54
2935.png	assets/Right arrow curving down/3D/right_arrow_curving_down_3d.png	2f9d42542aacbfe40c930392e02c8be9a136c5ca54ce7db934cf8c15b4eb6e56	dad1425380a5ee5d53a8cd3ab93d8f26851a1689c46555500715233863e4f130
2a-20e3.png	assets/Keycap asterisk/3D/keycap_asterisk_3d.png	a2363c63c9a717c30c89726e267faf8946cfb3596ea4f3a9a093319066164437	bcb36bbf8ce8c81cbde5d85b9b5f8a984ffe65f95e2251434f45aa171ad164e4
2b05.png	assets/Left arrow/3D/left_arrow_3d.png	67a377760bb0dbc7b4a25fe5298125c59a11c43167d21052cb3d64c6701badd4	d1ceb8ecc0999ef3b025a6eaad605e157064ce8d0bb47f34ebfc68b7b472c4e0
2b06.png	assets/Up arrow/3D/up_arrow_3d.png	4f01db9cddb09aaf01741dd39695aa71dff1d3871f2537e9ccfa68f8bc3047c8	491489c4d257067baffda9c013cc6860c249063d75a487cc497435d5b1573442
2b07.png	assets/Down arrow/3D/down_arrow_3d.png	cb1059241bdc6409798f70be74381e4683042a33181f887de1e6b551f39a2513	fa7d7cc70c9959a23cfdc2ddf7419e8447f4fd394fa340be4abb893b4494f098
2b1b.png	assets/Black large square/3D/black_large_square_3d.png	e85b97259bf699647f1f36f2d0bae80961c74434ee4cf229b17f472bfe428d7e	d4f3d4eab6500c9ed45bf0ca8cec4a472d085099ea5428958e47d11c58026c71
2b1c.png	assets/White large square/3D/white_large_square_3d.png	bb4f7c70f5e860a6a0ad567047cc886de06cb33f77eec90a254898ef53b60fa1	df74f6e60442eaceb87b6cb0b29c71b6130a3008e9c6104a3622be5baa51af36
2b50.png	assets/Star/3D/star_3d.png	b935cdf502b69054bc2b08e7ba4e4eaba6499564a2041dd77d6291e21bf8cfe8	0f3abfbf85de7d92fd93296b2a3e55bb66a29098a0813f333c095f76bf4e9d76
2b55.png	assets/Hollow red circle/3D/hollow_red_circle_3d.png	5e8b74ad35d5b2191217c7c67c2edd5651ba28829fe4dcf03f942462ff67a0f6	dca2edf306b8656586ab3336e00ca8dae14a60b7739f7e1812264e2462c8c4b1
30-20e3.png	assets/Keycap 0/3D/keycap_0_3d.png	1eff948744c159a8a0670120c55e2f7819ee31b7845ec5745aa82c9b9367e86f	2a5a726e8911d35844df4e40cc05ba964fbc6441102fa0bedd400264bda35fb7
3030.png	assets/Wavy dash/3D/wavy_dash_3d.png	5751971dd213e79091b8468c2c293ba2621c88488b5e3d52cc18e47738f1f7e8	3e526472f79177f3381ad302ec3a67ebe62b54ad65916872a641335adba416df
303d.png	assets/Part alternation mark/3D/part_alternation_mark_3d.png	31b8a7fd707b7d07a09055ab6a8272268420bd1c3b3227371de19233ff8c50d6	1b538e4627f64f10f9d305a89e7cf4e77ec8422ab04519560cf3f71beb6d8416
31-20e3.png	assets/Keycap 1/3D/keycap_1_3d.png	7c8b6e7b00043bec8eac07569ba5bc160e81ae3080c5b1baae40d1c76a856c54	2e4b207b307e9da96df00225372e6dffa95bfac1b280b2e45b5054d16edbe3f6
32-20e3.png	assets/Keycap 2/3D/keycap_2_3d.png	c02563146a2918e1f16e0dfa9d213b0512900c9e6a8a2f7441a28441aae2c3e5	99f8e31fd1d2892ac8696505df7c9a1a8c71d1bfccb9bd1da65d6241554c098c
3297.png	assets/Japanese congratulations button/3D/japanese_congratulations_button_3d.png	7127f79d96030c32fbae5ab9ac66aaf04d757f747c77bb60716b68816289fb47	bf1199e9c91882aff9e96a8d1a6c7a8868f7d28421e5eee2eb7a7f63ec1cdbd8
3299.png	assets/Japanese secret button/3D/japanese_secret_button_3d.png	eaf65337d015f188a4195d692f5b826d357a02df04efdf5e069dc86364a27713	1e610f85f0f58253105e4f951a4a70f09248060c87705818a9072fec48f1f362
33-20e3.png	assets/Keycap 3/3D/keycap_3_3d.png	eca15950240e56848794a410dd6d12b5a785806ad255f9cba696719f00bb2eae	0380de6e68534f2c18a9e6e9cc5057f579836f83acc8b5f5f7fc9c1664d85461
34-20e3.png	assets/Keycap 4/3D/keycap_4_3d.png	2ad1b145237a9778e296b9f3a44fdada11f57dd9da63c414617193b294765e18	04204217fe2c904b1d7335d0a2225b2cc05177737db774a833b00d75d690140f
35-20e3.png	assets/Keycap 5/3D/keycap_5_3d.png	1a39f4a1a936187b31c62bb57b9d9ff79661d0e710b8f2748da888e0b0902c6d	82495639400f756bd247f2bd7fe7f8d378d5bfeb6cf29b16359c7a01d6aa626d
36-20e3.png	assets/Keycap 6/3D/keycap_6_3d.png	e790a45f4fcb7e69e7ad5e699c2b5cc2f36120b87dd60f8f1859c4bdd9c43fca	6486af58c1cb4e4988ee7392c74a569c868b2bae40211111df6630639a79d48c
37-20e3.png	assets/Keycap 7/3D/keycap_7_3d.png	2ca74f47d1d24a6ceb4d6df13c5aa4e9a79a6326a9eef5ffefcf9c461c2b73ba	bfad00e27015e6284babdaed131578856e98efac1a585bc2849821772eb89713
38-20e3.png	assets/Keycap 8/3D/keycap_8_3d.png	1cb7bb2c43f4d7c02e2549329cd7bc2c4d8245c902693f271ecb0076b5976a40	dec70b87c89962df0dc17d36b2981ff24eb7ec2c9c61e9dcd9ced079eb738bb8
39-20e3.png	assets/Keycap 9/3D/keycap_9_3d.png	93eae6a25eacdfba3cb5ce5a654f484eccb7eb567935bb1ec1d380de51c921dd	6e4b17395e724fff813a1c8794c132d015e9fc536a0d8279492770f473a8f0f0
a9.png	assets/Copyright/3D/copyright_3d.png	772c2f566d44448cf1a508862a6503a5470bcfc6508622f112da4945080e0c73	727bec9090baf001d79b9a2e8867c35c742608caa64236cfac56734d7bc9780f
ae.png	assets/Registered/3D/registered_3d.png	9f4c1bf8126ca7bde9ef6a32fc462efd64e2e92beea3176041260642e3aa51ba	47d45983051fc657b80372f78233d95d7bc48b9d49f5d6010a3c807632c31eb5
