# File	Original source path	Original SHA256	Bundled SHA256
1f004.png	1F004.png	8591ccd527646bc6ce2215ce465230e2cfe294278ffcc3eb032fe1cce134c696	8591ccd527646bc6ce2215ce465230e2cfe294278ffcc3eb032fe1cce134c696
1f0cf.png	1F0CF.png	2c2992326df3bdd6bb29c282d5bdaa09c248cd180040b6ede87c95e27f73cdc2	2c2992326df3bdd6bb29c282d5bdaa09c248cd180040b6ede87c95e27f73cdc2
1f170.png	1F170.png	0a5eb940c08be62651bac6b598eafd62e34cf55f7716fd2316d93839277e4218	0a5eb940c08be62651bac6b598eafd62e34cf55f7716fd2316d93839277e4218
1f171.png	1F171.png	28d7b854f1adce8b69bf717b38e0e6d4871c2a0c05e75063fe0c2188b3401c2d	28d7b854f1adce8b69bf717b38e0e6d4871c2a0c05e75063fe0c2188b3401c2d
1f17e.png	1F17E.png	fb48ca7a5178f67f4bd565ad7f1ca1737b5bf4a0e1c54d72083574cd2f0350cc	fb48ca7a5178f67f4bd565ad7f1ca1737b5bf4a0e1c54d72083574cd2f0350cc
1f17f.png	1F17F.png	eee215a620a0ac4a7895f44cd794d41da06c73a06361bdfd0adf23baa44e7582	eee215a620a0ac4a7895f44cd794d41da06c73a06361bdfd0adf23baa44e7582
1f18e.png	1F18E.png	d661dfc5de58eb091ef4d53d96bcd9a4447fba49653a6908273a0ab74d055a42	d661dfc5de58eb091ef4d53d96bcd9a4447fba49653a6908273a0ab74d055a42
1f191.png	1F191.png	893ce1e3b52b4e422563d6a63db817ae90f0da7e266b08bc47e3f9bd3543afec	893ce1e3b52b4e422563d6a63db817ae90f0da7e266b08bc47e3f9bd3543afec
1f192.png	1F192.png	62beb65f82afe893dc38a8c2139abf50fbbfc0d7ad35ae3bfbd31f61ddc212bb	62beb65f82afe893dc38a8c2139abf50fbbfc0d7ad35ae3bfbd31f61ddc212bb
1f193.png	1F193.png	359085e6d5a1e07e4c8a39319904db6d468c686bfb639326086ddd8cd263a380	359085e6d5a1e07e4c8a39319904db6d468c686bfb639326086ddd8cd263a380
1f194.png	1F194.png	eb8f0aa578ba70d946ddd958911733f8c66227da71c8cb9128e80fb132faa0d4	eb8f0aa578ba70d946ddd958911733f8c66227da71c8cb9128e80fb132faa0d4
1f195.png	1F195.png	f43221321a497946f1db317f36ddaa710958d227feff16fd8bab2c0dff722315	f43221321a497946f1db317f36ddaa710958d227feff16fd8bab2c0dff722315
1f196.png	1F196.png	fc7d9855c291f5c31abb3115c323cbf9d33108d03e91f5495b53cb6e7fed8b68	fc7d9855c291f5c31abb3115c323cbf9d33108d03e91f5495b53cb6e7fed8b68
1f197.png	1F197.png	02e5a05ccf478c8ef7b2d521d17bf16ca57ff60c618b034caba96b2a3066d710	02e5a05ccf478c8ef7b2d521d17bf16ca57ff60c618b034caba96b2a3066d710
1f198.png	1F198.png	07343aa0b92d17f1bb664129f4ec656af2b096c4a18c40a5ea939c53f25d88e7	07343aa0b92d17f1bb664129f4ec656af2b096c4a18c40a5ea939c53f25d88e7
1f199.png	1F199.png	daa8c18def679d3539edd235185b59d5ead153c888e73a23d2205368b218a5f8	daa8c18def679d3539edd235185b59d5ead153c888e73a23d2205368b218a5f8
1f19a.png	1F19A.png	e9784947c8daa46d4547859ae499638a94073aaa5361a9c0baa0b38c285bced4	e9784947c8daa46d4547859ae499638a94073aaa5361a9c0baa0b38c285bced4
1f1e6-1f1e8.png	1F1E6-1F1E8.png	8506f8eb033cf5283d062383bfe7684575c685165436193eaa52e2c75ca9f73f	8506f8eb033cf5283d062383bfe7684575c685165436193eaa52e2c75ca9f73f
1f1e6-1f1e9.png	1F1E6-1F1E9.png	241ec509235f788b7d1f4d5e928746defa159115be298ffd92ed4ee04685c23d	241ec509235f788b7d1f4d5e928746defa159115be298ffd92ed4ee04685c23d
1f1e6-1f1ea.png	1F1E6-1F1EA.png	b0185cbd1b78635232ae59ab84b0bda25d00c177aca7018c89bd72c7d7c65ab2	b0185cbd1b78635232ae59ab84b0bda25d00c177aca7018c89bd72c7d7c65ab2
1f1e6-1f1eb.png	1F1E6-1F1EB.png	0bd93ba7bf2d50fc9f801a6e07a2cc96b60b526d4f14138f0c376d5345539268	0bd93ba7bf2d50fc9f801a6e07a2cc96b60b526d4f14138f0c376d5345539268
1f1e6-1f1ec.png	1F1E6-1F1EC.png	d54a0316ff1ffbec132f5c2ed90c33f7a1c4647ff055f6d463498b7fd6671e61	d54a0316ff1ffbec132f5c2ed90c33f7a1c4647ff055f6d463498b7fd6671e61
1f1e6-1f1ee.png	1F1E6-1F1EE.png	931a98a251767172288369f2abb96130e471120e1aca8f0aae9d34e247658983	931a98a251767172288369f2abb96130e471120e1aca8f0aae9d34e247658983
1f1e6-1f1f1.png	1F1E6-1F1F1.png	2356b37a3da1643bc7f3b4673ff021880233450a1148a662730ae87b7c348465	2356b37a3da1643bc7f3b4673ff021880233450a1148a662730ae87b7c348465
1f1e6-1f1f2.png	1F1E6-1F1F2.png	183302e17990a685c33745f0f79fb113cdc5c6fe3e3a7bafaa64cbd69f436468	183302e17990a685c33745f0f79fb113cdc5c6fe3e3a7bafaa64cbd69f436468
1f1e6-1f1f4.png	1F1E6-1F1F4.png	7ecb20c5ba987fca96c5a2b7ae36143d89a78d216e37f30d7b0b16b998246f57	7ecb20c5ba987fca96c5a2b7ae36143d89a78d216e37f30d7b0b16b998246f57
1f1e6-1f1f6.png	1F1E6-1F1F6.png	f8146c61ab789a53c5650d34e10f550a78c81d9c2911b3b38a754c9c6901f5a7	f8146c61ab789a53c5650d34e10f550a78c81d9c2911b3b38a754c9c6901f5a7
1f1e6-1f1f7.png	1F1E6-1F1F7.png	5d434506219d9d40822f8844c27dc07eebfe11f74c4185188b1492149fba49aa	5d434506219d9d40822f8844c27dc07eebfe11f74c4185188b1492149fba49aa
1f1e6-1f1f8.png	1F1E6-1F1F8.png	b6aedc051bc78d742debe077d2756ffe54368e1e45ec38106713322403fc4c79	b6aedc051bc78d742debe077d2756ffe54368e1e45ec38106713322403fc4c79
1f1e6-1f1f9.png	1F1E6-1F1F9.png	20eb3f52dad6e61ba15de65a8dc40729847d5cfdae8ce7c9a7eaa2bc699455c4	20eb3f52dad6e61ba15de65a8dc40729847d5cfdae8ce7c9a7eaa2bc699455c4
1f1e6-1f1fa.png	1F1E6-1F1FA.png	992fc91b00c8dd82c6d913771aef63ad5717a89730ac0a8f1971a1eb910e1cb4	992fc91b00c8dd82c6d913771aef63ad5717a89730ac0a8f1971a1eb910e1cb4
1f1e6-1f1fc.png	1F1E6-1F1FC.png	eda9afa3a288e60a3fddbb7867b4b8755fbf1d296ee80efe121f61bef7d86d9f	eda9afa3a288e60a3fddbb7867b4b8755fbf1d296ee80efe121f61bef7d86d9f
1f1e6-1f1fd.png	1F1E6-1F1FD.png	dfa94d6988a11eca4a4aa2c1feeb7e1d38522ab6b0ccef18714b1954dd041835	dfa94d6988a11eca4a4aa2c1feeb7e1d38522ab6b0ccef18714b1954dd041835
1f1e6-1f1ff.png	1F1E6-1F1FF.png	c0981f4158b808e06610db0d9dff8939309c5bf1528944f6ff033270d922f6f3	c0981f4158b808e06610db0d9dff8939309c5bf1528944f6ff033270d922f6f3
1f1e7-1f1e6.png	1F1E7-1F1E6.png	b28ace0f2c5c52295d62eee922a65b15e22bfc4d4a03fbfd7a72bd83ea1ec917	b28ace0f2c5c52295d62eee922a65b15e22bfc4d4a03fbfd7a72bd83ea1ec917
1f1e7-1f1e7.png	1F1E7-1F1E7.png	28f9543b4448a213284d97c4261fdba5e2343d7000e9d6f7057fe68a997efdf7	28f9543b4448a213284d97c4261fdba5e2343d7000e9d6f7057fe68a997efdf7
1f1e7-1f1e9.png	1F1E7-1F1E9.png	c57f1b5b5e4f11a146d061b6213eb1693eecc239e7a7828e94ad702df4c5e673	c57f1b5b5e4f11a146d061b6213eb1693eecc239e7a7828e94ad702df4c5e673
1f1e7-1f1ea.png	1F1E7-1F1EA.png	98fad9d583253148615e6fd1d1181fa5dc13a08ca3013830e2cce8eedf6be64e	98fad9d583253148615e6fd1d1181fa5dc13a08ca3013830e2cce8eedf6be64e
1f1e7-1f1eb.png	1F1E7-1F1EB.png	9e5fe5370c46cd1f064002d1ab37e0349316ca2a17e09621fad8bfd479933215	9e5fe5370c46cd1f064002d1ab37e0349316ca2a17e09621fad8bfd479933215
1f1e7-1f1ec.png	1F1E7-1F1EC.png	007ecd8708c435e0972ac5ddc3b5b534567d5c9671164ec4266960faee891e09	007ecd8708c435e0972ac5ddc3b5b534567d5c9671164ec4266960faee891e09
1f1e7-1f1ed.png	1F1E7-1F1ED.png	7dd46a5cf6aea35fbf898b7022cf4881c2cca9fd035c257ecb39a9980f4d0bbf	7dd46a5cf6aea35fbf898b7022cf4881c2cca9fd035c257ecb39a9980f4d0bbf
1f1e7-1f1ee.png	1F1E7-1F1EE.png	e14b76051b5e0d4417a7706d911ee8e7873aba1dc023c9a0f76e0219a1fdb386	e14b76051b5e0d4417a7706d911ee8e7873aba1dc023c9a0f76e0219a1fdb386
1f1e7-1f1ef.png	1F1E7-1F1EF.png	509b5c59c2e023347a48caa191b2a618c7dfd5ddb5342428f17d8757871f931e	509b5c59c2e023347a48caa191b2a618c7dfd5ddb5342428f17d8757871f931e
1f1e7-1f1f1.png	1F1E7-1F1F1.png	c37b3c6e4a7a893b9bd8b94045e90816a625fa1decb61cf0c6af957050df22f3	c37b3c6e4a7a893b9bd8b94045e90816a625fa1decb61cf0c6af957050df22f3
1f1e7-1f1f2.png	1F1E7-1F1F2.png	a34ff256a2279da18350622a78b9e2a9f580bc939695eb9eb9a333f050139b40	a34ff256a2279da18350622a78b9e2a9f580bc939695eb9eb9a333f050139b40
1f1e7-1f1f3.png	1F1E7-1F1F3.png	decb9c30116103b24acc2d71536fc019c220847f5d0d65fbab4f985a7554d1b5	decb9c30116103b24acc2d71536fc019c220847f5d0d65fbab4f985a7554d1b5
1f1e7-1f1f4.png	1F1E7-1F1F4.png	bd11a85763d5719ec80e2000cd255945b16f2b4ef471aa04c3b1e7ba03f44a4b	bd11a85763d5719ec80e2000cd255945b16f2b4ef471aa04c3b1e7ba03f44a4b
1f1e7-1f1f6.png	1F1E7-1F1F6.png	f5995776593ffe21bc1f70d63e60fed345f21bf442380edd6cef19b622a22380	f5995776593ffe21bc1f70d63e60fed345f21bf442380edd6cef19b622a22380
1f1e7-1f1f7.png	1F1E7-1F1F7.png	0fb0c8dcb74029f2a2241dcaa6fd409db9099b2190ccb9659f78fe5697fbf76a	0fb0c8dcb74029f2a2241dcaa6fd409db9099b2190ccb9659f78fe5697fbf76a
1f1e7-1f1f8.png	1F1E7-1F1F8.png	d5fc3a91b7b599da6efa344e18e7e0faf1a7e52fa984d0f234d5d1c661a32efa	d5fc3a91b7b599da6efa344e18e7e0faf1a7e52fa984d0f234d5d1c661a32efa
1f1e7-1f1f9.png	1F1E7-1F1F9.png	bad8b0fc361f0d6f47c319d5f7e691a1241ef112a3ef3ba8701cbf5af5cd7cb6	bad8b0fc361f0d6f47c319d5f7e691a1241ef112a3ef3ba8701cbf5af5cd7cb6
1f1e7-1f1fb.png	1F1E7-1F1FB.png	1068f16228fd86a0c311d9b1e6b3a55b8516d7ddca21e104b320ab74ae82b507	1068f16228fd86a0c311d9b1e6b3a55b8516d7ddca21e104b320ab74ae82b507
1f1e7-1f1fc.png	1F1E7-1F1FC.png	19850db7bdd049eff1ee9ddc2c5f19acda2ad5492c779202f8cf4ddf26c37e37	19850db7bdd049eff1ee9ddc2c5f19acda2ad5492c779202f8cf4ddf26c37e37
1f1e7-1f1fe.png	1F1E7-1F1FE.png	6180ebb063bc65b1a515fe350b2fc67bbab6a26cea2a36459d966ca478f4f752	6180ebb063bc65b1a515fe350b2fc67bbab6a26cea2a36459d966ca478f4f752
1f1e7-1f1ff.png	1F1E7-1F1FF.png	63b3c07794a74c2df2bdd36617bb2efdef5e16d90dd9f8018ba9e5d95a588ded	63b3c07794a74c2df2bdd36617bb2efdef5e16d90dd9f8018ba9e5d95a588ded
1f1e8-1f1e6.png	1F1E8-1F1E6.png	54fa15c3055c7edd1f1cd90192aa97c71fd7aebddb3c853c6cf282b99961eecb	54fa15c3055c7edd1f1cd90192aa97c71fd7aebddb3c853c6cf282b99961eecb
1f1e8-1f1e8.png	1F1E8-1F1E8.png	ece7aab995be448fecc94d59c15c15a9282697acc3b0309ae038faca0adf1d9d	ece7aab995be448fecc94d59c15c15a9282697acc3b0309ae038faca0adf1d9d
1f1e8-1f1e9.png	1F1E8-1F1E9.png	dc9e07f350072743b152fae7d8aed1a3d2cd6b45aad844b4b4ec73d9f16af3e3	dc9e07f350072743b152fae7d8aed1a3d2cd6b45aad844b4b4ec73d9f16af3e3
1f1e8-1f1eb.png	1F1E8-1F1EB.png	3e8ca107ef8b8701e03ac55dd121ca8502c66b6a02b4c6c93f1a9ff26c1d9e1c	3e8ca107ef8b8701e03ac55dd121ca8502c66b6a02b4c6c93f1a9ff26c1d9e1c
1f1e8-1f1ec.png	1F1E8-1F1EC.png	a00438d175a628c006d8ad1291399f727d9c3d39bd6e66188d978fb5011b9625	a00438d175a628c006d8ad1291399f727d9c3d39bd6e66188d978fb5011b9625
1f1e8-1f1ed.png	1F1E8-1F1ED.png	d647cbf22cff27633c64c4fe6a37d5fbb1726eb60444e6a8115609e80fa8cf2e	d647cbf22cff27633c64c4fe6a37d5fbb1726eb60444e6a8115609e80fa8cf2e
1f1e8-1f1ee.png	1F1E8-1F1EE.png	aeeabb5c237ad9aec80585c463aa5a131bf342b75cec93c184f8bc4ead73e213	aeeabb5c237ad9aec80585c463aa5a131bf342b75cec93c184f8bc4ead73e213
1f1e8-1f1f0.png	1F1E8-1F1F0.png	b0dc0af915766b94a298048c22a8e52b4c82238004de604635bfb67bb8a4ca9b	b0dc0af915766b94a298048c22a8e52b4c82238004de604635bfb67bb8a4ca9b
1f1e8-1f1f1.png	1F1E8-1F1F1.png	1ab2a45dc1402fb2e6b01619d2e7a947c8202c20bffb36f1d476cf30c7e7511f	1ab2a45dc1402fb2e6b01619d2e7a947c8202c20bffb36f1d476cf30c7e7511f
1f1e8-1f1f2.png	1F1E8-1F1F2.png	b787ec8088a2ce509c963cfcd062ad93a774cbb7dadc3411c101a0458794f4fe	b787ec8088a2ce509c963cfcd062ad93a774cbb7dadc3411c101a0458794f4fe
1f1e8-1f1f3.png	1F1E8-1F1F3.png	895a07be016f09396ca2afbf58f3704057f595c9457a712d71f7963866b308e1	895a07be016f09396ca2afbf58f3704057f595c9457a712d71f7963866b308e1
1f1e8-1f1f4.png	1F1E8-1F1F4.png	b62302c440162a5ea90c9229a71f0606973ff3d4884aa5572b00781f92c4a76d	b62302c440162a5ea90c9229a71f0606973ff3d4884aa5572b00781f92c4a76d
1f1e8-1f1f5.png	1F1E8-1F1F5.png	9da4b3beb98059aca0a02701c80cb11b2cf2889f5b5588f7847bd8f05c41ad37	9da4b3beb98059aca0a02701c80cb11b2cf2889f5b5588f7847bd8f05c41ad37
1f1e8-1f1f6.png	1F1E8-1F1F6.png	2a72b4b4fd881348ad41b2df5cb2a095f63692c4fdcde56dbb7a2fbcd8ad0e9b	2a72b4b4fd881348ad41b2df5cb2a095f63692c4fdcde56dbb7a2fbcd8ad0e9b
1f1e8-1f1f7.png	1F1E8-1F1F7.png	b63c57a03f4fc3e55c101263656031791f2df96b796200706f3f2fab53af9f38	b63c57a03f4fc3e55c101263656031791f2df96b796200706f3f2fab53af9f38
1f1e8-1f1fa.png	1F1E8-1F1FA.png	f650c9b968b3a8a295d412ca5e556cf6a29c0277fd07944fa64ba5773bd5c70f	f650c9b968b3a8a295d412ca5e556cf6a29c0277fd07944fa64ba5773bd5c70f
1f1e8-1f1fb.png	1F1E8-1F1FB.png	d7dc0f2ad5f212218b0e3910f6c0fba480c493bef81ea44227e298a25b3675cb	d7dc0f2ad5f212218b0e3910f6c0fba480c493bef81ea44227e298a25b3675cb
1f1e8-1f1fc.png	1F1E8-1F1FC.png	4c0f3727df18ec4e6789b06098cc2cfbaabec1d189de07a90114e20a079aaaad	4c0f3727df18ec4e6789b06098cc2cfbaabec1d189de07a90114e20a079aaaad
1f1e8-1f1fd.png	1F1E8-1F1FD.png	4fcf8b1f912532f7a04a577207f73870b6bdb3bce77656bbc1098c2c2dcea39c	4fcf8b1f912532f7a04a577207f73870b6bdb3bce77656bbc1098c2c2dcea39c
1f1e8-1f1fe.png	1F1E8-1F1FE.png	8c7d5bbd076ce5795900c69f0f6eb6f50f33f309224ba15dda8de6be83482d64	8c7d5bbd076ce5795900c69f0f6eb6f50f33f309224ba15dda8de6be83482d64
1f1e8-1f1ff.png	1F1E8-1F1FF.png	2fd81cf7ddf0c583a90854cc71b5f1105b35f6616b88232e033aa918b0ca70e8	2fd81cf7ddf0c583a90854cc71b5f1105b35f6616b88232e033aa918b0ca70e8
1f1e9-1f1ea.png	1F1E9-1F1EA.png	6ea8b48c8311c1f930e9d3be54c99649c5ac846df8df015395cdf2842199c3ab	6ea8b48c8311c1f930e9d3be54c99649c5ac846df8df015395cdf2842199c3ab
1f1e9-1f1ec.png	1F1E9-1F1EC.png	3a76a8ee91edcf6f04d3046af216b5ea26ac5d289784e0a1088c110c140caa69	3a76a8ee91edcf6f04d3046af216b5ea26ac5d289784e0a1088c110c140caa69
1f1e9-1f1ef.png	1F1E9-1F1EF.png	cab61aee136d41c4515c3c4897db7a0bfe4fa01809f231c699ad88e1dba25cca	cab61aee136d41c4515c3c4897db7a0bfe4fa01809f231c699ad88e1dba25cca
1f1e9-1f1f0.png	1F1E9-1F1F0.png	85bc3f53950b3f9b412db23affa862a9e4aa070320e679ca4c055dd4ecfcf426	85bc3f53950b3f9b412db23affa862a9e4aa070320e679ca4c055dd4ecfcf426
1f1e9-1f1f2.png	1F1E9-1F1F2.png	44a57cf6c4a6c43a8e3729f5f1ef5e44b5d9f2d3f6c6fec656c18658223eab5e	44a57cf6c4a6c43a8e3729f5f1ef5e44b5d9f2d3f6c6fec656c18658223eab5e
1f1e9-1f1f4.png	1F1E9-1F1F4.png	054ea109b1bebcd5f012a03fb9a1d5d57fc617947d3ab903e2b810a9ed2e6443	054ea109b1bebcd5f012a03fb9a1d5d57fc617947d3ab903e2b810a9ed2e6443
1f1e9-1f1ff.png	1F1E9-1F1FF.png	debef43b3a9da886ed652f01509dbfe7ef5763647fa6f39c9220da2ca9c63a72	debef43b3a9da886ed652f01509dbfe7ef5763647fa6f39c9220da2ca9c63a72
1f1ea-1f1e6.png	1F1EA-1F1E6.png	7e73d1c5d7f477bfc1bccf46232e180d1d93e84a5548d2acfe5cf1d1aa50dcc8	7e73d1c5d7f477bfc1bccf46232e180d1d93e84a5548d2acfe5cf1d1aa50dcc8
1f1ea-1f1e8.png	1F1EA-1F1E8.png	d02825a622dff35bf8e7a0269d40d29803e330f675272817f7aa76bbaa0972a6	d02825a622dff35bf8e7a0269d40d29803e330f675272817f7aa76bbaa0972a6
1f1ea-1f1ea.png	1F1EA-1F1EA.png	c3aac90475670fe1f18b38f304d5470834cd52f7673d9f025ba848277a16e38e	c3aac90475670fe1f18b38f304d5470834cd52f7673d9f025ba848277a16e38e
1f1ea-1f1ec.png	1F1EA-1F1EC.png	ad95688fdb7c2e14a874af53ce1be16848224bb1c3f1192ebc2fffc274d5d1e7	ad95688fdb7c2e14a874af53ce1be16848224bb1c3f1192ebc2fffc274d5d1e7
1f1ea-1f1ed.png	1F1EA-1F1ED.png	218d0448754abea6647cb9e4b1c6f1f5a25a1649e304f53a7ee7d1e70bd7b274	218d0448754abea6647cb9e4b1c6f1f5a25a1649e304f53a7ee7d1e70bd7b274
1f1ea-1f1f7.png	1F1EA-1F1F7.png	6f2214a14ced053b2d356eb356459f7e6e25d9e42806e30d4ca283821423c1e4	6f2214a14ced053b2d356eb356459f7e6e25d9e42806e30d4ca283821423c1e4
1f1ea-1f1f8.png	1F1EA-1F1F8.png	7e73d1c5d7f477bfc1bccf46232e180d1d93e84a5548d2acfe5cf1d1aa50dcc8	7e73d1c5d7f477bfc1bccf46232e180d1d93e84a5548d2acfe5cf1d1aa50dcc8
1f1ea-1f1f9.png	1F1EA-1F1F9.png	90223e52b71de2f702a32039966197bfc76d8f63bbd87fc83820b691afa5abcf	90223e52b71de2f702a32039966197bfc76d8f63bbd87fc83820b691afa5abcf
1f1ea-1f1fa.png	1F1EA-1F1FA.png	bc59822b1d8447194fd4af9a918f3da61dcab5fc09ac3e62fdb9fa1d0361cbe6	bc59822b1d8447194fd4af9a918f3da61dcab5fc09ac3e62fdb9fa1d0361cbe6
1f1eb-1f1ee.png	1F1EB-1F1EE.png	179ba554585886f22891171a7c71d57433fe5ea8bfc804fa08db1d449b08ee07	179ba554585886f22891171a7c71d57433fe5ea8bfc804fa08db1d449b08ee07
1f1eb-1f1ef.png	1F1EB-1F1EF.png	bb08cfa049b505f4be711f883185115afee63fbb017af75b87e68d8cc4656fc5	bb08cfa049b505f4be711f883185115afee63fbb017af75b87e68d8cc4656fc5
1f1eb-1f1f0.png	1F1EB-1F1F0.png	afeec49e88e4b01333167b2c5a7db2702a38ae20149d39011721af70dab20970	afeec49e88e4b01333167b2c5a7db2702a38ae20149d39011721af70dab20970
1f1eb-1f1f2.png	1F1EB-1F1F2.png	7024d982f8b7b237de067bf323a2c4a34026d12546254015d5e8d2e87a4ac3d1	7024d982f8b7b237de067bf323a2c4a34026d12546254015d5e8d2e87a4ac3d1
1f1eb-1f1f4.png	1F1EB-1F1F4.png	de78ab30bf65f91d3e2c849c5f2f469a5d85eaa71ddc9282cac04f925b9aa425	de78ab30bf65f91d3e2c849c5f2f469a5d85eaa71ddc9282cac04f925b9aa425
1f1eb-1f1f7.png	1F1EB-1F1F7.png	9da4b3beb98059aca0a02701c80cb11b2cf2889f5b5588f7847bd8f05c41ad37	9da4b3beb98059aca0a02701c80cb11b2cf2889f5b5588f7847bd8f05c41ad37
1f1ec-1f1e6.png	1F1EC-1F1E6.png	558d030676ce6ac35ac8ec09eff5aa33fff88c5ea3d234b69204c985692879b0	558d030676ce6ac35ac8ec09eff5aa33fff88c5ea3d234b69204c985692879b0
1f1ec-1f1e7.png	1F1EC-1F1E7.png	1ef236315db54a241f621f7fd6b3864c83209c50b254c15dcafe89c443fcc2f5	1ef236315db54a241f621f7fd6b3864c83209c50b254c15dcafe89c443fcc2f5
1f1ec-1f1e9.png	1F1EC-1F1E9.png	4a3b00da269f1145af938b5aa6be341c52f9bdbc1be16296c7f3f8dd4cd761e3	4a3b00da269f1145af938b5aa6be341c52f9bdbc1be16296c7f3f8dd4cd761e3
1f1ec-1f1ea.png	1F1EC-1F1EA.png	5fd30ab3983f23e0156605d85b279c766f633dcc10721eadd9dd99c05e2c0121	5fd30ab3983f23e0156605d85b279c766f633dcc10721eadd9dd99c05e2c0121
1f1ec-1f1eb.png	1F1EC-1F1EB.png	f151d786e9dfec4a9e1e2e18dc1016d2f65037d6c168d006f98a1970dc4a9ba2	f151d786e9dfec4a9e1e2e18dc1016d2f65037d6c168d006f98a1970dc4a9ba2
1f1ec-1f1ec.png	1F1EC-1F1EC.png	faa874974bd9e708320cf174e0034aa40ac4144688394bdc3ddaaf1a6429fc3b	faa874974bd9e708320cf174e0034aa40ac4144688394bdc3ddaaf1a6429fc3b
1f1ec-1f1ed.png	1F1EC-1F1ED.png	67c8500d3a0770d70c62caa201878f5dd96333a45dfc44d1888033349b56ca5a	67c8500d3a0770d70c62caa201878f5dd96333a45dfc44d1888033349b56ca5a
1f1ec-1f1ee.png	1F1EC-1F1EE.png	9e83116601e15f71785b4e62b98d3bb6d8b6448acfd051ab16d0d8e5731b0de1	9e83116601e15f71785b4e62b98d3bb6d8b6448acfd051ab16d0d8e5731b0de1
1f1ec-1f1f1.png	1F1EC-1F1F1.png	5a6c65786bcfeb2796dddbef1015c6941838d63571d987d53a0331b4d1a645c4	5a6c65786bcfeb2796dddbef1015c6941838d63571d987d53a0331b4d1a645c4
1f1ec-1f1f2.png	1F1EC-1F1F2.png	d1b48b54c3599b655c3f727906d6e6465ce8143d0bed46eb933e737ad3004669	d1b48b54c3599b655c3f727906d6e6465ce8143d0bed46eb933e737ad3004669
1f1ec-1f1f3.png	1F1EC-1F1F3.png	9685c2ab723507f75f35277c848998f264c60b4f3b2311e257fab5227011c71b	9685c2ab723507f75f35277c848998f264c60b4f3b2311e257fab5227011c71b
1f1ec-1f1f5.png	1F1EC-1F1F5.png	a0b4dd0dc8d22bee75db85c71b7bc4ff4e10e2b14a9f9b0574a8c880f8508a8d	a0b4dd0dc8d22bee75db85c71b7bc4ff4e10e2b14a9f9b0574a8c880f8508a8d
1f1ec-1f1f6.png	1F1EC-1F1F6.png	be2bd98ecdd64a6501fa01c71187ff57ad6d66c82bda025a77c87bb1e971a7d7	be2bd98ecdd64a6501fa01c71187ff57ad6d66c82bda025a77c87bb1e971a7d7
1f1ec-1f1f7.png	1F1EC-1F1F7.png	e3b43f0e74cf9ae2913f8883efd0b3560b7fd26df615bd26e29a15b73df680f2	e3b43f0e74cf9ae2913f8883efd0b3560b7fd26df615bd26e29a15b73df680f2
1f1ec-1f1f8.png	1F1EC-1F1F8.png	633ab3a5ff990b5e78d9652548604b54cb70af84840d3ec3dc770feb6d188094	633ab3a5ff990b5e78d9652548604b54cb70af84840d3ec3dc770feb6d188094
1f1ec-1f1f9.png	1F1EC-1F1F9.png	953a5b8a72dbfe70d5cacdaa5ff9f269aa9aa46b2f88c0f6dcdc644767972bfc	953a5b8a72dbfe70d5cacdaa5ff9f269aa9aa46b2f88c0f6dcdc644767972bfc
1f1ec-1f1fa.png	1F1EC-1F1FA.png	c63bda817059bb443199251799db2898314ba1a63321b076c957aeff80e6626b	c63bda817059bb443199251799db2898314ba1a63321b076c957aeff80e6626b
1f1ec-1f1fc.png	1F1EC-1F1FC.png	a5def1f2b52e14af28ffd2fe6c6cd7dc4a6974dfddc69166e9fd3ff9a9ec59d4	a5def1f2b52e14af28ffd2fe6c6cd7dc4a6974dfddc69166e9fd3ff9a9ec59d4
1f1ec-1f1fe.png	1F1EC-1F1FE.png	baaee15eed7ef5c42bf9492379f4dc64b92d315d3c7380e94b0384b65b53b321	baaee15eed7ef5c42bf9492379f4dc64b92d315d3c7380e94b0384b65b53b321
1f1ed-1f1f0.png	1F1ED-1F1F0.png	4253d5be6615d0811e450679242e4be59f5f11739bbef7b53007100ed941aff0	4253d5be6615d0811e450679242e4be59f5f11739bbef7b53007100ed941aff0
1f1ed-1f1f2.png	1F1ED-1F1F2.png	992fc91b00c8dd82c6d913771aef63ad5717a89730ac0a8f1971a1eb910e1cb4	992fc91b00c8dd82c6d913771aef63ad5717a89730ac0a8f1971a1eb910e1cb4
1f1ed-1f1f3.png	1F1ED-1F1F3.png	aade3de4278e26249de4d4096f921ddcca6c7d587366abb779f9d2369954e0a4	aade3de4278e26249de4d4096f921ddcca6c7d587366abb779f9d2369954e0a4
1f1ed-1f1f7.png	1F1ED-1F1F7.png	676f288dbcb43983302a738131b0408f1b3b6b256877bf049e3ca1e6c890beb7	676f288dbcb43983302a738131b0408f1b3b6b256877bf049e3ca1e6c890beb7
1f1ed-1f1f9.png	1F1ED-1F1F9.png	961c05d03d74ee0ab8175468cd089e6dfca04d5d52bfe0e1eaca42294f40994e	961c05d03d74ee0ab8175468cd089e6dfca04d5d52bfe0e1eaca42294f40994e
1f1ed-1f1fa.png	1F1ED-1F1FA.png	f81bed8d1f3571a715e7b2aa8e615ebe7ff2092203d420ffeec299d48a8180e4	f81bed8d1f3571a715e7b2aa8e615ebe7ff2092203d420ffeec299d48a8180e4
1f1ee-1f1e8.png	1F1EE-1F1E8.png	be0467c3c23e5a9fe7785537a9760766975cdbb1cc7ab3ffe3b22a32199f43d7	be0467c3c23e5a9fe7785537a9760766975cdbb1cc7ab3ffe3b22a32199f43d7
1f1ee-1f1e9.png	1F1EE-1F1E9.png	e8d4e65ea8584dc1ba2045bf979f5e68220937b2bd50d2b578e64e0b2c1faf06	e8d4e65ea8584dc1ba2045bf979f5e68220937b2bd50d2b578e64e0b2c1faf06
1f1ee-1f1ea.png	1F1EE-1F1EA.png	24f12079a4c98da2fff1d7713e5ff5b1e3f83beda1d1f716f04709cc56e5da22	24f12079a4c98da2fff1d7713e5ff5b1e3f83beda1d1f716f04709cc56e5da22
1f1ee-1f1f1.png	1F1EE-1F1F1.png	c3f9aa2cc9516dbecac841400d35b3104673ee65db900b0aff5cae409c732e64	c3f9aa2cc9516dbecac841400d35b3104673ee65db900b0aff5cae409c732e64
1f1ee-1f1f2.png	1F1EE-1F1F2.png	7c1ca25212e491a52dbac204e585d7557205c65e2c6338214bb9bdc7901967a0	7c1ca25212e491a52dbac204e585d7557205c65e2c6338214bb9bdc7901967a0
1f1ee-1f1f3.png	1F1EE-1F1F3.png	6d1eb0f3d098f2be2bb662dbbfd41b8d65d0ff81de6ca7e6fdf790f6e51d1865	6d1eb0f3d098f2be2bb662dbbfd41b8d65d0ff81de6ca7e6fdf790f6e51d1865
1f1ee-1f1f4.png	1F1EE-1F1F4.png	d9c66d48369262ebd646693eddcb10b84c93f7789740774560abcd4ebf9c1297	d9c66d48369262ebd646693eddcb10b84c93f7789740774560abcd4ebf9c1297
1f1ee-1f1f6.png	1F1EE-1F1F6.png	f6999fe0a0b6406d5f18d334c059025d309fb9b4c9b7fa7b2406e0aff2e14935	f6999fe0a0b6406d5f18d334c059025d309fb9b4c9b7fa7b2406e0aff2e14935
1f1ee-1f1f7.png	1F1EE-1F1F7.png	a42bb0be25c20ce23eb4db813148705049cc750524d6adb1ac8e22a6d544e1b3	a42bb0be25c20ce23eb4db813148705049cc750524d6adb1ac8e22a6d544e1b3
1f1ee-1f1f8.png	1F1EE-1F1F8.png	56a95afc8b8b70cfa65a0d9ba15045529c0141705a78535cb869c728614cf625	56a95afc8b8b70cfa65a0d9ba15045529c0141705a78535cb869c728614cf625
1f1ee-1f1f9.png	1F1EE-1F1F9.png	2b0061b3206fec1161c1120e05eeac01953ad2ec6a5d9a9cf59114f91445f5dd	2b0061b3206fec1161c1120e05eeac01953ad2ec6a5d9a9cf59114f91445f5dd
1f1ef-1f1ea.png	1F1EF-1F1EA.png	f0e888f133c738a412afaeaabb5373936f2565895fb1da8a12a7510dcf2c88cd	f0e888f133c738a412afaeaabb5373936f2565895fb1da8a12a7510dcf2c88cd
1f1ef-1f1f2.png	1F1EF-1F1F2.png	bb49b40d2e8ca3f810c702085c70370bbc1efd6375ae7dd70a81af4fb2f91857	bb49b40d2e8ca3f810c702085c70370bbc1efd6375ae7dd70a81af4fb2f91857
1f1ef-1f1f4.png	1F1EF-1F1F4.png	617b7467d8dc854de14247742cf1a09891b5abf5cfc0d38f4568dc8a1a40b499	617b7467d8dc854de14247742cf1a09891b5abf5cfc0d38f4568dc8a1a40b499
1f1ef-1f1f5.png	1F1EF-1F1F5.png	b59e94147e466127d3c2215bcbd73484f113fa702bffb790869a8648fbb4d87e	b59e94147e466127d3c2215bcbd73484f113fa702bffb790869a8648fbb4d87e
1f1f0-1f1ea.png	1F1F0-1F1EA.png	0e86b7c903e8b55f72e7ef7aa2e24062f7acf0ee1be3a5427e69d2b5f54fa774	0e86b7c903e8b55f72e7ef7aa2e24062f7acf0ee1be3a5427e69d2b5f54fa774
1f1f0-1f1ec.png	1F1F0-1F1EC.png	389abb84b63691075941da4186be4a03896be30e91b3bcedc4ddf396961ccb4b	389abb84b63691075941da4186be4a03896be30e91b3bcedc4ddf396961ccb4b
1f1f0-1f1ed.png	1F1F0-1F1ED.png	76da1568ba312e21b0efb9147f7458c3cb89d1df9aa78c2bfc5ae46fb21a5537	76da1568ba312e21b0efb9147f7458c3cb89d1df9aa78c2bfc5ae46fb21a5537
1f1f0-1f1ee.png	1F1F0-1F1EE.png	57a7817f6f1512942a9281ad4d23f147bbfbab769b4612abe27d0b0a5778c14e	57a7817f6f1512942a9281ad4d23f147bbfbab769b4612abe27d0b0a5778c14e
1f1f0-1f1f2.png	1F1F0-1F1F2.png	f2008d22c80ddbcf4034ee53b08eb024c450e46665cba198114a0899e928ef0a	f2008d22c80ddbcf4034ee53b08eb024c450e46665cba198114a0899e928ef0a
1f1f0-1f1f3.png	1F1F0-1F1F3.png	99c3b21b8a1296d8706d2305a6be5f662aa597ff36a1b9243cf9608227dfc0e7	99c3b21b8a1296d8706d2305a6be5f662aa597ff36a1b9243cf9608227dfc0e7
1f1f0-1f1f5.png	1F1F0-1F1F5.png	56bd1cc4e929a6de80977915d65b991946ecc97e52a3da6bd8179c15e13c5068	56bd1cc4e929a6de80977915d65b991946ecc97e52a3da6bd8179c15e13c5068
1f1f0-1f1f7.png	1F1F0-1F1F7.png	98795c1917bd763c66f2f58f9b1fbc0f3a8d18a2a050a585ed970a969d0d5485	98795c1917bd763c66f2f58f9b1fbc0f3a8d18a2a050a585ed970a969d0d5485
1f1f0-1f1fc.png	1F1F0-1F1FC.png	02ea56d08929e02123aa692aad92a21af5146fda5c1618f93815f15cead471b1	02ea56d08929e02123aa692aad92a21af5146fda5c1618f93815f15cead471b1
1f1f0-1f1fe.png	1F1F0-1F1FE.png	f1e4ad84566c60a8847a8e56742a969ea6abf0267e355da419f380f2c4665ee8	f1e4ad84566c60a8847a8e56742a969ea6abf0267e355da419f380f2c4665ee8
1f1f0-1f1ff.png	1F1F0-1F1FF.png	ed492d955e82c2afaffabe912976e2ec4f8d9f67c4ac5841ad1b2fb8703384e2	ed492d955e82c2afaffabe912976e2ec4f8d9f67c4ac5841ad1b2fb8703384e2
1f1f1-1f1e6.png	1F1F1-1F1E6.png	d8668cb0e2014309313d3325d6da38e67633ebd74165b998754698372b24971b	d8668cb0e2014309313d3325d6da38e67633ebd74165b998754698372b24971b
1f1f1-1f1e7.png	1F1F1-1F1E7.png	007b117c22f9bed9767f4d17b59115e056b76acee77a7824446265f9a9df0ab4	007b117c22f9bed9767f4d17b59115e056b76acee77a7824446265f9a9df0ab4
1f1f1-1f1e8.png	1F1F1-1F1E8.png	e1b39d9153c697ec4c92db6d8cf22d95d1de70e02b44d1baeee878a5e62af019	e1b39d9153c697ec4c92db6d8cf22d95d1de70e02b44d1baeee878a5e62af019
1f1f1-1f1ee.png	1F1F1-1F1EE.png	6fbdbbc7d260e99087a56ff97c3805f27ab3e6cfeb47cfb03ac78e3dabd7dfcb	6fbdbbc7d260e99087a56ff97c3805f27ab3e6cfeb47cfb03ac78e3dabd7dfcb
1f1f1-1f1f0.png	1F1F1-1F1F0.png	b34e393deece9f22d293ea3f781d6c993438749c0634b46320b0d3e83bd7f761	b34e393deece9f22d293ea3f781d6c993438749c0634b46320b0d3e83bd7f761
1f1f1-1f1f7.png	1F1F1-1F1F7.png	fefd948c18a93103d84bc9c451819edc48703903af6fda1df4ddd0cdec13426a	fefd948c18a93103d84bc9c451819edc48703903af6fda1df4ddd0cdec13426a
1f1f1-1f1f8.png	1F1F1-1F1F8.png	22208d6572ba887e08468942da40c7652e3170eae45ff40a6fb1415a1e008085	22208d6572ba887e08468942da40c7652e3170eae45ff40a6fb1415a1e008085
1f1f1-1f1f9.png	1F1F1-1F1F9.png	35c3185271b4bc054217a9b25d78348c8fb042d0510c242a1c89c32b29ba4a71	35c3185271b4bc054217a9b25d78348c8fb042d0510c242a1c89c32b29ba4a71
1f1f1-1f1fa.png	1F1F1-1F1FA.png	7b6a225f5f418d99a0c655e4b11cc1ed8ee7107c7b63252db754f7be8567fa4d	7b6a225f5f418d99a0c655e4b11cc1ed8ee7107c7b63252db754f7be8567fa4d
1f1f1-1f1fb.png	1F1F1-1F1FB.png	5b73d8bfe1a0ab9453b28cf413967505678e40f30e828f0f7f4c7f5d2dda125f	5b73d8bfe1a0ab9453b28cf413967505678e40f30e828f0f7f4c7f5d2dda125f
1f1f1-1f1fe.png	1F1F1-1F1FE.png	7f2a27d09007545e79359f7875d022c7943ebc425ab0401619ce8984472eb5d0	7f2a27d09007545e79359f7875d022c7943ebc425ab0401619ce8984472eb5d0
1f1f2-1f1e6.png	1F1F2-1F1E6.png	1a316dcde1f583b1662dd44ce1c34f7d18a605db708afbad86e6f0554ed9cf11	1a316dcde1f583b1662dd44ce1c34f7d18a605db708afbad86e6f0554ed9cf11
1f1f2-1f1e8.png	1F1F2-1F1E8.png	e8d4e65ea8584dc1ba2045bf979f5e68220937b2bd50d2b578e64e0b2c1faf06	e8d4e65ea8584dc1ba2045bf979f5e68220937b2bd50d2b578e64e0b2c1faf06
1f1f2-1f1e9.png	1F1F2-1F1E9.png	64f0cbdc1a5f4c68d705383f8b4ef5b2a268b49a27e6cf1e8535991e41948b64	64f0cbdc1a5f4c68d705383f8b4ef5b2a268b49a27e6cf1e8535991e41948b64
1f1f2-1f1ea.png	1F1F2-1F1EA.png	a472b37271404262efe2fd34a8f8f5f604164dcc82ffcbdec380318eec9866d4	a472b37271404262efe2fd34a8f8f5f604164dcc82ffcbdec380318eec9866d4
1f1f2-1f1eb.png	1F1F2-1F1EB.png	9da4b3beb98059aca0a02701c80cb11b2cf2889f5b5588f7847bd8f05c41ad37	9da4b3beb98059aca0a02701c80cb11b2cf2889f5b5588f7847bd8f05c41ad37
1f1f2-1f1ec.png	1F1F2-1F1EC.png	7b3876b470f8c2b74a1381c8fe50bbe3fa949d56e39f9389389b6e96f977c883	7b3876b470f8c2b74a1381c8fe50bbe3fa949d56e39f9389389b6e96f977c883
1f1f2-1f1ed.png	1F1F2-1F1ED.png	3f93b41c5937850f1e081d8557a4ff3319166f723f8c28e7f558991ef7d43646	3f93b41c5937850f1e081d8557a4ff3319166f723f8c28e7f558991ef7d43646
1f1f2-1f1f0.png	1F1F2-1F1F0.png	ebb1b980d2546929927287c9fd8def79de72088dc2b06ffd06c944cdae5ebc9a	ebb1b980d2546929927287c9fd8def79de72088dc2b06ffd06c944cdae5ebc9a
1f1f2-1f1f1.png	1F1F2-1F1F1.png	80d843a51cf11b337ca85f945cdd81608bc0a015f3c6c276e94eece08b832950	80d843a51cf11b337ca85f945cdd81608bc0a015f3c6c276e94eece08b832950
1f1f2-1f1f2.png	1F1F2-1F1F2.png	a9b41889d7141899c242ce3e4763c9f7a1707c60b68f122bbe669f73f8a8ef77	a9b41889d7141899c242ce3e4763c9f7a1707c60b68f122bbe669f73f8a8ef77
1f1f2-1f1f3.png	1F1F2-1F1F3.png	b7864fbafea1e90a6a501d4ec8a8eae4303bd639266fa2aa49a44095780d6976	b7864fbafea1e90a6a501d4ec8a8eae4303bd639266fa2aa49a44095780d6976
1f1f2-1f1f4.png	1F1F2-1F1F4.png	31ea64c08707ebc33a46dbbad2e60115b080ea351cdd985c27a1e2d3d9ac4a72	31ea64c08707ebc33a46dbbad2e60115b080ea351cdd985c27a1e2d3d9ac4a72
1f1f2-1f1f5.png	1F1F2-1F1F5.png	bd63e25e5454792b842c71c7e2681e5286425f40f1c4b507c7a9d4a6609ac68d	bd63e25e5454792b842c71c7e2681e5286425f40f1c4b507c7a9d4a6609ac68d
1f1f2-1f1f6.png	1F1F2-1F1F6.png	629f26db008d7af558ae42c3eeed6dcc04fd8869a99b9c0b32f6a15ead5eb99b	629f26db008d7af558ae42c3eeed6dcc04fd8869a99b9c0b32f6a15ead5eb99b
1f1f2-1f1f7.png	1F1F2-1F1F7.png	555acb058c16dbeec496a0134cb24a3b9d7396d3ebb586fc747c49e99b6e507c	555acb058c16dbeec496a0134cb24a3b9d7396d3ebb586fc747c49e99b6e507c
1f1f2-1f1f8.png	1F1F2-1F1F8.png	ea379359ab98fe0c5213fcff7f627d74b822defd1efad2f73d1e55456d140fea	ea379359ab98fe0c5213fcff7f627d74b822defd1efad2f73d1e55456d140fea
1f1f2-1f1f9.png	1F1F2-1F1F9.png	368937f798e28cfef429c00d10690430a86a81004da0d79ab6a364d900fdf2ac	368937f798e28cfef429c00d10690430a86a81004da0d79ab6a364d900fdf2ac
1f1f2-1f1fa.png	1F1F2-1F1FA.png	e476703a5cce4c42a861f518a3088c7740c508ed0e9bf010515f4bdedac6f032	e476703a5cce4c42a861f518a3088c7740c508ed0e9bf010515f4bdedac6f032
1f1f2-1f1fb.png	1F1F2-1F1FB.png	d338214b1104f811774fbae0570ec9401b20cd98ef9bed30a2098a3cc6d8bc4f	d338214b1104f811774fbae0570ec9401b20cd98ef9bed30a2098a3cc6d8bc4f
1f1f2-1f1fc.png	1F1F2-1F1FC.png	8ca2bc020d5ebba95f6b4ef61fc3b1aa5f33f9700667b167d69acf90e2209a30	8ca2bc020d5ebba95f6b4ef61fc3b1aa5f33f9700667b167d69acf90e2209a30
1f1f2-1f1fd.png	1F1F2-1F1FD.png	819e317dbeedb18d0401d14f0268b7dac12f6ce1108412cf0fa2d8e60d7d024a	819e317dbeedb18d0401d14f0268b7dac12f6ce1108412cf0fa2d8e60d7d024a
1f1f2-1f1fe.png	1F1F2-1F1FE.png	9a7e16454af92e3e276fcd8f1c679f19a86aa9d390fd4a766f21eee6cd5bf01a	9a7e16454af92e3e276fcd8f1c679f19a86aa9d390fd4a766f21eee6cd5bf01a
1f1f2-1f1ff.png	1F1F2-1F1FF.png	d3e48facdece59f2ca6f3ea1dcf2200e256e1c89be41107bdae84d8cbab17778	d3e48facdece59f2ca6f3ea1dcf2200e256e1c89be41107bdae84d8cbab17778
1f1f3-1f1e6.png	1F1F3-1F1E6.png	a19239e71107f0caaa876555095e72aaf52b9b1097077042394d84c229b759ff	a19239e71107f0caaa876555095e72aaf52b9b1097077042394d84c229b759ff
1f1f3-1f1e8.png	1F1F3-1F1E8.png	af52eced68635c35ecc1d6129656904d13b38ece07a65e7710b36abae4ed4532	af52eced68635c35ecc1d6129656904d13b38ece07a65e7710b36abae4ed4532
1f1f3-1f1ea.png	1F1F3-1F1EA.png	a9b8d30ae8c8ea9942310ccf6c8f0418c333d03a26aea1694864d2e1b119a790	a9b8d30ae8c8ea9942310ccf6c8f0418c333d03a26aea1694864d2e1b119a790
1f1f3-1f1eb.png	1F1F3-1F1EB.png	9acb94cfa3acee1e367516e61f084fbab898e8f07d150e16a1fef267d8b83bf0	9acb94cfa3acee1e367516e61f084fbab898e8f07d150e16a1fef267d8b83bf0
1f1f3-1f1ec.png	1F1F3-1F1EC.png	1247e41febc502654185bb4dec580bdcab69387008d1519b9bb6888c9d842173	1247e41febc502654185bb4dec580bdcab69387008d1519b9bb6888c9d842173
1f1f3-1f1ee.png	1F1F3-1F1EE.png	83ed530edba6d6a096f3a293ae6c6044b11a348b895a4b7cba68448642c85f9e	83ed530edba6d6a096f3a293ae6c6044b11a348b895a4b7cba68448642c85f9e
1f1f3-1f1f1.png	1F1F3-1F1F1.png	1811fa4b593fbad50d642961a166a1995a9a5c486522a92f0d4a3b58527255d8	1811fa4b593fbad50d642961a166a1995a9a5c486522a92f0d4a3b58527255d8
1f1f3-1f1f4.png	1F1F3-1F1F4.png	e6b3137df68c81f80a621bee229d6c31942ec6c5b7f0ccc571c0f073289b9632	e6b3137df68c81f80a621bee229d6c31942ec6c5b7f0ccc571c0f073289b9632
1f1f3-1f1f5.png	1F1F3-1F1F5.png	c5a0272054788f3fc9ed77e9711714adfa1e192dfa227982cc19798b138faacf	c5a0272054788f3fc9ed77e9711714adfa1e192dfa227982cc19798b138faacf
1f1f3-1f1f7.png	1F1F3-1F1F7.png	754df95ea99064d8b9855f401f597dd5b5299828ed308ed79f776f7136c4d75d	754df95ea99064d8b9855f401f597dd5b5299828ed308ed79f776f7136c4d75d
1f1f3-1f1fa.png	1F1F3-1F1FA.png	7e98f3971d928d80ab2b93ca470bb016de6de735af9ce4a9602f130eb92319ef	7e98f3971d928d80ab2b93ca470bb016de6de735af9ce4a9602f130eb92319ef
1f1f3-1f1ff.png	1F1F3-1F1FF.png	10b9c02c9d9cd1fd0d05de389f94181deedf50917929565966acdc270e038386	10b9c02c9d9cd1fd0d05de389f94181deedf50917929565966acdc270e038386
1f1f4-1f1f2.png	1F1F4-1F1F2.png	3d699b181e311902b26265e3b737d323ab0446bc686474f273d18b7cd53fdffa	3d699b181e311902b26265e3b737d323ab0446bc686474f273d18b7cd53fdffa
1f1f5-1f1e6.png	1F1F5-1F1E6.png	b4d0348181bdac0189d5962810e2bcec73ee457d1d6f1bf6ae77854b0168d22f	b4d0348181bdac0189d5962810e2bcec73ee457d1d6f1bf6ae77854b0168d22f
1f1f5-1f1ea.png	1F1F5-1F1EA.png	9c986ac76ffbf627ae7aeeff824495fec6de20329998fb3b2626cc1c502ca1b5	9c986ac76ffbf627ae7aeeff824495fec6de20329998fb3b2626cc1c502ca1b5
1f1f5-1f1eb.png	1F1F5-1F1EB.png	a09700ba16e50e202bfbeac30a9ea6635ce5433fa8c0abca8a7414f4545c4f59	a09700ba16e50e202bfbeac30a9ea6635ce5433fa8c0abca8a7414f4545c4f59
1f1f5-1f1ec.png	1F1F5-1F1EC.png	a6cd6dd36b0724d8a2904afb8603fa7a88b7acdcc6a1992fd19ccab53e71683e	a6cd6dd36b0724d8a2904afb8603fa7a88b7acdcc6a1992fd19ccab53e71683e
1f1f5-1f1ed.png	1F1F5-1F1ED.png	365ae929d9b052497d4ac526694f45f27bafbddd2060610aa7398e1dbce87594	365ae929d9b052497d4ac526694f45f27bafbddd2060610aa7398e1dbce87594
1f1f5-1f1f0.png	1F1F5-1F1F0.png	81a8c081c70f1f7883b8c493786185ecbc17a894dc4e79e5406fb9d042c98c52	81a8c081c70f1f7883b8c493786185ecbc17a894dc4e79e5406fb9d042c98c52
1f1f5-1f1f1.png	1F1F5-1F1F1.png	6d7c0a22c7965214b02621346d03f71c5d11c197b332519f72b43a687fd84cab	6d7c0a22c7965214b02621346d03f71c5d11c197b332519f72b43a687fd84cab
1f1f5-1f1f2.png	1F1F5-1F1F2.png	2206b69a4a050ce4a3b17fb9722ac7ad9a91f212252ddcd1b876162ac7e57df6	2206b69a4a050ce4a3b17fb9722ac7ad9a91f212252ddcd1b876162ac7e57df6
1f1f5-1f1f3.png	1F1F5-1F1F3.png	ddd8f2911c81300b170fd511fa55e023d58f26bc6f0829919cc851340742e817	ddd8f2911c81300b170fd511fa55e023d58f26bc6f0829919cc851340742e817
1f1f5-1f1f7.png	1F1F5-1F1F7.png	bcc73953d97545c51d3b34a79e0986404ef489cab606403106dfc83b1fd72fc7	bcc73953d97545c51d3b34a79e0986404ef489cab606403106dfc83b1fd72fc7
1f1f5-1f1f8.png	1F1F5-1F1F8.png	75c3b2973741315d90c1945490fd20faa430690eeefc4a706bc35a6562b0365c	75c3b2973741315d90c1945490fd20faa430690eeefc4a706bc35a6562b0365c
1f1f5-1f1f9.png	1F1F5-1F1F9.png	52e4fd75f755eccb9fb2b5c5181489e8aca5e8cc6ed68f6ee814ce264535a574	52e4fd75f755eccb9fb2b5c5181489e8aca5e8cc6ed68f6ee814ce264535a574
1f1f5-1f1fc.png	1F1F5-1F1FC.png	5e4a45c2c194dd195920dbd8ac409d123c2042583b35d4a9dbb1bfbcab5450f2	5e4a45c2c194dd195920dbd8ac409d123c2042583b35d4a9dbb1bfbcab5450f2
1f1f5-1f1fe.png	1F1F5-1F1FE.png	6f2887085b673282f9cffe6e3eb64386d4c89a2bf428fb9c74448bcd72d54d86	6f2887085b673282f9cffe6e3eb64386d4c89a2bf428fb9c74448bcd72d54d86
1f1f6-1f1e6.png	1F1F6-1F1E6.png	1997459ee93dcb93454aba0657cb1be4bb01828d320015aad208e4ce123d4bf9	1997459ee93dcb93454aba0657cb1be4bb01828d320015aad208e4ce123d4bf9
1f1f7-1f1ea.png	1F1F7-1F1EA.png	06b59ab40c932a5fea2175c2a2e84d82720b72ec67d04a1a5fd53ce9c006a30c	06b59ab40c932a5fea2175c2a2e84d82720b72ec67d04a1a5fd53ce9c006a30c
1f1f7-1f1f4.png	1F1F7-1F1F4.png	9bd9d2f0e212ef698729f3b3fab7ec51e74bc4693dbd262a7ce94ee4c21ae602	9bd9d2f0e212ef698729f3b3fab7ec51e74bc4693dbd262a7ce94ee4c21ae602
1f1f7-1f1f8.png	1F1F7-1F1F8.png	e94ceb3c919bc00eecf7038dd76c301a57d4c9314f85485738fc0807ffb2a1b2	e94ceb3c919bc00eecf7038dd76c301a57d4c9314f85485738fc0807ffb2a1b2
1f1f7-1f1fa.png	1F1F7-1F1FA.png	bcf689df78b09c511a5a32c128b1393c3535a9687e51bece980f7c50d3a8ed79	bcf689df78b09c511a5a32c128b1393c3535a9687e51bece980f7c50d3a8ed79
1f1f7-1f1fc.png	1F1F7-1F1FC.png	6d4a4dd913a9d756ddf1357a8d21f9d16f6c66ef40c1bd430eafcba57e25bfd0	6d4a4dd913a9d756ddf1357a8d21f9d16f6c66ef40c1bd430eafcba57e25bfd0
1f1f8-1f1e6.png	1F1F8-1F1E6.png	ba91ce596d4eb0aa40c2b30dca8b9498532eb15637bcf80809cc145c55763680	ba91ce596d4eb0aa40c2b30dca8b9498532eb15637bcf80809cc145c55763680
1f1f8-1f1e7.png	1F1F8-1F1E7.png	15660a913f5d98ad051694424df38b7b703e33809e78f124d225609394b0af78	15660a913f5d98ad051694424df38b7b703e33809e78f124d225609394b0af78
1f1f8-1f1e8.png	1F1F8-1F1E8.png	756b770549e4cebbb1a8aaa5511e40b58693ee1758595e68360e7a0ea4fd0a1d	756b770549e4cebbb1a8aaa5511e40b58693ee1758595e68360e7a0ea4fd0a1d
1f1f8-1f1e9.png	1F1F8-1F1E9.png	faa2b6e284a861eb4dfa53c23b174f275be570417c33ffa4afeadc48474560cb	faa2b6e284a861eb4dfa53c23b174f275be570417c33ffa4afeadc48474560cb
1f1f8-1f1ea.png	1F1F8-1F1EA.png	3f8806990d0951b04fb8dbaaf31eca3448367c0312466cb392ec58b26977cc97	3f8806990d0951b04fb8dbaaf31eca3448367c0312466cb392ec58b26977cc97
1f1f8-1f1ec.png	1F1F8-1F1EC.png	2ceacf2c766c927e171891eb7e035a78a1be4721a9c5c46cb6b940686e373f25	2ceacf2c766c927e171891eb7e035a78a1be4721a9c5c46cb6b940686e373f25
1f1f8-1f1ed.png	1F1F8-1F1ED.png	f92310e4a130d8b0695b7383557d2ac5c4cb06e9eb4408e2bbf67dbd0344217f	f92310e4a130d8b0695b7383557d2ac5c4cb06e9eb4408e2bbf67dbd0344217f
1f1f8-1f1ee.png	1F1F8-1F1EE.png	ea31b0a897e135379d8b04b04fbc5e608714614b1537034f837679165505cb21	ea31b0a897e135379d8b04b04fbc5e608714614b1537034f837679165505cb21
1f1f8-1f1ef.png	1F1F8-1F1EF.png	e6b3137df68c81f80a621bee229d6c31942ec6c5b7f0ccc571c0f073289b9632	e6b3137df68c81f80a621bee229d6c31942ec6c5b7f0ccc571c0f073289b9632
1f1f8-1f1f0.png	1F1F8-1F1F0.png	86c314eeb4754f6f9e20047955e309b179cc5680b9a7ef78f0ec1886612c3029	86c314eeb4754f6f9e20047955e309b179cc5680b9a7ef78f0ec1886612c3029
1f1f8-1f1f1.png	1F1F8-1F1F1.png	75c8d356634b73ce660dc42ccb2647237e39fe7ca559893f881bc44aa9a889ee	75c8d356634b73ce660dc42ccb2647237e39fe7ca559893f881bc44aa9a889ee
1f1f8-1f1f2.png	1F1F8-1F1F2.png	69d498f7ceb55346c0f86db7bfc16b4ad6dc2b131cff8e2f48d8ba2e152a5d85	69d498f7ceb55346c0f86db7bfc16b4ad6dc2b131cff8e2f48d8ba2e152a5d85
1f1f8-1f1f3.png	1F1F8-1F1F3.png	b85d776fe31e7a4c2322e470dbfc7a43d2f3b895f2e88b537177e6068a1341e4	b85d776fe31e7a4c2322e470dbfc7a43d2f3b895f2e88b537177e6068a1341e4
1f1f8-1f1f4.png	1F1F8-1F1F4.png	d0c6ac51e3bdde1259d7758e788ec336c0d1ece87b974fad911bb3d17d076522	d0c6ac51e3bdde1259d7758e788ec336c0d1ece87b974fad911bb3d17d076522
1f1f8-1f1f7.png	1F1F8-1F1F7.png	069a092f1f30f2ae40ca6d05adc68ab4a854352a2157c775595a2bd6cbbcd023	069a092f1f30f2ae40ca6d05adc68ab4a854352a2157c775595a2bd6cbbcd023
1f1f8-1f1f8.png	1F1F8-1F1F8.png	c594f01dcccf34bb1797d3ec72d857c053ca3966faf5a79b954ed03bbef99e95	c594f01dcccf34bb1797d3ec72d857c053ca3966faf5a79b954ed03bbef99e95
1f1f8-1f1f9.png	1F1F8-1F1F9.png	9fa32af56de6af9638700ff097024eba194b6f7641ddcffd2f43d7986745ff2d	9fa32af56de6af9638700ff097024eba194b6f7641ddcffd2f43d7986745ff2d
1f1f8-1f1fb.png	1F1F8-1F1FB.png	25b219d8112699b6d68ca4fbf69e7a9e893b1168919b8d01d9f60e79dee5807f	25b219d8112699b6d68ca4fbf69e7a9e893b1168919b8d01d9f60e79dee5807f
1f1f8-1f1fd.png	1F1F8-1F1FD.png	3a093db6e4d601d44056a0aded8bf0c7dc33b06cb131692a01fdd9653d47610b	3a093db6e4d601d44056a0aded8bf0c7dc33b06cb131692a01fdd9653d47610b
1f1f8-1f1fe.png	1F1F8-1F1FE.png	a3060733dea00f174ff6f9f68477559cdc56c946388880f52a2049f2d59c6eb4	a3060733dea00f174ff6f9f68477559cdc56c946388880f52a2049f2d59c6eb4
1f1f8-1f1ff.png	1F1F8-1F1FF.png	79f40fe5a6ea73e31738dd5d865e6a4239bb96bc07dae9909e87ae3cac83f18d	79f40fe5a6ea73e31738dd5d865e6a4239bb96bc07dae9909e87ae3cac83f18d
1f1f9-1f1e6.png	1F1F9-1F1E6.png	5b9bfedf063e460f0409260e51ffa509f7653e57c3f3664b2a94380c04319cd2	5b9bfedf063e460f0409260e51ffa509f7653e57c3f3664b2a94380c04319cd2
1f1f9-1f1e8.png	1F1F9-1F1E8.png	bb218ebb9f7da335ccc730dcceaafdec63af45ce3013f5ddae35508954d72e50	bb218ebb9f7da335ccc730dcceaafdec63af45ce3013f5ddae35508954d72e50
1f1f9-1f1e9.png	1F1F9-1F1E9.png	9bd9d2f0e212ef698729f3b3fab7ec51e74bc4693dbd262a7ce94ee4c21ae602	9bd9d2f0e212ef698729f3b3fab7ec51e74bc4693dbd262a7ce94ee4c21ae602
1f1f9-1f1eb.png	1F1F9-1F1EB.png	913cae2cb8857e2d6b857a63e3dac2e020f07fbe9982a8875cc6a7aaf5e42337	913cae2cb8857e2d6b857a63e3dac2e020f07fbe9982a8875cc6a7aaf5e42337
1f1f9-1f1ec.png	1F1F9-1F1EC.png	cafcaa7d94851bd2fe729a77fd4f242abede5976a323e307f7892189572517cb	cafcaa7d94851bd2fe729a77fd4f242abede5976a323e307f7892189572517cb
1f1f9-1f1ed.png	1F1F9-1F1ED.png	ad366d576d6d8349d4c41f889cd31d4fe5ede7a00f35d9d5302167863a603286	ad366d576d6d8349d4c41f889cd31d4fe5ede7a00f35d9d5302167863a603286
1f1f9-1f1ef.png	1F1F9-1F1EF.png	538a058956f0b241f55f6f0d7760e00e06ee667160d5add6966b615039556205	538a058956f0b241f55f6f0d7760e00e06ee667160d5add6966b615039556205
1f1f9-1f1f0.png	1F1F9-1F1F0.png	91a6b2bd61db9a4f74923af25dcb060850cc5ebe88efaeacb585d023e78a103e	91a6b2bd61db9a4f74923af25dcb060850cc5ebe88efaeacb585d023e78a103e
1f1f9-1f1f1.png	1F1F9-1F1F1.png	56f7aa9bd3acf3f8cbd4f3316fb9992f507c8026d923c8c26ca41880701ec33c	56f7aa9bd3acf3f8cbd4f3316fb9992f507c8026d923c8c26ca41880701ec33c
1f1f9-1f1f2.png	1F1F9-1F1F2.png	18b755e1c2b4500a9be44f29c61003977fff1f9bfe6dfd1b9bc314d3c05fb23e	18b755e1c2b4500a9be44f29c61003977fff1f9bfe6dfd1b9bc314d3c05fb23e
1f1f9-1f1f3.png	1F1F9-1F1F3.png	09d00e3759f6b0d927891557f771b46080e5811e8db4d293c5e6a5e07876ec98	09d00e3759f6b0d927891557f771b46080e5811e8db4d293c5e6a5e07876ec98
1f1f9-1f1f4.png	1F1F9-1F1F4.png	f9bbd9ca18633608a68c552afed6ceeb1b3c5e6dbd34818e7f988ec0b3fcfe1f	f9bbd9ca18633608a68c552afed6ceeb1b3c5e6dbd34818e7f988ec0b3fcfe1f
1f1f9-1f1f7.png	1F1F9-1F1F7.png	59eb9e6740a4d3874a3afabc0efb6a072fb2dc69972a4d190dd14cc5f58eab2c	59eb9e6740a4d3874a3afabc0efb6a072fb2dc69972a4d190dd14cc5f58eab2c
1f1f9-1f1f9.png	1F1F9-1F1F9.png	be497effc0ac4c5bd9100ee2e14e1addad4831ab0309c86dc29a5fb5e6650957	be497effc0ac4c5bd9100ee2e14e1addad4831ab0309c86dc29a5fb5e6650957
1f1f9-1f1fb.png	1F1F9-1F1FB.png	8d3bd0dba7fc5eaa42f20cb82fb6f45b56462ec1b83bd11c8558041060818e4a	8d3bd0dba7fc5eaa42f20cb82fb6f45b56462ec1b83bd11c8558041060818e4a
1f1f9-1f1fc.png	1F1F9-1F1FC.png	09bec4593f23b8f7492ea041277928792797e85ac166c283d2e9b0b8984a87a7	09bec4593f23b8f7492ea041277928792797e85ac166c283d2e9b0b8984a87a7
1f1f9-1f1ff.png	1F1F9-1F1FF.png	314103f01a4ba3ebbe991c11650eac88e57c71d224f407269f3d6490138fb2ee	314103f01a4ba3ebbe991c11650eac88e57c71d224f407269f3d6490138fb2ee
1f1fa-1f1e6.png	1F1FA-1F1E6.png	af9bb34fa41f7873277f20061bd85b954bfa5bc85746951f7128aabadcdf7b9a	af9bb34fa41f7873277f20061bd85b954bfa5bc85746951f7128aabadcdf7b9a
1f1fa-1f1ec.png	1F1FA-1F1EC.png	b24ca07a40c72bf338d0baddbfa12c9b01f571ab290a03cf757321409680be01	b24ca07a40c72bf338d0baddbfa12c9b01f571ab290a03cf757321409680be01
1f1fa-1f1f2.png	1F1FA-1F1F2.png	758fc2329b6f311b9d3d880dd0c2d68b2fba7443787333c33d94915cd4713c49	758fc2329b6f311b9d3d880dd0c2d68b2fba7443787333c33d94915cd4713c49
1f1fa-1f1f3.png	1F1FA-1F1F3.png	292472840b5eeb3704054306b08655b87621c1de1d85228afaaf84176c00dca9	292472840b5eeb3704054306b08655b87621c1de1d85228afaaf84176c00dca9
1f1fa-1f1f8.png	1F1FA-1F1F8.png	639b681e42b375d2346e88ed733873b1e784b5d955a9902ca188eebc54cf7fca	639b681e42b375d2346e88ed733873b1e784b5d955a9902ca188eebc54cf7fca
1f1fa-1f1fe.png	1F1FA-1F1FE.png	05b04c09d66d6b1790dd63510c6a399535f7ea52fe2c5d88b08ea988f123fb32	05b04c09d66d6b1790dd63510c6a399535f7ea52fe2c5d88b08ea988f123fb32
1f1fa-1f1ff.png	1F1FA-1F1FF.png	8768107be974eacfbbf007296f2659164b385b9c985c4f987314bc4617af0a1f	8768107be974eacfbbf007296f2659164b385b9c985c4f987314bc4617af0a1f
1f1fb-1f1e6.png	1F1FB-1F1E6.png	cebee3787f17cf49ee136ebd91c8bd093505f8ba3f835cce982a0380eb049ebf	cebee3787f17cf49ee136ebd91c8bd093505f8ba3f835cce982a0380eb049ebf
1f1fb-1f1e8.png	1F1FB-1F1E8.png	a3bdf9917036b9e8814a917272863fd25c02a6dedd195df9f1a2cf58e8a4e193	a3bdf9917036b9e8814a917272863fd25c02a6dedd195df9f1a2cf58e8a4e193
1f1fb-1f1ea.png	1F1FB-1F1EA.png	4b96ddf54e5840c398f760ad41986a2d8237239a0c423875d3c1a4a5a2372c6f	4b96ddf54e5840c398f760ad41986a2d8237239a0c423875d3c1a4a5a2372c6f
1f1fb-1f1ec.png	1F1FB-1F1EC.png	1c32ff1160ea01572138b89bb0419e61c6ab1181e6b8807436dc5612cbb9f80a	1c32ff1160ea01572138b89bb0419e61c6ab1181e6b8807436dc5612cbb9f80a
1f1fb-1f1ee.png	1F1FB-1F1EE.png	750345c448a16a7f83806ee51b311fa01748739a631bcdb6d01d9cf14df6cd58	750345c448a16a7f83806ee51b311fa01748739a631bcdb6d01d9cf14df6cd58
1f1fb-1f1f3.png	1F1FB-1F1F3.png	7b485a29a524a8490cfe3dd0ed60091fc7125833527fa85ef38a0b2e676f25d0	7b485a29a524a8490cfe3dd0ed60091fc7125833527fa85ef38a0b2e676f25d0
1f1fb-1f1fa.png	1F1FB-1F1FA.png	5c5fff93d37b964aba06176fc7d06200a47a668ef928769a626452d9211d07df	5c5fff93d37b964aba06176fc7d06200a47a668ef928769a626452d9211d07df
1f1fc-1f1eb.png	1F1FC-1F1EB.png	bff54b1c9b9bec0d30716289bbf8198bd8a3614bce0fd44c419fa45407e0d01d	bff54b1c9b9bec0d30716289bbf8198bd8a3614bce0fd44c419fa45407e0d01d
1f1fc-1f1f8.png	1F1FC-1F1F8.png	fcf34f1488c3ba4f13af2f287116a13d920d5b2bd3e8fa47557d0c0fe1c76e6b	fcf34f1488c3ba4f13af2f287116a13d920d5b2bd3e8fa47557d0c0fe1c76e6b
1f1fd-1f1f0.png	1F1FD-1F1F0.png	1d25e2cd92f26b5ad5810e0aa35eee6166343028ab3b12692bfad74b3811922e	1d25e2cd92f26b5ad5810e0aa35eee6166343028ab3b12692bfad74b3811922e
1f1fe-1f1ea.png	1F1FE-1F1EA.png	f909710c4db06458e9734e2caac0678a57abf25097c25541f6dd42526fd2df76	f909710c4db06458e9734e2caac0678a57abf25097c25541f6dd42526fd2df76
1f1fe-1f1f9.png	1F1FE-1F1F9.png	dcdf87d05ef68eaa3434f4254654ae9e999ed2d04832d0e8676e72d99ea66ebe	dcdf87d05ef68eaa3434f4254654ae9e999ed2d04832d0e8676e72d99ea66ebe
1f1ff-1f1e6.png	1F1FF-1F1E6.png	0be7b69775ce9de1e110fd44e37597fc70dd8521c16eeedb499a178df3516ddb	0be7b69775ce9de1e110fd44e37597fc70dd8521c16eeedb499a178df3516ddb
1f1ff-1f1f2.png	1F1FF-1F1F2.png	401bc442c5d057c2c80040af9d7ccec238423a214830c23cb0f27e0959847377	401bc442c5d057c2c80040af9d7ccec238423a214830c23cb0f27e0959847377
1f1ff-1f1fc.png	1F1FF-1F1FC.png	e77982e6dcb1393b0453411d274a2e37f942594e01bcaa2021dc93a4df30a2f6	e77982e6dcb1393b0453411d274a2e37f942594e01bcaa2021dc93a4df30a2f6
1f201.png	1F201.png	4c9cd0e197958d1321e0ed86112928dc120a62cf2a94e2760aac40273dde66a3	4c9cd0e197958d1321e0ed86112928dc120a62cf2a94e2760aac40273dde66a3
1f202.png	1F202.png	00f0d8e3c5e20c39a65c2c493807a250c64eb51a3d71d93cc5ef6248dfc79c0c	00f0d8e3c5e20c39a65c2c493807a250c64eb51a3d71d93cc5ef6248dfc79c0c
1f21a.png	1F21A.png	7aec2a4f6134319c2c346e3e1ec00b81e34122072da8cd796432c9385edfa050	7aec2a4f6134319c2c346e3e1ec00b81e34122072da8cd796432c9385edfa050
1f22f.png	1F22F.png	9d368a1d6ca2751450068a9c10ef2e09466369d30ce59fbfa351dc759b78b4c8	9d368a1d6ca2751450068a9c10ef2e09466369d30ce59fbfa351dc759b78b4c8
1f232.png	1F232.png	06768141b630c0e68dddd4403cd6853f7c773a0e722ed38f018c7082826f3366	06768141b630c0e68dddd4403cd6853f7c773a0e722ed38f018c7082826f3366
1f233.png	1F233.png	7f13d1212b1bac2cd95185755a206e79cb16d2c91deb6884e18ab425c8e607f6	7f13d1212b1bac2cd95185755a206e79cb16d2c91deb6884e18ab425c8e607f6
1f234.png	1F234.png	f23c906bb58c15a591516fd6022049e3f2894a519a7c7465d424804beae2d5bf	f23c906bb58c15a591516fd6022049e3f2894a519a7c7465d424804beae2d5bf
1f235.png	1F235.png	7e0c9296b99d279a38b8b0a22c533ee0f2a9a8a2d4adedf74a555e47881344ed	7e0c9296b99d279a38b8b0a22c533ee0f2a9a8a2d4adedf74a555e47881344ed
1f236.png	1F236.png	f262149913457fb1c8e22780143b18e4e2318d8b86ae19a86a4216c8ffc92e3e	f262149913457fb1c8e22780143b18e4e2318d8b86ae19a86a4216c8ffc92e3e
1f237.png	1F237.png	679cf5cf5042c04450cf7928ea6e129d218fca824e632814c2313c15efa2f056	679cf5cf5042c04450cf7928ea6e129d218fca824e632814c2313c15efa2f056
1f238.png	1F238.png	a7e1ebf63d8d6f81e4635cc284b8ecac8382d19f7e0bf8105c002353206d657c	a7e1ebf63d8d6f81e4635cc284b8ecac8382d19f7e0bf8105c002353206d657c
1f239.png	1F239.png	2ce273036f63009dd254c009a8352d0f4931a61f91d6c49dc39b031d650b97e2	2ce273036f63009dd254c009a8352d0f4931a61f91d6c49dc39b031d650b97e2
1f23a.png	1F23A.png	20275ee41ecaa2b39f8fcab9ad268e7dda68e80b04f583ff177eaa787633bed9	20275ee41ecaa2b39f8fcab9ad268e7dda68e80b04f583ff177eaa787633bed9
1f250.png	1F250.png	dbae1cdebd177a19023cf9fed998fc98705cf2092302f555699a121362f3ca45	dbae1cdebd177a19023cf9fed998fc98705cf2092302f555699a121362f3ca45
1f251.png	1F251.png	3ce99df91faf27ec7788295a9904eccd0534a63f6a5f7a20e7b777d173a5a10e	3ce99df91faf27ec7788295a9904eccd0534a63f6a5f7a20e7b777d173a5a10e
1f300.png	1F300.png	16146250bd2344bc82bd975f4c79c4305d00b7c283c3e47e4094b6e777933fdb	16146250bd2344bc82bd975f4c79c4305d00b7c283c3e47e4094b6e777933fdb
1f301.png	1F301.png	f9f4de3e7e0a5cd7642862b9e09b0bd0b035dde65e67fcb4e963efba27eb67ad	f9f4de3e7e0a5cd7642862b9e09b0bd0b035dde65e67fcb4e963efba27eb67ad
1f302.png	1F302.png	ead3fb63c4f1d750732e05e1f1107a44481b05844a2cae494ea61a9858b7115d	ead3fb63c4f1d750732e05e1f1107a44481b05844a2cae494ea61a9858b7115d
1f303.png	1F303.png	d1f1dfa18f06ea79025e6f20ebf2a119f4b65e4eef5b5b9169353141440934d1	d1f1dfa18f06ea79025e6f20ebf2a119f4b65e4eef5b5b9169353141440934d1
1f304.png	1F304.png	a76e06d25f480ad01cc26be128d8064b3498d4f8168433637c79c8325b24acad	a76e06d25f480ad01cc26be128d8064b3498d4f8168433637c79c8325b24acad
1f305.png	1F305.png	a512c70257a5a6d57802126c8d63fe54f7c14e383a3f9440da4599acea41c87c	a512c70257a5a6d57802126c8d63fe54f7c14e383a3f9440da4599acea41c87c
1f306.png	1F306.png	564984309bf9414b9d1c78ae475e1ff19b3f4858f5a627a067c197d7cee0893e	564984309bf9414b9d1c78ae475e1ff19b3f4858f5a627a067c197d7cee0893e
1f307.png	1F307.png	18c6cdc0b00eb9fad205b31f6a4f7cd4c0fd36d7f94c72926691e835d82aefc3	18c6cdc0b00eb9fad205b31f6a4f7cd4c0fd36d7f94c72926691e835d82aefc3
1f308.png	1F308.png	f4af5c34962c619204e998204f1d02deb04bf59d41e251f5a2edf3448852a1c7	f4af5c34962c619204e998204f1d02deb04bf59d41e251f5a2edf3448852a1c7
1f309.png	1F309.png	6599af2082b8819c088d7e906041bfc41ad7bef930cfbbd36f6370d713e136e9	6599af2082b8819c088d7e906041bfc41ad7bef930cfbbd36f6370d713e136e9
1f30a.png	1F30A.png	c1aeb885029d4f67dee9afd6687813f83de4dc344d4b967a6bd1f5ceebff99fc	c1aeb885029d4f67dee9afd6687813f83de4dc344d4b967a6bd1f5ceebff99fc
1f30b.png	1F30B.png	327220685ce36522276421238ab016ff6d9a4f30c03853ed56bb8a5d4d30ee0d	327220685ce36522276421238ab016ff6d9a4f30c03853ed56bb8a5d4d30ee0d
1f30c.png	1F30C.png	440bafa4385e6ed8ed27dea1cf53814aed3d88dd966be26d6d668133b17f6e12	440bafa4385e6ed8ed27dea1cf53814aed3d88dd966be26d6d668133b17f6e12
1f30d.png	1F30D.png	d578a9e2d9886448fd00b1dcc29d5432134bd0c29ea29be4e4bbdd1a59d4bbe7	d578a9e2d9886448fd00b1dcc29d5432134bd0c29ea29be4e4bbdd1a59d4bbe7
1f30e.png	1F30E.png	5858b9d61bfc6f1d130d1e582e0bd2b5023211266d1adc2550154e77e5a4ac81	5858b9d61bfc6f1d130d1e582e0bd2b5023211266d1adc2550154e77e5a4ac81
1f30f.png	1F30F.png	4fcb01dc7921c686897b35a18c2b679bb8ff416478600d591bd534a7e2d10f50	4fcb01dc7921c686897b35a18c2b679bb8ff416478600d591bd534a7e2d10f50
1f310.png	1F310.png	8d7cac3bde073de52088f11b247b369c6133fb5bf999fc98cf97145916035809	8d7cac3bde073de52088f11b247b369c6133fb5bf999fc98cf97145916035809
1f311.png	1F311.png	05b5ff6efefcd26c99d9aef35ac3fad54f875f9442bef05a75bbc3836254a92e	05b5ff6efefcd26c99d9aef35ac3fad54f875f9442bef05a75bbc3836254a92e
1f312.png	1F312.png	033ba42deaa1b98a428d292c7599e67256a60e4b6b3c12ed90f50e665e428865	033ba42deaa1b98a428d292c7599e67256a60e4b6b3c12ed90f50e665e428865
1f313.png	1F313.png	b47de953410837083033b65b5590f128b2a9f38500786efafa1be6a6462836c7	b47de953410837083033b65b5590f128b2a9f38500786efafa1be6a6462836c7
1f314.png	1F314.png	36e6eeba3d4592df478af7fcd26243d9fae2b9505918c28445b95d6cd642f429	36e6eeba3d4592df478af7fcd26243d9fae2b9505918c28445b95d6cd642f429
1f315.png	1F315.png	a59c33f4c2d905bbc2d4306ae465fbb0738817e889337579c3f6445caf8fc00a	a59c33f4c2d905bbc2d4306ae465fbb0738817e889337579c3f6445caf8fc00a
1f316.png	1F316.png	ad8babe6b98c81d01ec9352f090b2c00ce7b58aedf9d05fefd85331d9c645a9e	ad8babe6b98c81d01ec9352f090b2c00ce7b58aedf9d05fefd85331d9c645a9e
1f317.png	1F317.png	6737be9de4509763b04a76fb6292e4caaa1f06db2f9cc41f0ab949af00cab420	6737be9de4509763b04a76fb6292e4caaa1f06db2f9cc41f0ab949af00cab420
1f318.png	1F318.png	ae0c1a1e67e824ec08dca732574e292f89d34c196e2043c30e3821795e522a9e	ae0c1a1e67e824ec08dca732574e292f89d34c196e2043c30e3821795e522a9e
1f319.png	1F319.png	8878d12891b548b2824723611f4cf40eb44acbc2d50750ddaaa2baa9b0e6c88c	8878d12891b548b2824723611f4cf40eb44acbc2d50750ddaaa2baa9b0e6c88c
1f31a.png	1F31A.png	b909973e056f5d49b27fecd66bdd405a72a4620abd52c1aa13e4e9568a64148c	b909973e056f5d49b27fecd66bdd405a72a4620abd52c1aa13e4e9568a64148c
1f31b.png	1F31B.png	c136f16c6d8b7cb26a26f9e1882d9129a3eea1a3ad07aa20b8437fb75cc2c588	c136f16c6d8b7cb26a26f9e1882d9129a3eea1a3ad07aa20b8437fb75cc2c588
1f31c.png	1F31C.png	0bfe69ccfa4162f35a4a57ad0ac224cfcb10c520b551a622c90bbb56881c16fd	0bfe69ccfa4162f35a4a57ad0ac224cfcb10c520b551a622c90bbb56881c16fd
1f31d.png	1F31D.png	f62f53ebbd84224582ab0781bbe87b17da1e36802415adecc067da12b26157bb	f62f53ebbd84224582ab0781bbe87b17da1e36802415adecc067da12b26157bb
1f31e.png	1F31E.png	6b0417b11ab3f7e29d2a1577983f3abcddc7f3c945c18dbd3782642e3add2c04	6b0417b11ab3f7e29d2a1577983f3abcddc7f3c945c18dbd3782642e3add2c04
1f31f.png	1F31F.png	ecccd0dc299553bb3f8400beb23042eb103c6d8dfc070c099be53811cf8f091b	ecccd0dc299553bb3f8400beb23042eb103c6d8dfc070c099be53811cf8f091b
1f320.png	1F320.png	bfae1f9e9b6e5228517be0f53cd2c628aadac23c346a0711d93b496459108e89	bfae1f9e9b6e5228517be0f53cd2c628aadac23c346a0711d93b496459108e89
1f321.png	1F321.png	f09e52070177d57bd14eca4e2173487538682be5cb1a9daac3b3d7ebb569966b	f09e52070177d57bd14eca4e2173487538682be5cb1a9daac3b3d7ebb569966b
1f324.png	1F324.png	71dfcc6cff38d8b89dde8eaf1a134bdb12a9b763f66db77a7614823e7ae4b56a	71dfcc6cff38d8b89dde8eaf1a134bdb12a9b763f66db77a7614823e7ae4b56a
1f325.png	1F325.png	358421cd4f6f1c9f0920c49d2ff0f21f4f6212b5167dcec50e1f5e95e17d841b	358421cd4f6f1c9f0920c49d2ff0f21f4f6212b5167dcec50e1f5e95e17d841b
1f326.png	1F326.png	d9740e3ac89712c150edc3d7f6e1628f92a9362a4b840bf1f8b1a0dc4775b720	d9740e3ac89712c150edc3d7f6e1628f92a9362a4b840bf1f8b1a0dc4775b720
1f327.png	1F327.png	75869dfd7a81458f9f17ccae5d5e60a8c102810b805564097d398047559a9d93	75869dfd7a81458f9f17ccae5d5e60a8c102810b805564097d398047559a9d93
1f328.png	1F328.png	8f2af651172b9e071d32ebb25789dec14f4420d1e13c811d3ac1b20205839330	8f2af651172b9e071d32ebb25789dec14f4420d1e13c811d3ac1b20205839330
1f329.png	1F329.png	ad6fe21662b90f9e07be9ef13201b8e7a1a0a3abeac391ecf67783c8a009fff8	ad6fe21662b90f9e07be9ef13201b8e7a1a0a3abeac391ecf67783c8a009fff8
1f32a.png	1F32A.png	d0b384688e4a3acc60e00847306c201d39d8f859f5da7beae1968805bda3c0c8	d0b384688e4a3acc60e00847306c201d39d8f859f5da7beae1968805bda3c0c8
1f32b.png	1F32B.png	7a4d26dd089560e405ad4f3a215733a0073681294677a8f05e515bcc7d9ac438	7a4d26dd089560e405ad4f3a215733a0073681294677a8f05e515bcc7d9ac438
1f32c.png	1F32C.png	e4658e8e615eed36ba06c66725e0bd5b8c9efdc02d28d5624f1cd5eb84467c8a	e4658e8e615eed36ba06c66725e0bd5b8c9efdc02d28d5624f1cd5eb84467c8a
1f32d.png	1F32D.png	8a9ac687ae20efd4dd01f15d1a25d040c14a120cec55a1bce3047b710fa7a7ce	8a9ac687ae20efd4dd01f15d1a25d040c14a120cec55a1bce3047b710fa7a7ce
1f32e.png	1F32E.png	e2db7fab3235a3163f6b7a28b84e797222ef8e4433bf885dde31b57a3df0a611	e2db7fab3235a3163f6b7a28b84e797222ef8e4433bf885dde31b57a3df0a611
1f32f.png	1F32F.png	048199122cbe66ce1ee42eb0b7df2eccd998f9cf434c787aa57c28bdb0920ba6	048199122cbe66ce1ee42eb0b7df2eccd998f9cf434c787aa57c28bdb0920ba6
1f330.png	1F330.png	8710afc3ad4b05fcf4b7b3509a355e0971ec969d8d6fae4b3fdefffd1fb85b6d	8710afc3ad4b05fcf4b7b3509a355e0971ec969d8d6fae4b3fdefffd1fb85b6d
1f331.png	1F331.png	0d9e9bb8250cdeac60aeddefe1d55d22101de135e15e32ededc2a49f51c00292	0d9e9bb8250cdeac60aeddefe1d55d22101de135e15e32ededc2a49f51c00292
1f332.png	1F332.png	adc4345042e9414cb0bc80490fa1b61eca461ab51026f7366f87c6b8f25b0aca	adc4345042e9414cb0bc80490fa1b61eca461ab51026f7366f87c6b8f25b0aca
1f333.png	1F333.png	df5a185390d7188e588a2289b018fc3ecdf1d07ff91b76746380d7442076450d	df5a185390d7188e588a2289b018fc3ecdf1d07ff91b76746380d7442076450d
1f334.png	1F334.png	e42b57f944c99ef6ed3fe0cfa4cb84e00f13ab19ba8d4569b5b7bf2faa7e01b6	e42b57f944c99ef6ed3fe0cfa4cb84e00f13ab19ba8d4569b5b7bf2faa7e01b6
1f335.png	1F335.png	eade4ab7f75019bbe1a0ed70d2d98bf34a0f83daf4e96c33ede1703573237d49	eade4ab7f75019bbe1a0ed70d2d98bf34a0f83daf4e96c33ede1703573237d49
1f336.png	1F336.png	fab33d1933ce94e713c32f8f71f34668ba3ae102902b98be566ab96f0013f87f	fab33d1933ce94e713c32f8f71f34668ba3ae102902b98be566ab96f0013f87f
1f337.png	1F337.png	eb0a76ced696347e40e757f7aeb53da1ecb8f3a623747a15305efa54fb9ab82a	eb0a76ced696347e40e757f7aeb53da1ecb8f3a623747a15305efa54fb9ab82a
1f338.png	1F338.png	40cd90f633fbf31bb8b91935229a8751ff4891337cdfba366139f3247e0d992a	40cd90f633fbf31bb8b91935229a8751ff4891337cdfba366139f3247e0d992a
1f339.png	1F339.png	a095c8259b716277cb6bd27013c5df86eba249242d73664c0925b2cf20f94d04	a095c8259b716277cb6bd27013c5df86eba249242d73664c0925b2cf20f94d04
1f33a.png	1F33A.png	9a7c847fc31f7617012fd31a9aa0eb0cc8c572e5bc50116eeddc6569aefdec01	9a7c847fc31f7617012fd31a9aa0eb0cc8c572e5bc50116eeddc6569aefdec01
1f33b.png	1F33B.png	3eeafb9eaf1a0be1c13dbaee7d34badd62796661993c9ff401f5d3c5fa6c598f	3eeafb9eaf1a0be1c13dbaee7d34badd62796661993c9ff401f5d3c5fa6c598f
1f33c.png	1F33C.png	571404182a0e67d46ffd755ce9fc1bc68c999e74bf06174c4c4197a66e4d80eb	571404182a0e67d46ffd755ce9fc1bc68c999e74bf06174c4c4197a66e4d80eb
1f33d.png	1F33D.png	d414bcbd36ead2eaae7fb4f758bc18009e16f648aed158917112046f50f48039	d414bcbd36ead2eaae7fb4f758bc18009e16f648aed158917112046f50f48039
1f33e.png	1F33E.png	5dcd51bd9c50df9c649ebd3576194fc602fff782644b61dc3355beb27e40896c	5dcd51bd9c50df9c649ebd3576194fc602fff782644b61dc3355beb27e40896c
1f33f.png	1F33F.png	e583d914beaa273e9f4381553e467826526c164e9eaa6e32c9e92e9fcc603fe4	e583d914beaa273e9f4381553e467826526c164e9eaa6e32c9e92e9fcc603fe4
1f340.png	1F340.png	3517c9f4127e4e6ee37db71f068896635003561f5c5feaf7be71f70bbc7c8dc9	3517c9f4127e4e6ee37db71f068896635003561f5c5feaf7be71f70bbc7c8dc9
1f341.png	1F341.png	929deac2dcd6075018d868aa8a04f0bc93e00e37eca18c5b94dddb311c8f99db	929deac2dcd6075018d868aa8a04f0bc93e00e37eca18c5b94dddb311c8f99db
1f342.png	1F342.png	bf663b1ad1273a8c389d73437c2b1decef50879f8097f9b0d7abd95e23dbee08	bf663b1ad1273a8c389d73437c2b1decef50879f8097f9b0d7abd95e23dbee08
1f343.png	1F343.png	d8c8e1d8df3e6887061012c7781560b0abfd6427f6117b59f112c984b22bdf2d	d8c8e1d8df3e6887061012c7781560b0abfd6427f6117b59f112c984b22bdf2d
1f344.png	1F344.png	11e77474a5ebe6244f10a5274fc895a5be911e8d6037ecde9e46598d710d2d77	11e77474a5ebe6244f10a5274fc895a5be911e8d6037ecde9e46598d710d2d77
1f344-200d-1f7eb.png	1F344-200D-1F7EB.png	cd6d384563ecf4b0d6599044fd2d7c29f606ce13a41c59a914735d67af45c0a4	cd6d384563ecf4b0d6599044fd2d7c29f606ce13a41c59a914735d67af45c0a4
1f345.png	1F345.png	3a8478c7659c24e0a6a265adea714dd464abbdc8df954db09b358f5569416d06	3a8478c7659c24e0a6a265adea714dd464abbdc8df954db09b358f5569416d06
1f346.png	1F346.png	0050ee06e52fe15fb47de8912da6a1e6843c44d66514902da1dcf9f7efca3b6d	0050ee06e52fe15fb47de8912da6a1e6843c44d66514902da1dcf9f7efca3b6d
1f347.png	1F347.png	de2eb2a06a31e7347645960c1742611a1544542819057ab23af7ea914acea149	de2eb2a06a31e7347645960c1742611a1544542819057ab23af7ea914acea149
1f348.png	1F348.png	7ec117ef4623776c13b4e516138932a7c4c90daef7ed63842007036a64c635bb	7ec117ef4623776c13b4e516138932a7c4c90daef7ed63842007036a64c635bb
1f349.png	1F349.png	d9c4cf69460e7ecd977fca7c7721e77368017a360f3a297effcb9c5f938dd9d8	d9c4cf69460e7ecd977fca7c7721e77368017a360f3a297effcb9c5f938dd9d8
1f34a.png	1F34A.png	bffa16eeec2d8f2ba86d5e6c06c1ce7c129ac4cb59fa0c6f38cb261810146db1	bffa16eeec2d8f2ba86d5e6c06c1ce7c129ac4cb59fa0c6f38cb261810146db1
1f34b.png	1F34B.png	7cb3190e93dbea9d317ec06f92e15d0fd5d41bec7f0f946029f86a735860306f	7cb3190e93dbea9d317ec06f92e15d0fd5d41bec7f0f946029f86a735860306f
1f34b-200d-1f7e9.png	1F34B-200D-1F7E9.png	020049248f0f25f3f9f17bc489748d0454e5ba899d0a42e7ab4c9e6ffc9d6fdb	020049248f0f25f3f9f17bc489748d0454e5ba899d0a42e7ab4c9e6ffc9d6fdb
1f34c.png	1F34C.png	81400d32fe5ebc67dffdf277bd54e0618a6c9aef599c0698229426bdc4636893	81400d32fe5ebc67dffdf277bd54e0618a6c9aef599c0698229426bdc4636893
1f34d.png	1F34D.png	4e35e0ed21c9ba63de302924bdf7e1bc5e00f71ae7ae1bf58b379eea9da516f2	4e35e0ed21c9ba63de302924bdf7e1bc5e00f71ae7ae1bf58b379eea9da516f2
1f34e.png	1F34E.png	c29423478103e297664519a8b13525bb3218f60d8961fe4ba4d3427b44f47ed6	c29423478103e297664519a8b13525bb3218f60d8961fe4ba4d3427b44f47ed6
1f34f.png	1F34F.png	4f253e63727e2b578a24fc3f486261cb06d1a692f217b8592cbcc42ab840ca07	4f253e63727e2b578a24fc3f486261cb06d1a692f217b8592cbcc42ab840ca07
1f350.png	1F350.png	9da4b51f6067593feaeecd8307a00fbddf62760a7505054746103fb453ddce55	9da4b51f6067593feaeecd8307a00fbddf62760a7505054746103fb453ddce55
1f351.png	1F351.png	17d762399a568a4a4ea49833ee0ecb04931275d44a536ba2d19f413aaee93358	17d762399a568a4a4ea49833ee0ecb04931275d44a536ba2d19f413aaee93358
1f352.png	1F352.png	da2a029b7b76363fdbc6475738cf3f708b139f8d90efdfd4741d3da9dce15ee4	da2a029b7b76363fdbc6475738cf3f708b139f8d90efdfd4741d3da9dce15ee4
1f353.png	1F353.png	0e651ad7fee70b84a8ce6bc0556d8252f8e8fb898681816edc6a9ed1d73e99db	0e651ad7fee70b84a8ce6bc0556d8252f8e8fb898681816edc6a9ed1d73e99db
1f354.png	1F354.png	45a09e261619d36ae7b4990c55fd71870b09c7ecc830aad2e7981bef67fdaa80	45a09e261619d36ae7b4990c55fd71870b09c7ecc830aad2e7981bef67fdaa80
1f355.png	1F355.png	3abd5a79bd0d7174a19207a579da0dedc7cdff29af379cd355397f6d26c8a8ab	3abd5a79bd0d7174a19207a579da0dedc7cdff29af379cd355397f6d26c8a8ab
1f356.png	1F356.png	a6467b23df73d410dec4700fa2dd36fc17697270c53c0bec396e8ed47b85b250	a6467b23df73d410dec4700fa2dd36fc17697270c53c0bec396e8ed47b85b250
1f357.png	1F357.png	756136eb471bf53e153ecaa3f2743ad6b7b8e373c4c19e6f4c22a360f1eaf9f7	756136eb471bf53e153ecaa3f2743ad6b7b8e373c4c19e6f4c22a360f1eaf9f7
1f358.png	1F358.png	5ed5371b8f687875eef44664c67644040091a7808c9cdab6ac100f9429cd915a	5ed5371b8f687875eef44664c67644040091a7808c9cdab6ac100f9429cd915a
1f359.png	1F359.png	17c452413a6678a2007a82ff999e379dd2d5b167e5b4fab5ee6162eb19f51fae	17c452413a6678a2007a82ff999e379dd2d5b167e5b4fab5ee6162eb19f51fae
1f35a.png	1F35A.png	68b28cbf26a7e5e0a39d29732d9c2c9752261c00f06a44e56b2a6db1ae23be99	68b28cbf26a7e5e0a39d29732d9c2c9752261c00f06a44e56b2a6db1ae23be99
1f35b.png	1F35B.png	1c63cc4d336eac0a18ed317edf2f88395beb28edf0435b0ef28332e0021ee74c	1c63cc4d336eac0a18ed317edf2f88395beb28edf0435b0ef28332e0021ee74c
1f35c.png	1F35C.png	e4488bd670f95c72a17e8c6332ebc761137544f137f10a2257738b49870d7f15	e4488bd670f95c72a17e8c6332ebc761137544f137f10a2257738b49870d7f15
1f35d.png	1F35D.png	40977788da1972009fc1ac1c3f0f73b5275cc008493cedb832beb59f5c17f7f7	40977788da1972009fc1ac1c3f0f73b5275cc008493cedb832beb59f5c17f7f7
1f35e.png	1F35E.png	53dd52d1113f26bf9ca1fce123e3b9c6e1e924b0ed57847d105eb31dd1b0ea83	53dd52d1113f26bf9ca1fce123e3b9c6e1e924b0ed57847d105eb31dd1b0ea83
1f35f.png	1F35F.png	18a8ec35ef0d1486df60cdc36d380e79f15975bbad9bba65e714b03bac453920	18a8ec35ef0d1486df60cdc36d380e79f15975bbad9bba65e714b03bac453920
1f360.png	1F360.png	504b54ddb856a6a20b3f0275f0f30b1b9c626df46c6f312ca73a17f4a7d9e1ea	504b54ddb856a6a20b3f0275f0f30b1b9c626df46c6f312ca73a17f4a7d9e1ea
1f361.png	1F361.png	0783c5491dcca57663c438dd63cd4e682a15d2a877cf4bdc8a3cfbd824b4e7d5	0783c5491dcca57663c438dd63cd4e682a15d2a877cf4bdc8a3cfbd824b4e7d5
1f362.png	1F362.png	24ccaddd240697136e5675d9583dcc059461ec3a0f2530ee11495f5497e4a990	24ccaddd240697136e5675d9583dcc059461ec3a0f2530ee11495f5497e4a990
1f363.png	1F363.png	5c57c601b2c4a0e23eaa89dfeb5214ec4db7925e9e7a2953e44a69504dcaadf9	5c57c601b2c4a0e23eaa89dfeb5214ec4db7925e9e7a2953e44a69504dcaadf9
1f364.png	1F364.png	e541336e06abaec6baf64facd5098ef000d6691777bd86b865af292d73476de9	e541336e06abaec6baf64facd5098ef000d6691777bd86b865af292d73476de9
1f365.png	1F365.png	9661db98528ea4e2e55d9acd499b06b15cfa7abbcc973f4f270c065d2538ebd2	9661db98528ea4e2e55d9acd499b06b15cfa7abbcc973f4f270c065d2538ebd2
1f366.png	1F366.png	ae600c147187bce83a9ba6efc830db648e3c054233b1b48c4de2de96de4de22f	ae600c147187bce83a9ba6efc830db648e3c054233b1b48c4de2de96de4de22f
1f367.png	1F367.png	538053ce7bfb2526c886dcb564c4cec3523ae85284eab9ae949fa6576baae20f	538053ce7bfb2526c886dcb564c4cec3523ae85284eab9ae949fa6576baae20f
1f368.png	1F368.png	50cf69b2e940438e985cadc2789b98b73c21f112a44dfd9e17108bb21d18c118	50cf69b2e940438e985cadc2789b98b73c21f112a44dfd9e17108bb21d18c118
1f369.png	1F369.png	cd06b283ddf7c3a63275b4a86140a5fbf244fd3122929f049dc237c8eaf9d513	cd06b283ddf7c3a63275b4a86140a5fbf244fd3122929f049dc237c8eaf9d513
1f36a.png	1F36A.png	1c240c5c0ce837b7ddb987786fed85395a3864dfa2da4626b75713c44959ab7a	1c240c5c0ce837b7ddb987786fed85395a3864dfa2da4626b75713c44959ab7a
1f36b.png	1F36B.png	934072684206984c4378de530e0e9bd5fabc41917e8abb6c3a2308545fdd3292	934072684206984c4378de530e0e9bd5fabc41917e8abb6c3a2308545fdd3292
1f36c.png	1F36C.png	bfafd480ad5c6e38fd8ba71464ca9f54e399292252760035b25169ea694586e8	bfafd480ad5c6e38fd8ba71464ca9f54e399292252760035b25169ea694586e8
1f36d.png	1F36D.png	2cf803db1ee6dbbf75accfd96f5f2e9ef96ba3b7246c615210ec197b9ed10bb9	2cf803db1ee6dbbf75accfd96f5f2e9ef96ba3b7246c615210ec197b9ed10bb9
1f36e.png	1F36E.png	ca26031ada09321a3edf0e8a1672b13ba6b2fadd9777494c8351bd3bda0fb9ef	ca26031ada09321a3edf0e8a1672b13ba6b2fadd9777494c8351bd3bda0fb9ef
1f36f.png	1F36F.png	54ecca62cae6409cb7dcdb7f5866086efdaa029ae95845db520a537c9340580e	54ecca62cae6409cb7dcdb7f5866086efdaa029ae95845db520a537c9340580e
1f370.png	1F370.png	e8bd1391c6efca226327d38812b7450d0ce77192f74dd3c228ee07702c17d583	e8bd1391c6efca226327d38812b7450d0ce77192f74dd3c228ee07702c17d583
1f371.png	1F371.png	dcf4c86bed561259f16cadd049c5c3c272d276cf500a8ac2feed3591efccd7c7	dcf4c86bed561259f16cadd049c5c3c272d276cf500a8ac2feed3591efccd7c7
1f372.png	1F372.png	4917b2a9ec5a3fe6d227c988c1ee396a9c32f9877801401c818ab8f03af8e72a	4917b2a9ec5a3fe6d227c988c1ee396a9c32f9877801401c818ab8f03af8e72a
1f373.png	1F373.png	042ffe317bad93a8f570e9316005f34c515e84c2c852e8717469b620bcdd8062	042ffe317bad93a8f570e9316005f34c515e84c2c852e8717469b620bcdd8062
1f374.png	1F374.png	dc0b1aaae506fdcd414088ef272843331eb1cd7df55a220e77f1a82dc4c0116b	dc0b1aaae506fdcd414088ef272843331eb1cd7df55a220e77f1a82dc4c0116b
1f375.png	1F375.png	04a6a591de1999af1a4db8a414fc125236d472af06befa408392a182d15b0283	04a6a591de1999af1a4db8a414fc125236d472af06befa408392a182d15b0283
1f376.png	1F376.png	d5269da06980af4a127f5787bf474f74f5b4e6dfa30bd08962be5856ece02347	d5269da06980af4a127f5787bf474f74f5b4e6dfa30bd08962be5856ece02347
1f377.png	1F377.png	ab15ffba67a96d8e474a05d6b89f44485733e3aa1b92a085b358552d04fceb73	ab15ffba67a96d8e474a05d6b89f44485733e3aa1b92a085b358552d04fceb73
1f378.png	1F378.png	8767b248a4e4c26f0a4ca1d1b1592f102960f4e8e89aa7df89bd20d0e12627bb	8767b248a4e4c26f0a4ca1d1b1592f102960f4e8e89aa7df89bd20d0e12627bb
1f379.png	1F379.png	fab41d86d7e78056df2fa7b6528bd6c6dac0a7abedbeb0cf4c7fa423b82f3160	fab41d86d7e78056df2fa7b6528bd6c6dac0a7abedbeb0cf4c7fa423b82f3160
1f37a.png	1F37A.png	2622ac24f7b542c6b25333051aca7ec138b9714ca70718f0daffbd7b418d46cf	2622ac24f7b542c6b25333051aca7ec138b9714ca70718f0daffbd7b418d46cf
1f37b.png	1F37B.png	38c2e0d76d1e6701fdada0d7937d81e47ccc72ec51975ebe39fde53b725f2d46	38c2e0d76d1e6701fdada0d7937d81e47ccc72ec51975ebe39fde53b725f2d46
1f37c.png	1F37C.png	5c0f14ac1de9f40103220b2aa8425894a46d5c9feb8c2f9a407d7b9f14f923f3	5c0f14ac1de9f40103220b2aa8425894a46d5c9feb8c2f9a407d7b9f14f923f3
1f37d.png	1F37D.png	d86959c889437b13ffb4e40ed01606ac1c569ac9cf9966917b6b1c03078ea896	d86959c889437b13ffb4e40ed01606ac1c569ac9cf9966917b6b1c03078ea896
1f37e.png	1F37E.png	f10cea13bbbf131ee9c7723e999c0ffde42ca70eeb785cca7f162613abb8833c	f10cea13bbbf131ee9c7723e999c0ffde42ca70eeb785cca7f162613abb8833c
1f37f.png	1F37F.png	5d9f2ce91e88f27683b18c79530f0e08d128fa13d856e6fab9bf2329ab618039	5d9f2ce91e88f27683b18c79530f0e08d128fa13d856e6fab9bf2329ab618039
1f380.png	1F380.png	93fc52b6b23ea2be3f68f61873ada433c2b39bc9777add30c6917aa10fd88762	93fc52b6b23ea2be3f68f61873ada433c2b39bc9777add30c6917aa10fd88762
1f381.png	1F381.png	589cc851d44b7c9aacf5c2ddb14173511fc4d4c7370cd96bcff7a63b5772d58a	589cc851d44b7c9aacf5c2ddb14173511fc4d4c7370cd96bcff7a63b5772d58a
1f382.png	1F382.png	0624b012cf3d939bd33c2295b135b765d91fb6009a27659749abeda5c1514eeb	0624b012cf3d939bd33c2295b135b765d91fb6009a27659749abeda5c1514eeb
1f383.png	1F383.png	f39fef972511d013ebdc5d3a74f7ffa2a57e0e021264bcf3aa7e331e17f67425	f39fef972511d013ebdc5d3a74f7ffa2a57e0e021264bcf3aa7e331e17f67425
1f384.png	1F384.png	19c165ce252097bc515cf82f61f9140983e5ef31407e2ea8ce7070cead0f8761	19c165ce252097bc515cf82f61f9140983e5ef31407e2ea8ce7070cead0f8761
1f385.png	1F385.png	8718320cfa9c6070de1a86146debccf58f3fcd4c3d8d2751485756f8401beaa6	8718320cfa9c6070de1a86146debccf58f3fcd4c3d8d2751485756f8401beaa6
1f385-1f3fb.png	1F385-1F3FB.png	6f005a8e79a83ad5ea6561956a1009ce3b824ce5a48da389ec6ea84f4d0f1ba3	6f005a8e79a83ad5ea6561956a1009ce3b824ce5a48da389ec6ea84f4d0f1ba3
1f385-1f3fc.png	1F385-1F3FC.png	a4e4b5a99e513fdd164a3b69724e49b54b49a0053e382663aa2bcd2d04abca80	a4e4b5a99e513fdd164a3b69724e49b54b49a0053e382663aa2bcd2d04abca80
1f385-1f3fd.png	1F385-1F3FD.png	82bbf13730827b5c9dd792eec344db648bffd8523224c59a212edc4660470035	82bbf13730827b5c9dd792eec344db648bffd8523224c59a212edc4660470035
1f385-1f3fe.png	1F385-1F3FE.png	5b44b60c5a8f4431842940e61edaa59a76fe1070cf4c85d0ad3aafa51cd8b24e	5b44b60c5a8f4431842940e61edaa59a76fe1070cf4c85d0ad3aafa51cd8b24e
1f385-1f3ff.png	1F385-1F3FF.png	3f8bdc3fdfc2ac2d19ec6fa56ead0659cfd2a4e0bcf918c9177e9f51e3eb85e7	3f8bdc3fdfc2ac2d19ec6fa56ead0659cfd2a4e0bcf918c9177e9f51e3eb85e7
1f386.png	1F386.png	972e3ed4c8a5a4f36ff9cd62f880057db3e217c9788503bd9c4a1b215c3b2bd7	972e3ed4c8a5a4f36ff9cd62f880057db3e217c9788503bd9c4a1b215c3b2bd7
1f387.png	1F387.png	cb3e80af7a131d77d9d78cdb3e4087f3497727e869709693f5e1ebf5f937548e	cb3e80af7a131d77d9d78cdb3e4087f3497727e869709693f5e1ebf5f937548e
1f388.png	1F388.png	6a3990ea7036c23a97033dd79e6b0d87b343e11cb696a808b757266b7e4fe855	6a3990ea7036c23a97033dd79e6b0d87b343e11cb696a808b757266b7e4fe855
1f389.png	1F389.png	58fbbfb2f0aca01c4a874788da4d055193433ccb33c6c22f3a7eeb56122c2019	58fbbfb2f0aca01c4a874788da4d055193433ccb33c6c22f3a7eeb56122c2019
1f38a.png	1F38A.png	ce1691ce830474425df04d8faf922a386b14e2f0f22a1cf99301894000ade214	ce1691ce830474425df04d8faf922a386b14e2f0f22a1cf99301894000ade214
1f38b.png	1F38B.png	45858f80a62305a466f3ad0f9d9a4074eeb3953972b8ef7c697eab25808733df	45858f80a62305a466f3ad0f9d9a4074eeb3953972b8ef7c697eab25808733df
1f38c.png	1F38C.png	a274be441033b06c12a294f38f40f3353056db1e32d225d12f2efe5f332ae4d9	a274be441033b06c12a294f38f40f3353056db1e32d225d12f2efe5f332ae4d9
1f38d.png	1F38D.png	96b2813a251c4accd6e99b6f5aa68274531c1cbdf3f416a315e06df4d3db4ba0	96b2813a251c4accd6e99b6f5aa68274531c1cbdf3f416a315e06df4d3db4ba0
1f38e.png	1F38E.png	99b2f70fb1a0fed09f4f15f5d76a8e66af5df7912db42c9fa0648879ea37ab8c	99b2f70fb1a0fed09f4f15f5d76a8e66af5df7912db42c9fa0648879ea37ab8c
1f38f.png	1F38F.png	00b3ec6ade3a8dec36c32a3352b124e357fd9caf4e615c4df566475d85802e8b	00b3ec6ade3a8dec36c32a3352b124e357fd9caf4e615c4df566475d85802e8b
1f390.png	1F390.png	43a88f96bd40133c5e002571684c990f84d082553d9aeff06cdd78bb1b538404	43a88f96bd40133c5e002571684c990f84d082553d9aeff06cdd78bb1b538404
1f391.png	1F391.png	9f3da4d24971c54c267ed3bae45b2895faac1b8f897aa453ff5df94e3db8f697	9f3da4d24971c54c267ed3bae45b2895faac1b8f897aa453ff5df94e3db8f697
1f392.png	1F392.png	ff5c6f9debf72693f40dd5f4cba541e1e3c7e32d8357a78bdf0ad23444f10551	ff5c6f9debf72693f40dd5f4cba541e1e3c7e32d8357a78bdf0ad23444f10551
1f393.png	1F393.png	16d3d8c64639c8e4c590590dfff201dd780052ba5c6e9f2a5ec75c80596b1b3c	16d3d8c64639c8e4c590590dfff201dd780052ba5c6e9f2a5ec75c80596b1b3c
1f396.png	1F396.png	2c864f24529765abd168a65331fbf5df303ad15ad0cef16f0e824ce499bbc69f	2c864f24529765abd168a65331fbf5df303ad15ad0cef16f0e824ce499bbc69f
1f397.png	1F397.png	d03f36ad60dd1e52a3bc1943a95d2fdbdc14e6ea4d42871ca0a8a8e9e401f50e	d03f36ad60dd1e52a3bc1943a95d2fdbdc14e6ea4d42871ca0a8a8e9e401f50e
1f399.png	1F399.png	9b28ef55e4e3c4f5f71279da6a0be9d1c7928a7acefdd6cc46a49a7d5357a064	9b28ef55e4e3c4f5f71279da6a0be9d1c7928a7acefdd6cc46a49a7d5357a064
1f39a.png	1F39A.png	3bf653e18744595c115f7dd057df03662dd2afc28383c502c08c1e8f62e0a0d2	3bf653e18744595c115f7dd057df03662dd2afc28383c502c08c1e8f62e0a0d2
1f39b.png	1F39B.png	43651b646206f52bd67f4b0891bcabcdac6224adb6ed455ec0f152000cee70c3	43651b646206f52bd67f4b0891bcabcdac6224adb6ed455ec0f152000cee70c3
1f39e.png	1F39E.png	241903aaa162a62cbf89ec8c648ee6b78c6688ee08943d34eb0f4b9085b42ef1	241903aaa162a62cbf89ec8c648ee6b78c6688ee08943d34eb0f4b9085b42ef1
1f39f.png	1F39F.png	4ff92258bd416a5195df7f0d78242bd30af9e8f2dc1b99d3583f3045c1d1b86c	4ff92258bd416a5195df7f0d78242bd30af9e8f2dc1b99d3583f3045c1d1b86c
1f3a0.png	1F3A0.png	6af77ec55c37d95312329025cfd62e5a59f6b51ce8b71c1cb51a5f2eb6a7f7e7	6af77ec55c37d95312329025cfd62e5a59f6b51ce8b71c1cb51a5f2eb6a7f7e7
1f3a1.png	1F3A1.png	847c754023a06c03c8a080f6dd26a1d1ade3bf51a581db5d3946fc57b6f1e2f0	847c754023a06c03c8a080f6dd26a1d1ade3bf51a581db5d3946fc57b6f1e2f0
1f3a2.png	1F3A2.png	e88e584a311a1cc595b733c18cc1686c3fa97f7eae1f864d4465cf85a5d2de90	e88e584a311a1cc595b733c18cc1686c3fa97f7eae1f864d4465cf85a5d2de90
1f3a3.png	1F3A3.png	ab27073170ae96cfbda6387f16a865ea485608212b3bc0898125f5daa015c5d6	ab27073170ae96cfbda6387f16a865ea485608212b3bc0898125f5daa015c5d6
1f3a4.png	1F3A4.png	c3ea83c73c8e7ca098cf493b0e251e04cd6c64c67fec1edd89ecaaa3e695ccc5	c3ea83c73c8e7ca098cf493b0e251e04cd6c64c67fec1edd89ecaaa3e695ccc5
1f3a5.png	1F3A5.png	82e7ac84b4cd1b8f6fb238f313d0356d63dccdd73742a7a298c78b67fdac6c87	82e7ac84b4cd1b8f6fb238f313d0356d63dccdd73742a7a298c78b67fdac6c87
1f3a6.png	1F3A6.png	2b73c5ebd2cc678e3e7d107e1f60269b9267d276ce1da8467a00fe73452fb465	2b73c5ebd2cc678e3e7d107e1f60269b9267d276ce1da8467a00fe73452fb465
1f3a7.png	1F3A7.png	2b001dd8396400499bf8581cdf6078e022f3740edf1768e919fb6b899c06045c	2b001dd8396400499bf8581cdf6078e022f3740edf1768e919fb6b899c06045c
1f3a8.png	1F3A8.png	8c160e7ec2821eaf9d4992b0c2a70e35d2948d194624bb83f55b0b6214b43417	8c160e7ec2821eaf9d4992b0c2a70e35d2948d194624bb83f55b0b6214b43417
1f3a9.png	1F3A9.png	fb8677f7353b72e3efebfefe7047c20f42eb682d7f78443464cd8ced283615dc	fb8677f7353b72e3efebfefe7047c20f42eb682d7f78443464cd8ced283615dc
1f3aa.png	1F3AA.png	98feb36839a241d339d265a1b9c0940200e2dbae9cf1b238b2427017d3b8e469	98feb36839a241d339d265a1b9c0940200e2dbae9cf1b238b2427017d3b8e469
1f3ab.png	1F3AB.png	2385cc69eda8003449aa8cac171f796196727fc5995687d56b094a50f1a8410c	2385cc69eda8003449aa8cac171f796196727fc5995687d56b094a50f1a8410c
1f3ac.png	1F3AC.png	1dede35547843f4d5a638246f07597313fd136f5adcfb70cd92e2934d72df6d0	1dede35547843f4d5a638246f07597313fd136f5adcfb70cd92e2934d72df6d0
1f3ad.png	1F3AD.png	92d9aebff3ea1fbec3219f23f70d4c5a4fb6a1ac4abef08c76837bd40487f958	92d9aebff3ea1fbec3219f23f70d4c5a4fb6a1ac4abef08c76837bd40487f958
1f3ae.png	1F3AE.png	814276acdfdb1a31b1893bcd2d4c77de74584488fa071be31e4db72a40c7cdc8	814276acdfdb1a31b1893bcd2d4c77de74584488fa071be31e4db72a40c7cdc8
1f3af.png	1F3AF.png	7e7953374a4d957cdce63c30ef7dc41a86adc2b43a1206506f3538eb465a43a0	7e7953374a4d957cdce63c30ef7dc41a86adc2b43a1206506f3538eb465a43a0
1f3b0.png	1F3B0.png	da8063d9646d8a3ea7f9c57fb639c174df7034b0418eaa00154bc71745ff45cf	da8063d9646d8a3ea7f9c57fb639c174df7034b0418eaa00154bc71745ff45cf
1f3b1.png	1F3B1.png	ac31aaaf7a59dd8c92ef4a039421d1e49d20248c45e9a9ab3f21751abd1b2438	ac31aaaf7a59dd8c92ef4a039421d1e49d20248c45e9a9ab3f21751abd1b2438
1f3b2.png	1F3B2.png	c1dd4741b5010e21e33446c312b14398ec8f51fd56c4f37be0505bb617881220	c1dd4741b5010e21e33446c312b14398ec8f51fd56c4f37be0505bb617881220
1f3b3.png	1F3B3.png	0fd0c12f90e0d375936994e3deb1281fbd5c8fb87dae99dabe7118db1e39c6de	0fd0c12f90e0d375936994e3deb1281fbd5c8fb87dae99dabe7118db1e39c6de
1f3b4.png	1F3B4.png	9d2725d08c54018d2221051cb092e91569e18cc4d2a974a2c7d6b5ce3b3f8ff1	9d2725d08c54018d2221051cb092e91569e18cc4d2a974a2c7d6b5ce3b3f8ff1
1f3b5.png	1F3B5.png	2384d94801cf9b694f5ab20f44e1891ef6a97609345b97b80e25142ee1d72132	2384d94801cf9b694f5ab20f44e1891ef6a97609345b97b80e25142ee1d72132
1f3b6.png	1F3B6.png	1e0778e53ae72c5db23938c0005b7820f2d1874b2350696ac302543fb120f4d4	1e0778e53ae72c5db23938c0005b7820f2d1874b2350696ac302543fb120f4d4
1f3b7.png	1F3B7.png	7c105c76ee7d15b9fe92db20cee23a41c497d869a4afb904b5930477e83b7a58	7c105c76ee7d15b9fe92db20cee23a41c497d869a4afb904b5930477e83b7a58
1f3b8.png	1F3B8.png	e1fd74e78c0848c97dfe88c81ac1a0871575eb5e458e881f02ec66bb6709319b	e1fd74e78c0848c97dfe88c81ac1a0871575eb5e458e881f02ec66bb6709319b
1f3b9.png	1F3B9.png	b3ae848c7417c719c38b11aa6d0d0355dd2186d515cd5a9f28562e914e020801	b3ae848c7417c719c38b11aa6d0d0355dd2186d515cd5a9f28562e914e020801
1f3ba.png	1F3BA.png	43a07983b39c4ec5781a972693aacb569295cf27d80bf928e9cf29423da3deca	43a07983b39c4ec5781a972693aacb569295cf27d80bf928e9cf29423da3deca
1f3bb.png	1F3BB.png	a253f1231f9e8111874e3e5d0d07ee26f7d9fdcdeb803c285e8ba3b30e8fcebe	a253f1231f9e8111874e3e5d0d07ee26f7d9fdcdeb803c285e8ba3b30e8fcebe
1f3bc.png	1F3BC.png	09492a96f6fe215cf48c955f80546932e788bd8099bf1c495cec6836a4789474	09492a96f6fe215cf48c955f80546932e788bd8099bf1c495cec6836a4789474
1f3bd.png	1F3BD.png	8478933e6ea56f5079183170a1c8f7023e49185cad3f3ed9d6d8a8bab1d7a313	8478933e6ea56f5079183170a1c8f7023e49185cad3f3ed9d6d8a8bab1d7a313
1f3be.png	1F3BE.png	39bf4a771c36d3bb844bdf65978c81567e7687d702379cf2885c898ef716a12c	39bf4a771c36d3bb844bdf65978c81567e7687d702379cf2885c898ef716a12c
1f3bf.png	1F3BF.png	5a5cdab9fc774a09a37d8a209dc2eb7c054969659c08ce04293d8b2759503529	5a5cdab9fc774a09a37d8a209dc2eb7c054969659c08ce04293d8b2759503529
1f3c0.png	1F3C0.png	a4af10ba5157e136c2882081d5ec27920b3fec2da9ee5449203720ed00da51d1	a4af10ba5157e136c2882081d5ec27920b3fec2da9ee5449203720ed00da51d1
1f3c1.png	1F3C1.png	a77c64f711989269d3ba717004b7d15bc6b7af4b3ecadb2631101e2f93187cea	a77c64f711989269d3ba717004b7d15bc6b7af4b3ecadb2631101e2f93187cea
1f3c2.png	1F3C2.png	28d5988d33f8d3ab4c4adac302cb68706d1a99e2fc2c1526edcb8eface37074f	28d5988d33f8d3ab4c4adac302cb68706d1a99e2fc2c1526edcb8eface37074f
1f3c2-1f3fb.png	1F3C2-1F3FB.png	c17b6d0e0aa844c3064aaadc9d7d3178f2b228fa62b7318ae9113ca6f5ad0614	c17b6d0e0aa844c3064aaadc9d7d3178f2b228fa62b7318ae9113ca6f5ad0614
1f3c2-1f3fc.png	1F3C2-1F3FC.png	095be2ae4a2e3643019d2a92855b47883f9a439bf780b60a858147133efb9884	095be2ae4a2e3643019d2a92855b47883f9a439bf780b60a858147133efb9884
1f3c2-1f3fd.png	1F3C2-1F3FD.png	4f3dfa37905aaf25b5d02964c78259dd1e73635aa2605c3754f58e5effc42102	4f3dfa37905aaf25b5d02964c78259dd1e73635aa2605c3754f58e5effc42102
1f3c2-1f3fe.png	1F3C2-1F3FE.png	57348c936ee77ab45747973da58bf9e8d7e8dde6a5f904be0cc09173816d8253	57348c936ee77ab45747973da58bf9e8d7e8dde6a5f904be0cc09173816d8253
1f3c2-1f3ff.png	1F3C2-1F3FF.png	08d77f1c97f7f4b1a90c3855adc13272335fd864b01745db9046790a407181cd	08d77f1c97f7f4b1a90c3855adc13272335fd864b01745db9046790a407181cd
1f3c3.png	1F3C3.png	d3a33755587347075eac0ddaa1ece6b71a43183ae82e494f907ec42403b656a7	d3a33755587347075eac0ddaa1ece6b71a43183ae82e494f907ec42403b656a7
1f3c3-1f3fb.png	1F3C3-1F3FB.png	dc0f2635ffa722833aa5f2e8af7b6f3c56b890faeae3d28d6e7dff0df2f2e22e	dc0f2635ffa722833aa5f2e8af7b6f3c56b890faeae3d28d6e7dff0df2f2e22e
1f3c3-1f3fb-200d-2640.png	1F3C3-1F3FB-200D-2640-FE0F.png	9abc1a3ff0030a631b845ba181ce80b1659f619fc5fb390fab1a86e1601c24cb	9abc1a3ff0030a631b845ba181ce80b1659f619fc5fb390fab1a86e1601c24cb
1f3c3-1f3fb-200d-2640-200d-27a1.png	1F3C3-1F3FB-200D-2640-FE0F-200D-27A1-FE0F.png	6ed70b6ea000eb55e6308923ed524fc2e11713d3499b3953588dff3149eac413	6ed70b6ea000eb55e6308923ed524fc2e11713d3499b3953588dff3149eac413
1f3c3-1f3fb-200d-2642.png	1F3C3-1F3FB-200D-2642-FE0F.png	e6694a699e6ded968e0d171f4e8d082dfa0ff0f1f9cfc62402ab3f3a78968918	e6694a699e6ded968e0d171f4e8d082dfa0ff0f1f9cfc62402ab3f3a78968918
1f3c3-1f3fb-200d-2642-200d-27a1.png	1F3C3-1F3FB-200D-2642-FE0F-200D-27A1-FE0F.png	f7d8bbd67df228ee80ccde6c8f162e0706b41b3e47b623ad6388892aab572de1	f7d8bbd67df228ee80ccde6c8f162e0706b41b3e47b623ad6388892aab572de1
1f3c3-1f3fb-200d-27a1.png	1F3C3-1F3FB-200D-27A1-FE0F.png	fe6f97676d1b9d5cc24ca47b174bae954ecdde35f17c9d0150e50b9d5c1e1c9f	fe6f97676d1b9d5cc24ca47b174bae954ecdde35f17c9d0150e50b9d5c1e1c9f
1f3c3-1f3fc.png	1F3C3-1F3FC.png	739b5ed0278619ce948fcae2b2f5410f2cb6462d793785ab58267e98a09feb4f	739b5ed0278619ce948fcae2b2f5410f2cb6462d793785ab58267e98a09feb4f
1f3c3-1f3fc-200d-2640.png	1F3C3-1F3FC-200D-2640-FE0F.png	22de2df564eac6c22d597096f10ad926ea32fa1a8902651555069083a768e457	22de2df564eac6c22d597096f10ad926ea32fa1a8902651555069083a768e457
1f3c3-1f3fc-200d-2640-200d-27a1.png	1F3C3-1F3FC-200D-2640-FE0F-200D-27A1-FE0F.png	8545567dff195f04e4dac3928068656391fdbb4581f5a4d2a8d142444a547f87	8545567dff195f04e4dac3928068656391fdbb4581f5a4d2a8d142444a547f87
1f3c3-1f3fc-200d-2642.png	1F3C3-1F3FC-200D-2642-FE0F.png	f0f3768389c87bea8e0c684b2a755655510250a2a1e5837fef9afa4804136e00	f0f3768389c87bea8e0c684b2a755655510250a2a1e5837fef9afa4804136e00
1f3c3-1f3fc-200d-2642-200d-27a1.png	1F3C3-1F3FC-200D-2642-FE0F-200D-27A1-FE0F.png	885b954533cfd456c9e83114769067ae825a44fcbe5b6e22d7dc5b4c24cb1006	885b954533cfd456c9e83114769067ae825a44fcbe5b6e22d7dc5b4c24cb1006
1f3c3-1f3fc-200d-27a1.png	1F3C3-1F3FC-200D-27A1-FE0F.png	20748acefbb3e7b86ddfd7eca852c23eb4eaaa8ac7b9d851a4d3873d7ab5a51c	20748acefbb3e7b86ddfd7eca852c23eb4eaaa8ac7b9d851a4d3873d7ab5a51c
1f3c3-1f3fd.png	1F3C3-1F3FD.png	04005aad8c18e0fe37660275085a8e822caf164f248b26e631fbddb54252633b	04005aad8c18e0fe37660275085a8e822caf164f248b26e631fbddb54252633b
1f3c3-1f3fd-200d-2640.png	1F3C3-1F3FD-200D-2640-FE0F.png	1604fd271500f395f9d18f51b391ffc3c3f5d1ebfac8e25cb3ea6cc9b516768f	1604fd271500f395f9d18f51b391ffc3c3f5d1ebfac8e25cb3ea6cc9b516768f
1f3c3-1f3fd-200d-2640-200d-27a1.png	1F3C3-1F3FD-200D-2640-FE0F-200D-27A1-FE0F.png	a7703f9ec1f82a39ecd3be1e8c48eb5721649b8f81abfaafe685779af2bef10b	a7703f9ec1f82a39ecd3be1e8c48eb5721649b8f81abfaafe685779af2bef10b
1f3c3-1f3fd-200d-2642.png	1F3C3-1F3FD-200D-2642-FE0F.png	ca647e3dda547b22e1eace41d501887c9014abf4428330ff19c4d5e190116097	ca647e3dda547b22e1eace41d501887c9014abf4428330ff19c4d5e190116097
1f3c3-1f3fd-200d-2642-200d-27a1.png	1F3C3-1F3FD-200D-2642-FE0F-200D-27A1-FE0F.png	c0d5ebc94d13a6f2a9aa62509a404859e60ca0beb1f341b3b8ed9e4b8473ec97	c0d5ebc94d13a6f2a9aa62509a404859e60ca0beb1f341b3b8ed9e4b8473ec97
1f3c3-1f3fd-200d-27a1.png	1F3C3-1F3FD-200D-27A1-FE0F.png	78180c2c587128c927bdfcaa7640c39ed7643879fcacc29740f1eb2e09afda6d	78180c2c587128c927bdfcaa7640c39ed7643879fcacc29740f1eb2e09afda6d
1f3c3-1f3fe.png	1F3C3-1F3FE.png	86c58871d63928fe1d1d9d2aa7ed57a922a9272824b31e1a51319dc8a760223a	86c58871d63928fe1d1d9d2aa7ed57a922a9272824b31e1a51319dc8a760223a
1f3c3-1f3fe-200d-2640.png	1F3C3-1F3FE-200D-2640-FE0F.png	b7585f77b03f5ac94f4ef3a9bb3a2e1258642c2c55cd98e15ea22792e0b5b3fb	b7585f77b03f5ac94f4ef3a9bb3a2e1258642c2c55cd98e15ea22792e0b5b3fb
1f3c3-1f3fe-200d-2640-200d-27a1.png	1F3C3-1F3FE-200D-2640-FE0F-200D-27A1-FE0F.png	aa2ba7dd7ed7a06e555af464dba84fa391b7f0dadc629f401244495217c811b1	aa2ba7dd7ed7a06e555af464dba84fa391b7f0dadc629f401244495217c811b1
1f3c3-1f3fe-200d-2642.png	1F3C3-1F3FE-200D-2642-FE0F.png	fbb55375d42a77e3b18e326c8c3755d33067fe020b940921b240eb857e565567	fbb55375d42a77e3b18e326c8c3755d33067fe020b940921b240eb857e565567
1f3c3-1f3fe-200d-2642-200d-27a1.png	1F3C3-1F3FE-200D-2642-FE0F-200D-27A1-FE0F.png	444b16b4ca42a6ff96ae761b3f4f87189bec6f7585bd7718fe8a2c353abbd3b5	444b16b4ca42a6ff96ae761b3f4f87189bec6f7585bd7718fe8a2c353abbd3b5
1f3c3-1f3fe-200d-27a1.png	1F3C3-1F3FE-200D-27A1-FE0F.png	9c22b9355d8ccb8b6ff2ce67c0a9cd26bb8ba882ec2dc095296fe793ed087412	9c22b9355d8ccb8b6ff2ce67c0a9cd26bb8ba882ec2dc095296fe793ed087412
1f3c3-1f3ff.png	1F3C3-1F3FF.png	e876fd4fddeaa652b7d9561edd50d0aecdb4767b1f0ff10b3089164c711db485	e876fd4fddeaa652b7d9561edd50d0aecdb4767b1f0ff10b3089164c711db485
1f3c3-1f3ff-200d-2640.png	1F3C3-1F3FF-200D-2640-FE0F.png	2fba682f1d4e22c842cef498f18eb675eb72e74f85a5c43603e92a175e767405	2fba682f1d4e22c842cef498f18eb675eb72e74f85a5c43603e92a175e767405
1f3c3-1f3ff-200d-2640-200d-27a1.png	1F3C3-1F3FF-200D-2640-FE0F-200D-27A1-FE0F.png	ee5a5a9cd9045ea551a66dc1098ef839123b093327029f4efa6a8e55d38e739f	ee5a5a9cd9045ea551a66dc1098ef839123b093327029f4efa6a8e55d38e739f
1f3c3-1f3ff-200d-2642.png	1F3C3-1F3FF-200D-2642-FE0F.png	4501d2931de6903bae4bcf92113c09c16d66b36711ebab133d0bab99a60f29f1	4501d2931de6903bae4bcf92113c09c16d66b36711ebab133d0bab99a60f29f1
1f3c3-1f3ff-200d-2642-200d-27a1.png	1F3C3-1F3FF-200D-2642-FE0F-200D-27A1-FE0F.png	a016064afaa02085a17b84796affada1afdfd1c11163fae1b68528abaa40a89d	a016064afaa02085a17b84796affada1afdfd1c11163fae1b68528abaa40a89d
1f3c3-1f3ff-200d-27a1.png	1F3C3-1F3FF-200D-27A1-FE0F.png	b7315cade934f3863c6503585a7c9318afea23066c29cf157c9b5fc98f5d5037	b7315cade934f3863c6503585a7c9318afea23066c29cf157c9b5fc98f5d5037
1f3c3-200d-2640.png	1F3C3-200D-2640-FE0F.png	0e33c958932bf742a0566ae83698a1d8a1eefb0f1f4e726dd04f0e053769011d	0e33c958932bf742a0566ae83698a1d8a1eefb0f1f4e726dd04f0e053769011d
1f3c3-200d-2640-200d-27a1.png	1F3C3-200D-2640-FE0F-200D-27A1-FE0F.png	63597154d795c1e7afb845daeeeaa86f66516eae0c2346092911e50ef5b2e95a	63597154d795c1e7afb845daeeeaa86f66516eae0c2346092911e50ef5b2e95a
1f3c3-200d-2642.png	1F3C3-200D-2642-FE0F.png	ee33ddb8ee2063282a7be8a2de4605077a65c9afb1739545e32e77ef4a95cbd7	ee33ddb8ee2063282a7be8a2de4605077a65c9afb1739545e32e77ef4a95cbd7
1f3c3-200d-2642-200d-27a1.png	1F3C3-200D-2642-FE0F-200D-27A1-FE0F.png	d2ec64db659d9944f80d09b367aca4f1c2976c4d8c05ddff85d4dd482e8fcc45	d2ec64db659d9944f80d09b367aca4f1c2976c4d8c05ddff85d4dd482e8fcc45
1f3c3-200d-27a1.png	1F3C3-200D-27A1-FE0F.png	2ef420b9876050427221da5c7f775f0d75fb09491fe9cfa234c60605f7616551	2ef420b9876050427221da5c7f775f0d75fb09491fe9cfa234c60605f7616551
1f3c4.png	1F3C4.png	fe06a98a221822e242ba56131285f81d27273d61073f997ac7b6e570995256a6	fe06a98a221822e242ba56131285f81d27273d61073f997ac7b6e570995256a6
1f3c4-1f3fb.png	1F3C4-1F3FB.png	c076f8bafa0ad8a0625958ca84504670fc1b94b712d6156279b1cf7399f1078b	c076f8bafa0ad8a0625958ca84504670fc1b94b712d6156279b1cf7399f1078b
1f3c4-1f3fb-200d-2640.png	1F3C4-1F3FB-200D-2640-FE0F.png	7cbff00bb9b2761bcd331ab118896fe2fc22e55d68b259b2dfb267305fe2023b	7cbff00bb9b2761bcd331ab118896fe2fc22e55d68b259b2dfb267305fe2023b
1f3c4-1f3fb-200d-2642.png	1F3C4-1F3FB-200D-2642-FE0F.png	f25e7e436c80e2a9c7fcb3a201c04b629bb8ed3ec6a3211327d885d319a964c1	f25e7e436c80e2a9c7fcb3a201c04b629bb8ed3ec6a3211327d885d319a964c1
1f3c4-1f3fc.png	1F3C4-1F3FC.png	5d4ef7a19363b38e65b0484973a4e1ec472188633f43ba78b6939d6968af1092	5d4ef7a19363b38e65b0484973a4e1ec472188633f43ba78b6939d6968af1092
1f3c4-1f3fc-200d-2640.png	1F3C4-1F3FC-200D-2640-FE0F.png	40127a03e9a8de2783caeffdcca667e0b6e775c65ea0101cf1f42def1b18bad2	40127a03e9a8de2783caeffdcca667e0b6e775c65ea0101cf1f42def1b18bad2
1f3c4-1f3fc-200d-2642.png	1F3C4-1F3FC-200D-2642-FE0F.png	6376e40c3d3fab3732b2b7624fce199682f7f6904eb61bbfc36684a4815aec81	6376e40c3d3fab3732b2b7624fce199682f7f6904eb61bbfc36684a4815aec81
1f3c4-1f3fd.png	1F3C4-1F3FD.png	5215e16749108eae6d26c4f5ec39ef374fddc06de9d23b79512a697acfe33e12	5215e16749108eae6d26c4f5ec39ef374fddc06de9d23b79512a697acfe33e12
1f3c4-1f3fd-200d-2640.png	1F3C4-1F3FD-200D-2640-FE0F.png	24991e75677e53dd8b3a1331617427536452610be64b3bf1dd46ac01c3637fae	24991e75677e53dd8b3a1331617427536452610be64b3bf1dd46ac01c3637fae
1f3c4-1f3fd-200d-2642.png	1F3C4-1F3FD-200D-2642-FE0F.png	cccff8889e0091e40f58196cbb0f6cb361400a796cb127d0891c057703cce9aa	cccff8889e0091e40f58196cbb0f6cb361400a796cb127d0891c057703cce9aa
1f3c4-1f3fe.png	1F3C4-1F3FE.png	cb95d69eba4ea0dc3cd7788c0957fc924aa6587aeb52d37c280051da99212fa2	cb95d69eba4ea0dc3cd7788c0957fc924aa6587aeb52d37c280051da99212fa2
1f3c4-1f3fe-200d-2640.png	1F3C4-1F3FE-200D-2640-FE0F.png	885239a076fb188c8c1101ad02a555519500ebd76c7959e70fa5ba3936d954ba	885239a076fb188c8c1101ad02a555519500ebd76c7959e70fa5ba3936d954ba
1f3c4-1f3fe-200d-2642.png	1F3C4-1F3FE-200D-2642-FE0F.png	09e7f1d5ef8c8d7be16a535676902cbb68aa97d498bd37c01a0fc2e7b0fc19c4	09e7f1d5ef8c8d7be16a535676902cbb68aa97d498bd37c01a0fc2e7b0fc19c4
1f3c4-1f3ff.png	1F3C4-1F3FF.png	a5880b9c702f5e5a280052db4c83814c1affc826ef254b8bb4012e3eefb6dcd9	a5880b9c702f5e5a280052db4c83814c1affc826ef254b8bb4012e3eefb6dcd9
1f3c4-1f3ff-200d-2640.png	1F3C4-1F3FF-200D-2640-FE0F.png	72d2ab666f4e3a76c8f87f94a96f275f0a0319fc12dda789f42aaa44dd59dcaa	72d2ab666f4e3a76c8f87f94a96f275f0a0319fc12dda789f42aaa44dd59dcaa
1f3c4-1f3ff-200d-2642.png	1F3C4-1F3FF-200D-2642-FE0F.png	ed790019dfa74de94306a772f9b8d0e249f33818f9213816b9974ecdc33f9b3d	ed790019dfa74de94306a772f9b8d0e249f33818f9213816b9974ecdc33f9b3d
1f3c4-200d-2640.png	1F3C4-200D-2640-FE0F.png	e34ce5b7fb03a2c340e1c351edda03a96948a7043f87dceb07a556370bf570d3	e34ce5b7fb03a2c340e1c351edda03a96948a7043f87dceb07a556370bf570d3
1f3c4-200d-2642.png	1F3C4-200D-2642-FE0F.png	82de8f0d2ebebb380bf0607d279da228f77ced38f424f3317b851cd36901a02c	82de8f0d2ebebb380bf0607d279da228f77ced38f424f3317b851cd36901a02c
1f3c5.png	1F3C5.png	f01e82cc7e60b181e851357f40f52188fd0c3e2f7a22fef6ff72cfe18d821910	f01e82cc7e60b181e851357f40f52188fd0c3e2f7a22fef6ff72cfe18d821910
1f3c6.png	1F3C6.png	7612e42c6ea236603228a7eaba4abdc3732ca19c0c1c108bcbd118b8946e2fd6	7612e42c6ea236603228a7eaba4abdc3732ca19c0c1c108bcbd118b8946e2fd6
1f3c7.png	1F3C7.png	d383cce0b10c1c87f9133a79d868b21c0d244b25414c20c0d0c34849ccbfd80e	d383cce0b10c1c87f9133a79d868b21c0d244b25414c20c0d0c34849ccbfd80e
1f3c7-1f3fb.png	1F3C7-1F3FB.png	f3947b1f218686b742c6ec0d78b2e3d88bbe80a755b5859166ec0a7206d9e5d9	f3947b1f218686b742c6ec0d78b2e3d88bbe80a755b5859166ec0a7206d9e5d9
1f3c7-1f3fc.png	1F3C7-1F3FC.png	2f10b2e4d50d45620a29bdb37e8a2d9775b1c611541ab3d671bd4cfa392aa9f6	2f10b2e4d50d45620a29bdb37e8a2d9775b1c611541ab3d671bd4cfa392aa9f6
1f3c7-1f3fd.png	1F3C7-1F3FD.png	7acce093fb8d6b7d87dd4d273257f532a906978f57264805c45c09ad332af592	7acce093fb8d6b7d87dd4d273257f532a906978f57264805c45c09ad332af592
1f3c7-1f3fe.png	1F3C7-1F3FE.png	204169549ed06c9191cbdd72489baa0504965512497aa16faeb60eb5df197b05	204169549ed06c9191cbdd72489baa0504965512497aa16faeb60eb5df197b05
1f3c7-1f3ff.png	1F3C7-1F3FF.png	1231731cc5f035e5ffa451218634d7644d43dff6611701f9459570aafc2be2ad	1231731cc5f035e5ffa451218634d7644d43dff6611701f9459570aafc2be2ad
1f3c8.png	1F3C8.png	b2d887124530dfb41b264ed4f3668769e02da8a331bb1e4f1af4c756bf8eeab0	b2d887124530dfb41b264ed4f3668769e02da8a331bb1e4f1af4c756bf8eeab0
1f3c9.png	1F3C9.png	880dd7f5532ab215be52a0f6689a19e0b32df1f23599099b53a6cfe84ee5af88	880dd7f5532ab215be52a0f6689a19e0b32df1f23599099b53a6cfe84ee5af88
1f3ca.png	1F3CA.png	0af0dca0af790d3573a8db1757459d40510e935de9659fa10bcf92d8c237a6c1	0af0dca0af790d3573a8db1757459d40510e935de9659fa10bcf92d8c237a6c1
1f3ca-1f3fb.png	1F3CA-1F3FB.png	d371e9fc3a71c92fee98221e4d7977e48519e3fe2628f84471d86ae95bea7488	d371e9fc3a71c92fee98221e4d7977e48519e3fe2628f84471d86ae95bea7488
1f3ca-1f3fb-200d-2640.png	1F3CA-1F3FB-200D-2640-FE0F.png	1214926fc5a3fdd2b8a7b86a159e7de04070d0fa6d99049820c1e09ad0e8a7f3	1214926fc5a3fdd2b8a7b86a159e7de04070d0fa6d99049820c1e09ad0e8a7f3
1f3ca-1f3fb-200d-2642.png	1F3CA-1F3FB-200D-2642-FE0F.png	38621e1d0b11c8f67a74be90e235eca1934810930cbfed8cca398f0ec1c450e2	38621e1d0b11c8f67a74be90e235eca1934810930cbfed8cca398f0ec1c450e2
1f3ca-1f3fc.png	1F3CA-1F3FC.png	f6e4e7467595693f7b38cb0fdb399590dc4515bb34e77faffed745a601e653b5	f6e4e7467595693f7b38cb0fdb399590dc4515bb34e77faffed745a601e653b5
1f3ca-1f3fc-200d-2640.png	1F3CA-1F3FC-200D-2640-FE0F.png	ada1a5f527b1ab90e5eaf6ef5ca0b67f69ff2369ee3815d1c9dd264aec2feb49	ada1a5f527b1ab90e5eaf6ef5ca0b67f69ff2369ee3815d1c9dd264aec2feb49
1f3ca-1f3fc-200d-2642.png	1F3CA-1F3FC-200D-2642-FE0F.png	e32af2549276afb4e949b0c23b6045621ec65f4ef4a0d99471a4121b4ef83162	e32af2549276afb4e949b0c23b6045621ec65f4ef4a0d99471a4121b4ef83162
1f3ca-1f3fd.png	1F3CA-1F3FD.png	8e00c2a8cfc1d7454022f0f354a2202393eefc88f834ad40f05868a1c0d8f640	8e00c2a8cfc1d7454022f0f354a2202393eefc88f834ad40f05868a1c0d8f640
1f3ca-1f3fd-200d-2640.png	1F3CA-1F3FD-200D-2640-FE0F.png	deb6b623bf577fc20b67635d1b37c91ddb4cb54379287cd7d41fea83abd33db2	deb6b623bf577fc20b67635d1b37c91ddb4cb54379287cd7d41fea83abd33db2
1f3ca-1f3fd-200d-2642.png	1F3CA-1F3FD-200D-2642-FE0F.png	c6c75ad0e5a30c18b94aa084890d7711d23fd37038a52b9acf8f30dbd9ccc36f	c6c75ad0e5a30c18b94aa084890d7711d23fd37038a52b9acf8f30dbd9ccc36f
1f3ca-1f3fe.png	1F3CA-1F3FE.png	a28a00961b6a29491f9574cb5f61317f2e41c7e3dfc2ecbf063182fe6d2cd56c	a28a00961b6a29491f9574cb5f61317f2e41c7e3dfc2ecbf063182fe6d2cd56c
1f3ca-1f3fe-200d-2640.png	1F3CA-1F3FE-200D-2640-FE0F.png	7f7ced627d6c6b1a7eb6c809db0fb23561ef40998c02f180ab29cf4931c75d8b	7f7ced627d6c6b1a7eb6c809db0fb23561ef40998c02f180ab29cf4931c75d8b
1f3ca-1f3fe-200d-2642.png	1F3CA-1F3FE-200D-2642-FE0F.png	04527b65b2c8341df85fc9f561b3873b768128dc90071606538abc0ff5d590c8	04527b65b2c8341df85fc9f561b3873b768128dc90071606538abc0ff5d590c8
1f3ca-1f3ff.png	1F3CA-1F3FF.png	9e986d71847994b00e8b9796fa44561889cf70a81473540f4b8e7fb323331a47	9e986d71847994b00e8b9796fa44561889cf70a81473540f4b8e7fb323331a47
1f3ca-1f3ff-200d-2640.png	1F3CA-1F3FF-200D-2640-FE0F.png	4d38a70ac3560539261942c0174ac8c8ef29a561409c3d48efb8279de5d8d217	4d38a70ac3560539261942c0174ac8c8ef29a561409c3d48efb8279de5d8d217
1f3ca-1f3ff-200d-2642.png	1F3CA-1F3FF-200D-2642-FE0F.png	6cded617602d34f6c64cb1e7a484a6d082188d2c356979b7844640f0115aec3c	6cded617602d34f6c64cb1e7a484a6d082188d2c356979b7844640f0115aec3c
1f3ca-200d-2640.png	1F3CA-200D-2640-FE0F.png	2603053c4af46da69a92e5a89f7142aacaca873dd99c247207a66591dcaf51b3	2603053c4af46da69a92e5a89f7142aacaca873dd99c247207a66591dcaf51b3
1f3ca-200d-2642.png	1F3CA-200D-2642-FE0F.png	3f983a260c8681cebbd451a84f35164b8c2574db8959d648d100d9593cf4294c	3f983a260c8681cebbd451a84f35164b8c2574db8959d648d100d9593cf4294c
1f3cb.png	1F3CB.png	cab596c373f56f56757dc1120f30c9c65776a1c717c3ce3dc67a08768e6bac40	cab596c373f56f56757dc1120f30c9c65776a1c717c3ce3dc67a08768e6bac40
1f3cb-1f3fb.png	1F3CB-1F3FB.png	035f59641b1557be65983ac87789ff1748d794d7ae205818982ae2784897b508	035f59641b1557be65983ac87789ff1748d794d7ae205818982ae2784897b508
1f3cb-1f3fb-200d-2640.png	1F3CB-1F3FB-200D-2640-FE0F.png	de47a60fd403330109524dad9bc39c248d102eaf0110944f2c97c7105727c6f7	de47a60fd403330109524dad9bc39c248d102eaf0110944f2c97c7105727c6f7
1f3cb-1f3fb-200d-2642.png	1F3CB-1F3FB-200D-2642-FE0F.png	4778f5aa3fa34f9b62d3d3cb0c797d669abd4ea1fb08588c455c15cfb806a712	4778f5aa3fa34f9b62d3d3cb0c797d669abd4ea1fb08588c455c15cfb806a712
1f3cb-1f3fc.png	1F3CB-1F3FC.png	c6414889aab024629ca4c0e22c8aab59a56e468bd2fd00538558dc862807d566	c6414889aab024629ca4c0e22c8aab59a56e468bd2fd00538558dc862807d566
1f3cb-1f3fc-200d-2640.png	1F3CB-1F3FC-200D-2640-FE0F.png	cdaaa2d82980365359478696ae059d3ff26d815793222e35156d0283f5b8f993	cdaaa2d82980365359478696ae059d3ff26d815793222e35156d0283f5b8f993
1f3cb-1f3fc-200d-2642.png	1F3CB-1F3FC-200D-2642-FE0F.png	35160671db81e1d980e7eb7439d08fe96ca6caa1e78d42741fd7c9330230ff3e	35160671db81e1d980e7eb7439d08fe96ca6caa1e78d42741fd7c9330230ff3e
1f3cb-1f3fd.png	1F3CB-1F3FD.png	9a01781d1ba9e5d5f10f73616c76cc791e251e0d699cc3b62016d21222760b52	9a01781d1ba9e5d5f10f73616c76cc791e251e0d699cc3b62016d21222760b52
1f3cb-1f3fd-200d-2640.png	1F3CB-1F3FD-200D-2640-FE0F.png	5cffcc2dffb028956d4f8a266da242471236431f4b34192d1e7f1a84c5b33c18	5cffcc2dffb028956d4f8a266da242471236431f4b34192d1e7f1a84c5b33c18
1f3cb-1f3fd-200d-2642.png	1F3CB-1F3FD-200D-2642-FE0F.png	fe3ed6c3a906f266a0faf7cc22c23a7c4b3ff2f2a0901d5ebaa54c84f49c1bd0	fe3ed6c3a906f266a0faf7cc22c23a7c4b3ff2f2a0901d5ebaa54c84f49c1bd0
1f3cb-1f3fe.png	1F3CB-1F3FE.png	b6e50eb24d192555278f1c63d80f6a6197deb5435caa1d3d900e78325b8eb6e6	b6e50eb24d192555278f1c63d80f6a6197deb5435caa1d3d900e78325b8eb6e6
1f3cb-1f3fe-200d-2640.png	1F3CB-1F3FE-200D-2640-FE0F.png	f004ac8a613eba9e2219b215a9b28c43ace5ab0d89fd062f8cd05ebe8630aa15	f004ac8a613eba9e2219b215a9b28c43ace5ab0d89fd062f8cd05ebe8630aa15
1f3cb-1f3fe-200d-2642.png	1F3CB-1F3FE-200D-2642-FE0F.png	463e3fa26b978d5bf391e2d67bbc073cfc41bf50a1d44a633f35f3bdb9167f19	463e3fa26b978d5bf391e2d67bbc073cfc41bf50a1d44a633f35f3bdb9167f19
1f3cb-1f3ff.png	1F3CB-1F3FF.png	ca14e6a1674d46cb40f8c05b8b48b19c77e43dc30ac8737283896cbc39ab62b4	ca14e6a1674d46cb40f8c05b8b48b19c77e43dc30ac8737283896cbc39ab62b4
1f3cb-1f3ff-200d-2640.png	1F3CB-1F3FF-200D-2640-FE0F.png	f46de1c57b2d2e5beea0fd00b8d5035c32b7c8de2eb5eba91cb669f84d79c005	f46de1c57b2d2e5beea0fd00b8d5035c32b7c8de2eb5eba91cb669f84d79c005
1f3cb-1f3ff-200d-2642.png	1F3CB-1F3FF-200D-2642-FE0F.png	7c9bd61a9f835b11fdfc84fffbee0756c1dd2604276332eb3defeda1e61b83a1	7c9bd61a9f835b11fdfc84fffbee0756c1dd2604276332eb3defeda1e61b83a1
1f3cb-200d-2640.png	1F3CB-FE0F-200D-2640-FE0F.png	8a44bea04ce234fa9ba034f0738aee2205c76f5ce16a5daa85ede7c1a5de7ee5	8a44bea04ce234fa9ba034f0738aee2205c76f5ce16a5daa85ede7c1a5de7ee5
1f3cb-200d-2642.png	1F3CB-FE0F-200D-2642-FE0F.png	53029b459598d4dcd1b18f71cebbd4271f6f8e8c48b7656c8fb0f1f8d5e9ca24	53029b459598d4dcd1b18f71cebbd4271f6f8e8c48b7656c8fb0f1f8d5e9ca24
1f3cc.png	1F3CC.png	32165ab47c17162b3c49842c754b91410470d1fee0396e8669eea1c9fbb2ac1e	32165ab47c17162b3c49842c754b91410470d1fee0396e8669eea1c9fbb2ac1e
1f3cc-1f3fb.png	1F3CC-1F3FB.png	edf7dec999047c46a407f32b4ba8e623b3f7f1cfeac2b2450c997324f058e131	edf7dec999047c46a407f32b4ba8e623b3f7f1cfeac2b2450c997324f058e131
1f3cc-1f3fb-200d-2640.png	1F3CC-1F3FB-200D-2640-FE0F.png	8db10323da7cbea69cadefce51963b71ff7d1d352a4bc99b64f93627cc72f784	8db10323da7cbea69cadefce51963b71ff7d1d352a4bc99b64f93627cc72f784
1f3cc-1f3fb-200d-2642.png	1F3CC-1F3FB-200D-2642-FE0F.png	602d32c36d6ea836003c64c507e9c8efdc092346a928f5ff93aaac2de6e59824	602d32c36d6ea836003c64c507e9c8efdc092346a928f5ff93aaac2de6e59824
1f3cc-1f3fc.png	1F3CC-1F3FC.png	14a7bd428334859436016ec74f6a4ea4d7a407c11cd9645ddfb20b6f1e854ae5	14a7bd428334859436016ec74f6a4ea4d7a407c11cd9645ddfb20b6f1e854ae5
1f3cc-1f3fc-200d-2640.png	1F3CC-1F3FC-200D-2640-FE0F.png	d82d75d31bf31799604a871988d1840e0cd5fd895ed99137b164a29e5e42a61c	d82d75d31bf31799604a871988d1840e0cd5fd895ed99137b164a29e5e42a61c
1f3cc-1f3fc-200d-2642.png	1F3CC-1F3FC-200D-2642-FE0F.png	4b74af86074d5cb226b78fa49324d4979a7a26b3517f6a10dfebfe36b38ca577	4b74af86074d5cb226b78fa49324d4979a7a26b3517f6a10dfebfe36b38ca577
1f3cc-1f3fd.png	1F3CC-1F3FD.png	cb2e42e17c67fead436e399b3c4cd3966b361945b215bca62f33b29a44145ebf	cb2e42e17c67fead436e399b3c4cd3966b361945b215bca62f33b29a44145ebf
1f3cc-1f3fd-200d-2640.png	1F3CC-1F3FD-200D-2640-FE0F.png	202dade350335c85060ec37d5a86f7408b2537cafd806f655f986bf1b559e72c	202dade350335c85060ec37d5a86f7408b2537cafd806f655f986bf1b559e72c
1f3cc-1f3fd-200d-2642.png	1F3CC-1F3FD-200D-2642-FE0F.png	0e4ed50c765122882fe06fe02a9c708f2795f75495d2aeddfca23f4641a79096	0e4ed50c765122882fe06fe02a9c708f2795f75495d2aeddfca23f4641a79096
1f3cc-1f3fe.png	1F3CC-1F3FE.png	5ef2ea586ba5d39d5025a1acfd411b492ba53e07a102ffb374572e19fff2c57c	5ef2ea586ba5d39d5025a1acfd411b492ba53e07a102ffb374572e19fff2c57c
1f3cc-1f3fe-200d-2640.png	1F3CC-1F3FE-200D-2640-FE0F.png	eb4ecc938ca5902fd176265f73f0433c391030c3236721ef495b7e727bc61e61	eb4ecc938ca5902fd176265f73f0433c391030c3236721ef495b7e727bc61e61
1f3cc-1f3fe-200d-2642.png	1F3CC-1F3FE-200D-2642-FE0F.png	2d7197dcd157a9237ed99dd165670b604bdc5a4d4674f45ff1f25f23ed2d859e	2d7197dcd157a9237ed99dd165670b604bdc5a4d4674f45ff1f25f23ed2d859e
1f3cc-1f3ff.png	1F3CC-1F3FF.png	ccf7acaf928db9b623e02666243a6076cf574c41e27ef828b174c21678138503	ccf7acaf928db9b623e02666243a6076cf574c41e27ef828b174c21678138503
1f3cc-1f3ff-200d-2640.png	1F3CC-1F3FF-200D-2640-FE0F.png	1856dc3a2a637386f12e789c8940f946d940f628fe7f1b446c53cdcd75d8b22a	1856dc3a2a637386f12e789c8940f946d940f628fe7f1b446c53cdcd75d8b22a
1f3cc-1f3ff-200d-2642.png	1F3CC-1F3FF-200D-2642-FE0F.png	b0ada53882c1d59d16c25f492589e73e5ba1597e0b9013ad28fc8fb00cf9282c	b0ada53882c1d59d16c25f492589e73e5ba1597e0b9013ad28fc8fb00cf9282c
1f3cc-200d-2640.png	1F3CC-FE0F-200D-2640-FE0F.png	4b7a07b676644b82ed38de0df8a50f0e4e6469691ec853465f9c91e1a5a8496d	4b7a07b676644b82ed38de0df8a50f0e4e6469691ec853465f9c91e1a5a8496d
1f3cc-200d-2642.png	1F3CC-FE0F-200D-2642-FE0F.png	d3bc9778472d1a95f2434b9edca794ef4a158c2df108f92d5f4e5107a0bdc63c	d3bc9778472d1a95f2434b9edca794ef4a158c2df108f92d5f4e5107a0bdc63c
1f3cd.png	1F3CD.png	ba95db3660c655f846cdc84a832872167a4d16f585337a8ad3787b39fd01ca7d	ba95db3660c655f846cdc84a832872167a4d16f585337a8ad3787b39fd01ca7d
1f3ce.png	1F3CE.png	729200c30378a88819512e9298f2b1a7289ff3baa6bf5a4205b6872d5b4c6066	729200c30378a88819512e9298f2b1a7289ff3baa6bf5a4205b6872d5b4c6066
1f3cf.png	1F3CF.png	2dd9bc2cea535e269a8247f3ff1189fb0422919fc7b8ecde40238baf9431a737	2dd9bc2cea535e269a8247f3ff1189fb0422919fc7b8ecde40238baf9431a737
1f3d0.png	1F3D0.png	3f28621679c7c08c1cfab818123921e6e49f29e36a12adc5305dd7ecf112bf47	3f28621679c7c08c1cfab818123921e6e49f29e36a12adc5305dd7ecf112bf47
1f3d1.png	1F3D1.png	1f4461c2d8bf4985eec5ea36329f9923d892083642bf7d05ade5ca6d7dbad897	1f4461c2d8bf4985eec5ea36329f9923d892083642bf7d05ade5ca6d7dbad897
1f3d2.png	1F3D2.png	dd00b9dee0dac5656e026c464fb04c15e218232752749ae6810a83b1a0839d2e	dd00b9dee0dac5656e026c464fb04c15e218232752749ae6810a83b1a0839d2e
1f3d3.png	1F3D3.png	cb17c46844cd5e5645db82d65eccd0d9e060a258aacb14e4e58e62670fe707c6	cb17c46844cd5e5645db82d65eccd0d9e060a258aacb14e4e58e62670fe707c6
1f3d4.png	1F3D4.png	78738e3018cac7f6aa9830092487f91918317d500af8a816f7018a5211a41440	78738e3018cac7f6aa9830092487f91918317d500af8a816f7018a5211a41440
1f3d5.png	1F3D5.png	d3d14fde46be1f45e11db73d083d26782210314c828b7257e075e4324e386b34	d3d14fde46be1f45e11db73d083d26782210314c828b7257e075e4324e386b34
1f3d6.png	1F3D6.png	ced870abeaab05ec4a197f4d432aacf0a3f53b403acb937c4b58d7cd5d65f086	ced870abeaab05ec4a197f4d432aacf0a3f53b403acb937c4b58d7cd5d65f086
1f3d7.png	1F3D7.png	5ee12094b571facbcc41b1d0e811bfb0f76114e3aed59ca07dafdeda8cd380ce	5ee12094b571facbcc41b1d0e811bfb0f76114e3aed59ca07dafdeda8cd380ce
1f3d8.png	1F3D8.png	6a9313cda98c412189371f4164068bd557fa8fafb49fc508f81eb7d0a518c65c	6a9313cda98c412189371f4164068bd557fa8fafb49fc508f81eb7d0a518c65c
1f3d9.png	1F3D9.png	c9dd386fa7831c11643d25ddbf3153fd73bdb0a71e556636d12bd0f5db860faa	c9dd386fa7831c11643d25ddbf3153fd73bdb0a71e556636d12bd0f5db860faa
1f3da.png	1F3DA.png	21c1e6c14b4d238f2a89d3cdc48c98e418d6ab5e846604b2097a5a7b08e86a75	21c1e6c14b4d238f2a89d3cdc48c98e418d6ab5e846604b2097a5a7b08e86a75
1f3db.png	1F3DB.png	cf8fca467fa1d369bb5708e6e57bac9927f4fa7715d451bdad0ed89c43a811b2	cf8fca467fa1d369bb5708e6e57bac9927f4fa7715d451bdad0ed89c43a811b2
1f3dc.png	1F3DC.png	5dfdddb20214aa1d763e43c208be9fb45d9aa0786bad55def4bda01a212e2e94	5dfdddb20214aa1d763e43c208be9fb45d9aa0786bad55def4bda01a212e2e94
1f3dd.png	1F3DD.png	7ce793477bb93e0be74f5d90b1546af227235d335283d2169db7f0ad000e48f2	7ce793477bb93e0be74f5d90b1546af227235d335283d2169db7f0ad000e48f2
1f3de.png	1F3DE.png	82b51433b16c153fc040fe96d46ee08c78fd66491ed251a331ef0f59202f52fd	82b51433b16c153fc040fe96d46ee08c78fd66491ed251a331ef0f59202f52fd
1f3df.png	1F3DF.png	5ed08a297090d7255ca4ba4c1bc4914b2efc5e5bc61b1f30ef6edcd0f8f135a5	5ed08a297090d7255ca4ba4c1bc4914b2efc5e5bc61b1f30ef6edcd0f8f135a5
1f3e0.png	1F3E0.png	39d49ba17bd78af2a4e658fc84d1c9c48ba020b43c43716ff79ba90fe326be9c	39d49ba17bd78af2a4e658fc84d1c9c48ba020b43c43716ff79ba90fe326be9c
1f3e1.png	1F3E1.png	a5242e6646a9af57a6b2bc64e4dee4878ea91283ae15622ede71187e287d3c65	a5242e6646a9af57a6b2bc64e4dee4878ea91283ae15622ede71187e287d3c65
1f3e2.png	1F3E2.png	dba2ef4903c18b476121321ba6fd4d293d54989a6b0cc3532326885ff6f320bd	dba2ef4903c18b476121321ba6fd4d293d54989a6b0cc3532326885ff6f320bd
1f3e3.png	1F3E3.png	537f1fb09450937652a61a0de51ef6e100350ab78400f990d4ecc9c06e0c857a	537f1fb09450937652a61a0de51ef6e100350ab78400f990d4ecc9c06e0c857a
1f3e4.png	1F3E4.png	fc33ee0d9a6ec05fb54553b0f6b88321f3740e54a946d0af9a0c530f0e12f9b0	fc33ee0d9a6ec05fb54553b0f6b88321f3740e54a946d0af9a0c530f0e12f9b0
1f3e5.png	1F3E5.png	01727ea9af6ce3451eab415fcb979f08d296f1fcf55ee4d6d305b0fd837eb8a6	01727ea9af6ce3451eab415fcb979f08d296f1fcf55ee4d6d305b0fd837eb8a6
1f3e6.png	1F3E6.png	415919a4cc8baa1d29346380438e530dd3ca98223d8a2b396ddaba83aa412fe5	415919a4cc8baa1d29346380438e530dd3ca98223d8a2b396ddaba83aa412fe5
1f3e7.png	1F3E7.png	c2b906a4722032c7fdfaf9a36caf0b3b571814a4a8a0d66c24537b0e6574e9c4	c2b906a4722032c7fdfaf9a36caf0b3b571814a4a8a0d66c24537b0e6574e9c4
1f3e8.png	1F3E8.png	31b45152b297545a57f5c1b59dfa1fce818858af56b7311c098207317929fbf0	31b45152b297545a57f5c1b59dfa1fce818858af56b7311c098207317929fbf0
1f3e9.png	1F3E9.png	a93e037e7dd432162655a4428cd242afcf47ff8b580e4d70a2cce033af2b30e6	a93e037e7dd432162655a4428cd242afcf47ff8b580e4d70a2cce033af2b30e6
1f3ea.png	1F3EA.png	64ed7a44299cd781d40c38adefe3baf02fe85e3a33f914063dc62265987bb0de	64ed7a44299cd781d40c38adefe3baf02fe85e3a33f914063dc62265987bb0de
1f3eb.png	1F3EB.png	cfaa9d9be0929ae9456dfe343491beb4fb62f119212e6be54ce44eb22445591d	cfaa9d9be0929ae9456dfe343491beb4fb62f119212e6be54ce44eb22445591d
1f3ec.png	1F3EC.png	826f2d5bafc176b5836439533f95932a2d1954ac46dae2f29bd11ac1a778e9e5	826f2d5bafc176b5836439533f95932a2d1954ac46dae2f29bd11ac1a778e9e5
1f3ed.png	1F3ED.png	59bb6385e2caf64249ad3144bcfd8f962c4953129734e2c099c333e5b69a5a84	59bb6385e2caf64249ad3144bcfd8f962c4953129734e2c099c333e5b69a5a84
1f3ee.png	1F3EE.png	7e656b06a4c776ebab6695bdb67f7764515885ebb377573cc5d66563ab6658a1	7e656b06a4c776ebab6695bdb67f7764515885ebb377573cc5d66563ab6658a1
1f3ef.png	1F3EF.png	d2d9e3dd194be03d47f57de57a0ca31b757a6e67f8b6a0db4155ec842e1d05bb	d2d9e3dd194be03d47f57de57a0ca31b757a6e67f8b6a0db4155ec842e1d05bb
1f3f0.png	1F3F0.png	a1a1cbab1bde28778b3b3f70e87b4ad5f6c1484cb905b6ff5a383222bf1dbe84	a1a1cbab1bde28778b3b3f70e87b4ad5f6c1484cb905b6ff5a383222bf1dbe84
1f3f3.png	1F3F3.png	0a5adaca885c1ad4affe1ca1758b0f5e6cbbb86010bba948eb066e30e2e6dde5	0a5adaca885c1ad4affe1ca1758b0f5e6cbbb86010bba948eb066e30e2e6dde5
1f3f3-200d-1f308.png	1F3F3-FE0F-200D-1F308.png	f26ef9882c7057e88c3a6039860a513e171a93c9f24afd79bc96aaf3b28f1b03	f26ef9882c7057e88c3a6039860a513e171a93c9f24afd79bc96aaf3b28f1b03
1f3f3-200d-26a7.png	1F3F3-FE0F-200D-26A7-FE0F.png	23d763a729f0b2459af8f4d184c3fca16be8cdae09ca35fc3ab5a544d854ea1b	23d763a729f0b2459af8f4d184c3fca16be8cdae09ca35fc3ab5a544d854ea1b
1f3f4.png	1F3F4.png	75c0cbaf5811fbe417b6f01f55daaffe88163079f56331fc2a1efbcd217181f3	75c0cbaf5811fbe417b6f01f55daaffe88163079f56331fc2a1efbcd217181f3
1f3f4-200d-2620.png	1F3F4-200D-2620-FE0F.png	f3ab57e691798985503589b7a380f6a764671dbcea77bcbb5edaae20ae4abb6f	f3ab57e691798985503589b7a380f6a764671dbcea77bcbb5edaae20ae4abb6f
1f3f4-e0067-e0062-e0065-e006e-e0067-e007f.png	1F3F4-E0067-E0062-E0065-E006E-E0067-E007F.png	afe7c98d2541735c41e7510bb571e792552a9606f6444e926196406a8f73f44d	afe7c98d2541735c41e7510bb571e792552a9606f6444e926196406a8f73f44d
1f3f4-e0067-e0062-e0073-e0063-e0074-e007f.png	1F3F4-E0067-E0062-E0073-E0063-E0074-E007F.png	5fb8298f15f48de0a18f4bae00ef1f67855e14348d16269b67c5eccccd0646ca	5fb8298f15f48de0a18f4bae00ef1f67855e14348d16269b67c5eccccd0646ca
1f3f4-e0067-e0062-e0077-e006c-e0073-e007f.png	1F3F4-E0067-E0062-E0077-E006C-E0073-E007F.png	098fe2855bd38b63101b265f1a5fd10c9405d2e956f9256619535379d3038e5a	098fe2855bd38b63101b265f1a5fd10c9405d2e956f9256619535379d3038e5a
1f3f5.png	1F3F5.png	9f9ba626c62510b0680cc80cab1730b9066bc2fdc0b3f407ea71b3836df76fbc	9f9ba626c62510b0680cc80cab1730b9066bc2fdc0b3f407ea71b3836df76fbc
1f3f7.png	1F3F7.png	2faf380682d44d84c8a59a2448c857c95fea1a9ea03f60d082b65ea4216be171	2faf380682d44d84c8a59a2448c857c95fea1a9ea03f60d082b65ea4216be171
1f3f8.png	1F3F8.png	4e3044abe10afd3234659d4dd50846f807153bbe708525e79a62cf70d81eff0d	4e3044abe10afd3234659d4dd50846f807153bbe708525e79a62cf70d81eff0d
1f3f9.png	1F3F9.png	edc56fc13126613ffe812ceafd8b8822b88d7cedc6c2ecf66ee6a450c74db7d9	edc56fc13126613ffe812ceafd8b8822b88d7cedc6c2ecf66ee6a450c74db7d9
1f3fa.png	1F3FA.png	1791f2e2e93f1e4f647a53d7d72dce156abc53a286944c21c2225849e6558ff3	1791f2e2e93f1e4f647a53d7d72dce156abc53a286944c21c2225849e6558ff3
1f3fb.png	1F3FB.png	19aafcbae43a3b695c39e0cb0fb5cedcfa9e955469d6f9b119694bfad5096b84	19aafcbae43a3b695c39e0cb0fb5cedcfa9e955469d6f9b119694bfad5096b84
1f3fc.png	1F3FC.png	0fe887fbeb434f78255214cfe3de2fc53e4ec3717044d7cfc315e7f61bec54fe	0fe887fbeb434f78255214cfe3de2fc53e4ec3717044d7cfc315e7f61bec54fe
1f3fd.png	1F3FD.png	7f3a30a65d56c627a4339fc95b502be5813810893677b8bba5cac7ec8a09a729	7f3a30a65d56c627a4339fc95b502be5813810893677b8bba5cac7ec8a09a729
1f3fe.png	1F3FE.png	62b72816022281b15c53244c0d48cd309eb40e59d7685df882d731ec10ebd11b	62b72816022281b15c53244c0d48cd309eb40e59d7685df882d731ec10ebd11b
1f3ff.png	1F3FF.png	74003d5ac0577cadf0c2b6b10232661e686f2bbb83648626bc07bcab47ca4479	74003d5ac0577cadf0c2b6b10232661e686f2bbb83648626bc07bcab47ca4479
1f400.png	1F400.png	7b3344d0942012cb96cd339f2075a3f05ed69bd7e90e965187dfb570edf2af5d	7b3344d0942012cb96cd339f2075a3f05ed69bd7e90e965187dfb570edf2af5d
1f401.png	1F401.png	e95ab93e00387c558d3ca16117be9d0658af6601270a585a395b7db6203fd285	e95ab93e00387c558d3ca16117be9d0658af6601270a585a395b7db6203fd285
1f402.png	1F402.png	e4fbc140ba0b65a9f025451d177d0f280fcc1f08986369c8014555ec19abc40e	e4fbc140ba0b65a9f025451d177d0f280fcc1f08986369c8014555ec19abc40e
1f403.png	1F403.png	649cf020330e2a155c41569dad4b54770ecfaa204919f1b71007981fc3793d92	649cf020330e2a155c41569dad4b54770ecfaa204919f1b71007981fc3793d92
1f404.png	1F404.png	2a4c933532754ddf7e9a01d94d68486401fab51a7d0898015610bd372c269398	2a4c933532754ddf7e9a01d94d68486401fab51a7d0898015610bd372c269398
1f405.png	1F405.png	097751999c6155ddd1bd907c6b2ef60604fe673b1cd68db0e5f5a6e9271dcfc5	097751999c6155ddd1bd907c6b2ef60604fe673b1cd68db0e5f5a6e9271dcfc5
1f406.png	1F406.png	de13859fa3c2a06b896edf83c2377f25c7e063aac35297a4c4d08793e4067760	de13859fa3c2a06b896edf83c2377f25c7e063aac35297a4c4d08793e4067760
1f407.png	1F407.png	54f979a5dcac6b7cb9fbdf447ba4781e9abe6652faa82a402e510a45023f1659	54f979a5dcac6b7cb9fbdf447ba4781e9abe6652faa82a402e510a45023f1659
1f408.png	1F408.png	dd65018a600daf9672a2766c2b65998819091ddba45e159c935a914a23766e5f	dd65018a600daf9672a2766c2b65998819091ddba45e159c935a914a23766e5f
1f408-200d-2b1b.png	1F408-200D-2B1B.png	0d22067cf98036d531a1f3fdfdf62cf4f21d240fa20b05111339537d9cc822ab	0d22067cf98036d531a1f3fdfdf62cf4f21d240fa20b05111339537d9cc822ab
1f409.png	1F409.png	0a7ccd14aec5689f2b5655f81a27dfa900d7c2e3b8cfd60557780e5fa083f527	0a7ccd14aec5689f2b5655f81a27dfa900d7c2e3b8cfd60557780e5fa083f527
1f40a.png	1F40A.png	f468899d1181a424de4f5f3acda73e381d2c4c059a5e8876858d2a5620bc9100	f468899d1181a424de4f5f3acda73e381d2c4c059a5e8876858d2a5620bc9100
1f40b.png	1F40B.png	1484d2bf6692fe67d78af939a825b7c87dc418c9c0c6e8293cf8b81a15dcf261	1484d2bf6692fe67d78af939a825b7c87dc418c9c0c6e8293cf8b81a15dcf261
1f40c.png	1F40C.png	c520b7fca7d81d20acd48fa0c614d909fa830283ae70adead01f9251f0f0307a	c520b7fca7d81d20acd48fa0c614d909fa830283ae70adead01f9251f0f0307a
1f40d.png	1F40D.png	b5de27f4c552d345fe1d630fc7bcefc7630ac1d59cd3ae17541b493defdd9655	b5de27f4c552d345fe1d630fc7bcefc7630ac1d59cd3ae17541b493defdd9655
1f40e.png	1F40E.png	563c4fdfc1f40f1343280ccd5d604b4f83eb6bec4b778a054440daadc7401e8e	563c4fdfc1f40f1343280ccd5d604b4f83eb6bec4b778a054440daadc7401e8e
1f40f.png	1F40F.png	66f5a2a590f0046bf3db109d772b86287a6f5dc7912c6551aa62880f019ef5b0	66f5a2a590f0046bf3db109d772b86287a6f5dc7912c6551aa62880f019ef5b0
1f410.png	1F410.png	ee0a0c8ad14251f11ddf11f9dd7005a17938596e12a19971d2a839ac85906dd7	ee0a0c8ad14251f11ddf11f9dd7005a17938596e12a19971d2a839ac85906dd7
1f411.png	1F411.png	b58d84f57ecabd0c08d6c39849bb2de4c5353762cdfa1e583d2f810fafa1f891	b58d84f57ecabd0c08d6c39849bb2de4c5353762cdfa1e583d2f810fafa1f891
1f412.png	1F412.png	4dfdd133cf466dcd8b3dd7b4ee9fd8f674c4414e097d392bdcc3e677fb5e1c08	4dfdd133cf466dcd8b3dd7b4ee9fd8f674c4414e097d392bdcc3e677fb5e1c08
1f413.png	1F413.png	420ba4bd3bd31d4e5b243b58fd5a6f278b59dc375dace1daba435a66abe6f66a	420ba4bd3bd31d4e5b243b58fd5a6f278b59dc375dace1daba435a66abe6f66a
1f414.png	1F414.png	f2a921efdba8f50d8a9e26bb892fc40f202c4c8a59323a903b58140d1aa5f03d	f2a921efdba8f50d8a9e26bb892fc40f202c4c8a59323a903b58140d1aa5f03d
1f415.png	1F415.png	f2ee7a6b3fa1509d125413ddf0e0880534471fcd89631331b860b1527ac66606	f2ee7a6b3fa1509d125413ddf0e0880534471fcd89631331b860b1527ac66606
1f415-200d-1f9ba.png	1F415-200D-1F9BA.png	8429f975a5c1b136fda3f20a52051bea813cd4c99862c979d040599f06f12a32	8429f975a5c1b136fda3f20a52051bea813cd4c99862c979d040599f06f12a32
1f416.png	1F416.png	98316eaf7a25a58c4e29e4615e0fa8f26878be979bc19087bcc53c6a3fd3a865	98316eaf7a25a58c4e29e4615e0fa8f26878be979bc19087bcc53c6a3fd3a865
1f417.png	1F417.png	37d8b0b777afa48e0ee85f7611d4fc4984b7d54a808ff3f30d9fdeb011161883	37d8b0b777afa48e0ee85f7611d4fc4984b7d54a808ff3f30d9fdeb011161883
1f418.png	1F418.png	be3bbfc4e9dc957f8e7959f808336e4deeeff8b3b8b68dc3ceb0ca62d09f0584	be3bbfc4e9dc957f8e7959f808336e4deeeff8b3b8b68dc3ceb0ca62d09f0584
1f419.png	1F419.png	d33f2d181e7a66823eb19b5126076a665c4d805eb40ff3d442ea7bc7b431d47e	d33f2d181e7a66823eb19b5126076a665c4d805eb40ff3d442ea7bc7b431d47e
1f41a.png	1F41A.png	9b147a664fd1369319e751fd2546a123396a669623f12820d665ab6329157be4	9b147a664fd1369319e751fd2546a123396a669623f12820d665ab6329157be4
1f41b.png	1F41B.png	bc1053fcc1499e6ea0df55a693b14c10d10700d7bfaff5ea616e8cf9037a945f	bc1053fcc1499e6ea0df55a693b14c10d10700d7bfaff5ea616e8cf9037a945f
1f41c.png	1F41C.png	3d31bf61c60c2d12c5192fce8bc466f266827c45d485510922825ac26051a967	3d31bf61c60c2d12c5192fce8bc466f266827c45d485510922825ac26051a967
1f41d.png	1F41D.png	7ce7171fccf0b6666cb656d7115f658a5ef09aeb042d3a70f937854ea5ca2368	7ce7171fccf0b6666cb656d7115f658a5ef09aeb042d3a70f937854ea5ca2368
1f41e.png	1F41E.png	a3306a21258f838ee38fe5e53e37983170448556b34d9e77fb48197d88d703b7	a3306a21258f838ee38fe5e53e37983170448556b34d9e77fb48197d88d703b7
1f41f.png	1F41F.png	8f6f47afb96fd7c74375ef2f9204c3a37205e60943f0c68d163de5fbbe86a84d	8f6f47afb96fd7c74375ef2f9204c3a37205e60943f0c68d163de5fbbe86a84d
1f420.png	1F420.png	f2147e986371be1338fbf8602cd2f8400a417418f9f726e7e9fae7e93a4bbe34	f2147e986371be1338fbf8602cd2f8400a417418f9f726e7e9fae7e93a4bbe34
1f421.png	1F421.png	abeb5f0a6bb923b64aa6deab15d96e80f886afadb32390c23a317933596b5be9	abeb5f0a6bb923b64aa6deab15d96e80f886afadb32390c23a317933596b5be9
1f422.png	1F422.png	3ea7071c91bbdb61324171d90b6b02f429b498686a29603f982b91540741676f	3ea7071c91bbdb61324171d90b6b02f429b498686a29603f982b91540741676f
1f423.png	1F423.png	1b62a9449ba4fa4d92562c438137eefae17dd9e895f9340aa98c38abe9d6ee79	1b62a9449ba4fa4d92562c438137eefae17dd9e895f9340aa98c38abe9d6ee79
1f424.png	1F424.png	c6aca45b21293b25c65a7a76f849b0d1dbef7dcd368742cf47c8bd7ef2225640	c6aca45b21293b25c65a7a76f849b0d1dbef7dcd368742cf47c8bd7ef2225640
1f425.png	1F425.png	68c8dc6ebbee3b5b553bb6319a21a282e211b2e2368ccd37a569aeecded02052	68c8dc6ebbee3b5b553bb6319a21a282e211b2e2368ccd37a569aeecded02052
1f426.png	1F426.png	f889d983b03237f635c79797ab645aa9f42b87df0e91fd545e75b9b3daf531c4	f889d983b03237f635c79797ab645aa9f42b87df0e91fd545e75b9b3daf531c4
1f426-200d-1f525.png	1F426-200D-1F525.png	50d39f612c693eaf80b6f7c4dfb1d1be4d510949babc7fa1f20960b3a524f45e	50d39f612c693eaf80b6f7c4dfb1d1be4d510949babc7fa1f20960b3a524f45e
1f426-200d-2b1b.png	1F426-200D-2B1B.png	b8e3c88626d45116c14b47649feb461e1a7ccf76e78371a80f2e1786a6cfcbf4	b8e3c88626d45116c14b47649feb461e1a7ccf76e78371a80f2e1786a6cfcbf4
1f427.png	1F427.png	d7f2e3b9d574c278b24837784b766ead23dcbc83bf7e495cef0c66b6e8bb6785	d7f2e3b9d574c278b24837784b766ead23dcbc83bf7e495cef0c66b6e8bb6785
1f428.png	1F428.png	6801927b8d177dc93ab04e98e2d78be90afbdadbf66650503c4510b6b38e0ad2	6801927b8d177dc93ab04e98e2d78be90afbdadbf66650503c4510b6b38e0ad2
1f429.png	1F429.png	fe03c99a8fce674c8124f55edb7048782ac187f888d8dda9b5abffaf8e034a8d	fe03c99a8fce674c8124f55edb7048782ac187f888d8dda9b5abffaf8e034a8d
1f42a.png	1F42A.png	256861399ce3142a6e56d04fc7dcaad9aaa3af93d8474cb5436cbfde1461fdd0	256861399ce3142a6e56d04fc7dcaad9aaa3af93d8474cb5436cbfde1461fdd0
1f42b.png	1F42B.png	860252f974ac217e149488faa9ce2ff1ddbd7f2eef34bade01c6d9b9e7c61d56	860252f974ac217e149488faa9ce2ff1ddbd7f2eef34bade01c6d9b9e7c61d56
1f42c.png	1F42C.png	20b47d962d4d9da01a3fc83c1c5d98836d4aaeba85183ab67b782b1d27dc13af	20b47d962d4d9da01a3fc83c1c5d98836d4aaeba85183ab67b782b1d27dc13af
1f42d.png	1F42D.png	7d781e4da16b5bbfd93a7a036525420545ef2895d6b3238553c0d9f2b80d2b63	7d781e4da16b5bbfd93a7a036525420545ef2895d6b3238553c0d9f2b80d2b63
1f42e.png	1F42E.png	d8b53e00e222e87bd57023ae7f1cd9a1e8e88fd36f5cad96bb372995c22f13db	d8b53e00e222e87bd57023ae7f1cd9a1e8e88fd36f5cad96bb372995c22f13db
1f42f.png	1F42F.png	e5e10ba5c4e9d68a04effc064a156c4160642a88aa21f1374060a474ff08469a	e5e10ba5c4e9d68a04effc064a156c4160642a88aa21f1374060a474ff08469a
1f430.png	1F430.png	f032924fefbf84b7f35a0c2d1adf107e0d30e541f7cec4251e9c2fe8ecdfc6fb	f032924fefbf84b7f35a0c2d1adf107e0d30e541f7cec4251e9c2fe8ecdfc6fb
1f431.png	1F431.png	14c25daa36e2ed6844e41739a6dd53429f704fce7cb19ebf3a24e53007010862	14c25daa36e2ed6844e41739a6dd53429f704fce7cb19ebf3a24e53007010862
1f432.png	1F432.png	a98122652b59ffffa1a0f3862dffeee4ca389260cd65378971ba4885334d0160	a98122652b59ffffa1a0f3862dffeee4ca389260cd65378971ba4885334d0160
1f433.png	1F433.png	9ae5356a872e38b3d96e5810f344e7d080c727c13f513d0db117739e6c4f3964	9ae5356a872e38b3d96e5810f344e7d080c727c13f513d0db117739e6c4f3964
1f434.png	1F434.png	df61bdb6c6a81be4c8e86ce2a90bc7a296c754369c6a8373a0d838b12ad1dc6f	df61bdb6c6a81be4c8e86ce2a90bc7a296c754369c6a8373a0d838b12ad1dc6f
1f435.png	1F435.png	0f554ea2c33d503607b2024b5d11a9958601b0102878117cc9f2282456d15be3	0f554ea2c33d503607b2024b5d11a9958601b0102878117cc9f2282456d15be3
1f436.png	1F436.png	9e7fc10a72057099ff2a0a25d268d3aa9e75acb52a5a0378d32bb98b12148a90	9e7fc10a72057099ff2a0a25d268d3aa9e75acb52a5a0378d32bb98b12148a90
1f437.png	1F437.png	b7d1ae25f7935d5c6e61c063fc32c4c70d61f51cae5dcb0d7b237f5bd677bbb5	b7d1ae25f7935d5c6e61c063fc32c4c70d61f51cae5dcb0d7b237f5bd677bbb5
1f438.png	1F438.png	c71c84059e1df6fbf799f0cc5379adf4280080f7d27da1c27ab9306f1dac7162	c71c84059e1df6fbf799f0cc5379adf4280080f7d27da1c27ab9306f1dac7162
1f439.png	1F439.png	3420304d502e837b6fc749cfa877c5a2d682098b66f17ae908328f46ee64d747	3420304d502e837b6fc749cfa877c5a2d682098b66f17ae908328f46ee64d747
1f43a.png	1F43A.png	6bdb3d8c61f6ce750b84626da4714066a4042dcd8c7c179e7e65b87beddc6674	6bdb3d8c61f6ce750b84626da4714066a4042dcd8c7c179e7e65b87beddc6674
1f43b.png	1F43B.png	0bca8a3beb8aaa36af719db79c81e9a6a750b6148e9d517354a184f9aab199a1	0bca8a3beb8aaa36af719db79c81e9a6a750b6148e9d517354a184f9aab199a1
1f43b-200d-2744.png	1F43B-200D-2744-FE0F.png	58303d03933c9d6da4376e9a7d616b70aeebf9c2914c872e9ce0ebe2ff1dfe83	58303d03933c9d6da4376e9a7d616b70aeebf9c2914c872e9ce0ebe2ff1dfe83
1f43c.png	1F43C.png	50d299d6b01be945d576272f2daad1f815b754b5f65bbc80d1c31379b14347bc	50d299d6b01be945d576272f2daad1f815b754b5f65bbc80d1c31379b14347bc
1f43d.png	1F43D.png	cd9236d831239d58c95ef299bf35015197c118e7b4a807f83de874938782390b	cd9236d831239d58c95ef299bf35015197c118e7b4a807f83de874938782390b
1f43e.png	1F43E.png	778117447e82d1504752007686b2814110ee6609538048482f6750189506448d	778117447e82d1504752007686b2814110ee6609538048482f6750189506448d
1f43f.png	1F43F.png	fb6bca76bc3325d3d89149d2fb6f2776169522d2e3e691d84521adb7c763daa3	fb6bca76bc3325d3d89149d2fb6f2776169522d2e3e691d84521adb7c763daa3
1f440.png	1F440.png	410e82e7c6e2006a02165c802c9dcd5ac26f1da7572310745468956574c9ed02	410e82e7c6e2006a02165c802c9dcd5ac26f1da7572310745468956574c9ed02
1f441.png	1F441.png	415eae53a003ca5af2a335c088f1c09e6075b3dd59e1665b15adff3bd4943604	415eae53a003ca5af2a335c088f1c09e6075b3dd59e1665b15adff3bd4943604
1f441-200d-1f5e8.png	1F441-FE0F-200D-1F5E8-FE0F.png	efa4fcbc828d767f934613c08bc76963678ecb03d08b599af0da88d2a1bc88b4	efa4fcbc828d767f934613c08bc76963678ecb03d08b599af0da88d2a1bc88b4
1f442.png	1F442.png	5f886fbdbb5fa9013234dda9cca837fd0ddd84ea7be5529200f9b12d660f8e94	5f886fbdbb5fa9013234dda9cca837fd0ddd84ea7be5529200f9b12d660f8e94
1f442-1f3fb.png	1F442-1F3FB.png	ca10f2fb7b9c551061d965987e37018a556dafa18786838e2f20026680ab7aeb	ca10f2fb7b9c551061d965987e37018a556dafa18786838e2f20026680ab7aeb
1f442-1f3fc.png	1F442-1F3FC.png	2e647d53a4fe8286c51648d7edb42166a6f5e7e196b6d0ea6a95fd9139e6de89	2e647d53a4fe8286c51648d7edb42166a6f5e7e196b6d0ea6a95fd9139e6de89
1f442-1f3fd.png	1F442-1F3FD.png	5ccfec162c1cdd9aced0a1dff5aa9bbeb2fc3122ef13925ac82d7bbbb60b1245	5ccfec162c1cdd9aced0a1dff5aa9bbeb2fc3122ef13925ac82d7bbbb60b1245
1f442-1f3fe.png	1F442-1F3FE.png	8f67a764d919aeef1972948e6685abea4acaf1bb32a8366e072b1c50d80d140d	8f67a764d919aeef1972948e6685abea4acaf1bb32a8366e072b1c50d80d140d
1f442-1f3ff.png	1F442-1F3FF.png	e805363ab6bf60f2516ce81c74b189cdbb874480fcce23a54f76e2d909641787	e805363ab6bf60f2516ce81c74b189cdbb874480fcce23a54f76e2d909641787
1f443.png	1F443.png	a5d0da3392de337a9b958fe1ab68ed526999e8a1bc0bfdfbc4bcf50dbebb84a2	a5d0da3392de337a9b958fe1ab68ed526999e8a1bc0bfdfbc4bcf50dbebb84a2
1f443-1f3fb.png	1F443-1F3FB.png	b3fc30228e3e0faa55060f937552a031fc0fc2813a848e02047063fd2e2b074f	b3fc30228e3e0faa55060f937552a031fc0fc2813a848e02047063fd2e2b074f
1f443-1f3fc.png	1F443-1F3FC.png	155ea3b0fac975d6129d1452e77d04681d2c5d0c8097467a8c129216bb06ff82	155ea3b0fac975d6129d1452e77d04681d2c5d0c8097467a8c129216bb06ff82
1f443-1f3fd.png	1F443-1F3FD.png	a86bccd25c9ec3c98adad3613cce1ed1688a8c578854ab213f85ec69958b2e23	a86bccd25c9ec3c98adad3613cce1ed1688a8c578854ab213f85ec69958b2e23
1f443-1f3fe.png	1F443-1F3FE.png	524e0f74b0cd0bff24b449220ba2421c75e0f81060a9dd89343e5aebc6348ba6	524e0f74b0cd0bff24b449220ba2421c75e0f81060a9dd89343e5aebc6348ba6
1f443-1f3ff.png	1F443-1F3FF.png	fff379b8d35259dd12da0ba2b63f3847b667eaf2a88b84c8e929ce6002af2d0c	fff379b8d35259dd12da0ba2b63f3847b667eaf2a88b84c8e929ce6002af2d0c
1f444.png	1F444.png	54db7ae4cbbd6f1778a45efbd0b4183a3c8442528a6d53a3f6e37e3fcdacc3f0	54db7ae4cbbd6f1778a45efbd0b4183a3c8442528a6d53a3f6e37e3fcdacc3f0
1f445.png	1F445.png	dc417c96ed141828a6699acedf423e5aca636cdb714eb1f023d3b7dfdb38e35e	dc417c96ed141828a6699acedf423e5aca636cdb714eb1f023d3b7dfdb38e35e
1f446.png	1F446.png	2775cb3a53452e9703c26c75dc201887483b235ace23498d202320fc4f6fd841	2775cb3a53452e9703c26c75dc201887483b235ace23498d202320fc4f6fd841
1f446-1f3fb.png	1F446-1F3FB.png	6129fe20ded1764c8ef7cdff1c79ad25cc3b9fdf05e1b08795273c2d7282209c	6129fe20ded1764c8ef7cdff1c79ad25cc3b9fdf05e1b08795273c2d7282209c
1f446-1f3fc.png	1F446-1F3FC.png	11940d2d0f49842edfcd8e3e3b2eb5046a0652755a74936f8ca8fc4ca03301bb	11940d2d0f49842edfcd8e3e3b2eb5046a0652755a74936f8ca8fc4ca03301bb
1f446-1f3fd.png	1F446-1F3FD.png	232fbb2dc98dace7b742e711336189a9e4f87c4b0a76e390fe58be4c9c753fa0	232fbb2dc98dace7b742e711336189a9e4f87c4b0a76e390fe58be4c9c753fa0
1f446-1f3fe.png	1F446-1F3FE.png	f22df9227abbf9b55ac8202c3a5bd27004eeb41ef722ca645700868bec19497e	f22df9227abbf9b55ac8202c3a5bd27004eeb41ef722ca645700868bec19497e
1f446-1f3ff.png	1F446-1F3FF.png	7b5ae9bfc75906fe42d5b299f3f1059fe7f805a5b590d03cd4d9f42f68bd62d2	7b5ae9bfc75906fe42d5b299f3f1059fe7f805a5b590d03cd4d9f42f68bd62d2
1f447.png	1F447.png	3ec8656cb57f78c2261821abdfd575ce07f4a6cb3d2b6fc1c7d460e687803b0b	3ec8656cb57f78c2261821abdfd575ce07f4a6cb3d2b6fc1c7d460e687803b0b
1f447-1f3fb.png	1F447-1F3FB.png	e815d7367ada41463bbd43a836205d343aa4c568c915dee379d865f10bf1d463	e815d7367ada41463bbd43a836205d343aa4c568c915dee379d865f10bf1d463
1f447-1f3fc.png	1F447-1F3FC.png	f958c3ec4dec069e2b710e440cc42c1e57bfc1f8b3ba3c091122b1353deaf87a	f958c3ec4dec069e2b710e440cc42c1e57bfc1f8b3ba3c091122b1353deaf87a
1f447-1f3fd.png	1F447-1F3FD.png	427c5af0f2b727e7f6a850c050fa132dee8ebacc03fb6ff3bfee7f46a7453499	427c5af0f2b727e7f6a850c050fa132dee8ebacc03fb6ff3bfee7f46a7453499
1f447-1f3fe.png	1F447-1F3FE.png	91681c8ed3fd6b9ad4929be58d47f2ad1c995c9fc32682c04f849aa1fb4f8ce4	91681c8ed3fd6b9ad4929be58d47f2ad1c995c9fc32682c04f849aa1fb4f8ce4
1f447-1f3ff.png	1F447-1F3FF.png	1a31ad69aabbf4fb00cb6515079f1ea8f50a4bfe3e181e3abe190df138ed1a9b	1a31ad69aabbf4fb00cb6515079f1ea8f50a4bfe3e181e3abe190df138ed1a9b
1f448.png	1F448.png	af7cbc4040d25d150cbcf983888a7212ba199c9f45e245379bda1f6326ab4e57	af7cbc4040d25d150cbcf983888a7212ba199c9f45e245379bda1f6326ab4e57
1f448-1f3fb.png	1F448-1F3FB.png	036d816aff5e1aa98a6121d0eeaca18c5f036ac1d5888cbfa1ded162aa3bb1e7	036d816aff5e1aa98a6121d0eeaca18c5f036ac1d5888cbfa1ded162aa3bb1e7
1f448-1f3fc.png	1F448-1F3FC.png	9f8ba418cba9831c2cc26146bd204fb33ec8b6e386117dfda500ec13958b5316	9f8ba418cba9831c2cc26146bd204fb33ec8b6e386117dfda500ec13958b5316
1f448-1f3fd.png	1F448-1F3FD.png	be1b87c90f4303cca5fa9087ba235ad8c9b8df269f07f6834f79e1d838b9ad72	be1b87c90f4303cca5fa9087ba235ad8c9b8df269f07f6834f79e1d838b9ad72
1f448-1f3fe.png	1F448-1F3FE.png	721a8a12aca95af251346b2a5b446ea94f21987c08dee161fc95ac0cbb01cc76	721a8a12aca95af251346b2a5b446ea94f21987c08dee161fc95ac0cbb01cc76
1f448-1f3ff.png	1F448-1F3FF.png	6a36c30ae43a8443b2106505646e0b2bccd15f8a4501987838bb0b2f970e1460	6a36c30ae43a8443b2106505646e0b2bccd15f8a4501987838bb0b2f970e1460
1f449.png	1F449.png	419614f9fe61988d84d77d2eaa7c5f06dc366801514ef1afb2db2ba0f73c438b	419614f9fe61988d84d77d2eaa7c5f06dc366801514ef1afb2db2ba0f73c438b
1f449-1f3fb.png	1F449-1F3FB.png	73ba2dc8f046e945bd50e0af74f5f90a95c7fc68fa68df748f412f8167c06108	73ba2dc8f046e945bd50e0af74f5f90a95c7fc68fa68df748f412f8167c06108
1f449-1f3fc.png	1F449-1F3FC.png	633db6306186dea0e9c5c291d2487730f6d703c2244244005c00b08a76a9ac6d	633db6306186dea0e9c5c291d2487730f6d703c2244244005c00b08a76a9ac6d
1f449-1f3fd.png	1F449-1F3FD.png	a06d446fd7a83c6721f2801f69212c8d2161fe81612be136e7e0e036bf008f03	a06d446fd7a83c6721f2801f69212c8d2161fe81612be136e7e0e036bf008f03
1f449-1f3fe.png	1F449-1F3FE.png	cce85c8a05c1fde5fee711574c5777dbaefec73f799106c3fa9ed38e54e1fa9a	cce85c8a05c1fde5fee711574c5777dbaefec73f799106c3fa9ed38e54e1fa9a
1f449-1f3ff.png	1F449-1F3FF.png	64f579d3feddeaf9c8752d64c2ac07b592c6a36b19256e2f7236e736ed68faee	64f579d3feddeaf9c8752d64c2ac07b592c6a36b19256e2f7236e736ed68faee
1f44a.png	1F44A.png	08fc4f1f7b6b4d64e0e0530d60145a2e6a9d0ffd90a1e52cbf2e0d3cd9113566	08fc4f1f7b6b4d64e0e0530d60145a2e6a9d0ffd90a1e52cbf2e0d3cd9113566
1f44a-1f3fb.png	1F44A-1F3FB.png	247f240e8acacdbb63c0054b68f408492a80c21815c0249a5e7215ba732d8f9c	247f240e8acacdbb63c0054b68f408492a80c21815c0249a5e7215ba732d8f9c
1f44a-1f3fc.png	1F44A-1F3FC.png	6c826e65351be3b4cbf2cbf583bb585da757f81a9a923023c6ca4f1fc3ab94f9	6c826e65351be3b4cbf2cbf583bb585da757f81a9a923023c6ca4f1fc3ab94f9
1f44a-1f3fd.png	1F44A-1F3FD.png	95ea42d3040472525b27db7ecafef86ea65909fb7c0ec301e7e2440a9534c254	95ea42d3040472525b27db7ecafef86ea65909fb7c0ec301e7e2440a9534c254
1f44a-1f3fe.png	1F44A-1F3FE.png	6bd5f59e887f251f7a2299159c38ee27a0419af2730193fb63111ec3f6dc7c95	6bd5f59e887f251f7a2299159c38ee27a0419af2730193fb63111ec3f6dc7c95
1f44a-1f3ff.png	1F44A-1F3FF.png	f0dd59a56850ac31b188fa445b9ca6c7b2ed21de3938b974954cdda51b75520d	f0dd59a56850ac31b188fa445b9ca6c7b2ed21de3938b974954cdda51b75520d
1f44b.png	1F44B.png	040c633a5ad2432859ea94935ba50a2bffc2e914c5e8f1441eef7fb6439878e3	040c633a5ad2432859ea94935ba50a2bffc2e914c5e8f1441eef7fb6439878e3
1f44b-1f3fb.png	1F44B-1F3FB.png	8058574a532f46dbe52015b3829492029319baa30f6c912b6980f1cdaff5c873	8058574a532f46dbe52015b3829492029319baa30f6c912b6980f1cdaff5c873
1f44b-1f3fc.png	1F44B-1F3FC.png	67031b38e196f49ee0ccf3a2851d992a4642d71b48a567305610025dd2151296	67031b38e196f49ee0ccf3a2851d992a4642d71b48a567305610025dd2151296
1f44b-1f3fd.png	1F44B-1F3FD.png	a02d17c69f7d940e997a2482d3f406211710b0f22636a677f1edf8d28ab7c69b	a02d17c69f7d940e997a2482d3f406211710b0f22636a677f1edf8d28ab7c69b
1f44b-1f3fe.png	1F44B-1F3FE.png	96c7aa459409b2ce499e4adb2e3ea04344c6cd6ddeee2de3d639f8f7f046190f	96c7aa459409b2ce499e4adb2e3ea04344c6cd6ddeee2de3d639f8f7f046190f
1f44b-1f3ff.png	1F44B-1F3FF.png	08903be57927a37866a3796082403c4812037a346cd6bfc88aff038b3f923dcb	08903be57927a37866a3796082403c4812037a346cd6bfc88aff038b3f923dcb
1f44c.png	1F44C.png	ee93a15060fd44b8ffd06106c373f770e10ebb7f5be21de1e62dcbd61e64446c	ee93a15060fd44b8ffd06106c373f770e10ebb7f5be21de1e62dcbd61e64446c
1f44c-1f3fb.png	1F44C-1F3FB.png	f73c6f8b85ae306ba38fc241ab06f52c7a359d5f3962c320213dbfe2981de4c6	f73c6f8b85ae306ba38fc241ab06f52c7a359d5f3962c320213dbfe2981de4c6
1f44c-1f3fc.png	1F44C-1F3FC.png	0bc6422dcf9acb2b6891201c1864ca4171c74da4a65a1fd3ea2f854ba4ad5eb9	0bc6422dcf9acb2b6891201c1864ca4171c74da4a65a1fd3ea2f854ba4ad5eb9
1f44c-1f3fd.png	1F44C-1F3FD.png	07e7ce644f6985587911a466d3573b4a7b059e02658b9fd902925763a2d9a53b	07e7ce644f6985587911a466d3573b4a7b059e02658b9fd902925763a2d9a53b
1f44c-1f3fe.png	1F44C-1F3FE.png	b6ae827ce7f48f482d72a357e32e9214d13b08187122d02a53d8efd9cffa9885	b6ae827ce7f48f482d72a357e32e9214d13b08187122d02a53d8efd9cffa9885
1f44c-1f3ff.png	1F44C-1F3FF.png	cccaab29d76243d329284c82c3cf991a03bc8523884d3c43eed9743f0b0e10ea	cccaab29d76243d329284c82c3cf991a03bc8523884d3c43eed9743f0b0e10ea
1f44d.png	1F44D.png	de9d56fe06d50e993877a48139e944d17ce3c64a65f4419187e1fc49f7bf7c6b	de9d56fe06d50e993877a48139e944d17ce3c64a65f4419187e1fc49f7bf7c6b
1f44d-1f3fb.png	1F44D-1F3FB.png	0e9f09466f375b003847efa9a7b7ab081170f4b53f43b1956b278ab609b2640c	0e9f09466f375b003847efa9a7b7ab081170f4b53f43b1956b278ab609b2640c
1f44d-1f3fc.png	1F44D-1F3FC.png	1c213c14ab351f5c3f2b5e5c225d8b67459aaf9b9f0ec442ff24f0a17e028a7b	1c213c14ab351f5c3f2b5e5c225d8b67459aaf9b9f0ec442ff24f0a17e028a7b
1f44d-1f3fd.png	1F44D-1F3FD.png	bf77631d5ef8cd7c0507aaa6091a7010c22374f771f56337b789ee42945fae48	bf77631d5ef8cd7c0507aaa6091a7010c22374f771f56337b789ee42945fae48
1f44d-1f3fe.png	1F44D-1F3FE.png	0fd1aac61fec9f1cbe03792bc6e86b180455d3b48aad545ec42bcebe828d34db	0fd1aac61fec9f1cbe03792bc6e86b180455d3b48aad545ec42bcebe828d34db
1f44d-1f3ff.png	1F44D-1F3FF.png	5d5257698a3ae44a26181366c9496c2065603b6cbe1d126d786e549778ef205a	5d5257698a3ae44a26181366c9496c2065603b6cbe1d126d786e549778ef205a
1f44e.png	1F44E.png	5fb6788c4e28a248743c2224dec8f5df6f7208a1f8f503d4f01893fe2e960963	5fb6788c4e28a248743c2224dec8f5df6f7208a1f8f503d4f01893fe2e960963
1f44e-1f3fb.png	1F44E-1F3FB.png	59a9f1ae42858837505c51b126bc6395718d4886072646328e575d34678af9e3	59a9f1ae42858837505c51b126bc6395718d4886072646328e575d34678af9e3
1f44e-1f3fc.png	1F44E-1F3FC.png	aaf2bc3d59cfe1f711407ead949ca6a874dbd456203c341d1fec0a3f6d005d3d	aaf2bc3d59cfe1f711407ead949ca6a874dbd456203c341d1fec0a3f6d005d3d
1f44e-1f3fd.png	1F44E-1F3FD.png	ea48082c7918f5791c47a65542041d77687d104f1b95d4a126543856826b06c6	ea48082c7918f5791c47a65542041d77687d104f1b95d4a126543856826b06c6
1f44e-1f3fe.png	1F44E-1F3FE.png	90b28d62151127571539c9855f607abf279886b8c51e101e52b8146222548fbf	90b28d62151127571539c9855f607abf279886b8c51e101e52b8146222548fbf
1f44e-1f3ff.png	1F44E-1F3FF.png	549607b4a378b582be3c8eb332185d1ca32dbd0822147dcb6cea9bcf9b4a31dd	549607b4a378b582be3c8eb332185d1ca32dbd0822147dcb6cea9bcf9b4a31dd
1f44f.png	1F44F.png	7e3d11b99e57496e1413f274291c2495374b324bb64d9017a5b384c1ed61a7a4	7e3d11b99e57496e1413f274291c2495374b324bb64d9017a5b384c1ed61a7a4
1f44f-1f3fb.png	1F44F-1F3FB.png	2d307f1b634110a75a3eb6b8ddb0bdd18465ab576d06462d7231bcbd191028c1	2d307f1b634110a75a3eb6b8ddb0bdd18465ab576d06462d7231bcbd191028c1
1f44f-1f3fc.png	1F44F-1F3FC.png	6f210bb4971bc5e3114d718293f852deaf3c1da40f229561ced2b81df36a784d	6f210bb4971bc5e3114d718293f852deaf3c1da40f229561ced2b81df36a784d
1f44f-1f3fd.png	1F44F-1F3FD.png	c594a27c6de8343d23083054dfe9827519b4848c49cb0dc6bc67000ca7b0c2b1	c594a27c6de8343d23083054dfe9827519b4848c49cb0dc6bc67000ca7b0c2b1
1f44f-1f3fe.png	1F44F-1F3FE.png	8da5f81b1c79bb9ab0e393ff927df0a811a1b0ce65225748390d90d4ab13fd65	8da5f81b1c79bb9ab0e393ff927df0a811a1b0ce65225748390d90d4ab13fd65
1f44f-1f3ff.png	1F44F-1F3FF.png	4549c4c43868ac9e6a344530e3a449046edbd7db7b265cb63df7bd2c32c3489d	4549c4c43868ac9e6a344530e3a449046edbd7db7b265cb63df7bd2c32c3489d
1f450.png	1F450.png	c7266ba081c40ff422b8a870f738013a0cfe9b66a7a66d0fc4b2c121e74d6566	c7266ba081c40ff422b8a870f738013a0cfe9b66a7a66d0fc4b2c121e74d6566
1f450-1f3fb.png	1F450-1F3FB.png	20a6bc029d1f61be64f39a27d68271fe1f0ea4e9b3db65ee55d85a201f6bdf07	20a6bc029d1f61be64f39a27d68271fe1f0ea4e9b3db65ee55d85a201f6bdf07
1f450-1f3fc.png	1F450-1F3FC.png	c0f61e3fabd3a89b1103425e2817d6beb5eb84a60f3ad4ecff0335a818bf7236	c0f61e3fabd3a89b1103425e2817d6beb5eb84a60f3ad4ecff0335a818bf7236
1f450-1f3fd.png	1F450-1F3FD.png	8f23163db3d08445e01d5395c2c40dc017bccc1502f4cd200dd2854008949398	8f23163db3d08445e01d5395c2c40dc017bccc1502f4cd200dd2854008949398
1f450-1f3fe.png	1F450-1F3FE.png	2c6957b37ffb06ba00c614877c52fdad3f6379a619c99243dc67574184643626	2c6957b37ffb06ba00c614877c52fdad3f6379a619c99243dc67574184643626
1f450-1f3ff.png	1F450-1F3FF.png	95c8e9e1a7146a0d6092673e636ae8611e6afa4b331340bc6e5af367c2cdc0f7	95c8e9e1a7146a0d6092673e636ae8611e6afa4b331340bc6e5af367c2cdc0f7
1f451.png	1F451.png	562c9b5298f5aa6e341dc14cb72dbef9bb45f76fe7e553ce2f94040de0329e6c	562c9b5298f5aa6e341dc14cb72dbef9bb45f76fe7e553ce2f94040de0329e6c
1f452.png	1F452.png	fc150fa596766d023dd7c4c724fb452ea161bb61220f89a0b608d33a5fdcb024	fc150fa596766d023dd7c4c724fb452ea161bb61220f89a0b608d33a5fdcb024
1f453.png	1F453.png	d81c0e32ac3cfe1f9ff110b8ea3f0e2e8843a450e2b02c7cfabd02bddb7b2e9b	d81c0e32ac3cfe1f9ff110b8ea3f0e2e8843a450e2b02c7cfabd02bddb7b2e9b
1f454.png	1F454.png	c2ea110f1904d71089320e5abfca9a4e820227c69d4ba7d3dcd62cf861c88823	c2ea110f1904d71089320e5abfca9a4e820227c69d4ba7d3dcd62cf861c88823
1f455.png	1F455.png	2e9995d74b6b6bab005431c7163253a78010b1e71a1db5a037b7ed8011b1d8d4	2e9995d74b6b6bab005431c7163253a78010b1e71a1db5a037b7ed8011b1d8d4
1f456.png	1F456.png	32e4f4b26941a109931279c3562ec52f7c2cc074d30709975f73029114a3ce4f	32e4f4b26941a109931279c3562ec52f7c2cc074d30709975f73029114a3ce4f
1f457.png	1F457.png	4d2d74980010a0d42cd981ab322dfeabe9eefd96d0c2c92eaaeb1640d8b31a10	4d2d74980010a0d42cd981ab322dfeabe9eefd96d0c2c92eaaeb1640d8b31a10
1f458.png	1F458.png	49d2b48ebf9dbeec54749dfcfbeba328b45375ad2fcd893e2ac952c394b40c6f	49d2b48ebf9dbeec54749dfcfbeba328b45375ad2fcd893e2ac952c394b40c6f
1f459.png	1F459.png	e0aa265144ff34ee38e7ef6edbddd4156458c98fb8781c9219f55262d686acf6	e0aa265144ff34ee38e7ef6edbddd4156458c98fb8781c9219f55262d686acf6
1f45a.png	1F45A.png	296d5bb4537df9b15cf363e101e86a9acad81eb1cf5f9662cd7f123e5e332ed5	296d5bb4537df9b15cf363e101e86a9acad81eb1cf5f9662cd7f123e5e332ed5
1f45b.png	1F45B.png	468adf515c630e14fe21df1aa8e191f0c488db6a5a4153e8e752a9342961442f	468adf515c630e14fe21df1aa8e191f0c488db6a5a4153e8e752a9342961442f
1f45c.png	1F45C.png	a172da890b0e7cf8b2d6d7898b6a9e252d789297e261d90efb5f323db76b28f1	a172da890b0e7cf8b2d6d7898b6a9e252d789297e261d90efb5f323db76b28f1
1f45d.png	1F45D.png	ea9ac81c6549261a9c676703f3e319106a26c9f6f0f92c69152f772d688113a7	ea9ac81c6549261a9c676703f3e319106a26c9f6f0f92c69152f772d688113a7
1f45e.png	1F45E.png	0306c4ed450986f37ad27c25265bcc9e39d4625c9950fb67cc3f28185c2390ca	0306c4ed450986f37ad27c25265bcc9e39d4625c9950fb67cc3f28185c2390ca
1f45f.png	1F45F.png	db81f60863df17ccc271949e5e4b1b13568a3487695a609319c520a3068395c4	db81f60863df17ccc271949e5e4b1b13568a3487695a609319c520a3068395c4
1f460.png	1F460.png	ac387146d40cfc797d34e2e663f66b82b260472102e9b509b6b1083775bbaddd	ac387146d40cfc797d34e2e663f66b82b260472102e9b509b6b1083775bbaddd
1f461.png	1F461.png	0d37c1e637fc5ca5c35ae4a2651b1ffecff842ced29017915443fca7b0d05284	0d37c1e637fc5ca5c35ae4a2651b1ffecff842ced29017915443fca7b0d05284
1f462.png	1F462.png	c644da3284548c137bfd7cc137dfeae928762f5aa4013b962ead39e32988b2a6	c644da3284548c137bfd7cc137dfeae928762f5aa4013b962ead39e32988b2a6
1f463.png	1F463.png	59753177fc7d63e794e6b2c5a71e2f36573ba8c64be54e85abde9d6ffe6218f8	59753177fc7d63e794e6b2c5a71e2f36573ba8c64be54e85abde9d6ffe6218f8
1f464.png	1F464.png	7d6c01133aaf1f8c49d128ec24f893dd84c0f6d40232e648573ba5f83f2f1e52	7d6c01133aaf1f8c49d128ec24f893dd84c0f6d40232e648573ba5f83f2f1e52
1f465.png	1F465.png	0eec8c42ce099f8092eacb448b151061fb398f06e8a40bd5f0e9d610081774b1	0eec8c42ce099f8092eacb448b151061fb398f06e8a40bd5f0e9d610081774b1
1f466.png	1F466.png	3ed25395454d717fd8cac2e5159f7ad8654cfafa9605a488f32e12e543e866d2	3ed25395454d717fd8cac2e5159f7ad8654cfafa9605a488f32e12e543e866d2
1f466-1f3fb.png	1F466-1F3FB.png	3ce7a406e24b64670fee90a3a3fd1ec894a534e4c60b221b269eff11e76a840f	3ce7a406e24b64670fee90a3a3fd1ec894a534e4c60b221b269eff11e76a840f
1f466-1f3fc.png	1F466-1F3FC.png	0c70141e294d5616622988b2d1fa61de802edbfabf4394dadc73ce4406e30cb4	0c70141e294d5616622988b2d1fa61de802edbfabf4394dadc73ce4406e30cb4
1f466-1f3fd.png	1F466-1F3FD.png	ca321d56e193a9129ca9be83548de6876d1788f2b91e1925f89d2cff6b5aebff	ca321d56e193a9129ca9be83548de6876d1788f2b91e1925f89d2cff6b5aebff
1f466-1f3fe.png	1F466-1F3FE.png	56c1c60db81302494f67af73068ad9a78b4cec0563c13f0f6ab89b083b12267b	56c1c60db81302494f67af73068ad9a78b4cec0563c13f0f6ab89b083b12267b
1f466-1f3ff.png	1F466-1F3FF.png	44240051908734ed8232db27df9786a54d811f151be5658ff5ca756cbf8b0297	44240051908734ed8232db27df9786a54d811f151be5658ff5ca756cbf8b0297
1f467.png	1F467.png	ecfb423e1e8ba4a4cfb39a561af13b3375406e862ce1f05f31b398763201e874	ecfb423e1e8ba4a4cfb39a561af13b3375406e862ce1f05f31b398763201e874
1f467-1f3fb.png	1F467-1F3FB.png	bcc96784aae76bd672eda052177f592a9d553cfd25189924721cb6b381b96885	bcc96784aae76bd672eda052177f592a9d553cfd25189924721cb6b381b96885
1f467-1f3fc.png	1F467-1F3FC.png	c34211a236f4a1dee2f63f3f13c469764c8035f2c04170ad1970319f994091bb	c34211a236f4a1dee2f63f3f13c469764c8035f2c04170ad1970319f994091bb
1f467-1f3fd.png	1F467-1F3FD.png	de6c5949b04a5918d1407443fc0fd93dce816689455bf71bda8a30c890bb892b	de6c5949b04a5918d1407443fc0fd93dce816689455bf71bda8a30c890bb892b
1f467-1f3fe.png	1F467-1F3FE.png	be82143c63a045a04b88f0bbfc13de84c696236f8a21c44551c0a37cf6eb63ae	be82143c63a045a04b88f0bbfc13de84c696236f8a21c44551c0a37cf6eb63ae
1f467-1f3ff.png	1F467-1F3FF.png	b771b458833c8da5798a33d70d1ec8f6cb655998872f1c6fb7147c2f93425087	b771b458833c8da5798a33d70d1ec8f6cb655998872f1c6fb7147c2f93425087
1f468.png	1F468.png	865af7d349c5f1cdc4ace41e99fe634719ea71a1d696b3f2a3ff41abfc9c6dc5	865af7d349c5f1cdc4ace41e99fe634719ea71a1d696b3f2a3ff41abfc9c6dc5
1f468-1f3fb.png	1F468-1F3FB.png	a2a7d0b790a5cbd6ae5adcfafeedbaf0e9112ebdc719c9917d51c188c17ecd56	a2a7d0b790a5cbd6ae5adcfafeedbaf0e9112ebdc719c9917d51c188c17ecd56
1f468-1f3fb-200d-1f33e.png	1F468-1F3FB-200D-1F33E.png	ee264357889e565faacd894bddb5c87b9d25aa2eeab63dab75176b50f0d7e606	ee264357889e565faacd894bddb5c87b9d25aa2eeab63dab75176b50f0d7e606
1f468-1f3fb-200d-1f373.png	1F468-1F3FB-200D-1F373.png	2adfd0ccc091fd76bfe70baa9c054ac6761e0cd2aa0c273507df54ba3e72794f	2adfd0ccc091fd76bfe70baa9c054ac6761e0cd2aa0c273507df54ba3e72794f
1f468-1f3fb-200d-1f37c.png	1F468-1F3FB-200D-1F37C.png	412a738136a9f5d52ffbc99a459c0e8d5d7ab814280fc103f5d91d5ad400ac05	412a738136a9f5d52ffbc99a459c0e8d5d7ab814280fc103f5d91d5ad400ac05
1f468-1f3fb-200d-1f393.png	1F468-1F3FB-200D-1F393.png	e77b8ccfaf1559459d9b596083e6a5124af79cb44fd149c283030de8c7ca15c5	e77b8ccfaf1559459d9b596083e6a5124af79cb44fd149c283030de8c7ca15c5
1f468-1f3fb-200d-1f3a4.png	1F468-1F3FB-200D-1F3A4.png	b4b05403921200b7cb9cdb3795b88e9c08cbdff9d4c6c0e1a82e22a527b45706	b4b05403921200b7cb9cdb3795b88e9c08cbdff9d4c6c0e1a82e22a527b45706
1f468-1f3fb-200d-1f3a8.png	1F468-1F3FB-200D-1F3A8.png	c45f11add36efa2d33b89b5e94b0d2a1adb7c9d90895272bb3903523a930c502	c45f11add36efa2d33b89b5e94b0d2a1adb7c9d90895272bb3903523a930c502
1f468-1f3fb-200d-1f3eb.png	1F468-1F3FB-200D-1F3EB.png	bb08f3061ed8b35081e78d41169d6133ba0182ee5c96c078ced6fabe05ac1b4c	bb08f3061ed8b35081e78d41169d6133ba0182ee5c96c078ced6fabe05ac1b4c
1f468-1f3fb-200d-1f3ed.png	1F468-1F3FB-200D-1F3ED.png	b03b5c17dbb51a66a20bc02398aff60bef5ef20923dcad28ecb0143e8f49c6d3	b03b5c17dbb51a66a20bc02398aff60bef5ef20923dcad28ecb0143e8f49c6d3
1f468-1f3fb-200d-1f430-200d-1f468-1f3fc.png	1F468-1F3FB-200D-1F430-200D-1F468-1F3FC.png	fcef17fe760974f87c9a913e8d8b2cb73f22c1d8db8e4e53de5c0480f3f2849d	fcef17fe760974f87c9a913e8d8b2cb73f22c1d8db8e4e53de5c0480f3f2849d
1f468-1f3fb-200d-1f430-200d-1f468-1f3fd.png	1F468-1F3FB-200D-1F430-200D-1F468-1F3FD.png	eaa71a4ce902ff39ff1f097c323ecedde2742929eb889edc4af77a54a90c73e9	eaa71a4ce902ff39ff1f097c323ecedde2742929eb889edc4af77a54a90c73e9
1f468-1f3fb-200d-1f430-200d-1f468-1f3fe.png	1F468-1F3FB-200D-1F430-200D-1F468-1F3FE.png	c049af6503909b421bf0d1756ccc1a083f9a6cf89c71a9b31339012de63adfd5	c049af6503909b421bf0d1756ccc1a083f9a6cf89c71a9b31339012de63adfd5
1f468-1f3fb-200d-1f430-200d-1f468-1f3ff.png	1F468-1F3FB-200D-1F430-200D-1F468-1F3FF.png	071bef6903340b239342478980955d5a878fd1e66c4d72e9c20599a8a59db532	071bef6903340b239342478980955d5a878fd1e66c4d72e9c20599a8a59db532
1f468-1f3fb-200d-1f4bb.png	1F468-1F3FB-200D-1F4BB.png	394e1f198378c5a6821bc6c07e7062e55613ff7572459c7fecc2c78ee3fb80c5	394e1f198378c5a6821bc6c07e7062e55613ff7572459c7fecc2c78ee3fb80c5
1f468-1f3fb-200d-1f4bc.png	1F468-1F3FB-200D-1F4BC.png	cb0005f4aaa0dc4c6f60fd154cc7950153f7215ad877bb2b5ee8fa9e91e07d76	cb0005f4aaa0dc4c6f60fd154cc7950153f7215ad877bb2b5ee8fa9e91e07d76
1f468-1f3fb-200d-1f527.png	1F468-1F3FB-200D-1F527.png	891e14ed3529b91491f76f9c0e01b01cc2169204823f4cedb10e732f080eeeb4	891e14ed3529b91491f76f9c0e01b01cc2169204823f4cedb10e732f080eeeb4
1f468-1f3fb-200d-1f52c.png	1F468-1F3FB-200D-1F52C.png	5ca5751c4b4a898685b1aae232ccf4cf0d89971563fcf1939cb27d18b8ddd826	5ca5751c4b4a898685b1aae232ccf4cf0d89971563fcf1939cb27d18b8ddd826
1f468-1f3fb-200d-1f680.png	1F468-1F3FB-200D-1F680.png	8aad176f93cbcf8f57beb30738b6e3ee1e4ee324916354e7eb5283cfe9a4394f	8aad176f93cbcf8f57beb30738b6e3ee1e4ee324916354e7eb5283cfe9a4394f
1f468-1f3fb-200d-1f692.png	1F468-1F3FB-200D-1F692.png	ad2ba66a4ae42d954bd7e40b3fa9f39ab7034dc6bc6392aadbff59e986b0ade3	ad2ba66a4ae42d954bd7e40b3fa9f39ab7034dc6bc6392aadbff59e986b0ade3
1f468-1f3fb-200d-1f91d-200d-1f468-1f3fc.png	1F468-1F3FB-200D-1F91D-200D-1F468-1F3FC.png	b2e3e6597c3b3196000c0162bb7db8b41375f2f94b484496a4ed3be43173a42a	b2e3e6597c3b3196000c0162bb7db8b41375f2f94b484496a4ed3be43173a42a
1f468-1f3fb-200d-1f91d-200d-1f468-1f3fd.png	1F468-1F3FB-200D-1F91D-200D-1F468-1F3FD.png	1f784ca5d604bf593402422a88c027fbaefca238aa395c204105713ed7a6cc75	1f784ca5d604bf593402422a88c027fbaefca238aa395c204105713ed7a6cc75
1f468-1f3fb-200d-1f91d-200d-1f468-1f3fe.png	1F468-1F3FB-200D-1F91D-200D-1F468-1F3FE.png	5ee474909df7b4bd451ff7e767a3e3db566fdecded8d024c5f1d074b0566ab88	5ee474909df7b4bd451ff7e767a3e3db566fdecded8d024c5f1d074b0566ab88
1f468-1f3fb-200d-1f91d-200d-1f468-1f3ff.png	1F468-1F3FB-200D-1F91D-200D-1F468-1F3FF.png	c7b12f6832b5055b337d526481cb61700eb3a40df435631586e8c79431ed617f	c7b12f6832b5055b337d526481cb61700eb3a40df435631586e8c79431ed617f
1f468-1f3fb-200d-1f9af.png	1F468-1F3FB-200D-1F9AF.png	e0bfcc26897ab2a570ac4743b732fb63e76f4453895a09ef219ae50bf37ac9ce	e0bfcc26897ab2a570ac4743b732fb63e76f4453895a09ef219ae50bf37ac9ce
1f468-1f3fb-200d-1f9af-200d-27a1.png	1F468-1F3FB-200D-1F9AF-200D-27A1-FE0F.png	8342f73ea2d32d189ac1dbf147fdde760e93acf077026057b41d2307ad6fe335	8342f73ea2d32d189ac1dbf147fdde760e93acf077026057b41d2307ad6fe335
1f468-1f3fb-200d-1f9b0.png	1F468-1F3FB-200D-1F9B0.png	1c94b4095c3216887c6011b489c1b60d5bbd450e1d0be4f86967c0df44fb0e72	1c94b4095c3216887c6011b489c1b60d5bbd450e1d0be4f86967c0df44fb0e72
1f468-1f3fb-200d-1f9b1.png	1F468-1F3FB-200D-1F9B1.png	8b8c08345150f2bafb01283f6f036761de255c0344fd4f5e28399ccec563b4f2	8b8c08345150f2bafb01283f6f036761de255c0344fd4f5e28399ccec563b4f2
1f468-1f3fb-200d-1f9b2.png	1F468-1F3FB-200D-1F9B2.png	64679ae05ac7c3155e73f24d6570886547a1d5308a8540d092d4f526bab9ba09	64679ae05ac7c3155e73f24d6570886547a1d5308a8540d092d4f526bab9ba09
1f468-1f3fb-200d-1f9b3.png	1F468-1F3FB-200D-1F9B3.png	ce8bf254e5ff4996dc7e209b161dc286a00f3b7ff9302890e76652910a7b7346	ce8bf254e5ff4996dc7e209b161dc286a00f3b7ff9302890e76652910a7b7346
1f468-1f3fb-200d-1f9bc.png	1F468-1F3FB-200D-1F9BC.png	e76f1fc0d5b3b68625e417c742e9eaa247adb46aae57248e154275c321cf1237	e76f1fc0d5b3b68625e417c742e9eaa247adb46aae57248e154275c321cf1237
1f468-1f3fb-200d-1f9bc-200d-27a1.png	1F468-1F3FB-200D-1F9BC-200D-27A1-FE0F.png	9c102266d4ecd14f76d176d2fac76052e143237bb23fb10ef4d28887e6e5c8d8	9c102266d4ecd14f76d176d2fac76052e143237bb23fb10ef4d28887e6e5c8d8
1f468-1f3fb-200d-1f9bd.png	1F468-1F3FB-200D-1F9BD.png	dd7598c79880d06ed2756c9b0c97aca50b95a928a88ad0fc68442d9d2d05f5e8	dd7598c79880d06ed2756c9b0c97aca50b95a928a88ad0fc68442d9d2d05f5e8
1f468-1f3fb-200d-1f9bd-200d-27a1.png	1F468-1F3FB-200D-1F9BD-200D-27A1-FE0F.png	21312285d4aad44d4f79a911d7d9f8c579adda1a8093b3094650df35381aad1e	21312285d4aad44d4f79a911d7d9f8c579adda1a8093b3094650df35381aad1e
1f468-1f3fb-200d-1faef-200d-1f468-1f3fc.png	1F468-1F3FB-200D-1FAEF-200D-1F468-1F3FC.png	1090869133f4e82401e4f221b07a5cc8423444e261d5cbc1fb20ca09512d9f53	1090869133f4e82401e4f221b07a5cc8423444e261d5cbc1fb20ca09512d9f53
1f468-1f3fb-200d-1faef-200d-1f468-1f3fd.png	1F468-1F3FB-200D-1FAEF-200D-1F468-1F3FD.png	1f5a47f1690249dfe633554c46b973e495b1d3c15afab5881219ce63e40644fd	1f5a47f1690249dfe633554c46b973e495b1d3c15afab5881219ce63e40644fd
1f468-1f3fb-200d-1faef-200d-1f468-1f3fe.png	1F468-1F3FB-200D-1FAEF-200D-1F468-1F3FE.png	9a0b1871b0e1dd0b4a747b1bbfd89fe610c57bc5164d09d1a8ab8d4ed85df55b	9a0b1871b0e1dd0b4a747b1bbfd89fe610c57bc5164d09d1a8ab8d4ed85df55b
1f468-1f3fb-200d-1faef-200d-1f468-1f3ff.png	1F468-1F3FB-200D-1FAEF-200D-1F468-1F3FF.png	778f635a0862f9f005328f725f8bd6c54a98da86101f8ee1f9145b6301a9dde5	778f635a0862f9f005328f725f8bd6c54a98da86101f8ee1f9145b6301a9dde5
1f468-1f3fb-200d-2695.png	1F468-1F3FB-200D-2695-FE0F.png	f5f7f0b1a28b973936d90f7ec52622f534d3713a88b88c66159de1f06275c3f6	f5f7f0b1a28b973936d90f7ec52622f534d3713a88b88c66159de1f06275c3f6
1f468-1f3fb-200d-2696.png	1F468-1F3FB-200D-2696-FE0F.png	7000c223f31d33a6e6d2a4fcfaabb9989c887c80558dd89b6e9cae0e218fbe37	7000c223f31d33a6e6d2a4fcfaabb9989c887c80558dd89b6e9cae0e218fbe37
1f468-1f3fb-200d-2708.png	1F468-1F3FB-200D-2708-FE0F.png	851ac4adebc274609f848de2cc90e3f77bbc14ad8c04c1c3de9543edee58888c	851ac4adebc274609f848de2cc90e3f77bbc14ad8c04c1c3de9543edee58888c
1f468-1f3fb-200d-2764-200d-1f468-1f3fb.png	1F468-1F3FB-200D-2764-FE0F-200D-1F468-1F3FB.png	e22ddba87ded89cf6a510b4cdecae68e770e66e2ce80b3b9f1d214ccc5f5fc70	e22ddba87ded89cf6a510b4cdecae68e770e66e2ce80b3b9f1d214ccc5f5fc70
1f468-1f3fb-200d-2764-200d-1f468-1f3fc.png	1F468-1F3FB-200D-2764-FE0F-200D-1F468-1F3FC.png	bab815582f8401d71ef77feabca005c25242f7eff02f36f61acb72d9c03b1498	bab815582f8401d71ef77feabca005c25242f7eff02f36f61acb72d9c03b1498
1f468-1f3fb-200d-2764-200d-1f468-1f3fd.png	1F468-1F3FB-200D-2764-FE0F-200D-1F468-1F3FD.png	ca7ea2f7380f2fc8950036ac45b3c2d40a4e3e1338900c11fcd8ab91fa3073fb	ca7ea2f7380f2fc8950036ac45b3c2d40a4e3e1338900c11fcd8ab91fa3073fb
1f468-1f3fb-200d-2764-200d-1f468-1f3fe.png	1F468-1F3FB-200D-2764-FE0F-200D-1F468-1F3FE.png	88eb95705a216b9177746dc9b313b0762b3262e0aea339d3bc37a3e055775686	88eb95705a216b9177746dc9b313b0762b3262e0aea339d3bc37a3e055775686
1f468-1f3fb-200d-2764-200d-1f468-1f3ff.png	1F468-1F3FB-200D-2764-FE0F-200D-1F468-1F3FF.png	d610201ad8bc8d6165f6190dbd93de4eda02665dc9b0649bc005018527466c66	d610201ad8bc8d6165f6190dbd93de4eda02665dc9b0649bc005018527466c66
1f468-1f3fb-200d-2764-200d-1f48b-200d-1f468-1f3fb.png	1F468-1F3FB-200D-2764-FE0F-200D-1F48B-200D-1F468-1F3FB.png	39f9c946d888cc2c2abac84e7331784fcb229bf43f94ad350800c6487c63f034	39f9c946d888cc2c2abac84e7331784fcb229bf43f94ad350800c6487c63f034
1f468-1f3fb-200d-2764-200d-1f48b-200d-1f468-1f3fc.png	1F468-1F3FB-200D-2764-FE0F-200D-1F48B-200D-1F468-1F3FC.png	650c0707525ddcd266dab73a4ae10b1f4a80200cc7f9d64c4f56ce26641f5218	650c0707525ddcd266dab73a4ae10b1f4a80200cc7f9d64c4f56ce26641f5218
1f468-1f3fb-200d-2764-200d-1f48b-200d-1f468-1f3fd.png	1F468-1F3FB-200D-2764-FE0F-200D-1F48B-200D-1F468-1F3FD.png	ed439dfe18c78d51b0ca65d086c4121aee2000d6e856d055962ed748919d27de	ed439dfe18c78d51b0ca65d086c4121aee2000d6e856d055962ed748919d27de
1f468-1f3fb-200d-2764-200d-1f48b-200d-1f468-1f3fe.png	1F468-1F3FB-200D-2764-FE0F-200D-1F48B-200D-1F468-1F3FE.png	3d4ab872c8b0946dcd9d7da2097225573306cc2da08a82c41440cb02f160a661	3d4ab872c8b0946dcd9d7da2097225573306cc2da08a82c41440cb02f160a661
1f468-1f3fb-200d-2764-200d-1f48b-200d-1f468-1f3ff.png	1F468-1F3FB-200D-2764-FE0F-200D-1F48B-200D-1F468-1F3FF.png	5f1356670c56f81da5305430213c45396be95635de1e0235baa74542a68bdf0f	5f1356670c56f81da5305430213c45396be95635de1e0235baa74542a68bdf0f
1f468-1f3fc.png	1F468-1F3FC.png	939b7d86043da8d0248bae4051065cb1d04a3fd83a2aa27affe8d23128282102	939b7d86043da8d0248bae4051065cb1d04a3fd83a2aa27affe8d23128282102
1f468-1f3fc-200d-1f33e.png	1F468-1F3FC-200D-1F33E.png	a4eeaf82d7c6520653dcec58b57026bb157683898bb09b3ee172ccf232c72767	a4eeaf82d7c6520653dcec58b57026bb157683898bb09b3ee172ccf232c72767
1f468-1f3fc-200d-1f373.png	1F468-1F3FC-200D-1F373.png	6e6452c590e138f7c8417bca60865746bf2d801dc2bf958720e3a0711f902b9d	6e6452c590e138f7c8417bca60865746bf2d801dc2bf958720e3a0711f902b9d
1f468-1f3fc-200d-1f37c.png	1F468-1F3FC-200D-1F37C.png	d7a8171aeab1ea3f3bf332efd44929d088d61ecc9ab3f922307a6abce48a8155	d7a8171aeab1ea3f3bf332efd44929d088d61ecc9ab3f922307a6abce48a8155
1f468-1f3fc-200d-1f393.png	1F468-1F3FC-200D-1F393.png	5994e9564770bd6b31f483de8d942d8d5977ca52951afdee06b6f59568ad81c8	5994e9564770bd6b31f483de8d942d8d5977ca52951afdee06b6f59568ad81c8
1f468-1f3fc-200d-1f3a4.png	1F468-1F3FC-200D-1F3A4.png	437f792ab6163d86ff8caabb728f3d1b6ea8714812e486a514eb6f8a1201e065	437f792ab6163d86ff8caabb728f3d1b6ea8714812e486a514eb6f8a1201e065
1f468-1f3fc-200d-1f3a8.png	1F468-1F3FC-200D-1F3A8.png	cbf79eb2e99b9499329049ca1b4e8da6ebecbbd2f2a53b1b5a9500ce3ea205e5	cbf79eb2e99b9499329049ca1b4e8da6ebecbbd2f2a53b1b5a9500ce3ea205e5
1f468-1f3fc-200d-1f3eb.png	1F468-1F3FC-200D-1F3EB.png	60b3d09038f509737a8c955b5e09487bfc4319d665c3ef101a3703751e077a4a	60b3d09038f509737a8c955b5e09487bfc4319d665c3ef101a3703751e077a4a
1f468-1f3fc-200d-1f3ed.png	1F468-1F3FC-200D-1F3ED.png	dd3349765f530fe151bf6090a309fd85a7cf92c595740d833a9eaa4e6afa7b8b	dd3349765f530fe151bf6090a309fd85a7cf92c595740d833a9eaa4e6afa7b8b
1f468-1f3fc-200d-1f430-200d-1f468-1f3fb.png	1F468-1F3FC-200D-1F430-200D-1F468-1F3FB.png	43c9a9abbe863abaf73756b9b417f2aac86449cf1a6d717183456636b5274e36	43c9a9abbe863abaf73756b9b417f2aac86449cf1a6d717183456636b5274e36
1f468-1f3fc-200d-1f430-200d-1f468-1f3fd.png	1F468-1F3FC-200D-1F430-200D-1F468-1F3FD.png	93e0f6b3af482fd737f2abd34515e27253dffaf3b23619606bd9f47aa9539a9d	93e0f6b3af482fd737f2abd34515e27253dffaf3b23619606bd9f47aa9539a9d
1f468-1f3fc-200d-1f430-200d-1f468-1f3fe.png	1F468-1F3FC-200D-1F430-200D-1F468-1F3FE.png	71f8f6c5a4ac0000d8c55ae8eeff1f1076140151d4a4ef7af1d54088f1b42d72	71f8f6c5a4ac0000d8c55ae8eeff1f1076140151d4a4ef7af1d54088f1b42d72
1f468-1f3fc-200d-1f430-200d-1f468-1f3ff.png	1F468-1F3FC-200D-1F430-200D-1F468-1F3FF.png	ae1ddbbeb8f1b4a3fb2540fa10039762f59e80ddbeeaa2368a29c3bbe3cb694e	ae1ddbbeb8f1b4a3fb2540fa10039762f59e80ddbeeaa2368a29c3bbe3cb694e
1f468-1f3fc-200d-1f4bb.png	1F468-1F3FC-200D-1F4BB.png	bdf05722744700f7631728f4c9a228a7e650df4404ed4b09e678164274199ba1	bdf05722744700f7631728f4c9a228a7e650df4404ed4b09e678164274199ba1
1f468-1f3fc-200d-1f4bc.png	1F468-1F3FC-200D-1F4BC.png	3d4db94242db2d620045349b0ea8f0f2ccaa79cc994c081ac2b860b48bd4501c	3d4db94242db2d620045349b0ea8f0f2ccaa79cc994c081ac2b860b48bd4501c
1f468-1f3fc-200d-1f527.png	1F468-1F3FC-200D-1F527.png	a814917ebc88d129badde33de2d676bb64396a2afb936d77a64c5b68faaecbcd	a814917ebc88d129badde33de2d676bb64396a2afb936d77a64c5b68faaecbcd
1f468-1f3fc-200d-1f52c.png	1F468-1F3FC-200D-1F52C.png	943e162239ea8ef2d570c7161198ca2ca98b172603033eae29514541c1ad5148	943e162239ea8ef2d570c7161198ca2ca98b172603033eae29514541c1ad5148
1f468-1f3fc-200d-1f680.png	1F468-1F3FC-200D-1F680.png	5061ccfd5021b210f4869b0ad17c0aa677263e4d11f4d9b82b32a3ff7732a200	5061ccfd5021b210f4869b0ad17c0aa677263e4d11f4d9b82b32a3ff7732a200
1f468-1f3fc-200d-1f692.png	1F468-1F3FC-200D-1F692.png	4d507f5339daabee60b99964e7e1231749483e8f9540712d8e54413712f54a84	4d507f5339daabee60b99964e7e1231749483e8f9540712d8e54413712f54a84
1f468-1f3fc-200d-1f91d-200d-1f468-1f3fb.png	1F468-1F3FC-200D-1F91D-200D-1F468-1F3FB.png	0ca908f6312fee47177d3162504dddd8f2f7766e0101574a9cdde03b7f2398ea	0ca908f6312fee47177d3162504dddd8f2f7766e0101574a9cdde03b7f2398ea
1f468-1f3fc-200d-1f91d-200d-1f468-1f3fd.png	1F468-1F3FC-200D-1F91D-200D-1F468-1F3FD.png	e8f87bcfd50eb82fd5833e7b2941ced33180c48fa2ab4f451a859daf91d6e8d3	e8f87bcfd50eb82fd5833e7b2941ced33180c48fa2ab4f451a859daf91d6e8d3
1f468-1f3fc-200d-1f91d-200d-1f468-1f3fe.png	1F468-1F3FC-200D-1F91D-200D-1F468-1F3FE.png	1f540bef15de94159bb2d467d2372781c0522f616b2ec56ddfbd67035698ce7c	1f540bef15de94159bb2d467d2372781c0522f616b2ec56ddfbd67035698ce7c
1f468-1f3fc-200d-1f91d-200d-1f468-1f3ff.png	1F468-1F3FC-200D-1F91D-200D-1F468-1F3FF.png	de970e9c4cbf6d2fe86cf8271cefc13f58dd38ce86fdd22f85c3100a70cec635	de970e9c4cbf6d2fe86cf8271cefc13f58dd38ce86fdd22f85c3100a70cec635
1f468-1f3fc-200d-1f9af.png	1F468-1F3FC-200D-1F9AF.png	9171fa840b1fbabad2dbfa0873f53bb403e6d5115388b7df5740d68eea77975c	9171fa840b1fbabad2dbfa0873f53bb403e6d5115388b7df5740d68eea77975c
1f468-1f3fc-200d-1f9af-200d-27a1.png	1F468-1F3FC-200D-1F9AF-200D-27A1-FE0F.png	f101c52633635579764a61effe18f89e2298d3ea74e354b051887dfb3cf1e6b6	f101c52633635579764a61effe18f89e2298d3ea74e354b051887dfb3cf1e6b6
1f468-1f3fc-200d-1f9b0.png	1F468-1F3FC-200D-1F9B0.png	b869083f0825d5e3c4f5a4fe4a67f987e1bbc39ac0d01844214b4f9264731fee	b869083f0825d5e3c4f5a4fe4a67f987e1bbc39ac0d01844214b4f9264731fee
1f468-1f3fc-200d-1f9b1.png	1F468-1F3FC-200D-1F9B1.png	afef7b99b0417bd4c729474a594c73a332f05a37c687852ffa6fd6cfc6b6b34c	afef7b99b0417bd4c729474a594c73a332f05a37c687852ffa6fd6cfc6b6b34c
1f468-1f3fc-200d-1f9b2.png	1F468-1F3FC-200D-1F9B2.png	067a25e2bf35626cc540912ae49051986f5e7c5f7a12d15458f747b1167d02f4	067a25e2bf35626cc540912ae49051986f5e7c5f7a12d15458f747b1167d02f4
1f468-1f3fc-200d-1f9b3.png	1F468-1F3FC-200D-1F9B3.png	abc0493db37c22bbcca690735d5a4824f2923419e4f5c7ee74fbd7eb272ce60f	abc0493db37c22bbcca690735d5a4824f2923419e4f5c7ee74fbd7eb272ce60f
1f468-1f3fc-200d-1f9bc.png	1F468-1F3FC-200D-1F9BC.png	1b87c1a4eefecb39b2b0559523ce89fbb85f2e9982bfe832fb9ffdc1aa0cec43	1b87c1a4eefecb39b2b0559523ce89fbb85f2e9982bfe832fb9ffdc1aa0cec43
1f468-1f3fc-200d-1f9bc-200d-27a1.png	1F468-1F3FC-200D-1F9BC-200D-27A1-FE0F.png	03f18b3daaacc4a6b973bee638bc0754f2b1f4c2ed27896c3aa577e736870d57	03f18b3daaacc4a6b973bee638bc0754f2b1f4c2ed27896c3aa577e736870d57
1f468-1f3fc-200d-1f9bd.png	1F468-1F3FC-200D-1F9BD.png	1f595112c521b37f0b8041cc4b4c8fcbf761a534c85eaa82ca3d5ab93fff3528	1f595112c521b37f0b8041cc4b4c8fcbf761a534c85eaa82ca3d5ab93fff3528
1f468-1f3fc-200d-1f9bd-200d-27a1.png	1F468-1F3FC-200D-1F9BD-200D-27A1-FE0F.png	2b566b6642c759a8cc95051c80d3ef9f1ff2c520bfcdc30d48238a6f8e0f813f	2b566b6642c759a8cc95051c80d3ef9f1ff2c520bfcdc30d48238a6f8e0f813f
1f468-1f3fc-200d-1faef-200d-1f468-1f3fb.png	1F468-1F3FC-200D-1FAEF-200D-1F468-1F3FB.png	c31b4c2ee220632b4fbc7e1222bf02809857e2d6726f3e9f5506519cd94b5272	c31b4c2ee220632b4fbc7e1222bf02809857e2d6726f3e9f5506519cd94b5272
1f468-1f3fc-200d-1faef-200d-1f468-1f3fd.png	1F468-1F3FC-200D-1FAEF-200D-1F468-1F3FD.png	d6aa1b3a76fd57823c22ea85e2f37b845eb54cb05574bdc42135af43aa565e49	d6aa1b3a76fd57823c22ea85e2f37b845eb54cb05574bdc42135af43aa565e49
1f468-1f3fc-200d-1faef-200d-1f468-1f3fe.png	1F468-1F3FC-200D-1FAEF-200D-1F468-1F3FE.png	8a0b378659e7aee9fbc37940acfed2d64c49e3ec8ecbeaae3d605cc80cf9587b	8a0b378659e7aee9fbc37940acfed2d64c49e3ec8ecbeaae3d605cc80cf9587b
1f468-1f3fc-200d-1faef-200d-1f468-1f3ff.png	1F468-1F3FC-200D-1FAEF-200D-1F468-1F3FF.png	015cc3bb4e338c6c57e310acbbe9e0c5ec7b8a716a1378d27843ef22c9fc4d13	015cc3bb4e338c6c57e310acbbe9e0c5ec7b8a716a1378d27843ef22c9fc4d13
1f468-1f3fc-200d-2695.png	1F468-1F3FC-200D-2695-FE0F.png	9961fa1dfe00c68e3150ad779682e0633dd90601a395d2cd482e1e400da205ca	9961fa1dfe00c68e3150ad779682e0633dd90601a395d2cd482e1e400da205ca
1f468-1f3fc-200d-2696.png	1F468-1F3FC-200D-2696-FE0F.png	1b6441b32127f55e2a8dfb3984e24bfe67650006d320bc153d4f21a7d8392618	1b6441b32127f55e2a8dfb3984e24bfe67650006d320bc153d4f21a7d8392618
1f468-1f3fc-200d-2708.png	1F468-1F3FC-200D-2708-FE0F.png	f030da84b4a3c02c06fb9997e52e0800c7b98544aa8c4fe07c4c022c345934ae	f030da84b4a3c02c06fb9997e52e0800c7b98544aa8c4fe07c4c022c345934ae
1f468-1f3fc-200d-2764-200d-1f468-1f3fb.png	1F468-1F3FC-200D-2764-FE0F-200D-1F468-1F3FB.png	e20e27bfd9672e6af27066189e33b7468e3c79e2a050c3918122a16c96ae0a3c	e20e27bfd9672e6af27066189e33b7468e3c79e2a050c3918122a16c96ae0a3c
1f468-1f3fc-200d-2764-200d-1f468-1f3fc.png	1F468-1F3FC-200D-2764-FE0F-200D-1F468-1F3FC.png	9c5fe599466585d0ccca9c8202b4b943dcd537694451da6387ed02db508c1649	9c5fe599466585d0ccca9c8202b4b943dcd537694451da6387ed02db508c1649
1f468-1f3fc-200d-2764-200d-1f468-1f3fd.png	1F468-1F3FC-200D-2764-FE0F-200D-1F468-1F3FD.png	c58e35ff98fec09d265cf012573554485e83682f865a102cfb84fb5423fed3e3	c58e35ff98fec09d265cf012573554485e83682f865a102cfb84fb5423fed3e3
1f468-1f3fc-200d-2764-200d-1f468-1f3fe.png	1F468-1F3FC-200D-2764-FE0F-200D-1F468-1F3FE.png	ed826fc3e8121a75ab57dfd6fea02ad50a1a6a65f3198122e52db8d7879399a8	ed826fc3e8121a75ab57dfd6fea02ad50a1a6a65f3198122e52db8d7879399a8
1f468-1f3fc-200d-2764-200d-1f468-1f3ff.png	1F468-1F3FC-200D-2764-FE0F-200D-1F468-1F3FF.png	b0ee3c85d7a4804e5a59873a185a7ea75346aafc4e5c5b1ca79a53847507a323	b0ee3c85d7a4804e5a59873a185a7ea75346aafc4e5c5b1ca79a53847507a323
1f468-1f3fc-200d-2764-200d-1f48b-200d-1f468-1f3fb.png	1F468-1F3FC-200D-2764-FE0F-200D-1F48B-200D-1F468-1F3FB.png	6b2831f7bbc0cdd50a79822532fcebc60f43b0624616d320261f0c675a4a5d4f	6b2831f7bbc0cdd50a79822532fcebc60f43b0624616d320261f0c675a4a5d4f
1f468-1f3fc-200d-2764-200d-1f48b-200d-1f468-1f3fc.png	1F468-1F3FC-200D-2764-FE0F-200D-1F48B-200D-1F468-1F3FC.png	707e54396809b0b92a634d5c94f12947b7004ae24843c9ddb09fb881a60253dd	707e54396809b0b92a634d5c94f12947b7004ae24843c9ddb09fb881a60253dd
1f468-1f3fc-200d-2764-200d-1f48b-200d-1f468-1f3fd.png	1F468-1F3FC-200D-2764-FE0F-200D-1F48B-200D-1F468-1F3FD.png	54ba20b6b2fb5080f4f5ff5e32dad6730291b32f4565cdcd46a42419e3923bea	54ba20b6b2fb5080f4f5ff5e32dad6730291b32f4565cdcd46a42419e3923bea
1f468-1f3fc-200d-2764-200d-1f48b-200d-1f468-1f3fe.png	1F468-1F3FC-200D-2764-FE0F-200D-1F48B-200D-1F468-1F3FE.png	80c97a90d657ef60265a7ba4478538292d215d320293339d7ec42cb03978fc27	80c97a90d657ef60265a7ba4478538292d215d320293339d7ec42cb03978fc27
1f468-1f3fc-200d-2764-200d-1f48b-200d-1f468-1f3ff.png	1F468-1F3FC-200D-2764-FE0F-200D-1F48B-200D-1F468-1F3FF.png	05775d16acdc006af4169724fd69ed9e46f01e07799aa1c94bb24fcb25b7c754	05775d16acdc006af4169724fd69ed9e46f01e07799aa1c94bb24fcb25b7c754
1f468-1f3fd.png	1F468-1F3FD.png	fc8a84ec965cb94e7f41d5c5e9bc79aaba57b95e9ef5db0eff6a6865e64fe41a	fc8a84ec965cb94e7f41d5c5e9bc79aaba57b95e9ef5db0eff6a6865e64fe41a
1f468-1f3fd-200d-1f33e.png	1F468-1F3FD-200D-1F33E.png	c5f0d8bbe1c8f7c4d19659476eeb49c1c7e4285de2aa61ca3ac150a0f46ec45b	c5f0d8bbe1c8f7c4d19659476eeb49c1c7e4285de2aa61ca3ac150a0f46ec45b
1f468-1f3fd-200d-1f373.png	1F468-1F3FD-200D-1F373.png	2815022f45613d46008c00857fb72fad1b509283079d8bdca67cf9ef8b35b004	2815022f45613d46008c00857fb72fad1b509283079d8bdca67cf9ef8b35b004
1f468-1f3fd-200d-1f37c.png	1F468-1F3FD-200D-1F37C.png	bed3e2aa5a61eb2316486026ac2c04ea7c33b668b5e993d967d03850b3401db1	bed3e2aa5a61eb2316486026ac2c04ea7c33b668b5e993d967d03850b3401db1
1f468-1f3fd-200d-1f393.png	1F468-1F3FD-200D-1F393.png	26ec39670dea359e97d3ab944739f797f65f926fc58d09bedff7e26f834f731f	26ec39670dea359e97d3ab944739f797f65f926fc58d09bedff7e26f834f731f
1f468-1f3fd-200d-1f3a4.png	1F468-1F3FD-200D-1F3A4.png	553e0c9e1142de477682f6b9690a39bef4baf30ea515641da0b4c68af877fcb4	553e0c9e1142de477682f6b9690a39bef4baf30ea515641da0b4c68af877fcb4
1f468-1f3fd-200d-1f3a8.png	1F468-1F3FD-200D-1F3A8.png	5f37efc58f534744becdbc72cc0de2fb53018ab312d774c725512a864d58ac9c	5f37efc58f534744becdbc72cc0de2fb53018ab312d774c725512a864d58ac9c
1f468-1f3fd-200d-1f3eb.png	1F468-1F3FD-200D-1F3EB.png	1d7eee5c2316b220948defd1d37c6f828c8d5ce8e04a58cea8d59b82d708c24e	1d7eee5c2316b220948defd1d37c6f828c8d5ce8e04a58cea8d59b82d708c24e
1f468-1f3fd-200d-1f3ed.png	1F468-1F3FD-200D-1F3ED.png	3df5282b4061a5542e9fba17a23fcbb0e8d19e9830a9b3805f8263b60696fc04	3df5282b4061a5542e9fba17a23fcbb0e8d19e9830a9b3805f8263b60696fc04
1f468-1f3fd-200d-1f430-200d-1f468-1f3fb.png	1F468-1F3FD-200D-1F430-200D-1F468-1F3FB.png	ee9cb3af12539557b080141bbaf84907a6ddd737f85b2721022390a2c60db301	ee9cb3af12539557b080141bbaf84907a6ddd737f85b2721022390a2c60db301
1f468-1f3fd-200d-1f430-200d-1f468-1f3fc.png	1F468-1F3FD-200D-1F430-200D-1F468-1F3FC.png	9af0578f473af4554e88f98b0dfd85e7c6fdb9282823ba22f654fdf40762cf19	9af0578f473af4554e88f98b0dfd85e7c6fdb9282823ba22f654fdf40762cf19
1f468-1f3fd-200d-1f430-200d-1f468-1f3fe.png	1F468-1F3FD-200D-1F430-200D-1F468-1F3FE.png	92302f0c0e2b389b5ca5b74429007364a51ba4529480fdc2c7e6152daf2fe46e	92302f0c0e2b389b5ca5b74429007364a51ba4529480fdc2c7e6152daf2fe46e
1f468-1f3fd-200d-1f430-200d-1f468-1f3ff.png	1F468-1F3FD-200D-1F430-200D-1F468-1F3FF.png	56a52f8432fd9d002f807c0a2bed432f35323ca83034f330052d01fe40475b6d	56a52f8432fd9d002f807c0a2bed432f35323ca83034f330052d01fe40475b6d
1f468-1f3fd-200d-1f4bb.png	1F468-1F3FD-200D-1F4BB.png	a681897605b27ceed10cd64275490664ffda75f1ac90d56c151767986a5fa853	a681897605b27ceed10cd64275490664ffda75f1ac90d56c151767986a5fa853
1f468-1f3fd-200d-1f4bc.png	1F468-1F3FD-200D-1F4BC.png	1014a7afd255322be25f4def69e3d42477804af95d66eae93d99d573e21a6dcb	1014a7afd255322be25f4def69e3d42477804af95d66eae93d99d573e21a6dcb
1f468-1f3fd-200d-1f527.png	1F468-1F3FD-200D-1F527.png	811241912568d39cb283caaea233b36e2624303ac5e3ae9b3f2130a48be7a23d	811241912568d39cb283caaea233b36e2624303ac5e3ae9b3f2130a48be7a23d
1f468-1f3fd-200d-1f52c.png	1F468-1F3FD-200D-1F52C.png	abdcb9e03ac7621e16bc2e1aa94a2f04877dea60ebe2b6cc238698c74f267d1c	abdcb9e03ac7621e16bc2e1aa94a2f04877dea60ebe2b6cc238698c74f267d1c
1f468-1f3fd-200d-1f680.png	1F468-1F3FD-200D-1F680.png	adca230483da74f5380760ccc2f1547a1f267527e38cc37563b6810cc1d3b128	adca230483da74f5380760ccc2f1547a1f267527e38cc37563b6810cc1d3b128
1f468-1f3fd-200d-1f692.png	1F468-1F3FD-200D-1F692.png	bc29b2bf91fb4d0bbe532863dac69c1a2531c0eb061a01c837defb0907283d52	bc29b2bf91fb4d0bbe532863dac69c1a2531c0eb061a01c837defb0907283d52
1f468-1f3fd-200d-1f91d-200d-1f468-1f3fb.png	1F468-1F3FD-200D-1F91D-200D-1F468-1F3FB.png	221d8260dc8f7ce3efdc73952ceca82e2c01f5ee31fd1a0099e0de6d3cfcb321	221d8260dc8f7ce3efdc73952ceca82e2c01f5ee31fd1a0099e0de6d3cfcb321
1f468-1f3fd-200d-1f91d-200d-1f468-1f3fc.png	1F468-1F3FD-200D-1F91D-200D-1F468-1F3FC.png	a861fe4395a7df2948405f653a60e8df1c1c268e1f5e93dcb5aad4fe95f86947	a861fe4395a7df2948405f653a60e8df1c1c268e1f5e93dcb5aad4fe95f86947
1f468-1f3fd-200d-1f91d-200d-1f468-1f3fe.png	1F468-1F3FD-200D-1F91D-200D-1F468-1F3FE.png	528c3021f38bd8edeb3f732cd9fd1b4770dccb11373b177c496b8c65306e34ea	528c3021f38bd8edeb3f732cd9fd1b4770dccb11373b177c496b8c65306e34ea
1f468-1f3fd-200d-1f91d-200d-1f468-1f3ff.png	1F468-1F3FD-200D-1F91D-200D-1F468-1F3FF.png	44292e0412a9e5c9e0bce9e4bf3c0079a2323b793c00f9f029be90b950c0fa6d	44292e0412a9e5c9e0bce9e4bf3c0079a2323b793c00f9f029be90b950c0fa6d
1f468-1f3fd-200d-1f9af.png	1F468-1F3FD-200D-1F9AF.png	7cb3e5085b90d61644416fe6c49f0f934e8fcbda7c9c3e8977a3c96ad02c2cbc	7cb3e5085b90d61644416fe6c49f0f934e8fcbda7c9c3e8977a3c96ad02c2cbc
1f468-1f3fd-200d-1f9af-200d-27a1.png	1F468-1F3FD-200D-1F9AF-200D-27A1-FE0F.png	bd6c2f38cd8f902bb3d8fce0e0f3d90dccf2847a023cab30ea6fa176971e7b39	bd6c2f38cd8f902bb3d8fce0e0f3d90dccf2847a023cab30ea6fa176971e7b39
1f468-1f3fd-200d-1f9b0.png	1F468-1F3FD-200D-1F9B0.png	d57bee34cf73687e42ab0d6481d0a26c93fb71abc86be589fdb3911b66ded6ab	d57bee34cf73687e42ab0d6481d0a26c93fb71abc86be589fdb3911b66ded6ab
1f468-1f3fd-200d-1f9b1.png	1F468-1F3FD-200D-1F9B1.png	11814346341e1d2eed9bb4e039fc780ff6e8e8017e3f254df8b21748041f1559	11814346341e1d2eed9bb4e039fc780ff6e8e8017e3f254df8b21748041f1559
1f468-1f3fd-200d-1f9b2.png	1F468-1F3FD-200D-1F9B2.png	4e3ec5555133deca618348b94728c64b45c4ea254aeeaa37eb652fa7385653c2	4e3ec5555133deca618348b94728c64b45c4ea254aeeaa37eb652fa7385653c2
1f468-1f3fd-200d-1f9b3.png	1F468-1F3FD-200D-1F9B3.png	3511ae16fd9d97ff1e7e3aee120109e8e40328c37c34eb7d4dd4873132a6dbaf	3511ae16fd9d97ff1e7e3aee120109e8e40328c37c34eb7d4dd4873132a6dbaf
1f468-1f3fd-200d-1f9bc.png	1F468-1F3FD-200D-1F9BC.png	e3679cfa17a47ea38914d7e758f5b6a62b7f54dbe89b647c10a7645e0b800c6f	e3679cfa17a47ea38914d7e758f5b6a62b7f54dbe89b647c10a7645e0b800c6f
1f468-1f3fd-200d-1f9bc-200d-27a1.png	1F468-1F3FD-200D-1F9BC-200D-27A1-FE0F.png	0ebfcf4b51c6575774ff2ebb41026223bca43418aeacf9cbff43e7222184d57f	0ebfcf4b51c6575774ff2ebb41026223bca43418aeacf9cbff43e7222184d57f
1f468-1f3fd-200d-1f9bd.png	1F468-1F3FD-200D-1F9BD.png	857a92e07c2b56b852acec62262b62d03a8be6fee0cd101db132d203184b8646	857a92e07c2b56b852acec62262b62d03a8be6fee0cd101db132d203184b8646
1f468-1f3fd-200d-1f9bd-200d-27a1.png	1F468-1F3FD-200D-1F9BD-200D-27A1-FE0F.png	6bdac727802d7ec8379693ce3bd903c91d1336c7cbeabf4811ace25b7063f57e	6bdac727802d7ec8379693ce3bd903c91d1336c7cbeabf4811ace25b7063f57e
1f468-1f3fd-200d-1faef-200d-1f468-1f3fb.png	1F468-1F3FD-200D-1FAEF-200D-1F468-1F3FB.png	1c5a283dd7951369af27a3bf0ddcd211d7e0bcee2d26506b3de97b0572f5feb6	1c5a283dd7951369af27a3bf0ddcd211d7e0bcee2d26506b3de97b0572f5feb6
1f468-1f3fd-200d-1faef-200d-1f468-1f3fc.png	1F468-1F3FD-200D-1FAEF-200D-1F468-1F3FC.png	0f5f19a3c1602c98333a20d95fd4a53fdc1fb06a0bc72f9e5573e0f124326e7f	0f5f19a3c1602c98333a20d95fd4a53fdc1fb06a0bc72f9e5573e0f124326e7f
1f468-1f3fd-200d-1faef-200d-1f468-1f3fe.png	1F468-1F3FD-200D-1FAEF-200D-1F468-1F3FE.png	71f5bb256cb5a5dbdf8ca785ef43ffe0dd648644c4f626e2cbd2fb36231a9231	71f5bb256cb5a5dbdf8ca785ef43ffe0dd648644c4f626e2cbd2fb36231a9231
1f468-1f3fd-200d-1faef-200d-1f468-1f3ff.png	1F468-1F3FD-200D-1FAEF-200D-1F468-1F3FF.png	d1769ffa21d471cab72b525a77cc7791990f9dcc020fa2e2d9375e6b8a04dcde	d1769ffa21d471cab72b525a77cc7791990f9dcc020fa2e2d9375e6b8a04dcde
1f468-1f3fd-200d-2695.png	1F468-1F3FD-200D-2695-FE0F.png	ecdf975fca9bc75472e7b953dcb56bea08e2c597c6b982463ca505bc249776bb	ecdf975fca9bc75472e7b953dcb56bea08e2c597c6b982463ca505bc249776bb
1f468-1f3fd-200d-2696.png	1F468-1F3FD-200D-2696-FE0F.png	136f9d4b86a3d4fc3685cc1555921033db392d94c6301337683461ace20fc83e	136f9d4b86a3d4fc3685cc1555921033db392d94c6301337683461ace20fc83e
1f468-1f3fd-200d-2708.png	1F468-1F3FD-200D-2708-FE0F.png	58b327890ab8cd2f64e4b8a10179a2d49ae11ef64f8829d3750d4530224a3eeb	58b327890ab8cd2f64e4b8a10179a2d49ae11ef64f8829d3750d4530224a3eeb
1f468-1f3fd-200d-2764-200d-1f468-1f3fb.png	1F468-1F3FD-200D-2764-FE0F-200D-1F468-1F3FB.png	64a34a47d71facf5ffcdcf0d625e1b4dde8e830671be141bb4a9b028913b89d0	64a34a47d71facf5ffcdcf0d625e1b4dde8e830671be141bb4a9b028913b89d0
1f468-1f3fd-200d-2764-200d-1f468-1f3fc.png	1F468-1F3FD-200D-2764-FE0F-200D-1F468-1F3FC.png	54cb17783712a6090be397f27c38e671ae6d1040cbf6fe9f5825a54758250a72	54cb17783712a6090be397f27c38e671ae6d1040cbf6fe9f5825a54758250a72
1f468-1f3fd-200d-2764-200d-1f468-1f3fd.png	1F468-1F3FD-200D-2764-FE0F-200D-1F468-1F3FD.png	df76cb0469bec2e43c566ab3b9fec95e554cfe992627241ccdd8b5c1a6ae211b	df76cb0469bec2e43c566ab3b9fec95e554cfe992627241ccdd8b5c1a6ae211b
1f468-1f3fd-200d-2764-200d-1f468-1f3fe.png	1F468-1F3FD-200D-2764-FE0F-200D-1F468-1F3FE.png	75b4399a56c772f8d206d1e6c79d12f7e02fbdcae8af0de9662894b0a13f06d3	75b4399a56c772f8d206d1e6c79d12f7e02fbdcae8af0de9662894b0a13f06d3
1f468-1f3fd-200d-2764-200d-1f468-1f3ff.png	1F468-1F3FD-200D-2764-FE0F-200D-1F468-1F3FF.png	1cf807a8c186ef67ca26b1fa5e18680631286bd3155459323ffdf173a10f1bf7	1cf807a8c186ef67ca26b1fa5e18680631286bd3155459323ffdf173a10f1bf7
1f468-1f3fd-200d-2764-200d-1f48b-200d-1f468-1f3fb.png	1F468-1F3FD-200D-2764-FE0F-200D-1F48B-200D-1F468-1F3FB.png	8311fac39f01d833c599faa5dff52119cd4f22b516f66a5317afd61d91d1ed9b	8311fac39f01d833c599faa5dff52119cd4f22b516f66a5317afd61d91d1ed9b
1f468-1f3fd-200d-2764-200d-1f48b-200d-1f468-1f3fc.png	1F468-1F3FD-200D-2764-FE0F-200D-1F48B-200D-1F468-1F3FC.png	f61dbbbd5fd30dfeb9b41fc40f20a7bf3bdf0d1df76c7c2813b75e2ade23b1a7	f61dbbbd5fd30dfeb9b41fc40f20a7bf3bdf0d1df76c7c2813b75e2ade23b1a7
1f468-1f3fd-200d-2764-200d-1f48b-200d-1f468-1f3fd.png	1F468-1F3FD-200D-2764-FE0F-200D-1F48B-200D-1F468-1F3FD.png	5f0382f51cc9d7374fe751495b3a2575f4e8b086b10d003d56588555b5799908	5f0382f51cc9d7374fe751495b3a2575f4e8b086b10d003d56588555b5799908
1f468-1f3fd-200d-2764-200d-1f48b-200d-1f468-1f3fe.png	1F468-1F3FD-200D-2764-FE0F-200D-1F48B-200D-1F468-1F3FE.png	b881dbc23f79848cc1a6063e6a506c99818fd0e7f1275eb073088151f288f49f	b881dbc23f79848cc1a6063e6a506c99818fd0e7f1275eb073088151f288f49f
1f468-1f3fd-200d-2764-200d-1f48b-200d-1f468-1f3ff.png	1F468-1F3FD-200D-2764-FE0F-200D-1F48B-200D-1F468-1F3FF.png	ff0b2027359ca3222398b1c184755de50bcb132ce8f9160763c939301a22c5a8	ff0b2027359ca3222398b1c184755de50bcb132ce8f9160763c939301a22c5a8
1f468-1f3fe.png	1F468-1F3FE.png	3e069b692d2a2465cf9350c180c7b025a8382aeda432b2bc67e4e0b511f60a79	3e069b692d2a2465cf9350c180c7b025a8382aeda432b2bc67e4e0b511f60a79
1f468-1f3fe-200d-1f33e.png	1F468-1F3FE-200D-1F33E.png	505492935dde8adeadd8da573d7f04f0b44de8ed518747d36f510ec4a4c088ee	505492935dde8adeadd8da573d7f04f0b44de8ed518747d36f510ec4a4c088ee
1f468-1f3fe-200d-1f373.png	1F468-1F3FE-200D-1F373.png	dc1231e095a41f7d17c4dba34490569b1fa30621ec1a39ad410405cd92a1c3d8	dc1231e095a41f7d17c4dba34490569b1fa30621ec1a39ad410405cd92a1c3d8
1f468-1f3fe-200d-1f37c.png	1F468-1F3FE-200D-1F37C.png	d6163d8f09ad2abadfe78b1a31cc6390ae5c13a984ffe424c42f4470d5cb17f8	d6163d8f09ad2abadfe78b1a31cc6390ae5c13a984ffe424c42f4470d5cb17f8
1f468-1f3fe-200d-1f393.png	1F468-1F3FE-200D-1F393.png	d9216c1be6c562b4561e7ee7f330d8b1a01cf572b9cc8b5063bc3bde0c225a98	d9216c1be6c562b4561e7ee7f330d8b1a01cf572b9cc8b5063bc3bde0c225a98
1f468-1f3fe-200d-1f3a4.png	1F468-1F3FE-200D-1F3A4.png	87d3c15805d0f76990cd4e274ebcab3b8b08a2c91464c0e76620631c192974d1	87d3c15805d0f76990cd4e274ebcab3b8b08a2c91464c0e76620631c192974d1
1f468-1f3fe-200d-1f3a8.png	1F468-1F3FE-200D-1F3A8.png	19c94d3026c420843b68e457b86a6ccadd057fc8a578e7e7c4e74d7eb16f41e0	19c94d3026c420843b68e457b86a6ccadd057fc8a578e7e7c4e74d7eb16f41e0
1f468-1f3fe-200d-1f3eb.png	1F468-1F3FE-200D-1F3EB.png	9f586fcfb62fe06482f80f2666edbb27fe86546cba4f8f8bb98c962017df80e7	9f586fcfb62fe06482f80f2666edbb27fe86546cba4f8f8bb98c962017df80e7
1f468-1f3fe-200d-1f3ed.png	1F468-1F3FE-200D-1F3ED.png	9bc526f3fd06ce72f3d5c5564b17d35913e6bc398f563d38ae4f8b1307c342ea	9bc526f3fd06ce72f3d5c5564b17d35913e6bc398f563d38ae4f8b1307c342ea
1f468-1f3fe-200d-1f430-200d-1f468-1f3fb.png	1F468-1F3FE-200D-1F430-200D-1F468-1F3FB.png	c876a9423b00928c60e5d77c171acd897507b529566f5a6651313756e92b59b0	c876a9423b00928c60e5d77c171acd897507b529566f5a6651313756e92b59b0
1f468-1f3fe-200d-1f430-200d-1f468-1f3fc.png	1F468-1F3FE-200D-1F430-200D-1F468-1F3FC.png	2c0104d8b84a9cfb0b001893c5abf033dfd6585d50ae190c78b8a5301e9b422a	2c0104d8b84a9cfb0b001893c5abf033dfd6585d50ae190c78b8a5301e9b422a
1f468-1f3fe-200d-1f430-200d-1f468-1f3fd.png	1F468-1F3FE-200D-1F430-200D-1F468-1F3FD.png	5808d921f4bd89d22ba43d042cf981d1e28d0b42b70c2e6eddd41beb55c7912d	5808d921f4bd89d22ba43d042cf981d1e28d0b42b70c2e6eddd41beb55c7912d
1f468-1f3fe-200d-1f430-200d-1f468-1f3ff.png	1F468-1F3FE-200D-1F430-200D-1F468-1F3FF.png	ffde1ee725f66d2736a7c4bd67883dc32f4690ee052fa36bb2ec579e4e3eff08	ffde1ee725f66d2736a7c4bd67883dc32f4690ee052fa36bb2ec579e4e3eff08
1f468-1f3fe-200d-1f4bb.png	1F468-1F3FE-200D-1F4BB.png	b0310e9c66d9e26bec0b311f31c0da8d7dcd4004d16ea253740450b2b2232c57	b0310e9c66d9e26bec0b311f31c0da8d7dcd4004d16ea253740450b2b2232c57
1f468-1f3fe-200d-1f4bc.png	1F468-1F3FE-200D-1F4BC.png	1970ffd24d347f23ae18ca8fbafbed82028c362de884b9ddf1ded586ff170cc4	1970ffd24d347f23ae18ca8fbafbed82028c362de884b9ddf1ded586ff170cc4
1f468-1f3fe-200d-1f527.png	1F468-1F3FE-200D-1F527.png	969f95e7e7e5df55c724482ff11b0e12f442b224ad57ff7cb5759b48a9ad249a	969f95e7e7e5df55c724482ff11b0e12f442b224ad57ff7cb5759b48a9ad249a
1f468-1f3fe-200d-1f52c.png	1F468-1F3FE-200D-1F52C.png	cf917d56dccf6448a02f3d28e4c690f32e93769c26092b9f720330aa3dd542c7	cf917d56dccf6448a02f3d28e4c690f32e93769c26092b9f720330aa3dd542c7
1f468-1f3fe-200d-1f680.png	1F468-1F3FE-200D-1F680.png	434495fc9b1c2c5f843ac8bb83f22b187e39ec97228bc546e43acbd8e3722716	434495fc9b1c2c5f843ac8bb83f22b187e39ec97228bc546e43acbd8e3722716
1f468-1f3fe-200d-1f692.png	1F468-1F3FE-200D-1F692.png	a14be801add313993e7480f0417226f1bc79f5e595908fb2935682c9ff65a125	a14be801add313993e7480f0417226f1bc79f5e595908fb2935682c9ff65a125
1f468-1f3fe-200d-1f91d-200d-1f468-1f3fb.png	1F468-1F3FE-200D-1F91D-200D-1F468-1F3FB.png	b59c7b870e65e6094a228839c1f206185a45301b65bb5901e08a05f781a42b33	b59c7b870e65e6094a228839c1f206185a45301b65bb5901e08a05f781a42b33
1f468-1f3fe-200d-1f91d-200d-1f468-1f3fc.png	1F468-1F3FE-200D-1F91D-200D-1F468-1F3FC.png	8d9959cce7e6d7ce4df19103afb4081048af4905c1ca79f55bf75b9bd001fe1b	8d9959cce7e6d7ce4df19103afb4081048af4905c1ca79f55bf75b9bd001fe1b
1f468-1f3fe-200d-1f91d-200d-1f468-1f3fd.png	1F468-1F3FE-200D-1F91D-200D-1F468-1F3FD.png	7bcca6d592a1dc1bbab2bd6c4b0f1e989243d6f01820bca7bb9c36c7baca0425	7bcca6d592a1dc1bbab2bd6c4b0f1e989243d6f01820bca7bb9c36c7baca0425
1f468-1f3fe-200d-1f91d-200d-1f468-1f3ff.png	1F468-1F3FE-200D-1F91D-200D-1F468-1F3FF.png	eac26e690fcb630152813e2d2e1609b5a26813685d439613106b681fb8c1b102	eac26e690fcb630152813e2d2e1609b5a26813685d439613106b681fb8c1b102
1f468-1f3fe-200d-1f9af.png	1F468-1F3FE-200D-1F9AF.png	9f309cb38c9a22e55e287b7a7627c81ec6b87a8d4b23c8129d0e4f38e620f3b4	9f309cb38c9a22e55e287b7a7627c81ec6b87a8d4b23c8129d0e4f38e620f3b4
1f468-1f3fe-200d-1f9af-200d-27a1.png	1F468-1F3FE-200D-1F9AF-200D-27A1-FE0F.png	33ee881ab965927cb06167f8595b3822ed4b3b27c2fbd390fdbbab4d0db5496a	33ee881ab965927cb06167f8595b3822ed4b3b27c2fbd390fdbbab4d0db5496a
1f468-1f3fe-200d-1f9b0.png	1F468-1F3FE-200D-1F9B0.png	5e58899ae0180a637e4f6e8092614c6053ce12abce8b586e12fd4d37af5ef0c3	5e58899ae0180a637e4f6e8092614c6053ce12abce8b586e12fd4d37af5ef0c3
1f468-1f3fe-200d-1f9b1.png	1F468-1F3FE-200D-1F9B1.png	da75af170454a1e1eb65ff973f0e3ad1938e6b66711a2e7cdbb19315b0f22e2b	da75af170454a1e1eb65ff973f0e3ad1938e6b66711a2e7cdbb19315b0f22e2b
1f468-1f3fe-200d-1f9b2.png	1F468-1F3FE-200D-1F9B2.png	2a0b54441afc0ec9b52a89bb419564312f50093879ea6e1528b8625d4dad3bae	2a0b54441afc0ec9b52a89bb419564312f50093879ea6e1528b8625d4dad3bae
1f468-1f3fe-200d-1f9b3.png	1F468-1F3FE-200D-1F9B3.png	03d495eba405415a9300e61cc4ac40486234688043d73504158ec7f88e1ac71b	03d495eba405415a9300e61cc4ac40486234688043d73504158ec7f88e1ac71b
1f468-1f3fe-200d-1f9bc.png	1F468-1F3FE-200D-1F9BC.png	6d319418f82a9a87bb915e54992b465b39e53ed8e02129118af450ef428711d4	6d319418f82a9a87bb915e54992b465b39e53ed8e02129118af450ef428711d4
1f468-1f3fe-200d-1f9bc-200d-27a1.png	1F468-1F3FE-200D-1F9BC-200D-27A1-FE0F.png	459c7c14c9fca5dd5ad2e47aa571306cc509219be39db6a73277dc801ccf6a17	459c7c14c9fca5dd5ad2e47aa571306cc509219be39db6a73277dc801ccf6a17
1f468-1f3fe-200d-1f9bd.png	1F468-1F3FE-200D-1F9BD.png	9f459ae5acaa24367ff5a75b5b5f8045b48daab1d7a51449ef55567453131c50	9f459ae5acaa24367ff5a75b5b5f8045b48daab1d7a51449ef55567453131c50
1f468-1f3fe-200d-1f9bd-200d-27a1.png	1F468-1F3FE-200D-1F9BD-200D-27A1-FE0F.png	1752cffe628044a58ad000ec70dced6470119b6049c0412a7eb8494e4f6cbf75	1752cffe628044a58ad000ec70dced6470119b6049c0412a7eb8494e4f6cbf75
1f468-1f3fe-200d-1faef-200d-1f468-1f3fb.png	1F468-1F3FE-200D-1FAEF-200D-1F468-1F3FB.png	db6147aba2996e89efb756442789f4d7a44c51ec5e598af8840db892864b5327	db6147aba2996e89efb756442789f4d7a44c51ec5e598af8840db892864b5327
1f468-1f3fe-200d-1faef-200d-1f468-1f3fc.png	1F468-1F3FE-200D-1FAEF-200D-1F468-1F3FC.png	1649d690dcec5479d7739f59c2ab8c6067da66cf4e0726f5e34543f274274515	1649d690dcec5479d7739f59c2ab8c6067da66cf4e0726f5e34543f274274515
1f468-1f3fe-200d-1faef-200d-1f468-1f3fd.png	1F468-1F3FE-200D-1FAEF-200D-1F468-1F3FD.png	a9108ba62a739939ec0d9e90ca30b21562daa482c394f7c758aca8d04c1425e0	a9108ba62a739939ec0d9e90ca30b21562daa482c394f7c758aca8d04c1425e0
1f468-1f3fe-200d-1faef-200d-1f468-1f3ff.png	1F468-1F3FE-200D-1FAEF-200D-1F468-1F3FF.png	b02e7a125c65d1a6c48c2744291c4b32060a771cabbc6a9e6617a16aa026ef19	b02e7a125c65d1a6c48c2744291c4b32060a771cabbc6a9e6617a16aa026ef19
1f468-1f3fe-200d-2695.png	1F468-1F3FE-200D-2695-FE0F.png	5f7af0664ac1fc330017cd2c198a5f33da55b5225ebf865b217398672eeddc18	5f7af0664ac1fc330017cd2c198a5f33da55b5225ebf865b217398672eeddc18
1f468-1f3fe-200d-2696.png	1F468-1F3FE-200D-2696-FE0F.png	eca08cc6da6aae8805ccb3ba163963bb7ad3cebff9c2d63aeb720df5c21f661a	eca08cc6da6aae8805ccb3ba163963bb7ad3cebff9c2d63aeb720df5c21f661a
1f468-1f3fe-200d-2708.png	1F468-1F3FE-200D-2708-FE0F.png	bc24b49a9ef139cbfb71669c542544e8e933f9cb396d5be2ba4e8d722368d016	bc24b49a9ef139cbfb71669c542544e8e933f9cb396d5be2ba4e8d722368d016
1f468-1f3fe-200d-2764-200d-1f468-1f3fb.png	1F468-1F3FE-200D-2764-FE0F-200D-1F468-1F3FB.png	e8927f9aac1ebf21615f82131ef9a4f13c07d70d311efcd2a7539214c9c1709d	e8927f9aac1ebf21615f82131ef9a4f13c07d70d311efcd2a7539214c9c1709d
1f468-1f3fe-200d-2764-200d-1f468-1f3fc.png	1F468-1F3FE-200D-2764-FE0F-200D-1F468-1F3FC.png	8e301589cc050e672ed0cd7d5dfedae684d2d36c541fe2b35b14130e7260e762	8e301589cc050e672ed0cd7d5dfedae684d2d36c541fe2b35b14130e7260e762
1f468-1f3fe-200d-2764-200d-1f468-1f3fd.png	1F468-1F3FE-200D-2764-FE0F-200D-1F468-1F3FD.png	960757a9d6f1c15b0fafdbdf8e27152bf79373145e8a08e04894b37f6cd5f8f3	960757a9d6f1c15b0fafdbdf8e27152bf79373145e8a08e04894b37f6cd5f8f3
1f468-1f3fe-200d-2764-200d-1f468-1f3fe.png	1F468-1F3FE-200D-2764-FE0F-200D-1F468-1F3FE.png	75feedb2afcf126e80b73037d4977e1cbf7a101b8a67a35812c700d58eda1fe8	75feedb2afcf126e80b73037d4977e1cbf7a101b8a67a35812c700d58eda1fe8
1f468-1f3fe-200d-2764-200d-1f468-1f3ff.png	1F468-1F3FE-200D-2764-FE0F-200D-1F468-1F3FF.png	e035f3ba16a8786e868816bc6a81e12b5812a31964f7dbea5130ed7910210390	e035f3ba16a8786e868816bc6a81e12b5812a31964f7dbea5130ed7910210390
1f468-1f3fe-200d-2764-200d-1f48b-200d-1f468-1f3fb.png	1F468-1F3FE-200D-2764-FE0F-200D-1F48B-200D-1F468-1F3FB.png	578f839eb792099b2c8f9abf76cb8b12b8c218290e3cdee802f235e952428dd8	578f839eb792099b2c8f9abf76cb8b12b8c218290e3cdee802f235e952428dd8
1f468-1f3fe-200d-2764-200d-1f48b-200d-1f468-1f3fc.png	1F468-1F3FE-200D-2764-FE0F-200D-1F48B-200D-1F468-1F3FC.png	ae28219bb2c10136142c3ab40ef87d983050cf5c7bb68ae21eb0b6170123d42f	ae28219bb2c10136142c3ab40ef87d983050cf5c7bb68ae21eb0b6170123d42f
1f468-1f3fe-200d-2764-200d-1f48b-200d-1f468-1f3fd.png	1F468-1F3FE-200D-2764-FE0F-200D-1F48B-200D-1F468-1F3FD.png	50a88a05cfb590137fd89d5cd936f0baaa584d337e4a671df07e8d4fefd213f7	50a88a05cfb590137fd89d5cd936f0baaa584d337e4a671df07e8d4fefd213f7
1f468-1f3fe-200d-2764-200d-1f48b-200d-1f468-1f3fe.png	1F468-1F3FE-200D-2764-FE0F-200D-1F48B-200D-1F468-1F3FE.png	a0529c4b25d220716b0b7b77629f78de3bbd65751d8c6eb143df52335a43c3eb	a0529c4b25d220716b0b7b77629f78de3bbd65751d8c6eb143df52335a43c3eb
1f468-1f3fe-200d-2764-200d-1f48b-200d-1f468-1f3ff.png	1F468-1F3FE-200D-2764-FE0F-200D-1F48B-200D-1F468-1F3FF.png	5eef2a18cf60ca86cc3d986898d31a27178e78a74f672df090f4a3dbf561a6f0	5eef2a18cf60ca86cc3d986898d31a27178e78a74f672df090f4a3dbf561a6f0
1f468-1f3ff.png	1F468-1F3FF.png	5860207818eb98efbd6249fc5722cd9fc32fd079071ac141d02c037c571c4182	5860207818eb98efbd6249fc5722cd9fc32fd079071ac141d02c037c571c4182
1f468-1f3ff-200d-1f33e.png	1F468-1F3FF-200D-1F33E.png	3d89f135a982fd3c679ebc6b5c8459360fa5c66cb61d0882ec54f8b480959383	3d89f135a982fd3c679ebc6b5c8459360fa5c66cb61d0882ec54f8b480959383
1f468-1f3ff-200d-1f373.png	1F468-1F3FF-200D-1F373.png	3d76233fadbd8fb7e988548b01483adf1d6a20b016f8ebecb719db695016b366	3d76233fadbd8fb7e988548b01483adf1d6a20b016f8ebecb719db695016b366
1f468-1f3ff-200d-1f37c.png	1F468-1F3FF-200D-1F37C.png	9535f74d1677574aa8ed03a2bdd1afc7cd3cf8cd6a37d8a3d940dab456d31ec3	9535f74d1677574aa8ed03a2bdd1afc7cd3cf8cd6a37d8a3d940dab456d31ec3
1f468-1f3ff-200d-1f393.png	1F468-1F3FF-200D-1F393.png	30d2040b33f4b4acbbaf67274df47ea5be10271cd12a88b8cafe21e8b1a6edbc	30d2040b33f4b4acbbaf67274df47ea5be10271cd12a88b8cafe21e8b1a6edbc
1f468-1f3ff-200d-1f3a4.png	1F468-1F3FF-200D-1F3A4.png	e2b5c032e7739ad6105e766184d2558592cbfdd02629d977f63abf3bd3b1eb5f	e2b5c032e7739ad6105e766184d2558592cbfdd02629d977f63abf3bd3b1eb5f
1f468-1f3ff-200d-1f3a8.png	1F468-1F3FF-200D-1F3A8.png	19685c2ac4937d6607a8b5749cc37e93bdad39f2cc94270426e45e694e033b26	19685c2ac4937d6607a8b5749cc37e93bdad39f2cc94270426e45e694e033b26
1f468-1f3ff-200d-1f3eb.png	1F468-1F3FF-200D-1F3EB.png	5fca175e99abcc7e139ab9e9dec16ea532b06ddf9be7ddc6640db9ea4164a79c	5fca175e99abcc7e139ab9e9dec16ea532b06ddf9be7ddc6640db9ea4164a79c
1f468-1f3ff-200d-1f3ed.png	1F468-1F3FF-200D-1F3ED.png	1dddba373e914ea9a5846ee841bc9628194f5f0e2f9d550bddad56ff204a55d5	1dddba373e914ea9a5846ee841bc9628194f5f0e2f9d550bddad56ff204a55d5
1f468-1f3ff-200d-1f430-200d-1f468-1f3fb.png	1F468-1F3FF-200D-1F430-200D-1F468-1F3FB.png	4cac8523d73f23b1459c796f68f15c63af44201ca64cd5987bed74a71c6f416a	4cac8523d73f23b1459c796f68f15c63af44201ca64cd5987bed74a71c6f416a
1f468-1f3ff-200d-1f430-200d-1f468-1f3fc.png	1F468-1F3FF-200D-1F430-200D-1F468-1F3FC.png	268609e222d109e7e501ccc71270790f643c823def766978eebed6e597c67c97	268609e222d109e7e501ccc71270790f643c823def766978eebed6e597c67c97
1f468-1f3ff-200d-1f430-200d-1f468-1f3fd.png	1F468-1F3FF-200D-1F430-200D-1F468-1F3FD.png	ac57cf500aec5b819e1746b1fd4978cfc637f623393d85e9a625a05e842a1223	ac57cf500aec5b819e1746b1fd4978cfc637f623393d85e9a625a05e842a1223
1f468-1f3ff-200d-1f430-200d-1f468-1f3fe.png	1F468-1F3FF-200D-1F430-200D-1F468-1F3FE.png	16efb6275963de961fd403e46ae274dcfadd167d7114b1d593cdf19acb47eae3	16efb6275963de961fd403e46ae274dcfadd167d7114b1d593cdf19acb47eae3
1f468-1f3ff-200d-1f4bb.png	1F468-1F3FF-200D-1F4BB.png	31ead136809e503382dc2ebe9acdde4f6f11388028314914a6f418a638964bf8	31ead136809e503382dc2ebe9acdde4f6f11388028314914a6f418a638964bf8
1f468-1f3ff-200d-1f4bc.png	1F468-1F3FF-200D-1F4BC.png	6c216a78bbc38f7825f53d0dab226ab11b9a6bdd4287649e0c4f11d9ef369032	6c216a78bbc38f7825f53d0dab226ab11b9a6bdd4287649e0c4f11d9ef369032
1f468-1f3ff-200d-1f527.png	1F468-1F3FF-200D-1F527.png	adf24b46e9f2ae56cfde3973ca1c81a79e2660a0636f5ef0971b1149b00dd798	adf24b46e9f2ae56cfde3973ca1c81a79e2660a0636f5ef0971b1149b00dd798
1f468-1f3ff-200d-1f52c.png	1F468-1F3FF-200D-1F52C.png	cf2d02b941c148ce304b034921fc6daa55c8c772be0472593958cceeb41ecf93	cf2d02b941c148ce304b034921fc6daa55c8c772be0472593958cceeb41ecf93
1f468-1f3ff-200d-1f680.png	1F468-1F3FF-200D-1F680.png	f51c3d0284df5ec0579e9709b0e9db381e434821140a663c82f948c9ebcfaf2c	f51c3d0284df5ec0579e9709b0e9db381e434821140a663c82f948c9ebcfaf2c
1f468-1f3ff-200d-1f692.png	1F468-1F3FF-200D-1F692.png	6a902248a48fec93ff423c9085321e4c4e0117a5d1a59d8630396bb6de581284	6a902248a48fec93ff423c9085321e4c4e0117a5d1a59d8630396bb6de581284
1f468-1f3ff-200d-1f91d-200d-1f468-1f3fb.png	1F468-1F3FF-200D-1F91D-200D-1F468-1F3FB.png	9cf253a91cf42ac91aa349d4f5bf14af2d2595672784e020863c3a8894fab6ec	9cf253a91cf42ac91aa349d4f5bf14af2d2595672784e020863c3a8894fab6ec
1f468-1f3ff-200d-1f91d-200d-1f468-1f3fc.png	1F468-1F3FF-200D-1F91D-200D-1F468-1F3FC.png	d52ad79353fce34aaecfbe170eca9fd0ee8401f2b9b701a34f95aeeff36a82d0	d52ad79353fce34aaecfbe170eca9fd0ee8401f2b9b701a34f95aeeff36a82d0
1f468-1f3ff-200d-1f91d-200d-1f468-1f3fd.png	1F468-1F3FF-200D-1F91D-200D-1F468-1F3FD.png	20184a45e9954801fd16745d45410ae7f3fe5288d1525376fcd747835fde7538	20184a45e9954801fd16745d45410ae7f3fe5288d1525376fcd747835fde7538
1f468-1f3ff-200d-1f91d-200d-1f468-1f3fe.png	1F468-1F3FF-200D-1F91D-200D-1F468-1F3FE.png	a042a34d9b4753c1aaba52172fd202498f380e5fb084e8070f3055eeafa1d58e	a042a34d9b4753c1aaba52172fd202498f380e5fb084e8070f3055eeafa1d58e
1f468-1f3ff-200d-1f9af.png	1F468-1F3FF-200D-1F9AF.png	85ec990f4ac19bbd493d5d2579eee81f774fd52244cd8dd2700b5ca5497706a6	85ec990f4ac19bbd493d5d2579eee81f774fd52244cd8dd2700b5ca5497706a6
1f468-1f3ff-200d-1f9af-200d-27a1.png	1F468-1F3FF-200D-1F9AF-200D-27A1-FE0F.png	2b648dc4d027e2e16c64bb84d09039a005240c7c044910095d6182c228e02631	2b648dc4d027e2e16c64bb84d09039a005240c7c044910095d6182c228e02631
1f468-1f3ff-200d-1f9b0.png	1F468-1F3FF-200D-1F9B0.png	d123122b8778d36754f66a94312ca58cb7ea5b37f045c198c0b61764c365dcbb	d123122b8778d36754f66a94312ca58cb7ea5b37f045c198c0b61764c365dcbb
1f468-1f3ff-200d-1f9b1.png	1F468-1F3FF-200D-1F9B1.png	45fd8dbe4e2122cfcb27fde8918088b7069647da21dd296187ee459339a5bba2	45fd8dbe4e2122cfcb27fde8918088b7069647da21dd296187ee459339a5bba2
1f468-1f3ff-200d-1f9b2.png	1F468-1F3FF-200D-1F9B2.png	972fcdc2c77678f9ce2fd189d3f49df4834967d6ee2616d35c6d028b00f11fee	972fcdc2c77678f9ce2fd189d3f49df4834967d6ee2616d35c6d028b00f11fee
1f468-1f3ff-200d-1f9b3.png	1F468-1F3FF-200D-1F9B3.png	44fb165f4fb6f3d431d1b7ba4570f5ebe7968a12eeafdfd1a41eaab2bb187e97	44fb165f4fb6f3d431d1b7ba4570f5ebe7968a12eeafdfd1a41eaab2bb187e97
1f468-1f3ff-200d-1f9bc.png	1F468-1F3FF-200D-1F9BC.png	5f9290855635f33d3740cf57e536f7ce5bccbff2e1d3f9c0a32887120b1b5039	5f9290855635f33d3740cf57e536f7ce5bccbff2e1d3f9c0a32887120b1b5039
1f468-1f3ff-200d-1f9bc-200d-27a1.png	1F468-1F3FF-200D-1F9BC-200D-27A1-FE0F.png	3aa67a6e664ac77b03b2678e9d634fbba77a5215be430d1ff0538948a95fb6f6	3aa67a6e664ac77b03b2678e9d634fbba77a5215be430d1ff0538948a95fb6f6
1f468-1f3ff-200d-1f9bd.png	1F468-1F3FF-200D-1F9BD.png	13506066ade99e53117af0ad53b4077325beccd16eda0d7cd7a473d859b5533c	13506066ade99e53117af0ad53b4077325beccd16eda0d7cd7a473d859b5533c
1f468-1f3ff-200d-1f9bd-200d-27a1.png	1F468-1F3FF-200D-1F9BD-200D-27A1-FE0F.png	8e12d34d84ec5dc6f465315a4e7cb6bb740283cde206321c1cbc8d2fdd2be4c1	8e12d34d84ec5dc6f465315a4e7cb6bb740283cde206321c1cbc8d2fdd2be4c1
1f468-1f3ff-200d-1faef-200d-1f468-1f3fb.png	1F468-1F3FF-200D-1FAEF-200D-1F468-1F3FB.png	564a529df285dd6f13c7e5bcccb55a8ee806777f24332ba8cfb575783a064cb8	564a529df285dd6f13c7e5bcccb55a8ee806777f24332ba8cfb575783a064cb8
1f468-1f3ff-200d-1faef-200d-1f468-1f3fc.png	1F468-1F3FF-200D-1FAEF-200D-1F468-1F3FC.png	0e4e05e80d71020489a75206600f04b67a0ec1de29bd12c0cae217c00add26ac	0e4e05e80d71020489a75206600f04b67a0ec1de29bd12c0cae217c00add26ac
1f468-1f3ff-200d-1faef-200d-1f468-1f3fd.png	1F468-1F3FF-200D-1FAEF-200D-1F468-1F3FD.png	a7a6b1d7742681b777511cd118854065dfd56ed597831559ebe17ed1c9b5393e	a7a6b1d7742681b777511cd118854065dfd56ed597831559ebe17ed1c9b5393e
1f468-1f3ff-200d-1faef-200d-1f468-1f3fe.png	1F468-1F3FF-200D-1FAEF-200D-1F468-1F3FE.png	2274d0fc0767e293a0818b56b058713a0ea0a82e881833edafc63310433deef4	2274d0fc0767e293a0818b56b058713a0ea0a82e881833edafc63310433deef4
1f468-1f3ff-200d-2695.png	1F468-1F3FF-200D-2695-FE0F.png	732e608bce64fc307957d7fb5ddf4b24d9875d00e9e61b0a4883a8b9e614c194	732e608bce64fc307957d7fb5ddf4b24d9875d00e9e61b0a4883a8b9e614c194
1f468-1f3ff-200d-2696.png	1F468-1F3FF-200D-2696-FE0F.png	4994cf98bd16ab20d67e7544c47ddc67865551ab18bb5d21b8bb3a009764cce0	4994cf98bd16ab20d67e7544c47ddc67865551ab18bb5d21b8bb3a009764cce0
1f468-1f3ff-200d-2708.png	1F468-1F3FF-200D-2708-FE0F.png	543ac7417c81136205c0742c9aa4f547bd575e5b570afcbe75fc04b7532d2b1e	543ac7417c81136205c0742c9aa4f547bd575e5b570afcbe75fc04b7532d2b1e
1f468-1f3ff-200d-2764-200d-1f468-1f3fb.png	1F468-1F3FF-200D-2764-FE0F-200D-1F468-1F3FB.png	7192173af5e6e447bfb1862e3381aa60be5d5a4baad67eb9e3057fd8af823dd3	7192173af5e6e447bfb1862e3381aa60be5d5a4baad67eb9e3057fd8af823dd3
1f468-1f3ff-200d-2764-200d-1f468-1f3fc.png	1F468-1F3FF-200D-2764-FE0F-200D-1F468-1F3FC.png	e7aff5ba3c5a5e477d547d706c51ddc7893a8416ee228587e39370be226bf9c7	e7aff5ba3c5a5e477d547d706c51ddc7893a8416ee228587e39370be226bf9c7
1f468-1f3ff-200d-2764-200d-1f468-1f3fd.png	1F468-1F3FF-200D-2764-FE0F-200D-1F468-1F3FD.png	de4e0cfab78dc10c6a5e316b01798b5396de78d84b725d85120ee13368b36353	de4e0cfab78dc10c6a5e316b01798b5396de78d84b725d85120ee13368b36353
1f468-1f3ff-200d-2764-200d-1f468-1f3fe.png	1F468-1F3FF-200D-2764-FE0F-200D-1F468-1F3FE.png	638e39fc246e9409a7b39daf8910fa1e0e767a89332e6385d5f91da096b0fb0f	638e39fc246e9409a7b39daf8910fa1e0e767a89332e6385d5f91da096b0fb0f
1f468-1f3ff-200d-2764-200d-1f468-1f3ff.png	1F468-1F3FF-200D-2764-FE0F-200D-1F468-1F3FF.png	7fb10a28223c66dc3450f7c597a8e5c31153ee391c5adbd632400bebd07873fa	7fb10a28223c66dc3450f7c597a8e5c31153ee391c5adbd632400bebd07873fa
1f468-1f3ff-200d-2764-200d-1f48b-200d-1f468-1f3fb.png	1F468-1F3FF-200D-2764-FE0F-200D-1F48B-200D-1F468-1F3FB.png	d42ba785eee076bde5317d32d3680c9f536eedc4290690cfa52cf439bdc0d227	d42ba785eee076bde5317d32d3680c9f536eedc4290690cfa52cf439bdc0d227
1f468-1f3ff-200d-2764-200d-1f48b-200d-1f468-1f3fc.png	1F468-1F3FF-200D-2764-FE0F-200D-1F48B-200D-1F468-1F3FC.png	629a1519995e2a1a221f4dddf8763a6e74058fa7bba112e43a2021071bc70034	629a1519995e2a1a221f4dddf8763a6e74058fa7bba112e43a2021071bc70034
1f468-1f3ff-200d-2764-200d-1f48b-200d-1f468-1f3fd.png	1F468-1F3FF-200D-2764-FE0F-200D-1F48B-200D-1F468-1F3FD.png	ad2041434594b1e27f4bfe091f18849295a505a867d8eb70d5049eac122769a8	ad2041434594b1e27f4bfe091f18849295a505a867d8eb70d5049eac122769a8
1f468-1f3ff-200d-2764-200d-1f48b-200d-1f468-1f3fe.png	1F468-1F3FF-200D-2764-FE0F-200D-1F48B-200D-1F468-1F3FE.png	9103bc92b312e440a7dbd9cb2e83fdef515ab648b3e8b822100d0951b54654e0	9103bc92b312e440a7dbd9cb2e83fdef515ab648b3e8b822100d0951b54654e0
1f468-1f3ff-200d-2764-200d-1f48b-200d-1f468-1f3ff.png	1F468-1F3FF-200D-2764-FE0F-200D-1F48B-200D-1F468-1F3FF.png	d0df228a5ac5c600accb155d4d340685dd8b6846c2d2707dbfc510f43abc2044	d0df228a5ac5c600accb155d4d340685dd8b6846c2d2707dbfc510f43abc2044
1f468-200d-1f33e.png	1F468-200D-1F33E.png	de2b1ad7507148677e284ba7671ac74905db555ccd4a8b7ec4af46e6ccccc532	de2b1ad7507148677e284ba7671ac74905db555ccd4a8b7ec4af46e6ccccc532
1f468-200d-1f373.png	1F468-200D-1F373.png	d76207bef438102fe34455d0411762602e81e2935a626560ef5e1a0774cfa450	d76207bef438102fe34455d0411762602e81e2935a626560ef5e1a0774cfa450
1f468-200d-1f37c.png	1F468-200D-1F37C.png	0096e4fcb3c2347ef283c3951fbe25c2a9438ace08364ba07dc3e60e3016486a	0096e4fcb3c2347ef283c3951fbe25c2a9438ace08364ba07dc3e60e3016486a
1f468-200d-1f393.png	1F468-200D-1F393.png	15983b8f0dd1869628b99fc9686a90a32526950ad0530b40183f16d1284673c0	15983b8f0dd1869628b99fc9686a90a32526950ad0530b40183f16d1284673c0
1f468-200d-1f3a4.png	1F468-200D-1F3A4.png	08493086ced1714f7d9e709753c3ccd650e14cba1c1596314069c4cf5288cbe5	08493086ced1714f7d9e709753c3ccd650e14cba1c1596314069c4cf5288cbe5
1f468-200d-1f3a8.png	1F468-200D-1F3A8.png	ff1ae40688f2540651370501a781994ea3cd651e630cf9364d6db5b78a6f3929	ff1ae40688f2540651370501a781994ea3cd651e630cf9364d6db5b78a6f3929
1f468-200d-1f3eb.png	1F468-200D-1F3EB.png	4c805bcfe5919ed2b8f8c2dfee55402a6843d4323da5160cf923a96c3e4a6c90	4c805bcfe5919ed2b8f8c2dfee55402a6843d4323da5160cf923a96c3e4a6c90
1f468-200d-1f3ed.png	1F468-200D-1F3ED.png	9b9249501f1d6e472e1ba41564f538fc8e31ec51b62e39b5664758e3fb7eba77	9b9249501f1d6e472e1ba41564f538fc8e31ec51b62e39b5664758e3fb7eba77
1f468-200d-1f466.png	1F468-200D-1F466.png	3e91a078c084a5aee23166e5959530a82a27b26ef6da72eb73e3b96b03da5384	3e91a078c084a5aee23166e5959530a82a27b26ef6da72eb73e3b96b03da5384
1f468-200d-1f466-200d-1f466.png	1F468-200D-1F466-200D-1F466.png	cd7898bf9c5bf76210ce439a29d8e03ce2266c6fad84b7650d03f15191bc1f61	cd7898bf9c5bf76210ce439a29d8e03ce2266c6fad84b7650d03f15191bc1f61
1f468-200d-1f467.png	1F468-200D-1F467.png	53d0f613eabb0022932cb08a32ec0e13382c6ada1f028179ae256a583b129655	53d0f613eabb0022932cb08a32ec0e13382c6ada1f028179ae256a583b129655
1f468-200d-1f467-200d-1f466.png	1F468-200D-1F467-200D-1F466.png	44c026ce56fb3b2f46d28883768fd106128e5be860b29b7a247fc6b4565fd16b	44c026ce56fb3b2f46d28883768fd106128e5be860b29b7a247fc6b4565fd16b
1f468-200d-1f467-200d-1f467.png	1F468-200D-1F467-200D-1F467.png	096d453b3dc761e7a23dcaf4ba986d66935dc5cff3755285a4b6334ad87d0c27	096d453b3dc761e7a23dcaf4ba986d66935dc5cff3755285a4b6334ad87d0c27
1f468-200d-1f468-200d-1f466.png	1F468-200D-1F468-200D-1F466.png	21dcc5ba4c238cf71f818c2c103420c38b0e72ded013ddbfc94311c0992c3bb9	21dcc5ba4c238cf71f818c2c103420c38b0e72ded013ddbfc94311c0992c3bb9
1f468-200d-1f468-200d-1f466-200d-1f466.png	1F468-200D-1F468-200D-1F466-200D-1F466.png	2f9ddc84510355870dff925c450760cbcdf09f11524151caa97bfb71d97c5145	2f9ddc84510355870dff925c450760cbcdf09f11524151caa97bfb71d97c5145
1f468-200d-1f468-200d-1f467.png	1F468-200D-1F468-200D-1F467.png	59a4a57213b482ec9cfbc825ee924cece0a2d0abbeab32ef82aeeb9a29df79eb	59a4a57213b482ec9cfbc825ee924cece0a2d0abbeab32ef82aeeb9a29df79eb
1f468-200d-1f468-200d-1f467-200d-1f466.png	1F468-200D-1F468-200D-1F467-200D-1F466.png	dae0b1f8a19bf31fce6bf6a4aa5c5ed0334959333d0136c813e704e1ce039f80	dae0b1f8a19bf31fce6bf6a4aa5c5ed0334959333d0136c813e704e1ce039f80
1f468-200d-1f468-200d-1f467-200d-1f467.png	1F468-200D-1F468-200D-1F467-200D-1F467.png	357a9311538784984b5cfd755c8435dae7c68fe2e3dc09a6b365e77f2e96b0be	357a9311538784984b5cfd755c8435dae7c68fe2e3dc09a6b365e77f2e96b0be
1f468-200d-1f469-200d-1f466.png	1F468-200D-1F469-200D-1F466.png	7c97a755e44dd2dfb8adba73c0539834b4ec9de789bfd29904f92fc7f525e7d0	7c97a755e44dd2dfb8adba73c0539834b4ec9de789bfd29904f92fc7f525e7d0
1f468-200d-1f469-200d-1f466-200d-1f466.png	1F468-200D-1F469-200D-1F466-200D-1F466.png	70752fb0e5fd7701f124adf6f9077617f5087bc288fa281722e4abefaa4a6614	70752fb0e5fd7701f124adf6f9077617f5087bc288fa281722e4abefaa4a6614
1f468-200d-1f469-200d-1f467.png	1F468-200D-1F469-200D-1F467.png	3bf10ca7792f4b9e687dd5a91de7d18f661677709c60cba1c5004450eb8f57eb	3bf10ca7792f4b9e687dd5a91de7d18f661677709c60cba1c5004450eb8f57eb
1f468-200d-1f469-200d-1f467-200d-1f466.png	1F468-200D-1F469-200D-1F467-200D-1F466.png	d74b12a6fb369d2d7830ad0a9af522109ec7ede0df7f4581e4e7b2818abdc8c1	d74b12a6fb369d2d7830ad0a9af522109ec7ede0df7f4581e4e7b2818abdc8c1
1f468-200d-1f469-200d-1f467-200d-1f467.png	1F468-200D-1F469-200D-1F467-200D-1F467.png	14f838a8a623107eefaf93f54a2ce4815c3c98b46eef79ce96abdcfcc709618e	14f838a8a623107eefaf93f54a2ce4815c3c98b46eef79ce96abdcfcc709618e
1f468-200d-1f4bb.png	1F468-200D-1F4BB.png	3de3c7c7487768abf33d2d173fa7651109d46c10b204284656c7beff835a688d	3de3c7c7487768abf33d2d173fa7651109d46c10b204284656c7beff835a688d
1f468-200d-1f4bc.png	1F468-200D-1F4BC.png	574d05f9a7c19531503268deaa771f299a66b2cedabc5cd07c92dd7aa719464e	574d05f9a7c19531503268deaa771f299a66b2cedabc5cd07c92dd7aa719464e
1f468-200d-1f527.png	1F468-200D-1F527.png	76b51bcb3a211f08feeb6452bce1df60b09b4b46a9c867b70513273068d0666f	76b51bcb3a211f08feeb6452bce1df60b09b4b46a9c867b70513273068d0666f
1f468-200d-1f52c.png	1F468-200D-1F52C.png	a854e43e6cee9bda587ae6d7ca2417ef2432eb02f02bbe09d781cde17bf8101d	a854e43e6cee9bda587ae6d7ca2417ef2432eb02f02bbe09d781cde17bf8101d
1f468-200d-1f680.png	1F468-200D-1F680.png	84fdb069554e945bf70d7dd38ee6e95c59e1902aefaefa5392b2f4e59d0b4b34	84fdb069554e945bf70d7dd38ee6e95c59e1902aefaefa5392b2f4e59d0b4b34
1f468-200d-1f692.png	1F468-200D-1F692.png	13a66fba7142ecb8fe4761b7002c0a2224524798ac9ff48b4862c20b638586aa	13a66fba7142ecb8fe4761b7002c0a2224524798ac9ff48b4862c20b638586aa
1f468-200d-1f9af.png	1F468-200D-1F9AF.png	28caab86d33e00fa5408503312a633a5b2848b9002762a88d077b7cb25d8665a	28caab86d33e00fa5408503312a633a5b2848b9002762a88d077b7cb25d8665a
1f468-200d-1f9af-200d-27a1.png	1F468-200D-1F9AF-200D-27A1-FE0F.png	6c812578c75f532c1b1345250df928d5808e938057eabf1bd76c26cd290e4c8c	6c812578c75f532c1b1345250df928d5808e938057eabf1bd76c26cd290e4c8c
1f468-200d-1f9b0.png	1F468-200D-1F9B0.png	4ff3c1938a83e2a4c5c264d3e1dadc5ff1d17367bc2afdeb1db051eb2cb1715e	4ff3c1938a83e2a4c5c264d3e1dadc5ff1d17367bc2afdeb1db051eb2cb1715e
1f468-200d-1f9b1.png	1F468-200D-1F9B1.png	aeaa7bc40ff6574adf6b1b8a7c2a244c340252f058f79bb336d7388246d2edfe	aeaa7bc40ff6574adf6b1b8a7c2a244c340252f058f79bb336d7388246d2edfe
1f468-200d-1f9b2.png	1F468-200D-1F9B2.png	20bef3eec69d1e7b23df0da37e06e6511fda0f1c739372c3997d67071a7e6061	20bef3eec69d1e7b23df0da37e06e6511fda0f1c739372c3997d67071a7e6061
1f468-200d-1f9b3.png	1F468-200D-1F9B3.png	692bd75924596cc670e607cb9d8cd592531feed6ef989cf93f481a5d1c8a4329	692bd75924596cc670e607cb9d8cd592531feed6ef989cf93f481a5d1c8a4329
1f468-200d-1f9bc.png	1F468-200D-1F9BC.png	e1d6fc6eef151575157173c06c95dcab7f3c45ea329c339303b32d734f3888b1	e1d6fc6eef151575157173c06c95dcab7f3c45ea329c339303b32d734f3888b1
1f468-200d-1f9bc-200d-27a1.png	1F468-200D-1F9BC-200D-27A1-FE0F.png	2a2eb7e08260dd975c9e7d3268380338019d2dcd4ab05be7188e38ae449fd0bd	2a2eb7e08260dd975c9e7d3268380338019d2dcd4ab05be7188e38ae449fd0bd
1f468-200d-1f9bd.png	1F468-200D-1F9BD.png	a3b77387fdc359faecd6667fe5373364eb067f4868429c2b503223e641bda050	a3b77387fdc359faecd6667fe5373364eb067f4868429c2b503223e641bda050
1f468-200d-1f9bd-200d-27a1.png	1F468-200D-1F9BD-200D-27A1-FE0F.png	16990f04ed77191d5c6acfc9b8f8a918240e080463fae5fc306e2eec14cac05d	16990f04ed77191d5c6acfc9b8f8a918240e080463fae5fc306e2eec14cac05d
1f468-200d-2695.png	1F468-200D-2695-FE0F.png	14d519b726c95dcc22ba4dbe021bb8d6d239b1f7fcdd8122190714d43d380631	14d519b726c95dcc22ba4dbe021bb8d6d239b1f7fcdd8122190714d43d380631
1f468-200d-2696.png	1F468-200D-2696-FE0F.png	4dafc2562ea3afc10b36825ee2ad8eb948391de41883e946a1ef3b4b6130d4f5	4dafc2562ea3afc10b36825ee2ad8eb948391de41883e946a1ef3b4b6130d4f5
1f468-200d-2708.png	1F468-200D-2708-FE0F.png	2d474a65c2f0635dde163821c2ec50a2adaaca0fca94890b5d6e3fe59e907652	2d474a65c2f0635dde163821c2ec50a2adaaca0fca94890b5d6e3fe59e907652
1f468-200d-2764-200d-1f468.png	1F468-200D-2764-FE0F-200D-1F468.png	db5d141471329ad99198aee4bdd2bf745d68dcbc6910efb7e271118a8bc50b4f	db5d141471329ad99198aee4bdd2bf745d68dcbc6910efb7e271118a8bc50b4f
1f468-200d-2764-200d-1f48b-200d-1f468.png	1F468-200D-2764-FE0F-200D-1F48B-200D-1F468.png	f2eb8bf0fe0eabddc6386caa0c3f9bd4d42cc2b85eea4b1c226dca434a3c9396	f2eb8bf0fe0eabddc6386caa0c3f9bd4d42cc2b85eea4b1c226dca434a3c9396
1f469.png	1F469.png	18960a9e14dd4a831133cb0b64899c3b6bf4caea90d1bdc1617bddd7a6ddbd63	18960a9e14dd4a831133cb0b64899c3b6bf4caea90d1bdc1617bddd7a6ddbd63
1f469-1f3fb.png	1F469-1F3FB.png	fcda4bee70eff10262b4a01122c2c51a25f983f0ab451aeb53c6349e83a48961	fcda4bee70eff10262b4a01122c2c51a25f983f0ab451aeb53c6349e83a48961
1f469-1f3fb-200d-1f33e.png	1F469-1F3FB-200D-1F33E.png	6da9278d1438c7bda40566b0a2d294daa202d8a9051161c7911586fcbe4c6b2f	6da9278d1438c7bda40566b0a2d294daa202d8a9051161c7911586fcbe4c6b2f
1f469-1f3fb-200d-1f373.png	1F469-1F3FB-200D-1F373.png	6f0485c8223a348e9c64ce93b64aff90729ee1cad8ee94d2ef435cb5421b83d8	6f0485c8223a348e9c64ce93b64aff90729ee1cad8ee94d2ef435cb5421b83d8
1f469-1f3fb-200d-1f37c.png	1F469-1F3FB-200D-1F37C.png	4e8bd234e40425c5db07119dc0f6e449a8588a47c5d46f5f5c15cf5c63b6fe6d	4e8bd234e40425c5db07119dc0f6e449a8588a47c5d46f5f5c15cf5c63b6fe6d
1f469-1f3fb-200d-1f393.png	1F469-1F3FB-200D-1F393.png	155062da006f913154dea8862e6fcbf6b22eaf497cff71888212661cd6bf9bf2	155062da006f913154dea8862e6fcbf6b22eaf497cff71888212661cd6bf9bf2
1f469-1f3fb-200d-1f3a4.png	1F469-1F3FB-200D-1F3A4.png	de2572539a6f194e7449f7a047b32375b63cbbc67925e758cbcaa77c8746a0ba	de2572539a6f194e7449f7a047b32375b63cbbc67925e758cbcaa77c8746a0ba
1f469-1f3fb-200d-1f3a8.png	1F469-1F3FB-200D-1F3A8.png	fe76e50b5e0532a36d22cf887be35ef4adea05a21b417746dc6a1c895b439eb8	fe76e50b5e0532a36d22cf887be35ef4adea05a21b417746dc6a1c895b439eb8
1f469-1f3fb-200d-1f3eb.png	1F469-1F3FB-200D-1F3EB.png	f988a17fd4e4d940150eefb8906c4103ef83d9fbed491255114ffce60cb9adc4	f988a17fd4e4d940150eefb8906c4103ef83d9fbed491255114ffce60cb9adc4
1f469-1f3fb-200d-1f3ed.png	1F469-1F3FB-200D-1F3ED.png	933f349b083128e4d26a56f15d2013130365a9181e0043aece893dd60b23f5a6	933f349b083128e4d26a56f15d2013130365a9181e0043aece893dd60b23f5a6
1f469-1f3fb-200d-1f430-200d-1f469-1f3fc.png	1F469-1F3FB-200D-1F430-200D-1F469-1F3FC.png	b0fb42e23451f53de647f39a697f7f23f54bc76f658032d41092562751db79b4	b0fb42e23451f53de647f39a697f7f23f54bc76f658032d41092562751db79b4
1f469-1f3fb-200d-1f430-200d-1f469-1f3fd.png	1F469-1F3FB-200D-1F430-200D-1F469-1F3FD.png	75f65ceaf9cc06921e24b9bb07135d5e9fe0bed16ca638dbb03fae68d0e8f51d	75f65ceaf9cc06921e24b9bb07135d5e9fe0bed16ca638dbb03fae68d0e8f51d
1f469-1f3fb-200d-1f430-200d-1f469-1f3fe.png	1F469-1F3FB-200D-1F430-200D-1F469-1F3FE.png	45b42383b7d864e4ede1c6abbf3fbe55820e2014f35d11f2242b8d108ebbd53f	45b42383b7d864e4ede1c6abbf3fbe55820e2014f35d11f2242b8d108ebbd53f
1f469-1f3fb-200d-1f430-200d-1f469-1f3ff.png	1F469-1F3FB-200D-1F430-200D-1F469-1F3FF.png	43557e63c6124da57e69bc544c2f14d9ec21e5db0ed66cd93722416047756457	43557e63c6124da57e69bc544c2f14d9ec21e5db0ed66cd93722416047756457
1f469-1f3fb-200d-1f4bb.png	1F469-1F3FB-200D-1F4BB.png	e812b9ca40ff5874378affc66709d549120764e20c04d671c091e35dd431b421	e812b9ca40ff5874378affc66709d549120764e20c04d671c091e35dd431b421
1f469-1f3fb-200d-1f4bc.png	1F469-1F3FB-200D-1F4BC.png	f5381a15ca9fc06a378231ae3f77c5c41171f7c8c20da12796bafb71b97b022e	f5381a15ca9fc06a378231ae3f77c5c41171f7c8c20da12796bafb71b97b022e
1f469-1f3fb-200d-1f527.png	1F469-1F3FB-200D-1F527.png	ec432e7338620c1bbcacd84763cebb671768ca747de3ddccda1fd83678892053	ec432e7338620c1bbcacd84763cebb671768ca747de3ddccda1fd83678892053
1f469-1f3fb-200d-1f52c.png	1F469-1F3FB-200D-1F52C.png	3b21afdc5b2ed5c5309b6026ea192a0302ede0fe6f6a117c493061e3fce54e99	3b21afdc5b2ed5c5309b6026ea192a0302ede0fe6f6a117c493061e3fce54e99
1f469-1f3fb-200d-1f680.png	1F469-1F3FB-200D-1F680.png	781c36820b6cea87c5c3bbcac5b4c9a419f992e9701391a396c13903db27e1bc	781c36820b6cea87c5c3bbcac5b4c9a419f992e9701391a396c13903db27e1bc
1f469-1f3fb-200d-1f692.png	1F469-1F3FB-200D-1F692.png	fb5ed96bd9ea79b9536bad071948e4c945ca5ef917ec79b3b83d68ab6758ff9d	fb5ed96bd9ea79b9536bad071948e4c945ca5ef917ec79b3b83d68ab6758ff9d
1f469-1f3fb-200d-1f91d-200d-1f468-1f3fc.png	1F469-1F3FB-200D-1F91D-200D-1F468-1F3FC.png	7affccef0b2a245e662b768f62956d00bdd2534fd34afe8eaa63e0418cc8780f	7affccef0b2a245e662b768f62956d00bdd2534fd34afe8eaa63e0418cc8780f
1f469-1f3fb-200d-1f91d-200d-1f468-1f3fd.png	1F469-1F3FB-200D-1F91D-200D-1F468-1F3FD.png	269ca66ffdfaf4b22b46ac97fd3c235e0b51e65b89dfa191221be1a17effff21	269ca66ffdfaf4b22b46ac97fd3c235e0b51e65b89dfa191221be1a17effff21
1f469-1f3fb-200d-1f91d-200d-1f468-1f3fe.png	1F469-1F3FB-200D-1F91D-200D-1F468-1F3FE.png	01903746b1893b0da39a010094a2674f3eb042c7d19daf674f7166a231cc404b	01903746b1893b0da39a010094a2674f3eb042c7d19daf674f7166a231cc404b
1f469-1f3fb-200d-1f91d-200d-1f468-1f3ff.png	1F469-1F3FB-200D-1F91D-200D-1F468-1F3FF.png	aebfb3ad79a831cb78c4fa0ce824b710ee2825db2871f9704b3c859d633c2840	aebfb3ad79a831cb78c4fa0ce824b710ee2825db2871f9704b3c859d633c2840
1f469-1f3fb-200d-1f91d-200d-1f469-1f3fc.png	1F469-1F3FB-200D-1F91D-200D-1F469-1F3FC.png	c78397568b7279e0bb91e3984087e89fa29b90975417d1bc422ef619c47507e3	c78397568b7279e0bb91e3984087e89fa29b90975417d1bc422ef619c47507e3
1f469-1f3fb-200d-1f91d-200d-1f469-1f3fd.png	1F469-1F3FB-200D-1F91D-200D-1F469-1F3FD.png	b03891e32b108922fe5bbbafdda80f666d91670d20a9624eee1ed5e935e650d8	b03891e32b108922fe5bbbafdda80f666d91670d20a9624eee1ed5e935e650d8
1f469-1f3fb-200d-1f91d-200d-1f469-1f3fe.png	1F469-1F3FB-200D-1F91D-200D-1F469-1F3FE.png	8542923de7c43984b95df4701379c569a749916f6c97182df9e7d8098568dbfa	8542923de7c43984b95df4701379c569a749916f6c97182df9e7d8098568dbfa
1f469-1f3fb-200d-1f91d-200d-1f469-1f3ff.png	1F469-1F3FB-200D-1F91D-200D-1F469-1F3FF.png	7ff0529183f4a7dcc6566caa58bacf2160f943c4f38168c41284dad3bfbbb8c9	7ff0529183f4a7dcc6566caa58bacf2160f943c4f38168c41284dad3bfbbb8c9
1f469-1f3fb-200d-1f9af.png	1F469-1F3FB-200D-1F9AF.png	9072b38ca262add2f96338f04d81396618d5b94452a1c15a783fdfb40dc071e5	9072b38ca262add2f96338f04d81396618d5b94452a1c15a783fdfb40dc071e5
1f469-1f3fb-200d-1f9af-200d-27a1.png	1F469-1F3FB-200D-1F9AF-200D-27A1-FE0F.png	d13e3cf6c563299c91c8b2eaf6b922bd88a857e34564e0cd662d3488543ac140	d13e3cf6c563299c91c8b2eaf6b922bd88a857e34564e0cd662d3488543ac140
1f469-1f3fb-200d-1f9b0.png	1F469-1F3FB-200D-1F9B0.png	e381e505ebb18657d6bb30bf3c9dff854c3b72d4e09d558c8464e0e967382cb6	e381e505ebb18657d6bb30bf3c9dff854c3b72d4e09d558c8464e0e967382cb6
1f469-1f3fb-200d-1f9b1.png	1F469-1F3FB-200D-1F9B1.png	10d0193f61ce8d0cd73cd6247fa09661df603a77e51685c098f42ea34396cce7	10d0193f61ce8d0cd73cd6247fa09661df603a77e51685c098f42ea34396cce7
1f469-1f3fb-200d-1f9b2.png	1F469-1F3FB-200D-1F9B2.png	01221e05ad06bfd309b4e649e2a34a7e65831cdd737c261223e62bdc3e4506a6	01221e05ad06bfd309b4e649e2a34a7e65831cdd737c261223e62bdc3e4506a6
1f469-1f3fb-200d-1f9b3.png	1F469-1F3FB-200D-1F9B3.png	5d9bb68c4cfb8eb3c23da6c75443862f05ac2b6b14f5e0ede646252dae9e0db1	5d9bb68c4cfb8eb3c23da6c75443862f05ac2b6b14f5e0ede646252dae9e0db1
1f469-1f3fb-200d-1f9bc.png	1F469-1F3FB-200D-1F9BC.png	1c2c8ef3f43f943a837cc47adcfdf235689331eaa517f670229d89a91f76a5ab	1c2c8ef3f43f943a837cc47adcfdf235689331eaa517f670229d89a91f76a5ab
1f469-1f3fb-200d-1f9bc-200d-27a1.png	1F469-1F3FB-200D-1F9BC-200D-27A1-FE0F.png	d245da035a80e5827806b98c5ce327da1782539bae83e1ce6f10f2363f9feea4	d245da035a80e5827806b98c5ce327da1782539bae83e1ce6f10f2363f9feea4
1f469-1f3fb-200d-1f9bd.png	1F469-1F3FB-200D-1F9BD.png	ba3a36bcc53ed22419519197e99e6b423b0bf20ad186aad341994fd27328b44a	ba3a36bcc53ed22419519197e99e6b423b0bf20ad186aad341994fd27328b44a
1f469-1f3fb-200d-1f9bd-200d-27a1.png	1F469-1F3FB-200D-1F9BD-200D-27A1-FE0F.png	77c7bee761c3f66d63761604f47f5227c01cd8c959b9d4579a4f78799ab94d50	77c7bee761c3f66d63761604f47f5227c01cd8c959b9d4579a4f78799ab94d50
1f469-1f3fb-200d-1faef-200d-1f469-1f3fc.png	1F469-1F3FB-200D-1FAEF-200D-1F469-1F3FC.png	5718bd026bd7d726cefdc19e68fa7679979c44bca8f768338c58296ab78aed56	5718bd026bd7d726cefdc19e68fa7679979c44bca8f768338c58296ab78aed56
1f469-1f3fb-200d-1faef-200d-1f469-1f3fd.png	1F469-1F3FB-200D-1FAEF-200D-1F469-1F3FD.png	6fa1d1da1f76bb024b5b2fcf51c333b2195593a022de04d8f0a6635beba64c0b	6fa1d1da1f76bb024b5b2fcf51c333b2195593a022de04d8f0a6635beba64c0b
1f469-1f3fb-200d-1faef-200d-1f469-1f3fe.png	1F469-1F3FB-200D-1FAEF-200D-1F469-1F3FE.png	2122f04235b5b978eebde16fc03ce39427984e35bab30247a105b6c6c5485071	2122f04235b5b978eebde16fc03ce39427984e35bab30247a105b6c6c5485071
1f469-1f3fb-200d-1faef-200d-1f469-1f3ff.png	1F469-1F3FB-200D-1FAEF-200D-1F469-1F3FF.png	66674d0cf0f7d2b0643c2b1ffa59860bc5f2bf7a81b6bfb0c7420d32cfc4b1c2	66674d0cf0f7d2b0643c2b1ffa59860bc5f2bf7a81b6bfb0c7420d32cfc4b1c2
1f469-1f3fb-200d-2695.png	1F469-1F3FB-200D-2695-FE0F.png	57c5fa257de4de49d764dc5e31e761889cc06878a2034e78a6c7f5849047336a	57c5fa257de4de49d764dc5e31e761889cc06878a2034e78a6c7f5849047336a
1f469-1f3fb-200d-2696.png	1F469-1F3FB-200D-2696-FE0F.png	f2c76368469c6dd934cd722b0e2f19b4f55eeb51b2fa71283b74b912d3f7c014	f2c76368469c6dd934cd722b0e2f19b4f55eeb51b2fa71283b74b912d3f7c014
1f469-1f3fb-200d-2708.png	1F469-1F3FB-200D-2708-FE0F.png	32137571272fb44f0b97dfaa9917af29d0f83a3b212f451d4c8af487535318c2	32137571272fb44f0b97dfaa9917af29d0f83a3b212f451d4c8af487535318c2
1f469-1f3fb-200d-2764-200d-1f468-1f3fb.png	1F469-1F3FB-200D-2764-FE0F-200D-1F468-1F3FB.png	961720ba69d34728baeae37d044e3ca484a5f9bc855f1d25cb44b19b13530357	961720ba69d34728baeae37d044e3ca484a5f9bc855f1d25cb44b19b13530357
1f469-1f3fb-200d-2764-200d-1f468-1f3fc.png	1F469-1F3FB-200D-2764-FE0F-200D-1F468-1F3FC.png	26b48cfd4eba35ab10d009f231759357a76af84e62c382d7ae29d167b6bead87	26b48cfd4eba35ab10d009f231759357a76af84e62c382d7ae29d167b6bead87
1f469-1f3fb-200d-2764-200d-1f468-1f3fd.png	1F469-1F3FB-200D-2764-FE0F-200D-1F468-1F3FD.png	46878b3f44de620974dc8c230a5ef63ab66ea07687c310f5a1fbca26f3007368	46878b3f44de620974dc8c230a5ef63ab66ea07687c310f5a1fbca26f3007368
1f469-1f3fb-200d-2764-200d-1f468-1f3fe.png	1F469-1F3FB-200D-2764-FE0F-200D-1F468-1F3FE.png	15973ee4c9ec0c0841755db8b642db8144e918b8bcf90afa0028afccab11138b	15973ee4c9ec0c0841755db8b642db8144e918b8bcf90afa0028afccab11138b
1f469-1f3fb-200d-2764-200d-1f468-1f3ff.png	1F469-1F3FB-200D-2764-FE0F-200D-1F468-1F3FF.png	f72b4f8db111713942549fdb0a0bd90ac976c818c1460bbad553d8452d09d28f	f72b4f8db111713942549fdb0a0bd90ac976c818c1460bbad553d8452d09d28f
1f469-1f3fb-200d-2764-200d-1f469-1f3fb.png	1F469-1F3FB-200D-2764-FE0F-200D-1F469-1F3FB.png	03ccbe927c924838b44a869d952fe44685b5c382a865e556e6f5a56ebd3f3b4e	03ccbe927c924838b44a869d952fe44685b5c382a865e556e6f5a56ebd3f3b4e
1f469-1f3fb-200d-2764-200d-1f469-1f3fc.png	1F469-1F3FB-200D-2764-FE0F-200D-1F469-1F3FC.png	75e7610a3b2b5f64113e1b04bc17353bd24387ba9289a332eef095b0e51fe675	75e7610a3b2b5f64113e1b04bc17353bd24387ba9289a332eef095b0e51fe675
1f469-1f3fb-200d-2764-200d-1f469-1f3fd.png	1F469-1F3FB-200D-2764-FE0F-200D-1F469-1F3FD.png	cc39c5b72fbb592a7de2d3d88383b091c10646ae96bebc68c7c7bbe264cbbbe3	cc39c5b72fbb592a7de2d3d88383b091c10646ae96bebc68c7c7bbe264cbbbe3
1f469-1f3fb-200d-2764-200d-1f469-1f3fe.png	1F469-1F3FB-200D-2764-FE0F-200D-1F469-1F3FE.png	4d35351f8e2b9025d47ccf9bcf074937d205856d60ed16a9569c26b11ffeb4ac	4d35351f8e2b9025d47ccf9bcf074937d205856d60ed16a9569c26b11ffeb4ac
1f469-1f3fb-200d-2764-200d-1f469-1f3ff.png	1F469-1F3FB-200D-2764-FE0F-200D-1F469-1F3FF.png	5c35353dbb79517f6e866fe5460ae2b04b24f789c7308361fa99597d7dc068d6	5c35353dbb79517f6e866fe5460ae2b04b24f789c7308361fa99597d7dc068d6
1f469-1f3fb-200d-2764-200d-1f48b-200d-1f468-1f3fb.png	1F469-1F3FB-200D-2764-FE0F-200D-1F48B-200D-1F468-1F3FB.png	f3e4e4da510086048b0a1350b7b49162058f7db54be69cc97f7ef33f02ec0bcc	f3e4e4da510086048b0a1350b7b49162058f7db54be69cc97f7ef33f02ec0bcc
1f469-1f3fb-200d-2764-200d-1f48b-200d-1f468-1f3fc.png	1F469-1F3FB-200D-2764-FE0F-200D-1F48B-200D-1F468-1F3FC.png	9f4936d24f2760581cfbf9b515bae5991307d2ee1c5251f6353454c95ad14ffb	9f4936d24f2760581cfbf9b515bae5991307d2ee1c5251f6353454c95ad14ffb
1f469-1f3fb-200d-2764-200d-1f48b-200d-1f468-1f3fd.png	1F469-1F3FB-200D-2764-FE0F-200D-1F48B-200D-1F468-1F3FD.png	7c480dccba3c0747c2edd1fb2b9fd6b1d77e97ebe971850607082ffa3ae35dac	7c480dccba3c0747c2edd1fb2b9fd6b1d77e97ebe971850607082ffa3ae35dac
1f469-1f3fb-200d-2764-200d-1f48b-200d-1f468-1f3fe.png	1F469-1F3FB-200D-2764-FE0F-200D-1F48B-200D-1F468-1F3FE.png	47bf80bbb346c2f5821f98f45bec7a3c27ecd4f5672fa915c7c8f3050714679f	47bf80bbb346c2f5821f98f45bec7a3c27ecd4f5672fa915c7c8f3050714679f
1f469-1f3fb-200d-2764-200d-1f48b-200d-1f468-1f3ff.png	1F469-1F3FB-200D-2764-FE0F-200D-1F48B-200D-1F468-1F3FF.png	f93b1dad501756569667295fb5c9e5416ed28679ef56275c589755c67892e16c	f93b1dad501756569667295fb5c9e5416ed28679ef56275c589755c67892e16c
1f469-1f3fb-200d-2764-200d-1f48b-200d-1f469-1f3fb.png	1F469-1F3FB-200D-2764-FE0F-200D-1F48B-200D-1F469-1F3FB.png	5aeb4dbbd42386ffec8a55d40760e8bfb21217f3c8d8b41103311d71aa4b9705	5aeb4dbbd42386ffec8a55d40760e8bfb21217f3c8d8b41103311d71aa4b9705
1f469-1f3fb-200d-2764-200d-1f48b-200d-1f469-1f3fc.png	1F469-1F3FB-200D-2764-FE0F-200D-1F48B-200D-1F469-1F3FC.png	71b4c24376eb14cd1bd8c496645b8c6ada13ee9db29752f4b8f219bedd68b079	71b4c24376eb14cd1bd8c496645b8c6ada13ee9db29752f4b8f219bedd68b079
1f469-1f3fb-200d-2764-200d-1f48b-200d-1f469-1f3fd.png	1F469-1F3FB-200D-2764-FE0F-200D-1F48B-200D-1F469-1F3FD.png	72327383f9927300585f76abe530eaf8de19fd16360062ec8ae2f7ceb7ab9af7	72327383f9927300585f76abe530eaf8de19fd16360062ec8ae2f7ceb7ab9af7
1f469-1f3fb-200d-2764-200d-1f48b-200d-1f469-1f3fe.png	1F469-1F3FB-200D-2764-FE0F-200D-1F48B-200D-1F469-1F3FE.png	3907b90c2387f42ef8797ea4bb6c093876430eeb667f7fb26ee0bf3e283304fb	3907b90c2387f42ef8797ea4bb6c093876430eeb667f7fb26ee0bf3e283304fb
1f469-1f3fb-200d-2764-200d-1f48b-200d-1f469-1f3ff.png	1F469-1F3FB-200D-2764-FE0F-200D-1F48B-200D-1F469-1F3FF.png	b91f9f182f0606c4ed7c508fd52f1dc4ba5be9af99ddb3be84869c015fed605e	b91f9f182f0606c4ed7c508fd52f1dc4ba5be9af99ddb3be84869c015fed605e
1f469-1f3fc.png	1F469-1F3FC.png	2105df4d7ebd58389f2265f4bfaf1e54a50eee17ec3552b8b267d21f680104f5	2105df4d7ebd58389f2265f4bfaf1e54a50eee17ec3552b8b267d21f680104f5
1f469-1f3fc-200d-1f33e.png	1F469-1F3FC-200D-1F33E.png	b20868df4de110de02aa7f0597a28e6b6b847b927cdc226828b1e4f5a96e6a3a	b20868df4de110de02aa7f0597a28e6b6b847b927cdc226828b1e4f5a96e6a3a
1f469-1f3fc-200d-1f373.png	1F469-1F3FC-200D-1F373.png	7eba4c7de862755d7ae0868667ce54cb992cc2002f62744b0970cc3c02d0cef9	7eba4c7de862755d7ae0868667ce54cb992cc2002f62744b0970cc3c02d0cef9
1f469-1f3fc-200d-1f37c.png	1F469-1F3FC-200D-1F37C.png	2f10a6bf9ffce92725241eb8907ed71e2fd5c455c4b5e4e56febfec62692ff95	2f10a6bf9ffce92725241eb8907ed71e2fd5c455c4b5e4e56febfec62692ff95
1f469-1f3fc-200d-1f393.png	1F469-1F3FC-200D-1F393.png	9d6b64990afc533ad0dff29fb7d5887694ee0363694921c37549ae6a0edc7550	9d6b64990afc533ad0dff29fb7d5887694ee0363694921c37549ae6a0edc7550
1f469-1f3fc-200d-1f3a4.png	1F469-1F3FC-200D-1F3A4.png	f40d3a398b00b5ca9db9dd1c48d840400c9a0e28d2d1d08f0a42c44075be9a22	f40d3a398b00b5ca9db9dd1c48d840400c9a0e28d2d1d08f0a42c44075be9a22
1f469-1f3fc-200d-1f3a8.png	1F469-1F3FC-200D-1F3A8.png	6246108b44db14ccc282bcc177362f5d7fa99a27995731500bb4b88271b5b2ae	6246108b44db14ccc282bcc177362f5d7fa99a27995731500bb4b88271b5b2ae
1f469-1f3fc-200d-1f3eb.png	1F469-1F3FC-200D-1F3EB.png	ba4ffd41917f320224e2d301c937a59e2e594e6a91e79d0eabe46238690928a9	ba4ffd41917f320224e2d301c937a59e2e594e6a91e79d0eabe46238690928a9
1f469-1f3fc-200d-1f3ed.png	1F469-1F3FC-200D-1F3ED.png	d4c57beab916271606b4217893614f35464360eee0359bb47838d13ba8dec0cf	d4c57beab916271606b4217893614f35464360eee0359bb47838d13ba8dec0cf
1f469-1f3fc-200d-1f430-200d-1f469-1f3fb.png	1F469-1F3FC-200D-1F430-200D-1F469-1F3FB.png	3624212557149dd098d46fc17964ef375acdd4db489d86ca580bb77822ecc4e9	3624212557149dd098d46fc17964ef375acdd4db489d86ca580bb77822ecc4e9
1f469-1f3fc-200d-1f430-200d-1f469-1f3fd.png	1F469-1F3FC-200D-1F430-200D-1F469-1F3FD.png	8c57531d4a94bab22e4b757b453a40aec4c95be2532c2c7e03f25b12675251e3	8c57531d4a94bab22e4b757b453a40aec4c95be2532c2c7e03f25b12675251e3
1f469-1f3fc-200d-1f430-200d-1f469-1f3fe.png	1F469-1F3FC-200D-1F430-200D-1F469-1F3FE.png	fa38fda94e8926060c3bd00739c9ff2ec4981c43a5ec49ee06a4fa89d13c4c65	fa38fda94e8926060c3bd00739c9ff2ec4981c43a5ec49ee06a4fa89d13c4c65
1f469-1f3fc-200d-1f430-200d-1f469-1f3ff.png	1F469-1F3FC-200D-1F430-200D-1F469-1F3FF.png	fc25d3cc2b01300a1ff3139a9bc3347d143f1ccf7714f3f03ddc78c5d4baf793	fc25d3cc2b01300a1ff3139a9bc3347d143f1ccf7714f3f03ddc78c5d4baf793
1f469-1f3fc-200d-1f4bb.png	1F469-1F3FC-200D-1F4BB.png	98ac0b3847406e2ac4ab82111ce7eb5ba41cb12ce1eab6bfd2ff1e554f8ffbd1	98ac0b3847406e2ac4ab82111ce7eb5ba41cb12ce1eab6bfd2ff1e554f8ffbd1
1f469-1f3fc-200d-1f4bc.png	1F469-1F3FC-200D-1F4BC.png	c5133bb2bc6de16c73d2826d0195e71daf7ba5bfdb17e61147833cbf61f4d5aa	c5133bb2bc6de16c73d2826d0195e71daf7ba5bfdb17e61147833cbf61f4d5aa
1f469-1f3fc-200d-1f527.png	1F469-1F3FC-200D-1F527.png	d13f2a31a15cea7cb4409fa87424fe475dcb9ed8baf00fed567a74f7b7db446b	d13f2a31a15cea7cb4409fa87424fe475dcb9ed8baf00fed567a74f7b7db446b
1f469-1f3fc-200d-1f52c.png	1F469-1F3FC-200D-1F52C.png	4e0dca7b5ad16dacaab319606b24900a4fbfe8e2c81503e8e6404a47ace30735	4e0dca7b5ad16dacaab319606b24900a4fbfe8e2c81503e8e6404a47ace30735
1f469-1f3fc-200d-1f680.png	1F469-1F3FC-200D-1F680.png	1fe4cc652c8150f967003a7de8ee88de88320775db0f5da4b203228493f12743	1fe4cc652c8150f967003a7de8ee88de88320775db0f5da4b203228493f12743
1f469-1f3fc-200d-1f692.png	1F469-1F3FC-200D-1F692.png	e42181cd804f8a64b033beac14f2be2c9e8d42429e5ccb6f6dbc87cf1596f7c7	e42181cd804f8a64b033beac14f2be2c9e8d42429e5ccb6f6dbc87cf1596f7c7
1f469-1f3fc-200d-1f91d-200d-1f468-1f3fb.png	1F469-1F3FC-200D-1F91D-200D-1F468-1F3FB.png	436780678fa5f0e415640d68914d08a095759152032c606e76e47fb4b6df3b20	436780678fa5f0e415640d68914d08a095759152032c606e76e47fb4b6df3b20
1f469-1f3fc-200d-1f91d-200d-1f468-1f3fd.png	1F469-1F3FC-200D-1F91D-200D-1F468-1F3FD.png	ccd3672c9aa211151174ecd4a7247703814750a83e83fc994b58869b700ab55b	ccd3672c9aa211151174ecd4a7247703814750a83e83fc994b58869b700ab55b
1f469-1f3fc-200d-1f91d-200d-1f468-1f3fe.png	1F469-1F3FC-200D-1F91D-200D-1F468-1F3FE.png	f72a6ad7ab4ca7a97dc3e4a9d3fa852687ce09603dd805a5e0165b5e110417a2	f72a6ad7ab4ca7a97dc3e4a9d3fa852687ce09603dd805a5e0165b5e110417a2
1f469-1f3fc-200d-1f91d-200d-1f468-1f3ff.png	1F469-1F3FC-200D-1F91D-200D-1F468-1F3FF.png	9a95699b46479e7d09e15aa1d6754e76098f6f5eb607c28c4251d249cb3a9e98	9a95699b46479e7d09e15aa1d6754e76098f6f5eb607c28c4251d249cb3a9e98
1f469-1f3fc-200d-1f91d-200d-1f469-1f3fb.png	1F469-1F3FC-200D-1F91D-200D-1F469-1F3FB.png	77d21cc015c8719ac935e58378f9cb0f4f1aff22f188e112ab54850f38dea5a1	77d21cc015c8719ac935e58378f9cb0f4f1aff22f188e112ab54850f38dea5a1
1f469-1f3fc-200d-1f91d-200d-1f469-1f3fd.png	1F469-1F3FC-200D-1F91D-200D-1F469-1F3FD.png	d12ef41c8500c322ca4433503a088b3421b39bcb46003d668ebb8d65f5ff1280	d12ef41c8500c322ca4433503a088b3421b39bcb46003d668ebb8d65f5ff1280
1f469-1f3fc-200d-1f91d-200d-1f469-1f3fe.png	1F469-1F3FC-200D-1F91D-200D-1F469-1F3FE.png	c10e4748a9aaa591370d9a618308418ff452d0186257f0d5f126fcc3adb79ca9	c10e4748a9aaa591370d9a618308418ff452d0186257f0d5f126fcc3adb79ca9
1f469-1f3fc-200d-1f91d-200d-1f469-1f3ff.png	1F469-1F3FC-200D-1F91D-200D-1F469-1F3FF.png	96f97f53ef36a37f02e0cd25ced2ebf36bacef0fb60613fc5aa538bf9792a8d4	96f97f53ef36a37f02e0cd25ced2ebf36bacef0fb60613fc5aa538bf9792a8d4
1f469-1f3fc-200d-1f9af.png	1F469-1F3FC-200D-1F9AF.png	eb8cb2b79988b427890f856251a5af5bc2fa6be7401c49c72f6670a3ba45a49d	eb8cb2b79988b427890f856251a5af5bc2fa6be7401c49c72f6670a3ba45a49d
1f469-1f3fc-200d-1f9af-200d-27a1.png	1F469-1F3FC-200D-1F9AF-200D-27A1-FE0F.png	3436415ec27cc8fcb719dbfe5fe08027fc10b0cc47daab188f8a4f4cea70a36a	3436415ec27cc8fcb719dbfe5fe08027fc10b0cc47daab188f8a4f4cea70a36a
1f469-1f3fc-200d-1f9b0.png	1F469-1F3FC-200D-1F9B0.png	1747f4848337e62c9f02f5443a1dc4075b3f6e8a1b8312f2d8a02bf49d658e20	1747f4848337e62c9f02f5443a1dc4075b3f6e8a1b8312f2d8a02bf49d658e20
1f469-1f3fc-200d-1f9b1.png	1F469-1F3FC-200D-1F9B1.png	96d1d27023d1850998e5c39db11b9502ccc6a93a67abb2b312f843d87e60ff75	96d1d27023d1850998e5c39db11b9502ccc6a93a67abb2b312f843d87e60ff75
1f469-1f3fc-200d-1f9b2.png	1F469-1F3FC-200D-1F9B2.png	49ac90c4c7f367304c73d69d5dd2f7681461a005389b024c8c072b426cbd3930	49ac90c4c7f367304c73d69d5dd2f7681461a005389b024c8c072b426cbd3930
1f469-1f3fc-200d-1f9b3.png	1F469-1F3FC-200D-1F9B3.png	c94caa35eb9ff935da6f1c3301088d8570adfa517c97243913e2a98b876d90e2	c94caa35eb9ff935da6f1c3301088d8570adfa517c97243913e2a98b876d90e2
1f469-1f3fc-200d-1f9bc.png	1F469-1F3FC-200D-1F9BC.png	d9a875f67fe78b26abbc07266c04a52dceeb9989f15b3b84194d126638bcb154	d9a875f67fe78b26abbc07266c04a52dceeb9989f15b3b84194d126638bcb154
1f469-1f3fc-200d-1f9bc-200d-27a1.png	1F469-1F3FC-200D-1F9BC-200D-27A1-FE0F.png	55ca656c3a95f9c66a4cca153b5d2557ee588f64b1af15f0df8e1f21d44f6717	55ca656c3a95f9c66a4cca153b5d2557ee588f64b1af15f0df8e1f21d44f6717
1f469-1f3fc-200d-1f9bd.png	1F469-1F3FC-200D-1F9BD.png	42fcbd3fd4dbee431239077f6c2d3f883688867ad7bd1f1540c2405c53252b88	42fcbd3fd4dbee431239077f6c2d3f883688867ad7bd1f1540c2405c53252b88
1f469-1f3fc-200d-1f9bd-200d-27a1.png	1F469-1F3FC-200D-1F9BD-200D-27A1-FE0F.png	3378b5ce8179cd1618211563c80000d45a9cc9c07d538097c2a3c054a95942a8	3378b5ce8179cd1618211563c80000d45a9cc9c07d538097c2a3c054a95942a8
1f469-1f3fc-200d-1faef-200d-1f469-1f3fb.png	1F469-1F3FC-200D-1FAEF-200D-1F469-1F3FB.png	2342a2fd8245b7c7024fd2434f4f09e8e695522f98d2106e7765206d5213be52	2342a2fd8245b7c7024fd2434f4f09e8e695522f98d2106e7765206d5213be52
1f469-1f3fc-200d-1faef-200d-1f469-1f3fd.png	1F469-1F3FC-200D-1FAEF-200D-1F469-1F3FD.png	004003078712b64793ee8510e10139a30223a997dd335d1e44a174bbac4cb562	004003078712b64793ee8510e10139a30223a997dd335d1e44a174bbac4cb562
1f469-1f3fc-200d-1faef-200d-1f469-1f3fe.png	1F469-1F3FC-200D-1FAEF-200D-1F469-1F3FE.png	f4554b43ec2ebe8f2d62d686115d4a296d0acd6c11d721a07c9cf798e96b914c	f4554b43ec2ebe8f2d62d686115d4a296d0acd6c11d721a07c9cf798e96b914c
1f469-1f3fc-200d-1faef-200d-1f469-1f3ff.png	1F469-1F3FC-200D-1FAEF-200D-1F469-1F3FF.png	2ff3d8eb06d69220465814efd65fbfea23ad31a7bf17800b98c37b0516fa718b	2ff3d8eb06d69220465814efd65fbfea23ad31a7bf17800b98c37b0516fa718b
1f469-1f3fc-200d-2695.png	1F469-1F3FC-200D-2695-FE0F.png	5ae285e86a479af9a8e53f1719989ea3e409bb994e3218d0697137324015ec75	5ae285e86a479af9a8e53f1719989ea3e409bb994e3218d0697137324015ec75
1f469-1f3fc-200d-2696.png	1F469-1F3FC-200D-2696-FE0F.png	231cf86c54e21c3200c0047fc8e043cdd1ed8be22fe13e25648d2b74ad4868b7	231cf86c54e21c3200c0047fc8e043cdd1ed8be22fe13e25648d2b74ad4868b7
1f469-1f3fc-200d-2708.png	1F469-1F3FC-200D-2708-FE0F.png	daab8d6db684552903ced377e60c27b22cc55dbc489142a62a57de8808fe97c1	daab8d6db684552903ced377e60c27b22cc55dbc489142a62a57de8808fe97c1
1f469-1f3fc-200d-2764-200d-1f468-1f3fb.png	1F469-1F3FC-200D-2764-FE0F-200D-1F468-1F3FB.png	277ffac794e043157444dd51f07a234b003598dc4db5a09c94980b1b69509042	277ffac794e043157444dd51f07a234b003598dc4db5a09c94980b1b69509042
1f469-1f3fc-200d-2764-200d-1f468-1f3fc.png	1F469-1F3FC-200D-2764-FE0F-200D-1F468-1F3FC.png	a14f31c8b935cc62bc15b4fca83ed78d2a59315f23fd6b34c5cde56e04dd264c	a14f31c8b935cc62bc15b4fca83ed78d2a59315f23fd6b34c5cde56e04dd264c
1f469-1f3fc-200d-2764-200d-1f468-1f3fd.png	1F469-1F3FC-200D-2764-FE0F-200D-1F468-1F3FD.png	e8c95f3718d8bfe77d340fdcc139d9698743e8c58b8f2fad711f6a4cf4f030be	e8c95f3718d8bfe77d340fdcc139d9698743e8c58b8f2fad711f6a4cf4f030be
1f469-1f3fc-200d-2764-200d-1f468-1f3fe.png	1F469-1F3FC-200D-2764-FE0F-200D-1F468-1F3FE.png	7f04596a1502b63333b8a6ef360e0e3766e0bc4a64fddadc7a98db938be39f64	7f04596a1502b63333b8a6ef360e0e3766e0bc4a64fddadc7a98db938be39f64
1f469-1f3fc-200d-2764-200d-1f468-1f3ff.png	1F469-1F3FC-200D-2764-FE0F-200D-1F468-1F3FF.png	fd90a1214cae30aef438711afe73eef8ddad14f368924db23c101d0533a789c8	fd90a1214cae30aef438711afe73eef8ddad14f368924db23c101d0533a789c8
1f469-1f3fc-200d-2764-200d-1f469-1f3fb.png	1F469-1F3FC-200D-2764-FE0F-200D-1F469-1F3FB.png	f4c46bb4852230e0d95959fc7b6a4242f67ddd6ad98213d505d1c49c492597d7	f4c46bb4852230e0d95959fc7b6a4242f67ddd6ad98213d505d1c49c492597d7
1f469-1f3fc-200d-2764-200d-1f469-1f3fc.png	1F469-1F3FC-200D-2764-FE0F-200D-1F469-1F3FC.png	4d0a13a21cd6290487d734df02507098495cd0e62951306ebea0b68aa46cd375	4d0a13a21cd6290487d734df02507098495cd0e62951306ebea0b68aa46cd375
1f469-1f3fc-200d-2764-200d-1f469-1f3fd.png	1F469-1F3FC-200D-2764-FE0F-200D-1F469-1F3FD.png	77c614829f29bf1d1b6a8ba7f6f97bb2a0c0b571964eebd701018988a2312060	77c614829f29bf1d1b6a8ba7f6f97bb2a0c0b571964eebd701018988a2312060
1f469-1f3fc-200d-2764-200d-1f469-1f3fe.png	1F469-1F3FC-200D-2764-FE0F-200D-1F469-1F3FE.png	42afc1955306d33cca9edf01f4ef3c1c6cf6ce497e740214b4e7309fa9a9a779	42afc1955306d33cca9edf01f4ef3c1c6cf6ce497e740214b4e7309fa9a9a779
1f469-1f3fc-200d-2764-200d-1f469-1f3ff.png	1F469-1F3FC-200D-2764-FE0F-200D-1F469-1F3FF.png	c62ea1bd0f65e32ba7ad4820d9c4f967f36e5c85d68d3ea39366a62e2bd0c74e	c62ea1bd0f65e32ba7ad4820d9c4f967f36e5c85d68d3ea39366a62e2bd0c74e
1f469-1f3fc-200d-2764-200d-1f48b-200d-1f468-1f3fb.png	1F469-1F3FC-200D-2764-FE0F-200D-1F48B-200D-1F468-1F3FB.png	62197a825c63cb296c825f60d5a0d6753ad93fb751cbf8608ef8983bf7cf0a11	62197a825c63cb296c825f60d5a0d6753ad93fb751cbf8608ef8983bf7cf0a11
1f469-1f3fc-200d-2764-200d-1f48b-200d-1f468-1f3fc.png	1F469-1F3FC-200D-2764-FE0F-200D-1F48B-200D-1F468-1F3FC.png	2b29a363e15ae967ee94e8baed46bd76f278496117de54cdb7baa806b13af0f2	2b29a363e15ae967ee94e8baed46bd76f278496117de54cdb7baa806b13af0f2
1f469-1f3fc-200d-2764-200d-1f48b-200d-1f468-1f3fd.png	1F469-1F3FC-200D-2764-FE0F-200D-1F48B-200D-1F468-1F3FD.png	99d8f8ea409b32b8535f265c41b0510edd8d3d281a14865fd38c6a3ec047ee24	99d8f8ea409b32b8535f265c41b0510edd8d3d281a14865fd38c6a3ec047ee24
1f469-1f3fc-200d-2764-200d-1f48b-200d-1f468-1f3fe.png	1F469-1F3FC-200D-2764-FE0F-200D-1F48B-200D-1F468-1F3FE.png	38488cf4c55b5e2b7e3598a62ff27767f1046c091dd35e2a4e4626c069f5b75b	38488cf4c55b5e2b7e3598a62ff27767f1046c091dd35e2a4e4626c069f5b75b
1f469-1f3fc-200d-2764-200d-1f48b-200d-1f468-1f3ff.png	1F469-1F3FC-200D-2764-FE0F-200D-1F48B-200D-1F468-1F3FF.png	1cd7ab4ddb9f102028f0c6d21d88bf4aca9e32c8afaf7d06029db5845517781a	1cd7ab4ddb9f102028f0c6d21d88bf4aca9e32c8afaf7d06029db5845517781a
1f469-1f3fc-200d-2764-200d-1f48b-200d-1f469-1f3fb.png	1F469-1F3FC-200D-2764-FE0F-200D-1F48B-200D-1F469-1F3FB.png	93de9ce569412f37fa943b005aac6be653b10bba9926ca47490dd73ab9506e96	93de9ce569412f37fa943b005aac6be653b10bba9926ca47490dd73ab9506e96
1f469-1f3fc-200d-2764-200d-1f48b-200d-1f469-1f3fc.png	1F469-1F3FC-200D-2764-FE0F-200D-1F48B-200D-1F469-1F3FC.png	fab438081a3a3b0fb023a497e8cd32c0f33c379f0ee436b00d4bad4cc968e8b4	fab438081a3a3b0fb023a497e8cd32c0f33c379f0ee436b00d4bad4cc968e8b4
1f469-1f3fc-200d-2764-200d-1f48b-200d-1f469-1f3fd.png	1F469-1F3FC-200D-2764-FE0F-200D-1F48B-200D-1F469-1F3FD.png	d03926e3cb39ae88841e06f3184d3a3b1214d5c55379cf3e426dd5912511d72f	d03926e3cb39ae88841e06f3184d3a3b1214d5c55379cf3e426dd5912511d72f
1f469-1f3fc-200d-2764-200d-1f48b-200d-1f469-1f3fe.png	1F469-1F3FC-200D-2764-FE0F-200D-1F48B-200D-1F469-1F3FE.png	a03a35d3231c5789440489fb1295a3a276a5dca131e029a5b6510ad0b5b7fb43	a03a35d3231c5789440489fb1295a3a276a5dca131e029a5b6510ad0b5b7fb43
1f469-1f3fc-200d-2764-200d-1f48b-200d-1f469-1f3ff.png	1F469-1F3FC-200D-2764-FE0F-200D-1F48B-200D-1F469-1F3FF.png	d4a9c5e5a26e9287e5b9698c05bc4a3bed8fa0fe733785c5202fd20840e1d780	d4a9c5e5a26e9287e5b9698c05bc4a3bed8fa0fe733785c5202fd20840e1d780
1f469-1f3fd.png	1F469-1F3FD.png	68ce4a880d47e04375fbefccdf3fc01d46c5b1739544f347b032652120b2ce86	68ce4a880d47e04375fbefccdf3fc01d46c5b1739544f347b032652120b2ce86
1f469-1f3fd-200d-1f33e.png	1F469-1F3FD-200D-1F33E.png	e6b7ac4f0d7c96fd87449041e1520f0eeca8132e614947f33dde444cf8da494c	e6b7ac4f0d7c96fd87449041e1520f0eeca8132e614947f33dde444cf8da494c
1f469-1f3fd-200d-1f373.png	1F469-1F3FD-200D-1F373.png	bb7cec323657f2b7ae8198d2b525f76476d43a06613738a00fdd860e44772f2b	bb7cec323657f2b7ae8198d2b525f76476d43a06613738a00fdd860e44772f2b
1f469-1f3fd-200d-1f37c.png	1F469-1F3FD-200D-1F37C.png	bc7ada243ab006741d523a0742f64fd875ed2b9f74b17ddc1486e90d683d7cdf	bc7ada243ab006741d523a0742f64fd875ed2b9f74b17ddc1486e90d683d7cdf
1f469-1f3fd-200d-1f393.png	1F469-1F3FD-200D-1F393.png	2b4210ce1334ebff7bf210be81900670b9c41d35d2174625274af2b14272d033	2b4210ce1334ebff7bf210be81900670b9c41d35d2174625274af2b14272d033
1f469-1f3fd-200d-1f3a4.png	1F469-1F3FD-200D-1F3A4.png	8b195f814e17b52ce695592857574061a5a91b7dd3d4dd2b7d980454f39a1685	8b195f814e17b52ce695592857574061a5a91b7dd3d4dd2b7d980454f39a1685
1f469-1f3fd-200d-1f3a8.png	1F469-1F3FD-200D-1F3A8.png	ba0a801cfd7419b791f8f5dc9882760116be40729ce8665cd30ca661e5e1a805	ba0a801cfd7419b791f8f5dc9882760116be40729ce8665cd30ca661e5e1a805
1f469-1f3fd-200d-1f3eb.png	1F469-1F3FD-200D-1F3EB.png	8b731174a1cb2bc7f463c20625090004661bc5ada614bdfe948a50c8f52417ef	8b731174a1cb2bc7f463c20625090004661bc5ada614bdfe948a50c8f52417ef
1f469-1f3fd-200d-1f3ed.png	1F469-1F3FD-200D-1F3ED.png	102e2d93824914fa0921740cdb42ce852399c8c75e62981ff4c8ee4f601a27e5	102e2d93824914fa0921740cdb42ce852399c8c75e62981ff4c8ee4f601a27e5
1f469-1f3fd-200d-1f430-200d-1f469-1f3fb.png	1F469-1F3FD-200D-1F430-200D-1F469-1F3FB.png	b729b9f1aa8c2a26831cf0c8dc78ec8469b8a64361858694c65bbce24187e6fe	b729b9f1aa8c2a26831cf0c8dc78ec8469b8a64361858694c65bbce24187e6fe
1f469-1f3fd-200d-1f430-200d-1f469-1f3fc.png	1F469-1F3FD-200D-1F430-200D-1F469-1F3FC.png	e2b369ce34b7d0fb5cf10a80388827b101ba5c686ef459a13ec8571865d5332b	e2b369ce34b7d0fb5cf10a80388827b101ba5c686ef459a13ec8571865d5332b
1f469-1f3fd-200d-1f430-200d-1f469-1f3fe.png	1F469-1F3FD-200D-1F430-200D-1F469-1F3FE.png	7521a430bbbf43185fec5a37dfb573d87226c3eb75578f2f5f0533152e88e5be	7521a430bbbf43185fec5a37dfb573d87226c3eb75578f2f5f0533152e88e5be
1f469-1f3fd-200d-1f430-200d-1f469-1f3ff.png	1F469-1F3FD-200D-1F430-200D-1F469-1F3FF.png	cac11a833e0d97c36f8657942dbe5425aa443d5587f5dd5eee397d77b4b57574	cac11a833e0d97c36f8657942dbe5425aa443d5587f5dd5eee397d77b4b57574
1f469-1f3fd-200d-1f4bb.png	1F469-1F3FD-200D-1F4BB.png	06669b9191278011b3e56bcdb9f1a43cd29f83d16c7be9b8b1f9d15b8489a52c	06669b9191278011b3e56bcdb9f1a43cd29f83d16c7be9b8b1f9d15b8489a52c
1f469-1f3fd-200d-1f4bc.png	1F469-1F3FD-200D-1F4BC.png	ff105bc4d302601229159a3b7637bd6ee2dfa54a9b600d0e828814c68e64cde1	ff105bc4d302601229159a3b7637bd6ee2dfa54a9b600d0e828814c68e64cde1
1f469-1f3fd-200d-1f527.png	1F469-1F3FD-200D-1F527.png	569f6bef7745974748f42a7dc3da53cd353ff615ac64d7bb0b72d446586dca8e	569f6bef7745974748f42a7dc3da53cd353ff615ac64d7bb0b72d446586dca8e
1f469-1f3fd-200d-1f52c.png	1F469-1F3FD-200D-1F52C.png	fea5a061542a587b8b3c92c4d6ea3ea831342ecaf2512a6c233f19bd1ac73482	fea5a061542a587b8b3c92c4d6ea3ea831342ecaf2512a6c233f19bd1ac73482
1f469-1f3fd-200d-1f680.png	1F469-1F3FD-200D-1F680.png	900c5c1f0ea895a9ee19703ef601de40b8b176b25cdf2758f5d538853881eb36	900c5c1f0ea895a9ee19703ef601de40b8b176b25cdf2758f5d538853881eb36
1f469-1f3fd-200d-1f692.png	1F469-1F3FD-200D-1F692.png	a326ff9bd4c9d892a0f16c99bc8cebe17fc2b28d98d3aa29aaa1db64d6a84aa5	a326ff9bd4c9d892a0f16c99bc8cebe17fc2b28d98d3aa29aaa1db64d6a84aa5
1f469-1f3fd-200d-1f91d-200d-1f468-1f3fb.png	1F469-1F3FD-200D-1F91D-200D-1F468-1F3FB.png	529f27313d80bf36297c90cffa88bbcae226ea0f688cec3a9d551d75728022dd	529f27313d80bf36297c90cffa88bbcae226ea0f688cec3a9d551d75728022dd
1f469-1f3fd-200d-1f91d-200d-1f468-1f3fc.png	1F469-1F3FD-200D-1F91D-200D-1F468-1F3FC.png	61a17021d4d6be0f6c34b4a3cabf244bedf9c36a15905c5002658836a97384d9	61a17021d4d6be0f6c34b4a3cabf244bedf9c36a15905c5002658836a97384d9
1f469-1f3fd-200d-1f91d-200d-1f468-1f3fe.png	1F469-1F3FD-200D-1F91D-200D-1F468-1F3FE.png	1fd7d66aef400c46f14ba8f2f99523625a4b02fcc9eea089863b48469fddaa5b	1fd7d66aef400c46f14ba8f2f99523625a4b02fcc9eea089863b48469fddaa5b
1f469-1f3fd-200d-1f91d-200d-1f468-1f3ff.png	1F469-1F3FD-200D-1F91D-200D-1F468-1F3FF.png	a6efc0e9c393d362ce8a4efef3d9bbd84389f59c0b9a6f150ea433ed6d257731	a6efc0e9c393d362ce8a4efef3d9bbd84389f59c0b9a6f150ea433ed6d257731
1f469-1f3fd-200d-1f91d-200d-1f469-1f3fb.png	1F469-1F3FD-200D-1F91D-200D-1F469-1F3FB.png	2bc5a6c2c24c09361ce0fd88e303fc9227945a5dd5c823cad32baee0bbc87c16	2bc5a6c2c24c09361ce0fd88e303fc9227945a5dd5c823cad32baee0bbc87c16
1f469-1f3fd-200d-1f91d-200d-1f469-1f3fc.png	1F469-1F3FD-200D-1F91D-200D-1F469-1F3FC.png	1cb6615f64a7ab33439106b99c4955a0d36e8e4fb3d3168449808e297e41be95	1cb6615f64a7ab33439106b99c4955a0d36e8e4fb3d3168449808e297e41be95
1f469-1f3fd-200d-1f91d-200d-1f469-1f3fe.png	1F469-1F3FD-200D-1F91D-200D-1F469-1F3FE.png	634b09f1aad7272f666eccca290263b074024e38d144b5b6b5dc9ae3410e3feb	634b09f1aad7272f666eccca290263b074024e38d144b5b6b5dc9ae3410e3feb
1f469-1f3fd-200d-1f91d-200d-1f469-1f3ff.png	1F469-1F3FD-200D-1F91D-200D-1F469-1F3FF.png	3de82ce59fb2a3c9dd558a6a22a7654e844fd240c14fb76bd261eb37a45b6fb9	3de82ce59fb2a3c9dd558a6a22a7654e844fd240c14fb76bd261eb37a45b6fb9
1f469-1f3fd-200d-1f9af.png	1F469-1F3FD-200D-1F9AF.png	fdbfe608c76bbff87093493ed96ee93e29cdd8f6d30af112579fcdcc6c8016da	fdbfe608c76bbff87093493ed96ee93e29cdd8f6d30af112579fcdcc6c8016da
1f469-1f3fd-200d-1f9af-200d-27a1.png	1F469-1F3FD-200D-1F9AF-200D-27A1-FE0F.png	06621d6f1e248c73fbf6d8c4849061ac69d84d1598c8ac95a3351cf03d3ffcca	06621d6f1e248c73fbf6d8c4849061ac69d84d1598c8ac95a3351cf03d3ffcca
1f469-1f3fd-200d-1f9b0.png	1F469-1F3FD-200D-1F9B0.png	4aab1cef8a61ab502082f319de93a21239cc2ea7495ee8d5a59d413d8a299678	4aab1cef8a61ab502082f319de93a21239cc2ea7495ee8d5a59d413d8a299678
1f469-1f3fd-200d-1f9b1.png	1F469-1F3FD-200D-1F9B1.png	02eaa0533f712805efdb9e30a30fe061af5fd5207188e85789623c84695a75c7	02eaa0533f712805efdb9e30a30fe061af5fd5207188e85789623c84695a75c7
1f469-1f3fd-200d-1f9b2.png	1F469-1F3FD-200D-1F9B2.png	51d3ed0f560f9911872da7fa10dba10453dd80a2c1d7fc20b54a554161bfafbd	51d3ed0f560f9911872da7fa10dba10453dd80a2c1d7fc20b54a554161bfafbd
1f469-1f3fd-200d-1f9b3.png	1F469-1F3FD-200D-1F9B3.png	d8bb5512e5b6220e2112025e37a7b0bb6ad9be9d51845a1e1be846826b6632f0	d8bb5512e5b6220e2112025e37a7b0bb6ad9be9d51845a1e1be846826b6632f0
1f469-1f3fd-200d-1f9bc.png	1F469-1F3FD-200D-1F9BC.png	8af5d250751c333278362f44cdac91856a1c31c030e45b30d1b30c20a553b7e1	8af5d250751c333278362f44cdac91856a1c31c030e45b30d1b30c20a553b7e1
1f469-1f3fd-200d-1f9bc-200d-27a1.png	1F469-1F3FD-200D-1F9BC-200D-27A1-FE0F.png	c041802e8d334ca36b84bde8e3a51915a7a6693fde77cfadb58e56bc028ee927	c041802e8d334ca36b84bde8e3a51915a7a6693fde77cfadb58e56bc028ee927
1f469-1f3fd-200d-1f9bd.png	1F469-1F3FD-200D-1F9BD.png	7f1b2b4f14777a57b28a705e729a429943485eb4ef24a3debbcdc7dda7fda8a8	7f1b2b4f14777a57b28a705e729a429943485eb4ef24a3debbcdc7dda7fda8a8
1f469-1f3fd-200d-1f9bd-200d-27a1.png	1F469-1F3FD-200D-1F9BD-200D-27A1-FE0F.png	6874502a0eea726b94ee33cd6a36680478bf5ad8bf9dfd3323349054671a7095	6874502a0eea726b94ee33cd6a36680478bf5ad8bf9dfd3323349054671a7095
1f469-1f3fd-200d-1faef-200d-1f469-1f3fb.png	1F469-1F3FD-200D-1FAEF-200D-1F469-1F3FB.png	86527dc1a0b6ae76ac40fb7f8dda2d8508f51a8f58f69f942a532291ba7171d9	86527dc1a0b6ae76ac40fb7f8dda2d8508f51a8f58f69f942a532291ba7171d9
1f469-1f3fd-200d-1faef-200d-1f469-1f3fc.png	1F469-1F3FD-200D-1FAEF-200D-1F469-1F3FC.png	a44b6b29c39676afe328eba4072c78bc1485536fdf3999994bbb4fafe416a99d	a44b6b29c39676afe328eba4072c78bc1485536fdf3999994bbb4fafe416a99d
1f469-1f3fd-200d-1faef-200d-1f469-1f3fe.png	1F469-1F3FD-200D-1FAEF-200D-1F469-1F3FE.png	b259731d8649dfb90580add03f728d8a23416d01a45deb3b0df6c65e5c45e2aa	b259731d8649dfb90580add03f728d8a23416d01a45deb3b0df6c65e5c45e2aa
1f469-1f3fd-200d-1faef-200d-1f469-1f3ff.png	1F469-1F3FD-200D-1FAEF-200D-1F469-1F3FF.png	397603508ebaac797779062dfe5f580b71ef3a371197fe70c9114e74b34c8e20	397603508ebaac797779062dfe5f580b71ef3a371197fe70c9114e74b34c8e20
1f469-1f3fd-200d-2695.png	1F469-1F3FD-200D-2695-FE0F.png	d84dad6eb385e6a53038d672d3ef39e2360e53b9250e18dcf4d722e84f0c5e60	d84dad6eb385e6a53038d672d3ef39e2360e53b9250e18dcf4d722e84f0c5e60
1f469-1f3fd-200d-2696.png	1F469-1F3FD-200D-2696-FE0F.png	336e702f0e5685905a7ce4c6e4dcbefc3bb0e12f29d3c2b94e1ed0c88c0ea9da	336e702f0e5685905a7ce4c6e4dcbefc3bb0e12f29d3c2b94e1ed0c88c0ea9da
1f469-1f3fd-200d-2708.png	1F469-1F3FD-200D-2708-FE0F.png	388b1859d089993fa95f36d0cdba99704b8c283151e1f53865cf8c66ccabb8c0	388b1859d089993fa95f36d0cdba99704b8c283151e1f53865cf8c66ccabb8c0
1f469-1f3fd-200d-2764-200d-1f468-1f3fb.png	1F469-1F3FD-200D-2764-FE0F-200D-1F468-1F3FB.png	ea9a04a6cf2bef3833464582cfcf585fddf6a3707dad5fb7cbdfa2a105b245b7	ea9a04a6cf2bef3833464582cfcf585fddf6a3707dad5fb7cbdfa2a105b245b7
1f469-1f3fd-200d-2764-200d-1f468-1f3fc.png	1F469-1F3FD-200D-2764-FE0F-200D-1F468-1F3FC.png	0b13adacc8f9a573299a20979754ed02f19777363d070294bc7e40cf656ef43b	0b13adacc8f9a573299a20979754ed02f19777363d070294bc7e40cf656ef43b
1f469-1f3fd-200d-2764-200d-1f468-1f3fd.png	1F469-1F3FD-200D-2764-FE0F-200D-1F468-1F3FD.png	e2ae056e010675198f68a11a401a10e5fed34352492cfe76946a21b72de2e7fb	e2ae056e010675198f68a11a401a10e5fed34352492cfe76946a21b72de2e7fb
1f469-1f3fd-200d-2764-200d-1f468-1f3fe.png	1F469-1F3FD-200D-2764-FE0F-200D-1F468-1F3FE.png	bfe7f15e78acd8be91b7f318a0f9af0b76553fe8b061d0d531a256b04e2dacfa	bfe7f15e78acd8be91b7f318a0f9af0b76553fe8b061d0d531a256b04e2dacfa
1f469-1f3fd-200d-2764-200d-1f468-1f3ff.png	1F469-1F3FD-200D-2764-FE0F-200D-1F468-1F3FF.png	f7eb62dc23e3915a7c0f813ea0e2215da19e873d197cfdbe1506d28145e1c69d	f7eb62dc23e3915a7c0f813ea0e2215da19e873d197cfdbe1506d28145e1c69d
1f469-1f3fd-200d-2764-200d-1f469-1f3fb.png	1F469-1F3FD-200D-2764-FE0F-200D-1F469-1F3FB.png	1dfef84314a8bbf3dd23fefe97145cd72cecd81269e61917e2434f49fc6b290a	1dfef84314a8bbf3dd23fefe97145cd72cecd81269e61917e2434f49fc6b290a
1f469-1f3fd-200d-2764-200d-1f469-1f3fc.png	1F469-1F3FD-200D-2764-FE0F-200D-1F469-1F3FC.png	d24fd4528002088c42a58903248b92607128734936075024643380210801ab1d	d24fd4528002088c42a58903248b92607128734936075024643380210801ab1d
1f469-1f3fd-200d-2764-200d-1f469-1f3fd.png	1F469-1F3FD-200D-2764-FE0F-200D-1F469-1F3FD.png	ca0ffb05071e6f1d72714ae18928299983923235892d4a86714df923d8510cee	ca0ffb05071e6f1d72714ae18928299983923235892d4a86714df923d8510cee
1f469-1f3fd-200d-2764-200d-1f469-1f3fe.png	1F469-1F3FD-200D-2764-FE0F-200D-1F469-1F3FE.png	da329571c1ee276d02dc983487fd61fc4942cb29940ad20ba4bfa97f81442682	da329571c1ee276d02dc983487fd61fc4942cb29940ad20ba4bfa97f81442682
1f469-1f3fd-200d-2764-200d-1f469-1f3ff.png	1F469-1F3FD-200D-2764-FE0F-200D-1F469-1F3FF.png	7a9b6a7da4219ea9e1ff4dddf9b649cdc8fe51c0a8dfa876cc1cf1ba3db6d7aa	7a9b6a7da4219ea9e1ff4dddf9b649cdc8fe51c0a8dfa876cc1cf1ba3db6d7aa
1f469-1f3fd-200d-2764-200d-1f48b-200d-1f468-1f3fb.png	1F469-1F3FD-200D-2764-FE0F-200D-1F48B-200D-1F468-1F3FB.png	e5443f6cc2ce717f458e6c8a44fea087b3dc4472b457b3a2dcee2679fca06090	e5443f6cc2ce717f458e6c8a44fea087b3dc4472b457b3a2dcee2679fca06090
1f469-1f3fd-200d-2764-200d-1f48b-200d-1f468-1f3fc.png	1F469-1F3FD-200D-2764-FE0F-200D-1F48B-200D-1F468-1F3FC.png	2831a24b02360f4e9482ba8a002be9070cc3a647103016164fce5f417d05e2fe	2831a24b02360f4e9482ba8a002be9070cc3a647103016164fce5f417d05e2fe
1f469-1f3fd-200d-2764-200d-1f48b-200d-1f468-1f3fd.png	1F469-1F3FD-200D-2764-FE0F-200D-1F48B-200D-1F468-1F3FD.png	5a52d2abd509a5b781a283b00b5edcda937cef217bef476ce51287f5f46bce8e	5a52d2abd509a5b781a283b00b5edcda937cef217bef476ce51287f5f46bce8e
1f469-1f3fd-200d-2764-200d-1f48b-200d-1f468-1f3fe.png	1F469-1F3FD-200D-2764-FE0F-200D-1F48B-200D-1F468-1F3FE.png	a648b35ee2dd0ebc07bf645e805fcf1dffe4d648fcae23a038c7b73a3c9ae3c3	a648b35ee2dd0ebc07bf645e805fcf1dffe4d648fcae23a038c7b73a3c9ae3c3
1f469-1f3fd-200d-2764-200d-1f48b-200d-1f468-1f3ff.png	1F469-1F3FD-200D-2764-FE0F-200D-1F48B-200D-1F468-1F3FF.png	31c214b13a8cbbcfa8aa6e5750a6a7e1ca930cdf2eafd816b1b3ceab11e538fb	31c214b13a8cbbcfa8aa6e5750a6a7e1ca930cdf2eafd816b1b3ceab11e538fb
1f469-1f3fd-200d-2764-200d-1f48b-200d-1f469-1f3fb.png	1F469-1F3FD-200D-2764-FE0F-200D-1F48B-200D-1F469-1F3FB.png	4f5e73ff7e61d0042cbd69a5d583d14e02cda43d1f529bb612ef5bfdb8b31c64	4f5e73ff7e61d0042cbd69a5d583d14e02cda43d1f529bb612ef5bfdb8b31c64
1f469-1f3fd-200d-2764-200d-1f48b-200d-1f469-1f3fc.png	1F469-1F3FD-200D-2764-FE0F-200D-1F48B-200D-1F469-1F3FC.png	7fe597853f9efecbaf99441302f876ca64853965ce576e801982594cb6946348	7fe597853f9efecbaf99441302f876ca64853965ce576e801982594cb6946348
1f469-1f3fd-200d-2764-200d-1f48b-200d-1f469-1f3fd.png	1F469-1F3FD-200D-2764-FE0F-200D-1F48B-200D-1F469-1F3FD.png	feaeb166cef27dc85ab8d916c5c7f885c504b688bde058d1efb8215db64c1229	feaeb166cef27dc85ab8d916c5c7f885c504b688bde058d1efb8215db64c1229
1f469-1f3fd-200d-2764-200d-1f48b-200d-1f469-1f3fe.png	1F469-1F3FD-200D-2764-FE0F-200D-1F48B-200D-1F469-1F3FE.png	d01fed8bcfbbe02d4c2af0c884a9fd4bf6a615fb668fa983b5125146b85a7eb3	d01fed8bcfbbe02d4c2af0c884a9fd4bf6a615fb668fa983b5125146b85a7eb3
1f469-1f3fd-200d-2764-200d-1f48b-200d-1f469-1f3ff.png	1F469-1F3FD-200D-2764-FE0F-200D-1F48B-200D-1F469-1F3FF.png	0db98ca3da2336502d833d6dbba7d2b7e99d5fe293a441793e6ed0e013b06fa7	0db98ca3da2336502d833d6dbba7d2b7e99d5fe293a441793e6ed0e013b06fa7
1f469-1f3fe.png	1F469-1F3FE.png	300ce40eb4a610f445828a094b35caf3b48de6c0cbca707f7b10800cc78a8511	300ce40eb4a610f445828a094b35caf3b48de6c0cbca707f7b10800cc78a8511
1f469-1f3fe-200d-1f33e.png	1F469-1F3FE-200D-1F33E.png	056f726045b17861743596b18cd4bb11c71ed96d7136c95746b186589a7fd854	056f726045b17861743596b18cd4bb11c71ed96d7136c95746b186589a7fd854
1f469-1f3fe-200d-1f373.png	1F469-1F3FE-200D-1F373.png	d01bf097ff1ef43b5323f4a99f843cc5b2cb9e0fb9a0bd2ca633208717124afc	d01bf097ff1ef43b5323f4a99f843cc5b2cb9e0fb9a0bd2ca633208717124afc
1f469-1f3fe-200d-1f37c.png	1F469-1F3FE-200D-1F37C.png	db19d25ebbf8a2d8edee39a5f065ade542cb71a70e3c03144179de1bf5790535	db19d25ebbf8a2d8edee39a5f065ade542cb71a70e3c03144179de1bf5790535
1f469-1f3fe-200d-1f393.png	1F469-1F3FE-200D-1F393.png	ea1f30b44ac5f987104639ff2a0e24718f10a943c0f68990a10a501ddfe35092	ea1f30b44ac5f987104639ff2a0e24718f10a943c0f68990a10a501ddfe35092
1f469-1f3fe-200d-1f3a4.png	1F469-1F3FE-200D-1F3A4.png	297f412277f0ed2db8b1f920d0bf5f58e76156d35c4a0230ddfbe1ad4fa23b51	297f412277f0ed2db8b1f920d0bf5f58e76156d35c4a0230ddfbe1ad4fa23b51
1f469-1f3fe-200d-1f3a8.png	1F469-1F3FE-200D-1F3A8.png	f5a1f102f1804c0e1360867d1040243226cd7b36c34f06fdc44ffd7cc5eb9213	f5a1f102f1804c0e1360867d1040243226cd7b36c34f06fdc44ffd7cc5eb9213
1f469-1f3fe-200d-1f3eb.png	1F469-1F3FE-200D-1F3EB.png	b5004610d8de3f73a0d82245af4d00c33f88bb69c066dc5a183e661d218aa0dc	b5004610d8de3f73a0d82245af4d00c33f88bb69c066dc5a183e661d218aa0dc
1f469-1f3fe-200d-1f3ed.png	1F469-1F3FE-200D-1F3ED.png	52038f17f0ce47db95bc1262b961bd1cf271ca9cae0ce12697c5d97a760fc1e3	52038f17f0ce47db95bc1262b961bd1cf271ca9cae0ce12697c5d97a760fc1e3
1f469-1f3fe-200d-1f430-200d-1f469-1f3fb.png	1F469-1F3FE-200D-1F430-200D-1F469-1F3FB.png	b3f65cf6414e14664edbeecdfe1ff16edf1f732219f8cc3c6c55dcb8e7b3cbee	b3f65cf6414e14664edbeecdfe1ff16edf1f732219f8cc3c6c55dcb8e7b3cbee
1f469-1f3fe-200d-1f430-200d-1f469-1f3fc.png	1F469-1F3FE-200D-1F430-200D-1F469-1F3FC.png	ac72a66b7f41e2bad13a2adc283fd0ffda620f08ea646f4aa06d01b5b6685a55	ac72a66b7f41e2bad13a2adc283fd0ffda620f08ea646f4aa06d01b5b6685a55
1f469-1f3fe-200d-1f430-200d-1f469-1f3fd.png	1F469-1F3FE-200D-1F430-200D-1F469-1F3FD.png	987c61ceed483261dae1c3f7cd167c49b90c612382ee1062e24ddcf683fabb2b	987c61ceed483261dae1c3f7cd167c49b90c612382ee1062e24ddcf683fabb2b
1f469-1f3fe-200d-1f430-200d-1f469-1f3ff.png	1F469-1F3FE-200D-1F430-200D-1F469-1F3FF.png	97d2d5ed5f7c5ac7da588183b4412fa049e95caf6fce8d7c75b7b953dafa4843	97d2d5ed5f7c5ac7da588183b4412fa049e95caf6fce8d7c75b7b953dafa4843
1f469-1f3fe-200d-1f4bb.png	1F469-1F3FE-200D-1F4BB.png	f752d0c0e05effc9d82fb152961dcc8d314680b54d30753c28ea8f88ba48a4cc	f752d0c0e05effc9d82fb152961dcc8d314680b54d30753c28ea8f88ba48a4cc
1f469-1f3fe-200d-1f4bc.png	1F469-1F3FE-200D-1F4BC.png	0d6701894b8afb2dc46b623f041f9d1dcd66af516f7cc92a510ee2ec8b4b4b59	0d6701894b8afb2dc46b623f041f9d1dcd66af516f7cc92a510ee2ec8b4b4b59
1f469-1f3fe-200d-1f527.png	1F469-1F3FE-200D-1F527.png	ffe63f06e745de9b27df54d1fafb9ea0b1fa395acdd90537872b7c8b0f66d9a4	ffe63f06e745de9b27df54d1fafb9ea0b1fa395acdd90537872b7c8b0f66d9a4
1f469-1f3fe-200d-1f52c.png	1F469-1F3FE-200D-1F52C.png	718a4d47ffddda0f58ca9821ef7c1e2ee45dd19822872b6c4d49fff71219429b	718a4d47ffddda0f58ca9821ef7c1e2ee45dd19822872b6c4d49fff71219429b
1f469-1f3fe-200d-1f680.png	1F469-1F3FE-200D-1F680.png	c71a9337fac58b146bfc3cffe7054f76adf21bd1578960d15f8f25e255e06cf8	c71a9337fac58b146bfc3cffe7054f76adf21bd1578960d15f8f25e255e06cf8
1f469-1f3fe-200d-1f692.png	1F469-1F3FE-200D-1F692.png	16aa179bdeefb5538dd30076b14f7e66ca7125a48e3805c7ab5475055e0a1998	16aa179bdeefb5538dd30076b14f7e66ca7125a48e3805c7ab5475055e0a1998
1f469-1f3fe-200d-1f91d-200d-1f468-1f3fb.png	1F469-1F3FE-200D-1F91D-200D-1F468-1F3FB.png	acdd7dd5c938316bf12ddad9310d82cdd886d9e4bef91f3e55f88517c3da372a	acdd7dd5c938316bf12ddad9310d82cdd886d9e4bef91f3e55f88517c3da372a
1f469-1f3fe-200d-1f91d-200d-1f468-1f3fc.png	1F469-1F3FE-200D-1F91D-200D-1F468-1F3FC.png	b7536f9f5b10661dda0dfd66412e4a78bc9653680d99aa27d9922fbe589adf45	b7536f9f5b10661dda0dfd66412e4a78bc9653680d99aa27d9922fbe589adf45
1f469-1f3fe-200d-1f91d-200d-1f468-1f3fd.png	1F469-1F3FE-200D-1F91D-200D-1F468-1F3FD.png	cc2e07f6c2679be716ca35a3580e3f51b2c1cec5eae6609def7be2dbe232987c	cc2e07f6c2679be716ca35a3580e3f51b2c1cec5eae6609def7be2dbe232987c
1f469-1f3fe-200d-1f91d-200d-1f468-1f3ff.png	1F469-1F3FE-200D-1F91D-200D-1F468-1F3FF.png	e299790a3da5b67c832cc0253a18db1d13f247d11aff13a1fa611e91d7a3988f	e299790a3da5b67c832cc0253a18db1d13f247d11aff13a1fa611e91d7a3988f
1f469-1f3fe-200d-1f91d-200d-1f469-1f3fb.png	1F469-1F3FE-200D-1F91D-200D-1F469-1F3FB.png	7031ae9ce6f307aa4af27e37be72bd77f3b94497afe36dfe02cc9f892c5c1700	7031ae9ce6f307aa4af27e37be72bd77f3b94497afe36dfe02cc9f892c5c1700
1f469-1f3fe-200d-1f91d-200d-1f469-1f3fc.png	1F469-1F3FE-200D-1F91D-200D-1F469-1F3FC.png	737d5a9cbc1329d3c23cdfc9e72cd53ae8afb93a33310d61d74a64c3b4a3c7a8	737d5a9cbc1329d3c23cdfc9e72cd53ae8afb93a33310d61d74a64c3b4a3c7a8
1f469-1f3fe-200d-1f91d-200d-1f469-1f3fd.png	1F469-1F3FE-200D-1F91D-200D-1F469-1F3FD.png	1689d539cc7611a63749930dfb0093a07be137e737e28f030f917b5a74582535	1689d539cc7611a63749930dfb0093a07be137e737e28f030f917b5a74582535
1f469-1f3fe-200d-1f91d-200d-1f469-1f3ff.png	1F469-1F3FE-200D-1F91D-200D-1F469-1F3FF.png	7ae4e8b518f9c89bec871bd004c1427cb4cc5826eb5d1de100ae06df96125b37	7ae4e8b518f9c89bec871bd004c1427cb4cc5826eb5d1de100ae06df96125b37
1f469-1f3fe-200d-1f9af.png	1F469-1F3FE-200D-1F9AF.png	c243b7ce609eeec234cc931f12ce995403319902921e4a252387ecec53bebc58	c243b7ce609eeec234cc931f12ce995403319902921e4a252387ecec53bebc58
1f469-1f3fe-200d-1f9af-200d-27a1.png	1F469-1F3FE-200D-1F9AF-200D-27A1-FE0F.png	186bb78a83041b4aeddd1b2725b53a55da67b8272f479a0c933d09a54053d3d3	186bb78a83041b4aeddd1b2725b53a55da67b8272f479a0c933d09a54053d3d3
1f469-1f3fe-200d-1f9b0.png	1F469-1F3FE-200D-1F9B0.png	16c8c0a8e557addaac9f38b1a5cd2267fbac8828ed0a85a323c938ca44a2840c	16c8c0a8e557addaac9f38b1a5cd2267fbac8828ed0a85a323c938ca44a2840c
1f469-1f3fe-200d-1f9b1.png	1F469-1F3FE-200D-1F9B1.png	d6ba7e171e775422a57b29215d48f1ff0c8e71a81c5292a72b8ee783085f1822	d6ba7e171e775422a57b29215d48f1ff0c8e71a81c5292a72b8ee783085f1822
1f469-1f3fe-200d-1f9b2.png	1F469-1F3FE-200D-1F9B2.png	fb6d485397a715b1f68b35351310fe547a276c586863873d7dd21e3006fba112	fb6d485397a715b1f68b35351310fe547a276c586863873d7dd21e3006fba112
1f469-1f3fe-200d-1f9b3.png	1F469-1F3FE-200D-1F9B3.png	1193dc82d29ad3ea764b788f3bb791ae9493ae6e25537deede23b2324aee550c	1193dc82d29ad3ea764b788f3bb791ae9493ae6e25537deede23b2324aee550c
1f469-1f3fe-200d-1f9bc.png	1F469-1F3FE-200D-1F9BC.png	c7d4a188a32e6f544a4f2e6af7c0622786ad3563f0a5f19c92cfe5e8da2fb8d0	c7d4a188a32e6f544a4f2e6af7c0622786ad3563f0a5f19c92cfe5e8da2fb8d0
1f469-1f3fe-200d-1f9bc-200d-27a1.png	1F469-1F3FE-200D-1F9BC-200D-27A1-FE0F.png	b85bbddfcdefa7d07437a1a75775efebb59934c6b20a7610e97f1200e80f619e	b85bbddfcdefa7d07437a1a75775efebb59934c6b20a7610e97f1200e80f619e
1f469-1f3fe-200d-1f9bd.png	1F469-1F3FE-200D-1F9BD.png	502522367f53ac863bb1d1d04164fd89c629e2b7fd2327d0f03a9a5626dc7a5f	502522367f53ac863bb1d1d04164fd89c629e2b7fd2327d0f03a9a5626dc7a5f
1f469-1f3fe-200d-1f9bd-200d-27a1.png	1F469-1F3FE-200D-1F9BD-200D-27A1-FE0F.png	18a421c351c8874abf409613d1429ef7910bfac84888d9217dd33356aec6f219	18a421c351c8874abf409613d1429ef7910bfac84888d9217dd33356aec6f219
1f469-1f3fe-200d-1faef-200d-1f469-1f3fb.png	1F469-1F3FE-200D-1FAEF-200D-1F469-1F3FB.png	1307d15b338b3b2b2053d2219d781634089404b340126af91deda8cf48ddbabe	1307d15b338b3b2b2053d2219d781634089404b340126af91deda8cf48ddbabe
1f469-1f3fe-200d-1faef-200d-1f469-1f3fc.png	1F469-1F3FE-200D-1FAEF-200D-1F469-1F3FC.png	9a4aceffdfc7dc2c6a123ecba4d993dcd232bd84b5d50d3162057dc4010abd9a	9a4aceffdfc7dc2c6a123ecba4d993dcd232bd84b5d50d3162057dc4010abd9a
1f469-1f3fe-200d-1faef-200d-1f469-1f3fd.png	1F469-1F3FE-200D-1FAEF-200D-1F469-1F3FD.png	0a43f2a49843d59f1afc70caafd0020412e3a37fd10ac131ac202d9f4353601c	0a43f2a49843d59f1afc70caafd0020412e3a37fd10ac131ac202d9f4353601c
1f469-1f3fe-200d-1faef-200d-1f469-1f3ff.png	1F469-1F3FE-200D-1FAEF-200D-1F469-1F3FF.png	66068ec0b02f199a199b56370a3f7e903c1217982dacd26ebae0fe635b7a2dd0	66068ec0b02f199a199b56370a3f7e903c1217982dacd26ebae0fe635b7a2dd0
1f469-1f3fe-200d-2695.png	1F469-1F3FE-200D-2695-FE0F.png	3d0d05ab3519d7944d24d41814abc57c459f35770f50088597784eff822310c2	3d0d05ab3519d7944d24d41814abc57c459f35770f50088597784eff822310c2
1f469-1f3fe-200d-2696.png	1F469-1F3FE-200D-2696-FE0F.png	14437b06447c54dbeeb6670f241c8d483860f86114a537b0511a1f81b1ff4fd5	14437b06447c54dbeeb6670f241c8d483860f86114a537b0511a1f81b1ff4fd5
1f469-1f3fe-200d-2708.png	1F469-1F3FE-200D-2708-FE0F.png	a1e0745473c2a2dd75d000d8f12aa03ef8c0bc5f3382fa261757aeb2b28e0707	a1e0745473c2a2dd75d000d8f12aa03ef8c0bc5f3382fa261757aeb2b28e0707
1f469-1f3fe-200d-2764-200d-1f468-1f3fb.png	1F469-1F3FE-200D-2764-FE0F-200D-1F468-1F3FB.png	28dbf602db48342d068eda15b508587636fb07dd9d07fe573c0a76e12969aeb8	28dbf602db48342d068eda15b508587636fb07dd9d07fe573c0a76e12969aeb8
1f469-1f3fe-200d-2764-200d-1f468-1f3fc.png	1F469-1F3FE-200D-2764-FE0F-200D-1F468-1F3FC.png	9a703ea99e7c07b7d7aa55080ea8166c9c64ee52ce853cdd36dc538bd092e6c9	9a703ea99e7c07b7d7aa55080ea8166c9c64ee52ce853cdd36dc538bd092e6c9
1f469-1f3fe-200d-2764-200d-1f468-1f3fd.png	1F469-1F3FE-200D-2764-FE0F-200D-1F468-1F3FD.png	40359998d5b46550cb2d723d2c55370f12d798650f9f799c43e366e29d791e40	40359998d5b46550cb2d723d2c55370f12d798650f9f799c43e366e29d791e40
1f469-1f3fe-200d-2764-200d-1f468-1f3fe.png	1F469-1F3FE-200D-2764-FE0F-200D-1F468-1F3FE.png	ea979b9b31bba6e45ef854b541a0837f72df56cfde191959ef52f1747f25d514	ea979b9b31bba6e45ef854b541a0837f72df56cfde191959ef52f1747f25d514
1f469-1f3fe-200d-2764-200d-1f468-1f3ff.png	1F469-1F3FE-200D-2764-FE0F-200D-1F468-1F3FF.png	068c97dccac3fbf105ba79ce1b3ff4d5997cdcd467ed476e48d32cb256eaac3c	068c97dccac3fbf105ba79ce1b3ff4d5997cdcd467ed476e48d32cb256eaac3c
1f469-1f3fe-200d-2764-200d-1f469-1f3fb.png	1F469-1F3FE-200D-2764-FE0F-200D-1F469-1F3FB.png	934e013e88d81744a668aa658600b7530b2439432ee2c6bd376be2c6b4065dab	934e013e88d81744a668aa658600b7530b2439432ee2c6bd376be2c6b4065dab
1f469-1f3fe-200d-2764-200d-1f469-1f3fc.png	1F469-1F3FE-200D-2764-FE0F-200D-1F469-1F3FC.png	8d09195e809af5ad7751301bf7b0359f85340a0ab127ba90fbe46ba783bb21aa	8d09195e809af5ad7751301bf7b0359f85340a0ab127ba90fbe46ba783bb21aa
1f469-1f3fe-200d-2764-200d-1f469-1f3fd.png	1F469-1F3FE-200D-2764-FE0F-200D-1F469-1F3FD.png	e0af1a634c5896bc679241f46a2f9d3eb69dff302e586533b88c485f798f33cb	e0af1a634c5896bc679241f46a2f9d3eb69dff302e586533b88c485f798f33cb
1f469-1f3fe-200d-2764-200d-1f469-1f3fe.png	1F469-1F3FE-200D-2764-FE0F-200D-1F469-1F3FE.png	d0cbbb433d8335b97fe59e05c0dd421b71d337b82ed7259c503f5a152e3ffe2d	d0cbbb433d8335b97fe59e05c0dd421b71d337b82ed7259c503f5a152e3ffe2d
1f469-1f3fe-200d-2764-200d-1f469-1f3ff.png	1F469-1F3FE-200D-2764-FE0F-200D-1F469-1F3FF.png	d095b7226165b10e045f8867bd6e174eed7cdc6af7384d833681a311b3914630	d095b7226165b10e045f8867bd6e174eed7cdc6af7384d833681a311b3914630
1f469-1f3fe-200d-2764-200d-1f48b-200d-1f468-1f3fb.png	1F469-1F3FE-200D-2764-FE0F-200D-1F48B-200D-1F468-1F3FB.png	277930437aacadf054c6eb37ca55d348e822a5ae83b0e2a81faac44133d09171	277930437aacadf054c6eb37ca55d348e822a5ae83b0e2a81faac44133d09171
1f469-1f3fe-200d-2764-200d-1f48b-200d-1f468-1f3fc.png	1F469-1F3FE-200D-2764-FE0F-200D-1F48B-200D-1F468-1F3FC.png	d68cb15e88f25d0231d7406fb2d4757e8bca3bf59ad73f1c1c571e88509ba5e9	d68cb15e88f25d0231d7406fb2d4757e8bca3bf59ad73f1c1c571e88509ba5e9
1f469-1f3fe-200d-2764-200d-1f48b-200d-1f468-1f3fd.png	1F469-1F3FE-200D-2764-FE0F-200D-1F48B-200D-1F468-1F3FD.png	44822ad6dac1f78c4efc32dfb5b1f99e26fa9f35e90b736426a64249575f0c45	44822ad6dac1f78c4efc32dfb5b1f99e26fa9f35e90b736426a64249575f0c45
1f469-1f3fe-200d-2764-200d-1f48b-200d-1f468-1f3fe.png	1F469-1F3FE-200D-2764-FE0F-200D-1F48B-200D-1F468-1F3FE.png	87adf74c4a9c533d269e83f1c62b4b6d654c3d9f1ecbfb189d6acdc8f49d9eb2	87adf74c4a9c533d269e83f1c62b4b6d654c3d9f1ecbfb189d6acdc8f49d9eb2
1f469-1f3fe-200d-2764-200d-1f48b-200d-1f468-1f3ff.png	1F469-1F3FE-200D-2764-FE0F-200D-1F48B-200D-1F468-1F3FF.png	d06c9f94cf750dc587b662e000e566ba2cddbf7ecbaaa0291e4180e10f20cc30	d06c9f94cf750dc587b662e000e566ba2cddbf7ecbaaa0291e4180e10f20cc30
1f469-1f3fe-200d-2764-200d-1f48b-200d-1f469-1f3fb.png	1F469-1F3FE-200D-2764-FE0F-200D-1F48B-200D-1F469-1F3FB.png	cb2b87696feaad939120124fab8a638fa099ca0401ebd35a1f220e353b452869	cb2b87696feaad939120124fab8a638fa099ca0401ebd35a1f220e353b452869
1f469-1f3fe-200d-2764-200d-1f48b-200d-1f469-1f3fc.png	1F469-1F3FE-200D-2764-FE0F-200D-1F48B-200D-1F469-1F3FC.png	a41b6c0a5768503c23a814a4bc9a5bf1e629cb857a4aacdbd183d9f0212d8ad7	a41b6c0a5768503c23a814a4bc9a5bf1e629cb857a4aacdbd183d9f0212d8ad7
1f469-1f3fe-200d-2764-200d-1f48b-200d-1f469-1f3fd.png	1F469-1F3FE-200D-2764-FE0F-200D-1F48B-200D-1F469-1F3FD.png	580e3656823b7787cbcfbd4c21f6c0550861330f2a2b8cc8c915cb88f1e46abc	580e3656823b7787cbcfbd4c21f6c0550861330f2a2b8cc8c915cb88f1e46abc
1f469-1f3fe-200d-2764-200d-1f48b-200d-1f469-1f3fe.png	1F469-1F3FE-200D-2764-FE0F-200D-1F48B-200D-1F469-1F3FE.png	70297d8d972d2e5a91d6714799b83973c236045734ecbf7b9c05c6b222eca5ed	70297d8d972d2e5a91d6714799b83973c236045734ecbf7b9c05c6b222eca5ed
1f469-1f3fe-200d-2764-200d-1f48b-200d-1f469-1f3ff.png	1F469-1F3FE-200D-2764-FE0F-200D-1F48B-200D-1F469-1F3FF.png	f9981f6e60dbd75127f0d0f1523adaf656d76fbd27ea7874295ab8af67154f25	f9981f6e60dbd75127f0d0f1523adaf656d76fbd27ea7874295ab8af67154f25
1f469-1f3ff.png	1F469-1F3FF.png	01d108bb4caa784cf336b87c4847ad5cd304e63dffdd057ea7a1840893e6b309	01d108bb4caa784cf336b87c4847ad5cd304e63dffdd057ea7a1840893e6b309
1f469-1f3ff-200d-1f33e.png	1F469-1F3FF-200D-1F33E.png	62d20a5bf829e0ff066adb2ebd77f36781b94ee82996482b48036d093cfb582c	62d20a5bf829e0ff066adb2ebd77f36781b94ee82996482b48036d093cfb582c
1f469-1f3ff-200d-1f373.png	1F469-1F3FF-200D-1F373.png	292d4c70d1cba5683174238c6db785d3abf95844588afbabb724d9403e4404af	292d4c70d1cba5683174238c6db785d3abf95844588afbabb724d9403e4404af
1f469-1f3ff-200d-1f37c.png	1F469-1F3FF-200D-1F37C.png	a454a43184439c609a18ae74351f5e5b725c2d1b89f725b70c06724c64801119	a454a43184439c609a18ae74351f5e5b725c2d1b89f725b70c06724c64801119
1f469-1f3ff-200d-1f393.png	1F469-1F3FF-200D-1F393.png	6d2ca212b3e2f277bfabe221ce07d5449e8bb5d4258e7044ead8fd66c776e018	6d2ca212b3e2f277bfabe221ce07d5449e8bb5d4258e7044ead8fd66c776e018
1f469-1f3ff-200d-1f3a4.png	1F469-1F3FF-200D-1F3A4.png	297f62d55f7259806fee64544499416e281dcd1a5e78700e091fca9c37f852ef	297f62d55f7259806fee64544499416e281dcd1a5e78700e091fca9c37f852ef
1f469-1f3ff-200d-1f3a8.png	1F469-1F3FF-200D-1F3A8.png	86ff21c19180f1e1ff836ade7fc49391220e07666d86c76348aa25d00af18cc3	86ff21c19180f1e1ff836ade7fc49391220e07666d86c76348aa25d00af18cc3
1f469-1f3ff-200d-1f3eb.png	1F469-1F3FF-200D-1F3EB.png	0c1633fe6ce4286dbee6a5920f715f4bbb13664d2fc3fa6ef36d37407c607731	0c1633fe6ce4286dbee6a5920f715f4bbb13664d2fc3fa6ef36d37407c607731
1f469-1f3ff-200d-1f3ed.png	1F469-1F3FF-200D-1F3ED.png	6079bd4641c97d0cb138d57f6f31474dba39c621214ef9f4eab38b21373e6eea	6079bd4641c97d0cb138d57f6f31474dba39c621214ef9f4eab38b21373e6eea
1f469-1f3ff-200d-1f430-200d-1f469-1f3fb.png	1F469-1F3FF-200D-1F430-200D-1F469-1F3FB.png	b13261c13f57cbacb98c26eac0ae9a3c89b621bfe978018fa7a677e34badb1d2	b13261c13f57cbacb98c26eac0ae9a3c89b621bfe978018fa7a677e34badb1d2
1f469-1f3ff-200d-1f430-200d-1f469-1f3fc.png	1F469-1F3FF-200D-1F430-200D-1F469-1F3FC.png	8f8b35563074083d45609dd84a6994b479098f1c0717eb7a5ab039cefb38a0a1	8f8b35563074083d45609dd84a6994b479098f1c0717eb7a5ab039cefb38a0a1
1f469-1f3ff-200d-1f430-200d-1f469-1f3fd.png	1F469-1F3FF-200D-1F430-200D-1F469-1F3FD.png	55431bfaa2f89dd496e9426f518f998e44a1894355a7b575bae62f630ddc4a1f	55431bfaa2f89dd496e9426f518f998e44a1894355a7b575bae62f630ddc4a1f
1f469-1f3ff-200d-1f430-200d-1f469-1f3fe.png	1F469-1F3FF-200D-1F430-200D-1F469-1F3FE.png	9b4f975b446460fa2c02d8729250b599e52ecb41dae419381dfb28c88d88d5f4	9b4f975b446460fa2c02d8729250b599e52ecb41dae419381dfb28c88d88d5f4
1f469-1f3ff-200d-1f4bb.png	1F469-1F3FF-200D-1F4BB.png	dc97e986e9995c64b52415ee13985a18f1698066c322b5b84d9a27de565ac934	dc97e986e9995c64b52415ee13985a18f1698066c322b5b84d9a27de565ac934
1f469-1f3ff-200d-1f4bc.png	1F469-1F3FF-200D-1F4BC.png	7e25a549f6a00300109360047df1b609a6b088913033b6534e4c315e4d77b6e1	7e25a549f6a00300109360047df1b609a6b088913033b6534e4c315e4d77b6e1
1f469-1f3ff-200d-1f527.png	1F469-1F3FF-200D-1F527.png	02dd8ed0808856dd228047b19d21ec1aa9e5d3cc0c73cf29dcb28b35008470da	02dd8ed0808856dd228047b19d21ec1aa9e5d3cc0c73cf29dcb28b35008470da
1f469-1f3ff-200d-1f52c.png	1F469-1F3FF-200D-1F52C.png	99201a4f85b7691a9af5a6258d3801a5b555674f7a6fe5f15204b206df6358cf	99201a4f85b7691a9af5a6258d3801a5b555674f7a6fe5f15204b206df6358cf
1f469-1f3ff-200d-1f680.png	1F469-1F3FF-200D-1F680.png	32a135a4a5edb568a67c1b9842edb7b2fa15a4bb9061c3bd838ef05e76865a18	32a135a4a5edb568a67c1b9842edb7b2fa15a4bb9061c3bd838ef05e76865a18
1f469-1f3ff-200d-1f692.png	1F469-1F3FF-200D-1F692.png	ccea7147544c3e6b03f30ca4a2b966a4630de89e585d2330244db363dcab93b5	ccea7147544c3e6b03f30ca4a2b966a4630de89e585d2330244db363dcab93b5
1f469-1f3ff-200d-1f91d-200d-1f468-1f3fb.png	1F469-1F3FF-200D-1F91D-200D-1F468-1F3FB.png	44005e1180c34168140595b7afb5cfba1758043070f4d85e04d9bd0088c4da20	44005e1180c34168140595b7afb5cfba1758043070f4d85e04d9bd0088c4da20
1f469-1f3ff-200d-1f91d-200d-1f468-1f3fc.png	1F469-1F3FF-200D-1F91D-200D-1F468-1F3FC.png	6bbaff4b4dcd3cc5a92c9cd0fc09264e18c009514302e4740259c18411c86c1f	6bbaff4b4dcd3cc5a92c9cd0fc09264e18c009514302e4740259c18411c86c1f
1f469-1f3ff-200d-1f91d-200d-1f468-1f3fd.png	1F469-1F3FF-200D-1F91D-200D-1F468-1F3FD.png	7badc0ab998dca336db72ef4072a40dcab012af14bbbf040f7f88549c52f20e9	7badc0ab998dca336db72ef4072a40dcab012af14bbbf040f7f88549c52f20e9
1f469-1f3ff-200d-1f91d-200d-1f468-1f3fe.png	1F469-1F3FF-200D-1F91D-200D-1F468-1F3FE.png	6919f749c4f231017c12cf67b66df4582eeeae9f7bf1af977e961520d18433e5	6919f749c4f231017c12cf67b66df4582eeeae9f7bf1af977e961520d18433e5
1f469-1f3ff-200d-1f91d-200d-1f469-1f3fb.png	1F469-1F3FF-200D-1F91D-200D-1F469-1F3FB.png	28080a0a1349f9b9629257c9b42f9c0e190ac87761e32e3c05aa8621428ce264	28080a0a1349f9b9629257c9b42f9c0e190ac87761e32e3c05aa8621428ce264
1f469-1f3ff-200d-1f91d-200d-1f469-1f3fc.png	1F469-1F3FF-200D-1F91D-200D-1F469-1F3FC.png	11b74793e5da3592e3eb852dae7e7bba2a37b683cfccb058fa541f4c21ae9fa2	11b74793e5da3592e3eb852dae7e7bba2a37b683cfccb058fa541f4c21ae9fa2
1f469-1f3ff-200d-1f91d-200d-1f469-1f3fd.png	1F469-1F3FF-200D-1F91D-200D-1F469-1F3FD.png	e35f9f855a99d7067060e136fc61fea9d9e74d1be7324f098fb21ac23e0fcf61	e35f9f855a99d7067060e136fc61fea9d9e74d1be7324f098fb21ac23e0fcf61
1f469-1f3ff-200d-1f91d-200d-1f469-1f3fe.png	1F469-1F3FF-200D-1F91D-200D-1F469-1F3FE.png	30403f63aade22b947b7122a6da9201fa5e56b1f8693d6b17df390de9b2be406	30403f63aade22b947b7122a6da9201fa5e56b1f8693d6b17df390de9b2be406
1f469-1f3ff-200d-1f9af.png	1F469-1F3FF-200D-1F9AF.png	c0f7a6d99ae01428cd1ca77db1d87f4ba8811aa172c82c820c05b90e1bfe31a1	c0f7a6d99ae01428cd1ca77db1d87f4ba8811aa172c82c820c05b90e1bfe31a1
1f469-1f3ff-200d-1f9af-200d-27a1.png	1F469-1F3FF-200D-1F9AF-200D-27A1-FE0F.png	7041239a2a97a0ac988ffe14ed2515489256a38c344e43c7c0757ad1b01490dd	7041239a2a97a0ac988ffe14ed2515489256a38c344e43c7c0757ad1b01490dd
1f469-1f3ff-200d-1f9b0.png	1F469-1F3FF-200D-1F9B0.png	bb0da0e0db51e35bd3cd62e7d7688bddcd9e7e0997adf3a21c515c4b83c49256	bb0da0e0db51e35bd3cd62e7d7688bddcd9e7e0997adf3a21c515c4b83c49256
1f469-1f3ff-200d-1f9b1.png	1F469-1F3FF-200D-1F9B1.png	f59e86c7d4cff6e0f7c1c48346c760e03d3630e428d18e6f1517a951a7499fe3	f59e86c7d4cff6e0f7c1c48346c760e03d3630e428d18e6f1517a951a7499fe3
1f469-1f3ff-200d-1f9b2.png	1F469-1F3FF-200D-1F9B2.png	644ce29889deefea8f70c6f9d8a1e96d0cd84688489299973ca8766560b0c79c	644ce29889deefea8f70c6f9d8a1e96d0cd84688489299973ca8766560b0c79c
1f469-1f3ff-200d-1f9b3.png	1F469-1F3FF-200D-1F9B3.png	a1041ff69356139e4929871005d2d705179c804e0a10d63c74a56a4931f82732	a1041ff69356139e4929871005d2d705179c804e0a10d63c74a56a4931f82732
1f469-1f3ff-200d-1f9bc.png	1F469-1F3FF-200D-1F9BC.png	df482208d456034447e1a9dc0f9a6812598fc3c9032b930a693cb636306b7717	df482208d456034447e1a9dc0f9a6812598fc3c9032b930a693cb636306b7717
1f469-1f3ff-200d-1f9bc-200d-27a1.png	1F469-1F3FF-200D-1F9BC-200D-27A1-FE0F.png	6d88a2411345ff34eb62199d7e29dec5420da7be1e2b8843381015e2045fd229	6d88a2411345ff34eb62199d7e29dec5420da7be1e2b8843381015e2045fd229
1f469-1f3ff-200d-1f9bd.png	1F469-1F3FF-200D-1F9BD.png	57852e56c71b76957f805764e492750c0a2924a3bf0ae21af4503aabe8ad1aca	57852e56c71b76957f805764e492750c0a2924a3bf0ae21af4503aabe8ad1aca
1f469-1f3ff-200d-1f9bd-200d-27a1.png	1F469-1F3FF-200D-1F9BD-200D-27A1-FE0F.png	8d7b2e14c69da4100bbcec78dca7ee453d2b97ef9e26cf04b21f5f646e6fba48	8d7b2e14c69da4100bbcec78dca7ee453d2b97ef9e26cf04b21f5f646e6fba48
1f469-1f3ff-200d-1faef-200d-1f469-1f3fb.png	1F469-1F3FF-200D-1FAEF-200D-1F469-1F3FB.png	e2c60641b863c67f26db1a322a48ee205bb5c0ef231d66877f5a33a330ece647	e2c60641b863c67f26db1a322a48ee205bb5c0ef231d66877f5a33a330ece647
1f469-1f3ff-200d-1faef-200d-1f469-1f3fc.png	1F469-1F3FF-200D-1FAEF-200D-1F469-1F3FC.png	b990f02a978bd3e9ca2744f4407aaa0b7ba888a8478658a76a7c644421b6bc7d	b990f02a978bd3e9ca2744f4407aaa0b7ba888a8478658a76a7c644421b6bc7d
1f469-1f3ff-200d-1faef-200d-1f469-1f3fd.png	1F469-1F3FF-200D-1FAEF-200D-1F469-1F3FD.png	2f4c622950d37af02afb8a05d541e8f1fd054c3fda5da75a11d4cd30c165869f	2f4c622950d37af02afb8a05d541e8f1fd054c3fda5da75a11d4cd30c165869f
1f469-1f3ff-200d-1faef-200d-1f469-1f3fe.png	1F469-1F3FF-200D-1FAEF-200D-1F469-1F3FE.png	90c0325aa01c26881d6d18479d7bbfe21e0573b05d37ca07f9134396b3a836fd	90c0325aa01c26881d6d18479d7bbfe21e0573b05d37ca07f9134396b3a836fd
1f469-1f3ff-200d-2695.png	1F469-1F3FF-200D-2695-FE0F.png	7e76e88e5b1aded501daa8dbe21b4c5c9b9fe7a1d6c8b9a1c3c545ce08570560	7e76e88e5b1aded501daa8dbe21b4c5c9b9fe7a1d6c8b9a1c3c545ce08570560
1f469-1f3ff-200d-2696.png	1F469-1F3FF-200D-2696-FE0F.png	27b82278f75b9aa688a6393d269f3d441ae59f8d07a1cb760751fbf85374406a	27b82278f75b9aa688a6393d269f3d441ae59f8d07a1cb760751fbf85374406a
1f469-1f3ff-200d-2708.png	1F469-1F3FF-200D-2708-FE0F.png	50810fc97faa7296a121d6c8da8c0f0b7acfe2167def32f8524e5a4e20710335	50810fc97faa7296a121d6c8da8c0f0b7acfe2167def32f8524e5a4e20710335
1f469-1f3ff-200d-2764-200d-1f468-1f3fb.png	1F469-1F3FF-200D-2764-FE0F-200D-1F468-1F3FB.png	3cba9be346932da6a7cc26fb24366e4fa88931915b8dd6afff6a891a4b578e32	3cba9be346932da6a7cc26fb24366e4fa88931915b8dd6afff6a891a4b578e32
1f469-1f3ff-200d-2764-200d-1f468-1f3fc.png	1F469-1F3FF-200D-2764-FE0F-200D-1F468-1F3FC.png	eacd6950c794642a22bce1f495714132a12ad710729af82640e2d701b03f3d38	eacd6950c794642a22bce1f495714132a12ad710729af82640e2d701b03f3d38
1f469-1f3ff-200d-2764-200d-1f468-1f3fd.png	1F469-1F3FF-200D-2764-FE0F-200D-1F468-1F3FD.png	7ddba02d4e8aeb0a2a2afb55c79dc4551d8366b4c0eb7d278457e1fa798d8344	7ddba02d4e8aeb0a2a2afb55c79dc4551d8366b4c0eb7d278457e1fa798d8344
1f469-1f3ff-200d-2764-200d-1f468-1f3fe.png	1F469-1F3FF-200D-2764-FE0F-200D-1F468-1F3FE.png	1aade74e02ada34d2538c5591a5711029447c4d6fd56a4a53ff7d2fe1bed9c06	1aade74e02ada34d2538c5591a5711029447c4d6fd56a4a53ff7d2fe1bed9c06
1f469-1f3ff-200d-2764-200d-1f468-1f3ff.png	1F469-1F3FF-200D-2764-FE0F-200D-1F468-1F3FF.png	4fa2d43a9aacbdb5dd39d6fb36651e78dece45b485d650ff05094cd619dd6df5	4fa2d43a9aacbdb5dd39d6fb36651e78dece45b485d650ff05094cd619dd6df5
1f469-1f3ff-200d-2764-200d-1f469-1f3fb.png	1F469-1F3FF-200D-2764-FE0F-200D-1F469-1F3FB.png	ff701539f0e3528082e10d64bb8d0287cd9d7921299425667cb31f20d24dc740	ff701539f0e3528082e10d64bb8d0287cd9d7921299425667cb31f20d24dc740
1f469-1f3ff-200d-2764-200d-1f469-1f3fc.png	1F469-1F3FF-200D-2764-FE0F-200D-1F469-1F3FC.png	a4ab4a4f126259f26981463af4d84d3c7527b13e28868852876b48e8794652c1	a4ab4a4f126259f26981463af4d84d3c7527b13e28868852876b48e8794652c1
1f469-1f3ff-200d-2764-200d-1f469-1f3fd.png	1F469-1F3FF-200D-2764-FE0F-200D-1F469-1F3FD.png	9e80c249a2d06fe80e985dce1c285af1516b104ede5c47fb1056da59ff521400	9e80c249a2d06fe80e985dce1c285af1516b104ede5c47fb1056da59ff521400
1f469-1f3ff-200d-2764-200d-1f469-1f3fe.png	1F469-1F3FF-200D-2764-FE0F-200D-1F469-1F3FE.png	b626b77f89d9c131eb1cce413ca07773da8a05b8df8015e911c76da3f886b6ec	b626b77f89d9c131eb1cce413ca07773da8a05b8df8015e911c76da3f886b6ec
1f469-1f3ff-200d-2764-200d-1f469-1f3ff.png	1F469-1F3FF-200D-2764-FE0F-200D-1F469-1F3FF.png	3d97045d1168ba2b9223ace68efabcf1776120d5f1819daaac01ca4692978279	3d97045d1168ba2b9223ace68efabcf1776120d5f1819daaac01ca4692978279
1f469-1f3ff-200d-2764-200d-1f48b-200d-1f468-1f3fb.png	1F469-1F3FF-200D-2764-FE0F-200D-1F48B-200D-1F468-1F3FB.png	3578738e110259dc94fc550e06e03c297c2333ba8fc1a6f33de4b2ccd218de9a	3578738e110259dc94fc550e06e03c297c2333ba8fc1a6f33de4b2ccd218de9a
1f469-1f3ff-200d-2764-200d-1f48b-200d-1f468-1f3fc.png	1F469-1F3FF-200D-2764-FE0F-200D-1F48B-200D-1F468-1F3FC.png	d6fbb3d8b0530766912b92693c83fb6cfc67d34df71ebe1ed82d75043b1b8530	d6fbb3d8b0530766912b92693c83fb6cfc67d34df71ebe1ed82d75043b1b8530
1f469-1f3ff-200d-2764-200d-1f48b-200d-1f468-1f3fd.png	1F469-1F3FF-200D-2764-FE0F-200D-1F48B-200D-1F468-1F3FD.png	a137e4bec234ee63b15847825323c7450c8759b3ac623fa135e4a91f2ff75d30	a137e4bec234ee63b15847825323c7450c8759b3ac623fa135e4a91f2ff75d30
1f469-1f3ff-200d-2764-200d-1f48b-200d-1f468-1f3fe.png	1F469-1F3FF-200D-2764-FE0F-200D-1F48B-200D-1F468-1F3FE.png	fc2856d1854f299c582beebb6b43327a73de009a4fe80eb1aae3912841646567	fc2856d1854f299c582beebb6b43327a73de009a4fe80eb1aae3912841646567
1f469-1f3ff-200d-2764-200d-1f48b-200d-1f468-1f3ff.png	1F469-1F3FF-200D-2764-FE0F-200D-1F48B-200D-1F468-1F3FF.png	8fe38d49b8406fbd3f193fe6fe39aeb5c74a43a81c58237fe2d9d9877364a5a9	8fe38d49b8406fbd3f193fe6fe39aeb5c74a43a81c58237fe2d9d9877364a5a9
1f469-1f3ff-200d-2764-200d-1f48b-200d-1f469-1f3fb.png	1F469-1F3FF-200D-2764-FE0F-200D-1F48B-200D-1F469-1F3FB.png	68b3df496e88e0f72dc6512518e568ef95ffb2bd3eb419aa9fd39cee77a68a73	68b3df496e88e0f72dc6512518e568ef95ffb2bd3eb419aa9fd39cee77a68a73
1f469-1f3ff-200d-2764-200d-1f48b-200d-1f469-1f3fc.png	1F469-1F3FF-200D-2764-FE0F-200D-1F48B-200D-1F469-1F3FC.png	b52b0bf69f184ca79f8e85595a9d72f2dfd9479b517e5fe6035cdcded70308bd	b52b0bf69f184ca79f8e85595a9d72f2dfd9479b517e5fe6035cdcded70308bd
1f469-1f3ff-200d-2764-200d-1f48b-200d-1f469-1f3fd.png	1F469-1F3FF-200D-2764-FE0F-200D-1F48B-200D-1F469-1F3FD.png	7310a138ecf407aef8590b0a322751e9de3eba5ba51900f41841423b570de6e6	7310a138ecf407aef8590b0a322751e9de3eba5ba51900f41841423b570de6e6
1f469-1f3ff-200d-2764-200d-1f48b-200d-1f469-1f3fe.png	1F469-1F3FF-200D-2764-FE0F-200D-1F48B-200D-1F469-1F3FE.png	15cd90793802a935674c5c5703ae0282e13e0d74c8350048e1aa604102e01d06	15cd90793802a935674c5c5703ae0282e13e0d74c8350048e1aa604102e01d06
1f469-1f3ff-200d-2764-200d-1f48b-200d-1f469-1f3ff.png	1F469-1F3FF-200D-2764-FE0F-200D-1F48B-200D-1F469-1F3FF.png	ad3358beb47dd245658aef5a74b51ee4e45caf97ef6143d0613e5893faad0e98	ad3358beb47dd245658aef5a74b51ee4e45caf97ef6143d0613e5893faad0e98
1f469-200d-1f33e.png	1F469-200D-1F33E.png	dda40e6598e2976b149916354bad024e935ad8e7e205c94b3ce89a694e0e2da2	dda40e6598e2976b149916354bad024e935ad8e7e205c94b3ce89a694e0e2da2
1f469-200d-1f373.png	1F469-200D-1F373.png	3b487e0ff6d3785b692e1a2a4c63a8490251c2340d3a3d35db34f5f8f67e540f	3b487e0ff6d3785b692e1a2a4c63a8490251c2340d3a3d35db34f5f8f67e540f
1f469-200d-1f37c.png	1F469-200D-1F37C.png	db1d90e37f70d2834de01270ce620126dde5e2aedc88d6fd526e59ce41d9510c	db1d90e37f70d2834de01270ce620126dde5e2aedc88d6fd526e59ce41d9510c
1f469-200d-1f393.png	1F469-200D-1F393.png	60e505835120f5c15ab7c45d7857de4e45b1ab3cfa21794cf4447931184b172c	60e505835120f5c15ab7c45d7857de4e45b1ab3cfa21794cf4447931184b172c
1f469-200d-1f3a4.png	1F469-200D-1F3A4.png	77f30076d32efd0e62e76f7359d42d4fd570afebe53a0f2d9e06330bf14a4e90	77f30076d32efd0e62e76f7359d42d4fd570afebe53a0f2d9e06330bf14a4e90
1f469-200d-1f3a8.png	1F469-200D-1F3A8.png	6a33ce3d58f02f9db02f96dd26da64900724a5398d8be7f8741432a7a829d2a6	6a33ce3d58f02f9db02f96dd26da64900724a5398d8be7f8741432a7a829d2a6
1f469-200d-1f3eb.png	1F469-200D-1F3EB.png	6f93cf8c70fe241060b24104ebef4d5637ffcf34abd5aa1a50df9f27b4725a28	6f93cf8c70fe241060b24104ebef4d5637ffcf34abd5aa1a50df9f27b4725a28
1f469-200d-1f3ed.png	1F469-200D-1F3ED.png	5b3c104ca5f70df4bb95bb20c0664912879e2044f0865beb6cf58cec57f0b190	5b3c104ca5f70df4bb95bb20c0664912879e2044f0865beb6cf58cec57f0b190
1f469-200d-1f466.png	1F469-200D-1F466.png	948805dbd060992e94db8c5451c2fe7a175b962cb0ba0441b201111997377a4d	948805dbd060992e94db8c5451c2fe7a175b962cb0ba0441b201111997377a4d
1f469-200d-1f466-200d-1f466.png	1F469-200D-1F466-200D-1F466.png	263fcd316037167c3d1ee01f0cf4db7bc7b360aa64f3dcdabf7f102dd3c3a1be	263fcd316037167c3d1ee01f0cf4db7bc7b360aa64f3dcdabf7f102dd3c3a1be
1f469-200d-1f467.png	1F469-200D-1F467.png	2ed88f48ad0b5dbb2fe599210b05db90e4fe5243206891bfc3080903cd749e84	2ed88f48ad0b5dbb2fe599210b05db90e4fe5243206891bfc3080903cd749e84
1f469-200d-1f467-200d-1f466.png	1F469-200D-1F467-200D-1F466.png	9c1cecc701e4740a16f820d5a171ede35bd7df93200e9ec79d2374cb287ad949	9c1cecc701e4740a16f820d5a171ede35bd7df93200e9ec79d2374cb287ad949
1f469-200d-1f467-200d-1f467.png	1F469-200D-1F467-200D-1F467.png	0de2d02617f7acde331a08d31ca3728bf1c53090a1e301e0612de2250d613ccb	0de2d02617f7acde331a08d31ca3728bf1c53090a1e301e0612de2250d613ccb
1f469-200d-1f469-200d-1f466.png	1F469-200D-1F469-200D-1F466.png	c1678701be3caed30ee51dd50e5d59e0ed52cddb91902a115d3e4e2d8067ec36	c1678701be3caed30ee51dd50e5d59e0ed52cddb91902a115d3e4e2d8067ec36
1f469-200d-1f469-200d-1f466-200d-1f466.png	1F469-200D-1F469-200D-1F466-200D-1F466.png	30b39969c48e638c35f96e573c8bb0ed773fe022aec64641f33d6f53dcb88025	30b39969c48e638c35f96e573c8bb0ed773fe022aec64641f33d6f53dcb88025
1f469-200d-1f469-200d-1f467.png	1F469-200D-1F469-200D-1F467.png	6e87885350d5903017567937cadc78139875661ac5008e5241efa700454cf437	6e87885350d5903017567937cadc78139875661ac5008e5241efa700454cf437
1f469-200d-1f469-200d-1f467-200d-1f466.png	1F469-200D-1F469-200D-1F467-200D-1F466.png	65ab117556abe812ebf0201de1c9efeb061301b1e075fa39d0e75efd0cae99f0	65ab117556abe812ebf0201de1c9efeb061301b1e075fa39d0e75efd0cae99f0
1f469-200d-1f469-200d-1f467-200d-1f467.png	1F469-200D-1F469-200D-1F467-200D-1F467.png	b2bac531b834a7408ef6919be1e814a9449654cf0c174a8cb3c75864a49322a3	b2bac531b834a7408ef6919be1e814a9449654cf0c174a8cb3c75864a49322a3
1f469-200d-1f4bb.png	1F469-200D-1F4BB.png	1b11ae490990fa92da20d6a603746d487ff5aa291111051127caa06bdd60b376	1b11ae490990fa92da20d6a603746d487ff5aa291111051127caa06bdd60b376
1f469-200d-1f4bc.png	1F469-200D-1F4BC.png	e494dafaad94384fa076087e00f1ade4dec303f2011f2deb122eedbe387b32bf	e494dafaad94384fa076087e00f1ade4dec303f2011f2deb122eedbe387b32bf
1f469-200d-1f527.png	1F469-200D-1F527.png	c8e8eba12433c9d774ccfae32662e83ce90b33cc6e8c729222c0a363e6f14021	c8e8eba12433c9d774ccfae32662e83ce90b33cc6e8c729222c0a363e6f14021
1f469-200d-1f52c.png	1F469-200D-1F52C.png	3a254428a43998c5b11756eea93f84eaeafa88f564c5ec840daa7aa281245df8	3a254428a43998c5b11756eea93f84eaeafa88f564c5ec840daa7aa281245df8
1f469-200d-1f680.png	1F469-200D-1F680.png	81c78b5b09db17dedb29443076769e54dac9427a70a641295b0325f167cf8031	81c78b5b09db17dedb29443076769e54dac9427a70a641295b0325f167cf8031
1f469-200d-1f692.png	1F469-200D-1F692.png	a425d6e02bd11e59f7b062ff216aca38e748e762413a7eda05c6454d48bfecac	a425d6e02bd11e59f7b062ff216aca38e748e762413a7eda05c6454d48bfecac
1f469-200d-1f9af.png	1F469-200D-1F9AF.png	d84a4464b68e5d2ff34607f20269c6d0bc52a8083419c61de5c951a7a8fa4d0c	d84a4464b68e5d2ff34607f20269c6d0bc52a8083419c61de5c951a7a8fa4d0c
1f469-200d-1f9af-200d-27a1.png	1F469-200D-1F9AF-200D-27A1-FE0F.png	7f5bdcabebb57e5e6f080bfd4f79813abce94fecc847f0b70588de26fc0c6f96	7f5bdcabebb57e5e6f080bfd4f79813abce94fecc847f0b70588de26fc0c6f96
1f469-200d-1f9b0.png	1F469-200D-1F9B0.png	feed459832df89af906ab001de326198f51d40a25ba86fb90aab165097d1f6de	feed459832df89af906ab001de326198f51d40a25ba86fb90aab165097d1f6de
1f469-200d-1f9b1.png	1F469-200D-1F9B1.png	0b00615ca9adc6416b485194ac999a65ca27cf870af82656e14db0ed596a0880	0b00615ca9adc6416b485194ac999a65ca27cf870af82656e14db0ed596a0880
1f469-200d-1f9b2.png	1F469-200D-1F9B2.png	edb3f3695458825923b470063e0eaddb1f07dd0210d7da9b59116acb9960bda3	edb3f3695458825923b470063e0eaddb1f07dd0210d7da9b59116acb9960bda3
1f469-200d-1f9b3.png	1F469-200D-1F9B3.png	680211b5cec0e4f9e27db02b8200cd9bf45604251362bdfd0c412b9e0ef98020	680211b5cec0e4f9e27db02b8200cd9bf45604251362bdfd0c412b9e0ef98020
1f469-200d-1f9bc.png	1F469-200D-1F9BC.png	77901c0ffbbf8fedf4196f7ccfeeb62769b80fcdfaa7ab84a68922a1ce75e30a	77901c0ffbbf8fedf4196f7ccfeeb62769b80fcdfaa7ab84a68922a1ce75e30a
1f469-200d-1f9bc-200d-27a1.png	1F469-200D-1F9BC-200D-27A1-FE0F.png	289cd8c00d00acf74d7613799236ec056c8e947c0c4ada13d8994177c682d3b4	289cd8c00d00acf74d7613799236ec056c8e947c0c4ada13d8994177c682d3b4
1f469-200d-1f9bd.png	1F469-200D-1F9BD.png	e48753307b31b07d2a47fb7e3882256495021ccf61c8b042500026b5e93a8bb9	e48753307b31b07d2a47fb7e3882256495021ccf61c8b042500026b5e93a8bb9
1f469-200d-1f9bd-200d-27a1.png	1F469-200D-1F9BD-200D-27A1-FE0F.png	ef2e76124bd805da995c81d12fc29b4c8af18aabd3591e688844109337b4c09c	ef2e76124bd805da995c81d12fc29b4c8af18aabd3591e688844109337b4c09c
1f469-200d-2695.png	1F469-200D-2695-FE0F.png	606df5abc0bf82b28675f34d94ab3b3e042ad51316f555f46f1a5634a963dac6	606df5abc0bf82b28675f34d94ab3b3e042ad51316f555f46f1a5634a963dac6
1f469-200d-2696.png	1F469-200D-2696-FE0F.png	4f7027515939afcd63ba8e5aada2d1205f8a2310dceb3193360ff8cee5c22848	4f7027515939afcd63ba8e5aada2d1205f8a2310dceb3193360ff8cee5c22848
1f469-200d-2708.png	1F469-200D-2708-FE0F.png	73230c113d2dc14a2b98ca6d5fb1ce1f6cc001f874aa2cfaac5b0a05690745d0	73230c113d2dc14a2b98ca6d5fb1ce1f6cc001f874aa2cfaac5b0a05690745d0
1f469-200d-2764-200d-1f468.png	1F469-200D-2764-FE0F-200D-1F468.png	a4d7110a59f013df8e39e1ff6f12b7e8ed5a72802f1009dc73f4253121d72f5f	a4d7110a59f013df8e39e1ff6f12b7e8ed5a72802f1009dc73f4253121d72f5f
1f469-200d-2764-200d-1f469.png	1F469-200D-2764-FE0F-200D-1F469.png	92acc89a0ec349f82d2cb90af12af39689370bd8436817f4480c8ea9635dc6b3	92acc89a0ec349f82d2cb90af12af39689370bd8436817f4480c8ea9635dc6b3
1f469-200d-2764-200d-1f48b-200d-1f468.png	1F469-200D-2764-FE0F-200D-1F48B-200D-1F468.png	6ae4cbd7d559cd96e0e5e119c90de133b452c38c7991cf634a5b766d18eec275	6ae4cbd7d559cd96e0e5e119c90de133b452c38c7991cf634a5b766d18eec275
1f469-200d-2764-200d-1f48b-200d-1f469.png	1F469-200D-2764-FE0F-200D-1F48B-200D-1F469.png	42052b8e1a910fe75b9611af4599fc5d5a0332faad9286d3a6fce1ade1702ddf	42052b8e1a910fe75b9611af4599fc5d5a0332faad9286d3a6fce1ade1702ddf
1f46a.png	1F46A.png	7c97a755e44dd2dfb8adba73c0539834b4ec9de789bfd29904f92fc7f525e7d0	7c97a755e44dd2dfb8adba73c0539834b4ec9de789bfd29904f92fc7f525e7d0
1f46b.png	1F46B.png	5bff9f419ef07f02ebe3d00f287ff1e6e0659fcb3b648b32442003e094d5baa0	5bff9f419ef07f02ebe3d00f287ff1e6e0659fcb3b648b32442003e094d5baa0
1f46b-1f3fb.png	1F46B-1F3FB.png	61a92102e884a4351099352104aa1d6e5a3154bbe70f2c7f93b109ddea926192	61a92102e884a4351099352104aa1d6e5a3154bbe70f2c7f93b109ddea926192
1f46b-1f3fc.png	1F46B-1F3FC.png	c9ade0484bf4c28b9fd9ca192655d23dfa97c8be4ab88e9d0fc98013a588c1ea	c9ade0484bf4c28b9fd9ca192655d23dfa97c8be4ab88e9d0fc98013a588c1ea
1f46b-1f3fd.png	1F46B-1F3FD.png	b0733c17bc5f8b9d2f07ebe8f3a57666bba1c0da99700509469a0fc2207e032e	b0733c17bc5f8b9d2f07ebe8f3a57666bba1c0da99700509469a0fc2207e032e
1f46b-1f3fe.png	1F46B-1F3FE.png	b943ae9983d986bc4c76498069f37aa326a1140bfa6c0d5a4e3527ce746daeaf	b943ae9983d986bc4c76498069f37aa326a1140bfa6c0d5a4e3527ce746daeaf
1f46b-1f3ff.png	1F46B-1F3FF.png	ff86aeb2feae5977b7eb80d7ac49af3113bfe30c91280e720478d42fe4e4510a	ff86aeb2feae5977b7eb80d7ac49af3113bfe30c91280e720478d42fe4e4510a
1f46c.png	1F46C.png	2291873cd50c0ec265ee23b36e9bb95583be76d2b31c4c18e3b4b8ae27c66bff	2291873cd50c0ec265ee23b36e9bb95583be76d2b31c4c18e3b4b8ae27c66bff
1f46c-1f3fb.png	1F46C-1F3FB.png	02aa4e0e0d306c4405b0d51f43af51f8d753e6a20cc8980984375e400e0a599c	02aa4e0e0d306c4405b0d51f43af51f8d753e6a20cc8980984375e400e0a599c
1f46c-1f3fc.png	1F46C-1F3FC.png	67f915aced95de587f4e316ab362d3eac3e52a3f0416bc364c65856356290864	67f915aced95de587f4e316ab362d3eac3e52a3f0416bc364c65856356290864
1f46c-1f3fd.png	1F46C-1F3FD.png	3149788565e5f3c5f8a1ae2cb5c9a1ce82cd7faa2688916e62a2c240ec985733	3149788565e5f3c5f8a1ae2cb5c9a1ce82cd7faa2688916e62a2c240ec985733
1f46c-1f3fe.png	1F46C-1F3FE.png	19615c08744bc5c96b204ece25867bc8ee11bdc9d88ed6115439e1727dd1d8d6	19615c08744bc5c96b204ece25867bc8ee11bdc9d88ed6115439e1727dd1d8d6
1f46c-1f3ff.png	1F46C-1F3FF.png	4f9ecb826dcf38245f6e31db9f1bd0d6f32e3b03b2d872955295d16080cf0227	4f9ecb826dcf38245f6e31db9f1bd0d6f32e3b03b2d872955295d16080cf0227
1f46d.png	1F46D.png	64b5c151ca8e1b7bee25ad6a89b1495de96f4a76704aa9e39f3eab24d8634833	64b5c151ca8e1b7bee25ad6a89b1495de96f4a76704aa9e39f3eab24d8634833
1f46d-1f3fb.png	1F46D-1F3FB.png	f64241378e898d71e7478d6fac5c131ce588fd2a00dbd5ea0bbb52bf484d6919	f64241378e898d71e7478d6fac5c131ce588fd2a00dbd5ea0bbb52bf484d6919
1f46d-1f3fc.png	1F46D-1F3FC.png	2246370a0da3ab696b1f50a7b25609415a2385242ff0d17a5e56ae073ba025fa	2246370a0da3ab696b1f50a7b25609415a2385242ff0d17a5e56ae073ba025fa
1f46d-1f3fd.png	1F46D-1F3FD.png	f1c794b50a79845e7b884010ae68568d6757a38df07256755dd6647792caa0db	f1c794b50a79845e7b884010ae68568d6757a38df07256755dd6647792caa0db
1f46d-1f3fe.png	1F46D-1F3FE.png	9fa2231fcee6584f0dba65d223236895d5594cb9cdba6fe60384fff875691309	9fa2231fcee6584f0dba65d223236895d5594cb9cdba6fe60384fff875691309
1f46d-1f3ff.png	1F46D-1F3FF.png	09244b9d777ceceacc10065f3990d0db5bfecfd181acd2282aaec7f6358dded3	09244b9d777ceceacc10065f3990d0db5bfecfd181acd2282aaec7f6358dded3
1f46e.png	1F46E.png	c7263961ba5e05553f0cdce83dbe87abd9284d7e64d22c59a04a2ffc26b27210	c7263961ba5e05553f0cdce83dbe87abd9284d7e64d22c59a04a2ffc26b27210
1f46e-1f3fb.png	1F46E-1F3FB.png	602674105f3b9968980a9e41e6987633f63d82de8339e0ca7ff59825cf45bef8	602674105f3b9968980a9e41e6987633f63d82de8339e0ca7ff59825cf45bef8
1f46e-1f3fb-200d-2640.png	1F46E-1F3FB-200D-2640-FE0F.png	c721f6b7d8497b1cd6593320330d379f99e1a0a9c51de6ef3f4614f9284d61ec	c721f6b7d8497b1cd6593320330d379f99e1a0a9c51de6ef3f4614f9284d61ec
1f46e-1f3fb-200d-2642.png	1F46E-1F3FB-200D-2642-FE0F.png	d8f4b1ec2ec7d0591ace4f62988a45ec1ba5f9488199764fa5338d61dfe9ecc5	d8f4b1ec2ec7d0591ace4f62988a45ec1ba5f9488199764fa5338d61dfe9ecc5
1f46e-1f3fc.png	1F46E-1F3FC.png	07d5f8d5e9285ce42b8dd1a40b32d07da8d817d853b2e082f2a4908c96551110	07d5f8d5e9285ce42b8dd1a40b32d07da8d817d853b2e082f2a4908c96551110
1f46e-1f3fc-200d-2640.png	1F46E-1F3FC-200D-2640-FE0F.png	99b848c038e84590701c4f06ef271e2a60240b13bb7db79efeb1fcb9f2a9a816	99b848c038e84590701c4f06ef271e2a60240b13bb7db79efeb1fcb9f2a9a816
1f46e-1f3fc-200d-2642.png	1F46E-1F3FC-200D-2642-FE0F.png	9f1863ae3762e2888de356470474743256011b14578d7b845f89346124033db2	9f1863ae3762e2888de356470474743256011b14578d7b845f89346124033db2
1f46e-1f3fd.png	1F46E-1F3FD.png	0ccb89d7a439035c04774e63ac8c8af24db4377e391e47f8d33279e590f094d0	0ccb89d7a439035c04774e63ac8c8af24db4377e391e47f8d33279e590f094d0
1f46e-1f3fd-200d-2640.png	1F46E-1F3FD-200D-2640-FE0F.png	a11b210ab8880790d6c2aa6a7f81c97ff1973e4f75ecdf0d2d3ec8cff8d73858	a11b210ab8880790d6c2aa6a7f81c97ff1973e4f75ecdf0d2d3ec8cff8d73858
1f46e-1f3fd-200d-2642.png	1F46E-1F3FD-200D-2642-FE0F.png	767bc815d8ef7c811dca4ddcde3b0ede005d2a085afc2766f52f5e46f818fed2	767bc815d8ef7c811dca4ddcde3b0ede005d2a085afc2766f52f5e46f818fed2
1f46e-1f3fe.png	1F46E-1F3FE.png	8897efd75d9f089220123471bbacee47dfa6c5a76866000413a0b5fdcf7374ad	8897efd75d9f089220123471bbacee47dfa6c5a76866000413a0b5fdcf7374ad
1f46e-1f3fe-200d-2640.png	1F46E-1F3FE-200D-2640-FE0F.png	8b23d016f1436ac68e2820ccdd9b8d98e61ff2e8c5817d4aa21fdb361c4814d2	8b23d016f1436ac68e2820ccdd9b8d98e61ff2e8c5817d4aa21fdb361c4814d2
1f46e-1f3fe-200d-2642.png	1F46E-1F3FE-200D-2642-FE0F.png	d37d96010a46af80c4f2c6def76be3dcb770de8f13bd0054db537c6ad7207e26	d37d96010a46af80c4f2c6def76be3dcb770de8f13bd0054db537c6ad7207e26
1f46e-1f3ff.png	1F46E-1F3FF.png	63516af003c509552fd29a27ee08604c1f46638a262436b1c0df571bd762006d	63516af003c509552fd29a27ee08604c1f46638a262436b1c0df571bd762006d
1f46e-1f3ff-200d-2640.png	1F46E-1F3FF-200D-2640-FE0F.png	07fabacd89e63c6221aba04d2d58f20c5382d10e681fc2577e5294209ab95c18	07fabacd89e63c6221aba04d2d58f20c5382d10e681fc2577e5294209ab95c18
1f46e-1f3ff-200d-2642.png	1F46E-1F3FF-200D-2642-FE0F.png	96f03bfa225284ecb7aba53526bcc1ac9f9dedfcd845cea4593d3eb2752ccac7	96f03bfa225284ecb7aba53526bcc1ac9f9dedfcd845cea4593d3eb2752ccac7
1f46e-200d-2640.png	1F46E-200D-2640-FE0F.png	02274f092916dc4962a924ceb358e2a6fbc49d4db25e76ca2a160c148f82806a	02274f092916dc4962a924ceb358e2a6fbc49d4db25e76ca2a160c148f82806a
1f46e-200d-2642.png	1F46E-200D-2642-FE0F.png	eb1b98b6bd8ee8b9247992dc879a01e7b97a024dcc3e6cce7746af7e2f4c9e7d	eb1b98b6bd8ee8b9247992dc879a01e7b97a024dcc3e6cce7746af7e2f4c9e7d
1f46f.png	1F46F.png	d5b52a156741e212a6948d0dde1ccc384c34ba2386d204bfe1346868ad905d06	d5b52a156741e212a6948d0dde1ccc384c34ba2386d204bfe1346868ad905d06
1f46f-1f3fb.png	1F46F-1F3FB.png	2fbbdb3741eb92752dce256fcb59ddb6be507d6745c690fa61c756d22e777a11	2fbbdb3741eb92752dce256fcb59ddb6be507d6745c690fa61c756d22e777a11
1f46f-1f3fb-200d-2640.png	1F46F-1F3FB-200D-2640-FE0F.png	6e01968380a8a18dc711f62fe1337945401fe14a94f51850a6f02f4beead54ce	6e01968380a8a18dc711f62fe1337945401fe14a94f51850a6f02f4beead54ce
1f46f-1f3fb-200d-2642.png	1F46F-1F3FB-200D-2642-FE0F.png	d726baf48948992bfdbd3627eb0d21b8753b7d5a443b06695a1d4ff776ffd008	d726baf48948992bfdbd3627eb0d21b8753b7d5a443b06695a1d4ff776ffd008
1f46f-1f3fc.png	1F46F-1F3FC.png	18daa10fefdfcccad4df9b492ad21f3328fa5c2319e3293fdf0e2a44587232f2	18daa10fefdfcccad4df9b492ad21f3328fa5c2319e3293fdf0e2a44587232f2
1f46f-1f3fc-200d-2640.png	1F46F-1F3FC-200D-2640-FE0F.png	94dfe87ff5b6e3e40dc2df8aff2294fd422db18d53454b8c88be8bec3c688660	94dfe87ff5b6e3e40dc2df8aff2294fd422db18d53454b8c88be8bec3c688660
1f46f-1f3fc-200d-2642.png	1F46F-1F3FC-200D-2642-FE0F.png	61dbedd2188aa5cc27f1f93db2d35a9c8326805bab1659a2efda9bac3f4c25fd	61dbedd2188aa5cc27f1f93db2d35a9c8326805bab1659a2efda9bac3f4c25fd
1f46f-1f3fd.png	1F46F-1F3FD.png	79a77de25a42304f396872608f4d77948061610dc9ed87f5d42a165c42826150	79a77de25a42304f396872608f4d77948061610dc9ed87f5d42a165c42826150
1f46f-1f3fd-200d-2640.png	1F46F-1F3FD-200D-2640-FE0F.png	9ade8cf4e3f1abbedd0840c3b639096247d153551d9f5bf0cf8c3484e0f5432a	9ade8cf4e3f1abbedd0840c3b639096247d153551d9f5bf0cf8c3484e0f5432a
1f46f-1f3fd-200d-2642.png	1F46F-1F3FD-200D-2642-FE0F.png	29481552ea8ecea91de37d41e2cf6ab785796be496e9186fe283310254e200de	29481552ea8ecea91de37d41e2cf6ab785796be496e9186fe283310254e200de
1f46f-1f3fe.png	1F46F-1F3FE.png	ef2c567bffdf9840f0565cc7e45d285b026fe33c397acd65cdccd5192778ec5c	ef2c567bffdf9840f0565cc7e45d285b026fe33c397acd65cdccd5192778ec5c
1f46f-1f3fe-200d-2640.png	1F46F-1F3FE-200D-2640-FE0F.png	fbba206b863caa7c0ff06b18bb9a6acd86a8dbfe55cd98ae1b1c21422b493677	fbba206b863caa7c0ff06b18bb9a6acd86a8dbfe55cd98ae1b1c21422b493677
1f46f-1f3fe-200d-2642.png	1F46F-1F3FE-200D-2642-FE0F.png	1bcf61234aa590ef91cc485c070bd48599075c917eaac85588294a15cab18cd1	1bcf61234aa590ef91cc485c070bd48599075c917eaac85588294a15cab18cd1
1f46f-1f3ff.png	1F46F-1F3FF.png	c0aaaf77a1d6a26636136d299bdec4386130b5af34c3498811926f1c9351525f	c0aaaf77a1d6a26636136d299bdec4386130b5af34c3498811926f1c9351525f
1f46f-1f3ff-200d-2640.png	1F46F-1F3FF-200D-2640-FE0F.png	ce262c5ae62247d782aa05853350a6fc34b71e7ca6fe22949602e8c477adfa84	ce262c5ae62247d782aa05853350a6fc34b71e7ca6fe22949602e8c477adfa84
1f46f-1f3ff-200d-2642.png	1F46F-1F3FF-200D-2642-FE0F.png	f021a4049bf2f409d41ea0929117a595c5c300cc6b14e59e85435edc6f1e06a1	f021a4049bf2f409d41ea0929117a595c5c300cc6b14e59e85435edc6f1e06a1
1f46f-200d-2640.png	1F46F-200D-2640-FE0F.png	069e474cab74c67a38b1e5c15beadf42c2abceff6b8f40a66a5f4198e7c306f5	069e474cab74c67a38b1e5c15beadf42c2abceff6b8f40a66a5f4198e7c306f5
1f46f-200d-2642.png	1F46F-200D-2642-FE0F.png	00ddf6b8bbeb7675a6e776dd77212dc45990479e52a97de49ca5311cf7696960	00ddf6b8bbeb7675a6e776dd77212dc45990479e52a97de49ca5311cf7696960
1f470.png	1F470.png	2d9b9423ad4cec81a61b6773f744b35f53640836547caf037c089973678f8bca	2d9b9423ad4cec81a61b6773f744b35f53640836547caf037c089973678f8bca
1f470-1f3fb.png	1F470-1F3FB.png	85490c79868f057c6b01ae32d759858846e03e93b3f2849107536d747251d065	85490c79868f057c6b01ae32d759858846e03e93b3f2849107536d747251d065
1f470-1f3fb-200d-2640.png	1F470-1F3FB-200D-2640-FE0F.png	a7148a5f70c1576d2f29d34489197fb06faac467d6c16264f5098015d5c4b3e6	a7148a5f70c1576d2f29d34489197fb06faac467d6c16264f5098015d5c4b3e6
1f470-1f3fb-200d-2642.png	1F470-1F3FB-200D-2642-FE0F.png	4fc426399995a9c98ef15651d39bf196e2698571f9bfebf60893a649132351b9	4fc426399995a9c98ef15651d39bf196e2698571f9bfebf60893a649132351b9
1f470-1f3fc.png	1F470-1F3FC.png	b1ad4cf8787a8e4aceeb6f181505b105c1c26228719848af7bdc98e507bcccb8	b1ad4cf8787a8e4aceeb6f181505b105c1c26228719848af7bdc98e507bcccb8
1f470-1f3fc-200d-2640.png	1F470-1F3FC-200D-2640-FE0F.png	f433a7bbe92cdaf9a3b4fe6f167977753949d26b5205cc0991c37329bb09df13	f433a7bbe92cdaf9a3b4fe6f167977753949d26b5205cc0991c37329bb09df13
1f470-1f3fc-200d-2642.png	1F470-1F3FC-200D-2642-FE0F.png	94814f213321661bf946cc0df482cc2ec38e0b836b6e48e5bb4cc1f9f974a510	94814f213321661bf946cc0df482cc2ec38e0b836b6e48e5bb4cc1f9f974a510
1f470-1f3fd.png	1F470-1F3FD.png	e00dd3e270a266f55a74b24174d6e9de625cc98bc83f5af1687af7c2e1545110	e00dd3e270a266f55a74b24174d6e9de625cc98bc83f5af1687af7c2e1545110
1f470-1f3fd-200d-2640.png	1F470-1F3FD-200D-2640-FE0F.png	a1c45e346cf78036a62ea7e813e6f8a5992056476ff819206ec1d0048655f468	a1c45e346cf78036a62ea7e813e6f8a5992056476ff819206ec1d0048655f468
1f470-1f3fd-200d-2642.png	1F470-1F3FD-200D-2642-FE0F.png	2f6f330406074cdbeeb0614bb9264bfd1f02b773ace218de7fb5815b28ff3a67	2f6f330406074cdbeeb0614bb9264bfd1f02b773ace218de7fb5815b28ff3a67
1f470-1f3fe.png	1F470-1F3FE.png	ae368b41d7f848c807a5eca7b88c3fb67216b5b68c8723d823345d9b47043433	ae368b41d7f848c807a5eca7b88c3fb67216b5b68c8723d823345d9b47043433
1f470-1f3fe-200d-2640.png	1F470-1F3FE-200D-2640-FE0F.png	83e478eebea1ab6409d4167e94e32b96ed6eba139808111726d9b779e9d60907	83e478eebea1ab6409d4167e94e32b96ed6eba139808111726d9b779e9d60907
1f470-1f3fe-200d-2642.png	1F470-1F3FE-200D-2642-FE0F.png	778185ee85cf3b977dbf7e8bd481dd85b159aef76c4a2885f89087e4a24b2f75	778185ee85cf3b977dbf7e8bd481dd85b159aef76c4a2885f89087e4a24b2f75
1f470-1f3ff.png	1F470-1F3FF.png	5e800b289ea0f14052f3142098b6cabedc61cb954e239788c4089e35ca2b3799	5e800b289ea0f14052f3142098b6cabedc61cb954e239788c4089e35ca2b3799
1f470-1f3ff-200d-2640.png	1F470-1F3FF-200D-2640-FE0F.png	f453f43eea00768c78651e42bd616060a666436ec8c3563d3657a90f03923885	f453f43eea00768c78651e42bd616060a666436ec8c3563d3657a90f03923885
1f470-1f3ff-200d-2642.png	1F470-1F3FF-200D-2642-FE0F.png	1ad0f1c05956bf7b2c3121ff59e6ad3ef12e65581d6dca089f026f639a24cc04	1ad0f1c05956bf7b2c3121ff59e6ad3ef12e65581d6dca089f026f639a24cc04
1f470-200d-2640.png	1F470-200D-2640-FE0F.png	b36ca06b3c40579102d7f746601138cb4cb1bfc1e69dd38a85e1329c19f66f34	b36ca06b3c40579102d7f746601138cb4cb1bfc1e69dd38a85e1329c19f66f34
1f470-200d-2642.png	1F470-200D-2642-FE0F.png	54dceeb58c015c212e54940483ba8d67ea40322c91a87fc83bdbc8eb99b54d8b	54dceeb58c015c212e54940483ba8d67ea40322c91a87fc83bdbc8eb99b54d8b
1f471.png	1F471.png	80b9917a70606585a64bc597d64db97e9dab37e65807ba189c155ae5e0f6aea9	80b9917a70606585a64bc597d64db97e9dab37e65807ba189c155ae5e0f6aea9
1f471-1f3fb.png	1F471-1F3FB.png	79287af885d0c708cb0bce8fae59640f41587130b0c0b7268b6e12f489f59c49	79287af885d0c708cb0bce8fae59640f41587130b0c0b7268b6e12f489f59c49
1f471-1f3fb-200d-2640.png	1F471-1F3FB-200D-2640-FE0F.png	4d1142961661113f32eeb5db7fb73d77980bf0709483aa7492bab67d3ad0fc74	4d1142961661113f32eeb5db7fb73d77980bf0709483aa7492bab67d3ad0fc74
1f471-1f3fb-200d-2642.png	1F471-1F3FB-200D-2642-FE0F.png	c9004d55f0506b3e302203f6e9151fe5d6d288eac5afe294799b1e89edd1e45e	c9004d55f0506b3e302203f6e9151fe5d6d288eac5afe294799b1e89edd1e45e
1f471-1f3fc.png	1F471-1F3FC.png	866c46d199b7d68fa3ff3d9f2f9aac247032f6614fc20d1ce7b95568e2a5fdee	866c46d199b7d68fa3ff3d9f2f9aac247032f6614fc20d1ce7b95568e2a5fdee
1f471-1f3fc-200d-2640.png	1F471-1F3FC-200D-2640-FE0F.png	d044935c3b7fc2d4dacf04f63b290538f2d3ddb7deae99114f9930d97a691cb6	d044935c3b7fc2d4dacf04f63b290538f2d3ddb7deae99114f9930d97a691cb6
1f471-1f3fc-200d-2642.png	1F471-1F3FC-200D-2642-FE0F.png	8a70940b8a71edc9a8c0941399497b375e5a65d481ada76ae9bf0a12b53ef7be	8a70940b8a71edc9a8c0941399497b375e5a65d481ada76ae9bf0a12b53ef7be
1f471-1f3fd.png	1F471-1F3FD.png	ee29b40df189d4ddd0bcecc283953b06b8c9c970feee1f18e98b6a1b17ef7e12	ee29b40df189d4ddd0bcecc283953b06b8c9c970feee1f18e98b6a1b17ef7e12
1f471-1f3fd-200d-2640.png	1F471-1F3FD-200D-2640-FE0F.png	a67c0f6f7445188952cca728047a57b9da584d96e3515384e1b08ce5aeb75806	a67c0f6f7445188952cca728047a57b9da584d96e3515384e1b08ce5aeb75806
1f471-1f3fd-200d-2642.png	1F471-1F3FD-200D-2642-FE0F.png	a6203d4beb441264801477ea71b746301ff9955c8c3f7216548555191fe58c01	a6203d4beb441264801477ea71b746301ff9955c8c3f7216548555191fe58c01
1f471-1f3fe.png	1F471-1F3FE.png	e3eaa08831e4c1ae5fc61335c03ce9cd67b64be6d79bf0525c2640d71f5c0dde	e3eaa08831e4c1ae5fc61335c03ce9cd67b64be6d79bf0525c2640d71f5c0dde
1f471-1f3fe-200d-2640.png	1F471-1F3FE-200D-2640-FE0F.png	bc0eb97596c95da3c064aa57364b47f8c6ab68ac0a3d50669a7bedf1d87738bf	bc0eb97596c95da3c064aa57364b47f8c6ab68ac0a3d50669a7bedf1d87738bf
1f471-1f3fe-200d-2642.png	1F471-1F3FE-200D-2642-FE0F.png	145e6692bdcd58651cd178f3f6c17e7c12d93e65464e54b3faf699cf1e45baf7	145e6692bdcd58651cd178f3f6c17e7c12d93e65464e54b3faf699cf1e45baf7
1f471-1f3ff.png	1F471-1F3FF.png	bcb6860adeb206161c141141f3f54510d15f052272e96d54ac7870f1ef746080	bcb6860adeb206161c141141f3f54510d15f052272e96d54ac7870f1ef746080
1f471-1f3ff-200d-2640.png	1F471-1F3FF-200D-2640-FE0F.png	59f0724683911b6d950e246ec6753a0fa0777595b359998aaad5ce4c0c844981	59f0724683911b6d950e246ec6753a0fa0777595b359998aaad5ce4c0c844981
1f471-1f3ff-200d-2642.png	1F471-1F3FF-200D-2642-FE0F.png	88d1eb21bdfbdb3c83ab1d520e04f32534e04913526b8dfb84687df0158e25d7	88d1eb21bdfbdb3c83ab1d520e04f32534e04913526b8dfb84687df0158e25d7
1f471-200d-2640.png	1F471-200D-2640-FE0F.png	6b69c749bac5978f243c551f6da2b5da6b27cba3df51b7438a1fab99cc0a7bea	6b69c749bac5978f243c551f6da2b5da6b27cba3df51b7438a1fab99cc0a7bea
1f471-200d-2642.png	1F471-200D-2642-FE0F.png	b68c99e70c181dd4013b6d9ba5a60146ae195b7594597b944a624b70909d7050	b68c99e70c181dd4013b6d9ba5a60146ae195b7594597b944a624b70909d7050
1f472.png	1F472.png	41c7c7a9c391408705d5cc12186a9bcb4c40b438f7009fd543abcb9e1d9b63a8	41c7c7a9c391408705d5cc12186a9bcb4c40b438f7009fd543abcb9e1d9b63a8
1f472-1f3fb.png	1F472-1F3FB.png	5bf9a1257d2b58cf48e1d447193971003ec6c9a8d6c9ba5cafea5a18835bc3c5	5bf9a1257d2b58cf48e1d447193971003ec6c9a8d6c9ba5cafea5a18835bc3c5
1f472-1f3fc.png	1F472-1F3FC.png	36b7e143ba26c30b9508e24ebdde290e62a2f1a18a6e703e1e4051374a496a54	36b7e143ba26c30b9508e24ebdde290e62a2f1a18a6e703e1e4051374a496a54
1f472-1f3fd.png	1F472-1F3FD.png	f69bcbc253fc4815cac1ab94db207c363041a5d5719218984b7cbdd801bcda37	f69bcbc253fc4815cac1ab94db207c363041a5d5719218984b7cbdd801bcda37
1f472-1f3fe.png	1F472-1F3FE.png	cc909761f5af5f6d639d0c5fafd889e3e2a9a9f99d0aa73594011372672313ae	cc909761f5af5f6d639d0c5fafd889e3e2a9a9f99d0aa73594011372672313ae
1f472-1f3ff.png	1F472-1F3FF.png	fc22857f00cfbade3dfd28fdbebfcf4cf9c376b63de77dd0296f3e167e19185f	fc22857f00cfbade3dfd28fdbebfcf4cf9c376b63de77dd0296f3e167e19185f
1f473.png	1F473.png	51c30480badbdff8d6aa887f048a89cce93a4925b5438f61a0b4177d3c4630a0	51c30480badbdff8d6aa887f048a89cce93a4925b5438f61a0b4177d3c4630a0
1f473-1f3fb.png	1F473-1F3FB.png	683aaf4f5db38fdce832afd5d1e0120251e2b94510c1bc589c7f7d3981927fe7	683aaf4f5db38fdce832afd5d1e0120251e2b94510c1bc589c7f7d3981927fe7
1f473-1f3fb-200d-2640.png	1F473-1F3FB-200D-2640-FE0F.png	683aaf4f5db38fdce832afd5d1e0120251e2b94510c1bc589c7f7d3981927fe7	683aaf4f5db38fdce832afd5d1e0120251e2b94510c1bc589c7f7d3981927fe7
1f473-1f3fb-200d-2642.png	1F473-1F3FB-200D-2642-FE0F.png	7ad045398c418c9dc69b38609679a04ca0e583cfb27852e45a5a88dfe8fdd205	7ad045398c418c9dc69b38609679a04ca0e583cfb27852e45a5a88dfe8fdd205
1f473-1f3fc.png	1F473-1F3FC.png	9cfe020d36a4bd791b7e6fd62c81d69ba218308ffd7c5a1091a358b02d96642e	9cfe020d36a4bd791b7e6fd62c81d69ba218308ffd7c5a1091a358b02d96642e
1f473-1f3fc-200d-2640.png	1F473-1F3FC-200D-2640-FE0F.png	9cfe020d36a4bd791b7e6fd62c81d69ba218308ffd7c5a1091a358b02d96642e	9cfe020d36a4bd791b7e6fd62c81d69ba218308ffd7c5a1091a358b02d96642e
1f473-1f3fc-200d-2642.png	1F473-1F3FC-200D-2642-FE0F.png	14aafdeddfd72cb87caad21ef6a9a72da74a351c4a468f29cf79d2e5051fbd7f	14aafdeddfd72cb87caad21ef6a9a72da74a351c4a468f29cf79d2e5051fbd7f
1f473-1f3fd.png	1F473-1F3FD.png	ecc1adf762c09250f8ee6290fa0be7c6bc9561b31f049845b7cf8a5807e64e26	ecc1adf762c09250f8ee6290fa0be7c6bc9561b31f049845b7cf8a5807e64e26
1f473-1f3fd-200d-2640.png	1F473-1F3FD-200D-2640-FE0F.png	ecc1adf762c09250f8ee6290fa0be7c6bc9561b31f049845b7cf8a5807e64e26	ecc1adf762c09250f8ee6290fa0be7c6bc9561b31f049845b7cf8a5807e64e26
1f473-1f3fd-200d-2642.png	1F473-1F3FD-200D-2642-FE0F.png	df6a89c2792c2f6c95ed195bde225d0115dc0f444edee886e2ce7c84fe409b0d	df6a89c2792c2f6c95ed195bde225d0115dc0f444edee886e2ce7c84fe409b0d
1f473-1f3fe.png	1F473-1F3FE.png	f41bb0d14002e6441687e4e983356b48b1fd3d3a727bd3239bd0d7d791707bdf	f41bb0d14002e6441687e4e983356b48b1fd3d3a727bd3239bd0d7d791707bdf
1f473-1f3fe-200d-2640.png	1F473-1F3FE-200D-2640-FE0F.png	f41bb0d14002e6441687e4e983356b48b1fd3d3a727bd3239bd0d7d791707bdf	f41bb0d14002e6441687e4e983356b48b1fd3d3a727bd3239bd0d7d791707bdf
1f473-1f3fe-200d-2642.png	1F473-1F3FE-200D-2642-FE0F.png	32476c219f53bd5703261bf9c95ef8c04ee929ce7814b86a873ffa6494b35a16	32476c219f53bd5703261bf9c95ef8c04ee929ce7814b86a873ffa6494b35a16
1f473-1f3ff.png	1F473-1F3FF.png	bd5bec77846962081a7da97a283f33f3fd416f35e14560e626415d02f002aac5	bd5bec77846962081a7da97a283f33f3fd416f35e14560e626415d02f002aac5
1f473-1f3ff-200d-2640.png	1F473-1F3FF-200D-2640-FE0F.png	bd5bec77846962081a7da97a283f33f3fd416f35e14560e626415d02f002aac5	bd5bec77846962081a7da97a283f33f3fd416f35e14560e626415d02f002aac5
1f473-1f3ff-200d-2642.png	1F473-1F3FF-200D-2642-FE0F.png	73f3491814f676f77716093fd52a43dc8f2d48ca944ab356e04e0f640f7e75db	73f3491814f676f77716093fd52a43dc8f2d48ca944ab356e04e0f640f7e75db
1f473-200d-2640.png	1F473-200D-2640-FE0F.png	51c30480badbdff8d6aa887f048a89cce93a4925b5438f61a0b4177d3c4630a0	51c30480badbdff8d6aa887f048a89cce93a4925b5438f61a0b4177d3c4630a0
1f473-200d-2642.png	1F473-200D-2642-FE0F.png	fa2f83d052f78ae55f5522a043c79796059e94a73457e7f158f1af4ff9d61ddd	fa2f83d052f78ae55f5522a043c79796059e94a73457e7f158f1af4ff9d61ddd
1f474.png	1F474.png	839be1c721a3efc20c0cc6903330570741aa3a43775b31da8d14e33140699899	839be1c721a3efc20c0cc6903330570741aa3a43775b31da8d14e33140699899
1f474-1f3fb.png	1F474-1F3FB.png	dd30f4084bb0ce013a7e57fa0eb14f333a219af1e66480e8aa0ebc069ebdb8a6	dd30f4084bb0ce013a7e57fa0eb14f333a219af1e66480e8aa0ebc069ebdb8a6
1f474-1f3fc.png	1F474-1F3FC.png	b02e79a7111f4c47ef039f19294ced1e641312e1c34b62f2131a5127ddc2342d	b02e79a7111f4c47ef039f19294ced1e641312e1c34b62f2131a5127ddc2342d
1f474-1f3fd.png	1F474-1F3FD.png	10cbaab41ad86428f4dc8dc33dd23ab5366bfcc28b0ad2441d64e8531b1c6b9b	10cbaab41ad86428f4dc8dc33dd23ab5366bfcc28b0ad2441d64e8531b1c6b9b
1f474-1f3fe.png	1F474-1F3FE.png	a9305183e5377499992455e3f502238cf96c762ac06faf6401234fdd58bb6c98	a9305183e5377499992455e3f502238cf96c762ac06faf6401234fdd58bb6c98
1f474-1f3ff.png	1F474-1F3FF.png	4d4d31964081c65c451b298af6baa8f72fd45e61c8e8d49529f7bd02971b09e9	4d4d31964081c65c451b298af6baa8f72fd45e61c8e8d49529f7bd02971b09e9
1f475.png	1F475.png	ac3edf348cc0e65c7ded8174d0c711d3c998d92d0f6b4d89fb9c5c0a7a3d27c4	ac3edf348cc0e65c7ded8174d0c711d3c998d92d0f6b4d89fb9c5c0a7a3d27c4
1f475-1f3fb.png	1F475-1F3FB.png	a9d1604fb50b4befab15c06e7ae6d055c2973bd5321bececf9880c4155666f9f	a9d1604fb50b4befab15c06e7ae6d055c2973bd5321bececf9880c4155666f9f
1f475-1f3fc.png	1F475-1F3FC.png	ba8621ae591bb841255e8666b7da847688c7054b71a7332aecb2c8d918e4e3cf	ba8621ae591bb841255e8666b7da847688c7054b71a7332aecb2c8d918e4e3cf
1f475-1f3fd.png	1F475-1F3FD.png	646273d709c7ec1e8e91829458673e5361a1530be2981a15d1cc07d65f05c9d7	646273d709c7ec1e8e91829458673e5361a1530be2981a15d1cc07d65f05c9d7
1f475-1f3fe.png	1F475-1F3FE.png	b27d3e482f5b352aa1069dbbed99cca5fbccd64dfdd0fe37332f2bbda67864b3	b27d3e482f5b352aa1069dbbed99cca5fbccd64dfdd0fe37332f2bbda67864b3
1f475-1f3ff.png	1F475-1F3FF.png	b7b40bb5cb98d024bedb57af85cce20b381a593f4dfe8a27464c801c40c4b0b0	b7b40bb5cb98d024bedb57af85cce20b381a593f4dfe8a27464c801c40c4b0b0
1f476.png	1F476.png	885b85c0cf8680642f1d37628ab630b880e7ac20cd504f7bcc7f4557a5569026	885b85c0cf8680642f1d37628ab630b880e7ac20cd504f7bcc7f4557a5569026
1f476-1f3fb.png	1F476-1F3FB.png	ebfdeb093870460805b190ee47bb362829258251be0cfb06ff1c1cc994f2d6fc	ebfdeb093870460805b190ee47bb362829258251be0cfb06ff1c1cc994f2d6fc
1f476-1f3fc.png	1F476-1F3FC.png	a61a66499e37c309221994f8f12f5ee0470b8248764d9524329c592d554741f7	a61a66499e37c309221994f8f12f5ee0470b8248764d9524329c592d554741f7
1f476-1f3fd.png	1F476-1F3FD.png	3a17bba5cb7d506fcbfb130db5be567f9c611e2b909b54fdee3a4f1d66053203	3a17bba5cb7d506fcbfb130db5be567f9c611e2b909b54fdee3a4f1d66053203
1f476-1f3fe.png	1F476-1F3FE.png	90de2b0f3f35e8b240e08b643a0a071fc48be6f374ef426aef6981836866ce4e	90de2b0f3f35e8b240e08b643a0a071fc48be6f374ef426aef6981836866ce4e
1f476-1f3ff.png	1F476-1F3FF.png	abb71571ebf11fe65adcf3784fca972733dc13f3897c7cb3cc24116c31e7a942	abb71571ebf11fe65adcf3784fca972733dc13f3897c7cb3cc24116c31e7a942
1f477.png	1F477.png	6a211803b49b61cc08d13a82ba4b6da1e079a461d69364624671e1496ccaf629	6a211803b49b61cc08d13a82ba4b6da1e079a461d69364624671e1496ccaf629
1f477-1f3fb.png	1F477-1F3FB.png	26fda5c181cf57573598db2caa10a93fa85398e65fe71aad417caf90f4d8d65f	26fda5c181cf57573598db2caa10a93fa85398e65fe71aad417caf90f4d8d65f
1f477-1f3fb-200d-2640.png	1F477-1F3FB-200D-2640-FE0F.png	b1529431bf36b8282ea7d406f382d8e116d94de4d997d97a78354d6e056b90bd	b1529431bf36b8282ea7d406f382d8e116d94de4d997d97a78354d6e056b90bd
1f477-1f3fb-200d-2642.png	1F477-1F3FB-200D-2642-FE0F.png	b462ceff29dd2989e4ca7a93de75dc47236e77c33b1a28072e74d26c4e907679	b462ceff29dd2989e4ca7a93de75dc47236e77c33b1a28072e74d26c4e907679
1f477-1f3fc.png	1F477-1F3FC.png	c9088f708cc96c798126ac82ac14a701d86da28cdfc29890083f553e7e6d9132	c9088f708cc96c798126ac82ac14a701d86da28cdfc29890083f553e7e6d9132
1f477-1f3fc-200d-2640.png	1F477-1F3FC-200D-2640-FE0F.png	284387b0d604e86869b02f4efcdbb511402b85c361fd3f27fe7441bf4741f92c	284387b0d604e86869b02f4efcdbb511402b85c361fd3f27fe7441bf4741f92c
1f477-1f3fc-200d-2642.png	1F477-1F3FC-200D-2642-FE0F.png	b80e25a37869c087cfd2017c2f0eafa8903b6a4dd72b76ccf504dfb6079301a8	b80e25a37869c087cfd2017c2f0eafa8903b6a4dd72b76ccf504dfb6079301a8
1f477-1f3fd.png	1F477-1F3FD.png	80a03ee710a5a6557d8fd85268943dd50b367deba03d0023d71ec08939916420	80a03ee710a5a6557d8fd85268943dd50b367deba03d0023d71ec08939916420
1f477-1f3fd-200d-2640.png	1F477-1F3FD-200D-2640-FE0F.png	f96d0aa61ae21ad50d87df08bd61c464eba24a8866b6b896e2333f5106e99864	f96d0aa61ae21ad50d87df08bd61c464eba24a8866b6b896e2333f5106e99864
1f477-1f3fd-200d-2642.png	1F477-1F3FD-200D-2642-FE0F.png	68b37881eec0b73fa5bcab89a313b1b2881b46585d03db590e07843aa4c5aafd	68b37881eec0b73fa5bcab89a313b1b2881b46585d03db590e07843aa4c5aafd
1f477-1f3fe.png	1F477-1F3FE.png	c8597a15068c3aed84f708252d1b4b49e06bae311a3db9c404ef35c2318ae028	c8597a15068c3aed84f708252d1b4b49e06bae311a3db9c404ef35c2318ae028
1f477-1f3fe-200d-2640.png	1F477-1F3FE-200D-2640-FE0F.png	f2b20769c66fd15c74a8910433b5344746dbe987bb82c1742dca6f3294f1c119	f2b20769c66fd15c74a8910433b5344746dbe987bb82c1742dca6f3294f1c119
1f477-1f3fe-200d-2642.png	1F477-1F3FE-200D-2642-FE0F.png	0d858998600a812307d2ceb85ba74dff575e279f397f119ef70ac6c7da273656	0d858998600a812307d2ceb85ba74dff575e279f397f119ef70ac6c7da273656
1f477-1f3ff.png	1F477-1F3FF.png	aa1919b9f1df2dbc00cc0fc93e67ac5f32d0682380476b38b1d88ce0312b3090	aa1919b9f1df2dbc00cc0fc93e67ac5f32d0682380476b38b1d88ce0312b3090
1f477-1f3ff-200d-2640.png	1F477-1F3FF-200D-2640-FE0F.png	57ec9fdf7d05a2a4d6563ec429057ea666297755c647096d5763f9969eb16b5a	57ec9fdf7d05a2a4d6563ec429057ea666297755c647096d5763f9969eb16b5a
1f477-1f3ff-200d-2642.png	1F477-1F3FF-200D-2642-FE0F.png	ebfcaff2ee51aee4f4ab7a2f212594d783f9e4cd62620f7161f5caf4e1429d79	ebfcaff2ee51aee4f4ab7a2f212594d783f9e4cd62620f7161f5caf4e1429d79
1f477-200d-2640.png	1F477-200D-2640-FE0F.png	cc25bdf393a78d6f1ab1ac0230db12741e6d28f7637970b0f5237986ff3d9239	cc25bdf393a78d6f1ab1ac0230db12741e6d28f7637970b0f5237986ff3d9239
1f477-200d-2642.png	1F477-200D-2642-FE0F.png	1ce829369a20e9bb5af035fdfc8b6ba55861238c12867c1be3b8c58b1e4fc60c	1ce829369a20e9bb5af035fdfc8b6ba55861238c12867c1be3b8c58b1e4fc60c
1f478.png	1F478.png	fc056e3c89603a008380674475ae39146896206facac55eac8371836883a84c6	fc056e3c89603a008380674475ae39146896206facac55eac8371836883a84c6
1f478-1f3fb.png	1F478-1F3FB.png	bf3eaa25784638533c6eed90506e42c99cf7842fb38b4f7e8d0ae8dbbcd0345d	bf3eaa25784638533c6eed90506e42c99cf7842fb38b4f7e8d0ae8dbbcd0345d
1f478-1f3fc.png	1F478-1F3FC.png	b0f55189ea46428e4ab014e8268e7fc0391e01f8301dd60f41149f9145be154d	b0f55189ea46428e4ab014e8268e7fc0391e01f8301dd60f41149f9145be154d
1f478-1f3fd.png	1F478-1F3FD.png	09a237ec7b1b3fadba55415d078b726e5f043084d1bb40cfe701342a8e579546	09a237ec7b1b3fadba55415d078b726e5f043084d1bb40cfe701342a8e579546
1f478-1f3fe.png	1F478-1F3FE.png	46816178adf2d73c8ef5cc3af0ef0ec73f70e25f04acce180f8d04bf44645fcd	46816178adf2d73c8ef5cc3af0ef0ec73f70e25f04acce180f8d04bf44645fcd
1f478-1f3ff.png	1F478-1F3FF.png	3f1327a6309f3c61de89ef8a45904e6a5bcd48ba4d0e51ffc8fa949b21c7bad6	3f1327a6309f3c61de89ef8a45904e6a5bcd48ba4d0e51ffc8fa949b21c7bad6
1f479.png	1F479.png	a68995bfe4d737985b0d501b802c6f902202673867c7845b7723489ddfba35cd	a68995bfe4d737985b0d501b802c6f902202673867c7845b7723489ddfba35cd
1f47a.png	1F47A.png	ad12bde4ad2c6d0d11bec8bc1c317a7c3ac937cfb31ccd1dddccc908238d340a	ad12bde4ad2c6d0d11bec8bc1c317a7c3ac937cfb31ccd1dddccc908238d340a
1f47b.png	1F47B.png	8fffb6803d7ea4e4447afcc8a895bdbc6374eb41f9ad7de1bb3b5e659605612d	8fffb6803d7ea4e4447afcc8a895bdbc6374eb41f9ad7de1bb3b5e659605612d
1f47c.png	1F47C.png	c27b9f42e748d9dc7c5bd89fc302753d0ca94eebb974e8729a6b1588f3722b9f	c27b9f42e748d9dc7c5bd89fc302753d0ca94eebb974e8729a6b1588f3722b9f
1f47c-1f3fb.png	1F47C-1F3FB.png	0882132f261e69d9fba91a33dba15fc104504892e9eaf7043518572355cd31f7	0882132f261e69d9fba91a33dba15fc104504892e9eaf7043518572355cd31f7
1f47c-1f3fc.png	1F47C-1F3FC.png	d0c8cd5e98b84c14e7814a46a2e1a2d3ecd0aa48f84789f416cba92b49ac2f66	d0c8cd5e98b84c14e7814a46a2e1a2d3ecd0aa48f84789f416cba92b49ac2f66
1f47c-1f3fd.png	1F47C-1F3FD.png	440e1d33a63bae0449d126c333175694b3301dd1d55eaf0b731dc74b8322cc05	440e1d33a63bae0449d126c333175694b3301dd1d55eaf0b731dc74b8322cc05
1f47c-1f3fe.png	1F47C-1F3FE.png	0c2f377b6b494745f6d21eff7ae82dffc6b8ae21cfc31d823a3d8e3701e6812d	0c2f377b6b494745f6d21eff7ae82dffc6b8ae21cfc31d823a3d8e3701e6812d
1f47c-1f3ff.png	1F47C-1F3FF.png	88d1755d5012caad30d87a79ee0824f8587e68c59be5349acb7a9a83d9daee97	88d1755d5012caad30d87a79ee0824f8587e68c59be5349acb7a9a83d9daee97
1f47d.png	1F47D.png	519df3a02ffe071c82a5c57ba1578fbe599c2138f4e223267edc30f0bc05be9e	519df3a02ffe071c82a5c57ba1578fbe599c2138f4e223267edc30f0bc05be9e
1f47e.png	1F47E.png	a33c75cf870cd70094c29f4846b110489d9c587571903b5ab56bb3312132e5ef	a33c75cf870cd70094c29f4846b110489d9c587571903b5ab56bb3312132e5ef
1f47f.png	1F47F.png	c2ddb3e27f3505b5b4ca06ad32d43a2a6baf900f221c6233990770dbefcf2ebf	c2ddb3e27f3505b5b4ca06ad32d43a2a6baf900f221c6233990770dbefcf2ebf
1f480.png	1F480.png	732589061dc1164727b9575a07bb7916a9c43a3ee220385c7cbffe79e4f92842	732589061dc1164727b9575a07bb7916a9c43a3ee220385c7cbffe79e4f92842
1f481.png	1F481.png	79f4dba0403e48187e3003f87f59e8375f2b43627e4ca9bf35ca42c4b4591c2e	79f4dba0403e48187e3003f87f59e8375f2b43627e4ca9bf35ca42c4b4591c2e
1f481-1f3fb.png	1F481-1F3FB.png	2a4aacb0d23284513718660f357c391be9801d8f2ffbf53558dd800f232abbe0	2a4aacb0d23284513718660f357c391be9801d8f2ffbf53558dd800f232abbe0
1f481-1f3fb-200d-2640.png	1F481-1F3FB-200D-2640-FE0F.png	17e817ed9ced4646fd2d92fb522586d972b117209acc98ac63e9cfb20c91cd99	17e817ed9ced4646fd2d92fb522586d972b117209acc98ac63e9cfb20c91cd99
1f481-1f3fb-200d-2642.png	1F481-1F3FB-200D-2642-FE0F.png	8119a42b43e7e46a078d6a66481c6d1019d0091f8d281ffeb708b6023fd94f14	8119a42b43e7e46a078d6a66481c6d1019d0091f8d281ffeb708b6023fd94f14
1f481-1f3fc.png	1F481-1F3FC.png	23345a66d4e8aab2fda26783c9460e19ebb839bf498408beb7fad44ce675ddf2	23345a66d4e8aab2fda26783c9460e19ebb839bf498408beb7fad44ce675ddf2
1f481-1f3fc-200d-2640.png	1F481-1F3FC-200D-2640-FE0F.png	353b15722b3042a5b70203ef34ba2efb18c687650d354fd40e551501d2bcf10b	353b15722b3042a5b70203ef34ba2efb18c687650d354fd40e551501d2bcf10b
1f481-1f3fc-200d-2642.png	1F481-1F3FC-200D-2642-FE0F.png	fdcd851177ebf8bc9d578c260738f8336197cfbe944c53a087fdb49cd4e3fe62	fdcd851177ebf8bc9d578c260738f8336197cfbe944c53a087fdb49cd4e3fe62
1f481-1f3fd.png	1F481-1F3FD.png	4de3de58fa10c13ec47dc7322dd8bf5f756fb3d1f25b447e4bfa4b51a90523a6	4de3de58fa10c13ec47dc7322dd8bf5f756fb3d1f25b447e4bfa4b51a90523a6
1f481-1f3fd-200d-2640.png	1F481-1F3FD-200D-2640-FE0F.png	3bd4bcfcd37ef334bb89ed8c2c1e66e9604c0b33a79750cb2598a2d18bead429	3bd4bcfcd37ef334bb89ed8c2c1e66e9604c0b33a79750cb2598a2d18bead429
1f481-1f3fd-200d-2642.png	1F481-1F3FD-200D-2642-FE0F.png	464958421ba3ec539c6ff8caf4ae0a364f968d9e1c5e89005d41d6cef76c62e5	464958421ba3ec539c6ff8caf4ae0a364f968d9e1c5e89005d41d6cef76c62e5
1f481-1f3fe.png	1F481-1F3FE.png	10288bb2e15e519733f0cff61a1c05447869ef867fd629b2dbaa80d3aa545254	10288bb2e15e519733f0cff61a1c05447869ef867fd629b2dbaa80d3aa545254
1f481-1f3fe-200d-2640.png	1F481-1F3FE-200D-2640-FE0F.png	26bf24c26a5f37fb6de92e5e7146e0dff9f15b6e801c4a6d0fd25f19641d44e8	26bf24c26a5f37fb6de92e5e7146e0dff9f15b6e801c4a6d0fd25f19641d44e8
1f481-1f3fe-200d-2642.png	1F481-1F3FE-200D-2642-FE0F.png	f71ca2807e7b3eea0d901e5d236aa8aee1996c8e1655bf48f70c07b719a3c2ef	f71ca2807e7b3eea0d901e5d236aa8aee1996c8e1655bf48f70c07b719a3c2ef
1f481-1f3ff.png	1F481-1F3FF.png	20839c5beb66b0e79ddbf9ee91e449eba7728d9e8d227fcc901638d2bb62c55e	20839c5beb66b0e79ddbf9ee91e449eba7728d9e8d227fcc901638d2bb62c55e
1f481-1f3ff-200d-2640.png	1F481-1F3FF-200D-2640-FE0F.png	118874193745ea4c9555a42cff1c227c15882c8336759acba06183395a90fc5b	118874193745ea4c9555a42cff1c227c15882c8336759acba06183395a90fc5b
1f481-1f3ff-200d-2642.png	1F481-1F3FF-200D-2642-FE0F.png	9f044e62163ea5cc842479544d661bcb73ad024462a9935f1f8f7f31b9e858f9	9f044e62163ea5cc842479544d661bcb73ad024462a9935f1f8f7f31b9e858f9
1f481-200d-2640.png	1F481-200D-2640-FE0F.png	86f70c382d68b4043b7fc447e9f0c7020599cdb88adea9ac1a651be64da86edb	86f70c382d68b4043b7fc447e9f0c7020599cdb88adea9ac1a651be64da86edb
1f481-200d-2642.png	1F481-200D-2642-FE0F.png	a563b65bffc51b42bb82c8e932a24c8ad71e44f04f28fd7fc39dcfcaf05ac143	a563b65bffc51b42bb82c8e932a24c8ad71e44f04f28fd7fc39dcfcaf05ac143
1f482.png	1F482.png	ac8814b65669bc999b85d39e8ec2b9a62a04ae85a5b57671c183459a3ffbf22d	ac8814b65669bc999b85d39e8ec2b9a62a04ae85a5b57671c183459a3ffbf22d
1f482-1f3fb.png	1F482-1F3FB.png	be2f64140f8cb2b5cbc4e3c4aca7c092bd6a8c8a560232bdf70b86a73c585470	be2f64140f8cb2b5cbc4e3c4aca7c092bd6a8c8a560232bdf70b86a73c585470
1f482-1f3fb-200d-2640.png	1F482-1F3FB-200D-2640-FE0F.png	377c3729d64df90c4437e7e918ecd068fd3edb04805187b1f42d1ae479cc4d85	377c3729d64df90c4437e7e918ecd068fd3edb04805187b1f42d1ae479cc4d85
1f482-1f3fb-200d-2642.png	1F482-1F3FB-200D-2642-FE0F.png	dd9ec07d30c5b00ed9a0fea59f54cd59c2bd788bd52f29846e04e82ea1e78d0d	dd9ec07d30c5b00ed9a0fea59f54cd59c2bd788bd52f29846e04e82ea1e78d0d
1f482-1f3fc.png	1F482-1F3FC.png	5134022b72157143a7bdad2cac33ab85d1f2584a4b574c5921e2579501bbe1c8	5134022b72157143a7bdad2cac33ab85d1f2584a4b574c5921e2579501bbe1c8
1f482-1f3fc-200d-2640.png	1F482-1F3FC-200D-2640-FE0F.png	00e011b9d5c9921907a819cb851b9fc95ee6628e1de61edc805e7f090303a902	00e011b9d5c9921907a819cb851b9fc95ee6628e1de61edc805e7f090303a902
1f482-1f3fc-200d-2642.png	1F482-1F3FC-200D-2642-FE0F.png	21bcfde3261699ef2b0bfb453879a4428bb49578e10b85afcf2b9d605b101b95	21bcfde3261699ef2b0bfb453879a4428bb49578e10b85afcf2b9d605b101b95
1f482-1f3fd.png	1F482-1F3FD.png	676e0e25d22678e72b01773ac43bcc9a181b1f348821f3e68f9764eaee5b00fb	676e0e25d22678e72b01773ac43bcc9a181b1f348821f3e68f9764eaee5b00fb
1f482-1f3fd-200d-2640.png	1F482-1F3FD-200D-2640-FE0F.png	9154234a6505f98aefc3098b29390ca14990eee4c70752bdf9c406dd19d6da19	9154234a6505f98aefc3098b29390ca14990eee4c70752bdf9c406dd19d6da19
1f482-1f3fd-200d-2642.png	1F482-1F3FD-200D-2642-FE0F.png	6858ede6cba62eb3b735b1c8a36190b24f32db3abde4c44220e407c5c0cd63f3	6858ede6cba62eb3b735b1c8a36190b24f32db3abde4c44220e407c5c0cd63f3
1f482-1f3fe.png	1F482-1F3FE.png	e89e716fd6d0f17601c87440cc41eee0cbe837b504198d2770e7840ff5558c33	e89e716fd6d0f17601c87440cc41eee0cbe837b504198d2770e7840ff5558c33
1f482-1f3fe-200d-2640.png	1F482-1F3FE-200D-2640-FE0F.png	e4eb2b70ac91a40d110e16310e7126279ac09e11e6d50cbb13c2cf32c2fc22a4	e4eb2b70ac91a40d110e16310e7126279ac09e11e6d50cbb13c2cf32c2fc22a4
1f482-1f3fe-200d-2642.png	1F482-1F3FE-200D-2642-FE0F.png	915a2548028413dfc76a92d3017f83c376ae7bfea08d395ed0bc3c99b7ce8fbc	915a2548028413dfc76a92d3017f83c376ae7bfea08d395ed0bc3c99b7ce8fbc
1f482-1f3ff.png	1F482-1F3FF.png	8b464dacdae7c0ab9fe915b6873c95f4d9b7d6200c38b45900e94f374449d258	8b464dacdae7c0ab9fe915b6873c95f4d9b7d6200c38b45900e94f374449d258
1f482-1f3ff-200d-2640.png	1F482-1F3FF-200D-2640-FE0F.png	4f681190ff7666accc54d01d361b61d2ae3cb9836a47186caeba7304eafd0bb7	4f681190ff7666accc54d01d361b61d2ae3cb9836a47186caeba7304eafd0bb7
1f482-1f3ff-200d-2642.png	1F482-1F3FF-200D-2642-FE0F.png	1cb077895dc1584ef4b176c8a9e1a7b1e5514d535c50591dce0207ee7e176d69	1cb077895dc1584ef4b176c8a9e1a7b1e5514d535c50591dce0207ee7e176d69
1f482-200d-2640.png	1F482-200D-2640-FE0F.png	4b5eaee7fdba7485036069cc31ad24e6f4d4ce1c7d3faa1da6dc4324748ccb0f	4b5eaee7fdba7485036069cc31ad24e6f4d4ce1c7d3faa1da6dc4324748ccb0f
1f482-200d-2642.png	1F482-200D-2642-FE0F.png	66ee143e2f6be8b16d082819a1ba61badd270d13f431652f913f1474c1c7040f	66ee143e2f6be8b16d082819a1ba61badd270d13f431652f913f1474c1c7040f
1f483.png	1F483.png	e0f15b37b6c3cfedde203e0249f20c4f44666bc275a21c8ca5b7ff2a03986f12	e0f15b37b6c3cfedde203e0249f20c4f44666bc275a21c8ca5b7ff2a03986f12
1f483-1f3fb.png	1F483-1F3FB.png	5a96e527f67820b39c80be265b6c9e89e1ecf7297ddb650d26a4cd65371b5e37	5a96e527f67820b39c80be265b6c9e89e1ecf7297ddb650d26a4cd65371b5e37
1f483-1f3fc.png	1F483-1F3FC.png	0ed08a3a6576205c1d8c5c9409e1637878ec410224acfd6a07022cce4ac5229f	0ed08a3a6576205c1d8c5c9409e1637878ec410224acfd6a07022cce4ac5229f
1f483-1f3fd.png	1F483-1F3FD.png	65e3f633aa389366dcab7aec90598af3ec07fddea3c65abacd6380c315aefff1	65e3f633aa389366dcab7aec90598af3ec07fddea3c65abacd6380c315aefff1
1f483-1f3fe.png	1F483-1F3FE.png	3039da240d12081a8b03d79321ad7746c36e117ab7d511feb99773a2784510cf	3039da240d12081a8b03d79321ad7746c36e117ab7d511feb99773a2784510cf
1f483-1f3ff.png	1F483-1F3FF.png	1689f196ecf786ca57a10686a124d0962e5a893961357fd0bc5a5043a0b7c87a	1689f196ecf786ca57a10686a124d0962e5a893961357fd0bc5a5043a0b7c87a
1f484.png	1F484.png	f2eff171a360cdf7c5021bf8987cb5743ae8b49a2d7e1dec8058228cc4c6593f	f2eff171a360cdf7c5021bf8987cb5743ae8b49a2d7e1dec8058228cc4c6593f
1f485.png	1F485.png	947bf0c6fdd87f717c26c9e73aac52255f2dcaf7c8134aa04c21a6ebc75ffbe0	947bf0c6fdd87f717c26c9e73aac52255f2dcaf7c8134aa04c21a6ebc75ffbe0
1f485-1f3fb.png	1F485-1F3FB.png	1d4753530e2f962e846c0d3d813e852cdeca966c726e031524e2067650d2de63	1d4753530e2f962e846c0d3d813e852cdeca966c726e031524e2067650d2de63
1f485-1f3fc.png	1F485-1F3FC.png	2b0d97e4962ac1fdad1bb521f730278f0b212c56f892d57b4ccdf6a06d3d39af	2b0d97e4962ac1fdad1bb521f730278f0b212c56f892d57b4ccdf6a06d3d39af
1f485-1f3fd.png	1F485-1F3FD.png	2ab9fc3e3543392bf0bda0338691a6dda2dbd318399180714086237766758dcc	2ab9fc3e3543392bf0bda0338691a6dda2dbd318399180714086237766758dcc
1f485-1f3fe.png	1F485-1F3FE.png	58f8ca9efe2a3af41bde4858b56a7456ae3ed15b895c21bc818b887ba380c981	58f8ca9efe2a3af41bde4858b56a7456ae3ed15b895c21bc818b887ba380c981
1f485-1f3ff.png	1F485-1F3FF.png	da16293c1ae3a5d59841f96303e1d5be572f4907df0f994b4ab343426e82eb4f	da16293c1ae3a5d59841f96303e1d5be572f4907df0f994b4ab343426e82eb4f
1f486.png	1F486.png	231f1f16794d64ff16ffbc9548fed15b6ee3dc2a462b437afc81be822948f336	231f1f16794d64ff16ffbc9548fed15b6ee3dc2a462b437afc81be822948f336
1f486-1f3fb.png	1F486-1F3FB.png	ff4520e5f4be50ebd65368f377763cfb500a04755e254c0752b8389a2c775e36	ff4520e5f4be50ebd65368f377763cfb500a04755e254c0752b8389a2c775e36
1f486-1f3fb-200d-2640.png	1F486-1F3FB-200D-2640-FE0F.png	de83e27b9848108a605ea617a83ec583ec1dcc3393a7313606c6e97d2782f8ef	de83e27b9848108a605ea617a83ec583ec1dcc3393a7313606c6e97d2782f8ef
1f486-1f3fb-200d-2642.png	1F486-1F3FB-200D-2642-FE0F.png	3e5a3330c05458536bee9535583a8092ac9e8a025a12171686712e0a11bfd5f9	3e5a3330c05458536bee9535583a8092ac9e8a025a12171686712e0a11bfd5f9
1f486-1f3fc.png	1F486-1F3FC.png	b7ebfe68d20248542fba4f9d303cc9d433de7e52ab7e08604b0bfad1e3996e97	b7ebfe68d20248542fba4f9d303cc9d433de7e52ab7e08604b0bfad1e3996e97
1f486-1f3fc-200d-2640.png	1F486-1F3FC-200D-2640-FE0F.png	57b14997d5afee2a5a09951c6a3b0df91a8576d545a2236a58ae7f5f397a8b02	57b14997d5afee2a5a09951c6a3b0df91a8576d545a2236a58ae7f5f397a8b02
1f486-1f3fc-200d-2642.png	1F486-1F3FC-200D-2642-FE0F.png	cde1d68c4b80f5096f27525b577aa2cab6f648f8eee66567873ab7af4758daab	cde1d68c4b80f5096f27525b577aa2cab6f648f8eee66567873ab7af4758daab
1f486-1f3fd.png	1F486-1F3FD.png	a650e9025081698484e0dc02020f5f17df808e410058cf96ae1d7f65e4db50e0	a650e9025081698484e0dc02020f5f17df808e410058cf96ae1d7f65e4db50e0
1f486-1f3fd-200d-2640.png	1F486-1F3FD-200D-2640-FE0F.png	02eec1d807abb327995d7dcd5b653aafcb9f999106fdf010c92f53b330faf4fb	02eec1d807abb327995d7dcd5b653aafcb9f999106fdf010c92f53b330faf4fb
1f486-1f3fd-200d-2642.png	1F486-1F3FD-200D-2642-FE0F.png	caddcbaa3e6c4a90bd90477a87f6b332ec911d13dde3f233e5bb1c15d039db08	caddcbaa3e6c4a90bd90477a87f6b332ec911d13dde3f233e5bb1c15d039db08
1f486-1f3fe.png	1F486-1F3FE.png	0ab39ae84e4a82230375d7c83df85063fe0822fa7e3673f03276494b6b618537	0ab39ae84e4a82230375d7c83df85063fe0822fa7e3673f03276494b6b618537
1f486-1f3fe-200d-2640.png	1F486-1F3FE-200D-2640-FE0F.png	ae1cfd1bce0ae6cb382b863d9571443248a086e6c1ef6b365135a2be36216382	ae1cfd1bce0ae6cb382b863d9571443248a086e6c1ef6b365135a2be36216382
1f486-1f3fe-200d-2642.png	1F486-1F3FE-200D-2642-FE0F.png	c0e07b5ee2ec604d4e66db738e8d69c46e91f4ff1ee5ada0454215c49b48a107	c0e07b5ee2ec604d4e66db738e8d69c46e91f4ff1ee5ada0454215c49b48a107
1f486-1f3ff.png	1F486-1F3FF.png	121e4575989bb53d5d76280d979d16064679521aa8fd82a2b313a17dcf9485e7	121e4575989bb53d5d76280d979d16064679521aa8fd82a2b313a17dcf9485e7
1f486-1f3ff-200d-2640.png	1F486-1F3FF-200D-2640-FE0F.png	8e0804e16080e3909455d5c3eaf0abdc4045e99862b32aaee8eb583563543f61	8e0804e16080e3909455d5c3eaf0abdc4045e99862b32aaee8eb583563543f61
1f486-1f3ff-200d-2642.png	1F486-1F3FF-200D-2642-FE0F.png	2c2d08c1be167d8f170a55c6b72ad361b9002675c61d14f2f5d25a8cf40b6060	2c2d08c1be167d8f170a55c6b72ad361b9002675c61d14f2f5d25a8cf40b6060
1f486-200d-2640.png	1F486-200D-2640-FE0F.png	5c87f20ec5b778ea3ca6a0d0124432674105689196c7d264e6cae783ff7ebf3b	5c87f20ec5b778ea3ca6a0d0124432674105689196c7d264e6cae783ff7ebf3b
1f486-200d-2642.png	1F486-200D-2642-FE0F.png	fe7ba1832915e16cbfa42c1ecbf489e056340f4a5bbba913790e53db8d20c54d	fe7ba1832915e16cbfa42c1ecbf489e056340f4a5bbba913790e53db8d20c54d
1f487.png	1F487.png	6f5df8ef920a9c7937dec46986ad4176e0a3ab61447b3effeaa85ed7e84582a0	6f5df8ef920a9c7937dec46986ad4176e0a3ab61447b3effeaa85ed7e84582a0
1f487-1f3fb.png	1F487-1F3FB.png	03ac08a2dd988f7d919aef49ee8db895c9618ae86b7d291a0671d51a0ca273a9	03ac08a2dd988f7d919aef49ee8db895c9618ae86b7d291a0671d51a0ca273a9
1f487-1f3fb-200d-2640.png	1F487-1F3FB-200D-2640-FE0F.png	1b2d979ad85891a7ece409d2c060d275a8eb6c7737ea585ac115fc5014a5bd37	1b2d979ad85891a7ece409d2c060d275a8eb6c7737ea585ac115fc5014a5bd37
1f487-1f3fb-200d-2642.png	1F487-1F3FB-200D-2642-FE0F.png	b2d3745f60ed569c3b0b5ec1f9e121501d944ee995ec28e98e5ab9e1adffb0c1	b2d3745f60ed569c3b0b5ec1f9e121501d944ee995ec28e98e5ab9e1adffb0c1
1f487-1f3fc.png	1F487-1F3FC.png	1ac8d17f091d465814e0cdf51b68684de1bb8fd0e69716b2098955b4e2a5a20a	1ac8d17f091d465814e0cdf51b68684de1bb8fd0e69716b2098955b4e2a5a20a
1f487-1f3fc-200d-2640.png	1F487-1F3FC-200D-2640-FE0F.png	05cd08bc56e49b9ed08756a1f59b43df04dfc93a0e99fe2db106fa2de3cac66a	05cd08bc56e49b9ed08756a1f59b43df04dfc93a0e99fe2db106fa2de3cac66a
1f487-1f3fc-200d-2642.png	1F487-1F3FC-200D-2642-FE0F.png	21d2636aae22b9b64b196f767c0b97d2c0c3a4cfdb0e5be5ec167acb1f513a5a	21d2636aae22b9b64b196f767c0b97d2c0c3a4cfdb0e5be5ec167acb1f513a5a
1f487-1f3fd.png	1F487-1F3FD.png	2f116d7d96f33ec21f3671a8c3e0c9443a7318ae90e4a56a0e1ae23ddf8dd488	2f116d7d96f33ec21f3671a8c3e0c9443a7318ae90e4a56a0e1ae23ddf8dd488
1f487-1f3fd-200d-2640.png	1F487-1F3FD-200D-2640-FE0F.png	352fe22a7f4403421e04ff49ee873631a3b11548c0929e65a39eca0dca82bf59	352fe22a7f4403421e04ff49ee873631a3b11548c0929e65a39eca0dca82bf59
1f487-1f3fd-200d-2642.png	1F487-1F3FD-200D-2642-FE0F.png	ce597fe9d69511f48c2b8ad853249d3871a93dcc6eeddff43ea948a2e18088af	ce597fe9d69511f48c2b8ad853249d3871a93dcc6eeddff43ea948a2e18088af
1f487-1f3fe.png	1F487-1F3FE.png	a06697d5b820c91e78de406b9d57e0813f3e2f79578860db969c23670dbf1816	a06697d5b820c91e78de406b9d57e0813f3e2f79578860db969c23670dbf1816
1f487-1f3fe-200d-2640.png	1F487-1F3FE-200D-2640-FE0F.png	5f181dbf52a463438a05c4db151875b6b3e8740b376258362257b8f0b6ef16cc	5f181dbf52a463438a05c4db151875b6b3e8740b376258362257b8f0b6ef16cc
1f487-1f3fe-200d-2642.png	1F487-1F3FE-200D-2642-FE0F.png	21229a69095782221a0dcb6f16859d3fd71f711d54efdd8f9dfa89a5decebf84	21229a69095782221a0dcb6f16859d3fd71f711d54efdd8f9dfa89a5decebf84
1f487-1f3ff.png	1F487-1F3FF.png	3d6c93d91974ceec70c086c51daa8489fd4e10905620a65cc91ff71556b0bed8	3d6c93d91974ceec70c086c51daa8489fd4e10905620a65cc91ff71556b0bed8
1f487-1f3ff-200d-2640.png	1F487-1F3FF-200D-2640-FE0F.png	0fc9e8a60dbe79bef7e05da2d641785e0231df82489542f2f3780e7e6e63b73a	0fc9e8a60dbe79bef7e05da2d641785e0231df82489542f2f3780e7e6e63b73a
1f487-1f3ff-200d-2642.png	1F487-1F3FF-200D-2642-FE0F.png	406019fe5591332a4c71bd4b83088240d4f6bf980e515cd15003b0fb7d8f9dd5	406019fe5591332a4c71bd4b83088240d4f6bf980e515cd15003b0fb7d8f9dd5
1f487-200d-2640.png	1F487-200D-2640-FE0F.png	2e8f7d431a66a273d77f75e2b78da0301f5a056a7836540191469aeb3ae91d09	2e8f7d431a66a273d77f75e2b78da0301f5a056a7836540191469aeb3ae91d09
1f487-200d-2642.png	1F487-200D-2642-FE0F.png	1912ff69d16f8643ec708074e576b386d3007124984a665e1d47e526e312f092	1912ff69d16f8643ec708074e576b386d3007124984a665e1d47e526e312f092
1f488.png	1F488.png	095b8375ccb7a67036b24e1e103e62612b617031f214b47461fb99ccb8512717	095b8375ccb7a67036b24e1e103e62612b617031f214b47461fb99ccb8512717
1f489.png	1F489.png	cb76781e73d1e5fc7edb32f70bf753763fffd06a0ea703bb5e79ede092a8f461	cb76781e73d1e5fc7edb32f70bf753763fffd06a0ea703bb5e79ede092a8f461
1f48a.png	1F48A.png	7d3d5434d64ba6b99e1a9084b5f6aa496161105a1f3ab1dfc8b330eb3cc8bd5b	7d3d5434d64ba6b99e1a9084b5f6aa496161105a1f3ab1dfc8b330eb3cc8bd5b
1f48b.png	1F48B.png	0cc033009361111c78a5c12052e80c9a8dea2eef0d3e6408aae3756b9f5ac035	0cc033009361111c78a5c12052e80c9a8dea2eef0d3e6408aae3756b9f5ac035
1f48c.png	1F48C.png	c842506db0d24cb50e02aea5e7a66709ff9b37af310defc54e21379f7c2f7b6c	c842506db0d24cb50e02aea5e7a66709ff9b37af310defc54e21379f7c2f7b6c
1f48d.png	1F48D.png	fd04b96069d7b70642d79202c832eba06fe5ad6b24fd1e002c385e79f9c0a0f2	fd04b96069d7b70642d79202c832eba06fe5ad6b24fd1e002c385e79f9c0a0f2
1f48e.png	1F48E.png	b30b8bdb38769f468ae8bf18cca446e71daff82ba2afb3dd3ad1ec3518df3a88	b30b8bdb38769f468ae8bf18cca446e71daff82ba2afb3dd3ad1ec3518df3a88
1f48f.png	1F48F.png	6ae4cbd7d559cd96e0e5e119c90de133b452c38c7991cf634a5b766d18eec275	6ae4cbd7d559cd96e0e5e119c90de133b452c38c7991cf634a5b766d18eec275
1f48f-1f3fb.png	1F48F-1F3FB.png	f3e4e4da510086048b0a1350b7b49162058f7db54be69cc97f7ef33f02ec0bcc	f3e4e4da510086048b0a1350b7b49162058f7db54be69cc97f7ef33f02ec0bcc
1f48f-1f3fc.png	1F48F-1F3FC.png	2b29a363e15ae967ee94e8baed46bd76f278496117de54cdb7baa806b13af0f2	2b29a363e15ae967ee94e8baed46bd76f278496117de54cdb7baa806b13af0f2
1f48f-1f3fd.png	1F48F-1F3FD.png	5a52d2abd509a5b781a283b00b5edcda937cef217bef476ce51287f5f46bce8e	5a52d2abd509a5b781a283b00b5edcda937cef217bef476ce51287f5f46bce8e
1f48f-1f3fe.png	1F48F-1F3FE.png	87adf74c4a9c533d269e83f1c62b4b6d654c3d9f1ecbfb189d6acdc8f49d9eb2	87adf74c4a9c533d269e83f1c62b4b6d654c3d9f1ecbfb189d6acdc8f49d9eb2
1f48f-1f3ff.png	1F48F-1F3FF.png	8fe38d49b8406fbd3f193fe6fe39aeb5c74a43a81c58237fe2d9d9877364a5a9	8fe38d49b8406fbd3f193fe6fe39aeb5c74a43a81c58237fe2d9d9877364a5a9
1f490.png	1F490.png	1537f18ee88477ed390f40366b779fdccb3ce0df99a1b1b3af26392564574c0b	1537f18ee88477ed390f40366b779fdccb3ce0df99a1b1b3af26392564574c0b
1f491.png	1F491.png	c3a85d77c44aae3259750e7ebe251f939601ffcff3a3974c59a591692713bd11	c3a85d77c44aae3259750e7ebe251f939601ffcff3a3974c59a591692713bd11
1f491-1f3fb.png	1F491-1F3FB.png	ae4a5e2106ee0af2ac5e4ed4ae1294043a948ea61366922d2b5a2f40226998ad	ae4a5e2106ee0af2ac5e4ed4ae1294043a948ea61366922d2b5a2f40226998ad
1f491-1f3fc.png	1F491-1F3FC.png	a0e90585027c02720536b2c67ba72cc09c2bf35e3c990f60797f17fdecb609db	a0e90585027c02720536b2c67ba72cc09c2bf35e3c990f60797f17fdecb609db
1f491-1f3fd.png	1F491-1F3FD.png	4ae87e45e5d8d53201a11b83207d7867f353d74396376d63b6716e30e590663c	4ae87e45e5d8d53201a11b83207d7867f353d74396376d63b6716e30e590663c
1f491-1f3fe.png	1F491-1F3FE.png	6036abae37c3fa5605854de9729705e18972a3e880929c0b81aea359c8f2c4de	6036abae37c3fa5605854de9729705e18972a3e880929c0b81aea359c8f2c4de
1f491-1f3ff.png	1F491-1F3FF.png	753f666d64918fc447c270b54f45ac49dc4364b80b01c46a5c28f92c3e0351a4	753f666d64918fc447c270b54f45ac49dc4364b80b01c46a5c28f92c3e0351a4
1f492.png	1F492.png	81f36ed4116ed5c820523d2c8404787059e8eb13ee79947c04fefb2c755649aa	81f36ed4116ed5c820523d2c8404787059e8eb13ee79947c04fefb2c755649aa
1f493.png	1F493.png	bd7a32363e4d695b1fffdbb75c1d149280ca833ea35f16d534228264530eba56	bd7a32363e4d695b1fffdbb75c1d149280ca833ea35f16d534228264530eba56
1f494.png	1F494.png	ed619c5f214c8f1ceae5f745397c0e2e053ff3aade9df99963b2d45926813570	ed619c5f214c8f1ceae5f745397c0e2e053ff3aade9df99963b2d45926813570
1f495.png	1F495.png	df739cd6d68b0c3eabfc8d21a37152377b42996f9a99262bccaf775a388c47f0	df739cd6d68b0c3eabfc8d21a37152377b42996f9a99262bccaf775a388c47f0
1f496.png	1F496.png	59abb13b5e7edcbfe2998804164382dc5792a28b8e6c6ef3c54955876910631e	59abb13b5e7edcbfe2998804164382dc5792a28b8e6c6ef3c54955876910631e
1f497.png	1F497.png	681b536e4aeb2295fa6b250df901515f2515ba6178475b6f6c49af265cf02a0e	681b536e4aeb2295fa6b250df901515f2515ba6178475b6f6c49af265cf02a0e
1f498.png	1F498.png	4d7074aaae57ee0003f4706e2b05c98f024985c38ddcc27cdb3e03e898177632	4d7074aaae57ee0003f4706e2b05c98f024985c38ddcc27cdb3e03e898177632
1f499.png	1F499.png	6a3ff6ed00d2518b2e1d754fe475d3868a055599a7ef2d89de43a30a653cdffd	6a3ff6ed00d2518b2e1d754fe475d3868a055599a7ef2d89de43a30a653cdffd
1f49a.png	1F49A.png	e4c1e585ed76c4095b432e9b6622ef47d8b7fb222920d86400acf3a20574e4c0	e4c1e585ed76c4095b432e9b6622ef47d8b7fb222920d86400acf3a20574e4c0
1f49b.png	1F49B.png	4d5dce9fcc7463408351a2927e05e00f727d6adb285f0b63ac540f68819b9998	4d5dce9fcc7463408351a2927e05e00f727d6adb285f0b63ac540f68819b9998
1f49c.png	1F49C.png	ef0dce79179da194db9db631722e42692595c1bb253aa8792ec96f268baf875e	ef0dce79179da194db9db631722e42692595c1bb253aa8792ec96f268baf875e
1f49d.png	1F49D.png	1d23c5ac33455070de655035db586e64aeb03b7676f92e3f17e71f5b32fcb9ac	1d23c5ac33455070de655035db586e64aeb03b7676f92e3f17e71f5b32fcb9ac
1f49e.png	1F49E.png	0670317c67b3a8e03e275c753b409371430cb87fc6b27e108bcdfe443309f02a	0670317c67b3a8e03e275c753b409371430cb87fc6b27e108bcdfe443309f02a
1f49f.png	1F49F.png	c918597112b3a60455fba78d98c5a6a4d36ea551f3680d1af510262e5beecc4b	c918597112b3a60455fba78d98c5a6a4d36ea551f3680d1af510262e5beecc4b
1f4a0.png	1F4A0.png	3b59eb1eb3ecdf266666d25c1bf004293f672af1eb5baf9b6b2838c18662bbc6	3b59eb1eb3ecdf266666d25c1bf004293f672af1eb5baf9b6b2838c18662bbc6
1f4a1.png	1F4A1.png	4cebcb1debaeac127a4db4a4a64714d88150a15947eb0d6fd74d76b913c6b5fa	4cebcb1debaeac127a4db4a4a64714d88150a15947eb0d6fd74d76b913c6b5fa
1f4a2.png	1F4A2.png	8c39f230180edb8c141eb5532051bb2b66758f6cf4954ea6cbe3c745b2537c3f	8c39f230180edb8c141eb5532051bb2b66758f6cf4954ea6cbe3c745b2537c3f
1f4a3.png	1F4A3.png	aaa6d2c20d5bdabc2a2825aef440241244c4a6fa8f327c3154e1f166b08b01dc	aaa6d2c20d5bdabc2a2825aef440241244c4a6fa8f327c3154e1f166b08b01dc
1f4a4.png	1F4A4.png	f98c80b676ce35b33db719fc8f67b44946990703330ee4446028c991a0a17314	f98c80b676ce35b33db719fc8f67b44946990703330ee4446028c991a0a17314
1f4a5.png	1F4A5.png	186b992845cd61d63f8608564ca1c4b0aac5302291f614c6fe97916fc76a18ce	186b992845cd61d63f8608564ca1c4b0aac5302291f614c6fe97916fc76a18ce
1f4a6.png	1F4A6.png	979c9ac3da3acfbea87240acb8b46e4ba300260541f3a078d9eda78c8e68772e	979c9ac3da3acfbea87240acb8b46e4ba300260541f3a078d9eda78c8e68772e
1f4a7.png	1F4A7.png	4f581edf1b1df2b598ac5d3738d24a4bbb7cb75441d374d7fda47eca0896512f	4f581edf1b1df2b598ac5d3738d24a4bbb7cb75441d374d7fda47eca0896512f
1f4a8.png	1F4A8.png	73662160497837a94538ce457cccbd7ab334fb0f1834922f9c97672655098e53	73662160497837a94538ce457cccbd7ab334fb0f1834922f9c97672655098e53
1f4a9.png	1F4A9.png	5c733ace134e820a3307dd795e47045dd7d2cee21726ce5b8ad3a1434205b121	5c733ace134e820a3307dd795e47045dd7d2cee21726ce5b8ad3a1434205b121
1f4aa.png	1F4AA.png	cb85b832eeb1ddec1c15fcfc2b0fb07cc120cf2b4a6faa70c5666ca207689f6a	cb85b832eeb1ddec1c15fcfc2b0fb07cc120cf2b4a6faa70c5666ca207689f6a
1f4aa-1f3fb.png	1F4AA-1F3FB.png	8601c1947fe5db9b11c501c56836b049e7da517270254c446cb2e33cab480188	8601c1947fe5db9b11c501c56836b049e7da517270254c446cb2e33cab480188
1f4aa-1f3fc.png	1F4AA-1F3FC.png	2cd7e7cb144ecd927b3a700d9ea8af604837e5eecb311ef4ae15194c612acb0c	2cd7e7cb144ecd927b3a700d9ea8af604837e5eecb311ef4ae15194c612acb0c
1f4aa-1f3fd.png	1F4AA-1F3FD.png	7d2a5e74b4df38d1b80526a220a4bf9aa6a8c4b7f076a5e91b3b139b27eda01e	7d2a5e74b4df38d1b80526a220a4bf9aa6a8c4b7f076a5e91b3b139b27eda01e
1f4aa-1f3fe.png	1F4AA-1F3FE.png	c269f269271a42d694a1c0abdf36b82f84ebfb682be5b2398ad510e20384e791	c269f269271a42d694a1c0abdf36b82f84ebfb682be5b2398ad510e20384e791
1f4aa-1f3ff.png	1F4AA-1F3FF.png	72f71c58101d204e3ba828a1a9dbfdaa6a12eacd670735a7619574e6c99044fb	72f71c58101d204e3ba828a1a9dbfdaa6a12eacd670735a7619574e6c99044fb
1f4ab.png	1F4AB.png	e42ce871faa2b00d679337b73606819b9f44469283b90e01d8f9336b7194256b	e42ce871faa2b00d679337b73606819b9f44469283b90e01d8f9336b7194256b
1f4ac.png	1F4AC.png	d850096937533c261ae74140c4d965d0ea9f5bbe926c662093ab0b3da1fd74d9	d850096937533c261ae74140c4d965d0ea9f5bbe926c662093ab0b3da1fd74d9
1f4ad.png	1F4AD.png	42fe3e03d181ac2738217fed125999803ed9390cd7daf642797cb77befb2226b	42fe3e03d181ac2738217fed125999803ed9390cd7daf642797cb77befb2226b
1f4ae.png	1F4AE.png	d7836a474bc6a5a34f96056f206ad683024253cf6a8ed514c58ea37bc1937710	d7836a474bc6a5a34f96056f206ad683024253cf6a8ed514c58ea37bc1937710
1f4af.png	1F4AF.png	5a42a0590400c314370fa05c04ee18fa3aab932b8dc0abb29ecdbb564fd098f0	5a42a0590400c314370fa05c04ee18fa3aab932b8dc0abb29ecdbb564fd098f0
1f4b0.png	1F4B0.png	27e00a4f3cc32ee373d7a69ed46a5cb61403badcec75a99096eb1e03f1dcba54	27e00a4f3cc32ee373d7a69ed46a5cb61403badcec75a99096eb1e03f1dcba54
1f4b1.png	1F4B1.png	19244b853a345446a2af6e115cf6bd4d0e4625c92209d657fcd3679a64f307de	19244b853a345446a2af6e115cf6bd4d0e4625c92209d657fcd3679a64f307de
1f4b2.png	1F4B2.png	f196ee229fe8f718c5cf5131694ebf4dad41334da8072c3317f39d0165655cc5	f196ee229fe8f718c5cf5131694ebf4dad41334da8072c3317f39d0165655cc5
1f4b3.png	1F4B3.png	456a027fdd306e3a4c2d61c78fc5fadd582b588cdd59c68004953841e9c2c083	456a027fdd306e3a4c2d61c78fc5fadd582b588cdd59c68004953841e9c2c083
1f4b4.png	1F4B4.png	412ac22ed881a00e9e35f926758508652eea05ca2b9e97d30070aa3cd82aaa31	412ac22ed881a00e9e35f926758508652eea05ca2b9e97d30070aa3cd82aaa31
1f4b5.png	1F4B5.png	c73c6229921fc6cd7b928d1ff419411970486c830e17d1bac45b3fa350278d02	c73c6229921fc6cd7b928d1ff419411970486c830e17d1bac45b3fa350278d02
1f4b6.png	1F4B6.png	7a922c1707fe8bcf7eaf12c4fe61b5b7fe5f4f3b20f83d7d7211f7e211f4d9f1	7a922c1707fe8bcf7eaf12c4fe61b5b7fe5f4f3b20f83d7d7211f7e211f4d9f1
1f4b7.png	1F4B7.png	75c2dfd4a345291262d5dcac7fad0b474726409e9e5b7cdb684ea6bec21a0e4c	75c2dfd4a345291262d5dcac7fad0b474726409e9e5b7cdb684ea6bec21a0e4c
1f4b8.png	1F4B8.png	c80bc504c845c446ef26f0d3ce28f61f36cf45eb09096b7797eb776d91aba312	c80bc504c845c446ef26f0d3ce28f61f36cf45eb09096b7797eb776d91aba312
1f4b9.png	1F4B9.png	b7222c0f31333fe0f7d9283beb4c99b14677071a440ec60870a3c407e54250e1	b7222c0f31333fe0f7d9283beb4c99b14677071a440ec60870a3c407e54250e1
1f4ba.png	1F4BA.png	9388edc7bcb38c4d701daa3ad47eac326440d102f3760396331c57d49db8ef7b	9388edc7bcb38c4d701daa3ad47eac326440d102f3760396331c57d49db8ef7b
1f4bb.png	1F4BB.png	2fad83d3f4910ececdb8a272e51ae8c789e21747962314aa78ec483a4c076a25	2fad83d3f4910ececdb8a272e51ae8c789e21747962314aa78ec483a4c076a25
1f4bc.png	1F4BC.png	31bf732374d18f9ae72a66bc57075e100fbd260218fa778b08f006e5aaa45d2c	31bf732374d18f9ae72a66bc57075e100fbd260218fa778b08f006e5aaa45d2c
1f4bd.png	1F4BD.png	3ccc0978fd647b6ec3eb3b3c23dfbd6c317c1d5f0f91848fd0583a0591528901	3ccc0978fd647b6ec3eb3b3c23dfbd6c317c1d5f0f91848fd0583a0591528901
1f4be.png	1F4BE.png	9547d32060116d1f15d3ada42ae46137e03656cbb3c853841680581414d6a9c4	9547d32060116d1f15d3ada42ae46137e03656cbb3c853841680581414d6a9c4
1f4bf.png	1F4BF.png	a87df63eeac59a801c645f1fa5cfb39e1e2beae52a0bfc97fce924fdbd0e3b62	a87df63eeac59a801c645f1fa5cfb39e1e2beae52a0bfc97fce924fdbd0e3b62
1f4c0.png	1F4C0.png	6cd35d8815049f4f9e8724e771a89d6a86de70d6ffcc13993942440c3b9dbe40	6cd35d8815049f4f9e8724e771a89d6a86de70d6ffcc13993942440c3b9dbe40
1f4c1.png	1F4C1.png	7bce93727fe5b3c92fc38b338a61ceb92229bf6544a637da5bbc748ca0a31a75	7bce93727fe5b3c92fc38b338a61ceb92229bf6544a637da5bbc748ca0a31a75
1f4c2.png	1F4C2.png	655ec2c7d19081d44d10f55fd6c59d398f2ada58d9b2f11bd707506eabdc5568	655ec2c7d19081d44d10f55fd6c59d398f2ada58d9b2f11bd707506eabdc5568
1f4c3.png	1F4C3.png	448ef23d7e2b3a8e285e671fff5d65108e1c91c6233d4eab5b24e55a2ae43167	448ef23d7e2b3a8e285e671fff5d65108e1c91c6233d4eab5b24e55a2ae43167
1f4c4.png	1F4C4.png	c68e49ec874530fa93149199d4f7627114541b36d573cb94f036bb0cff87ad49	c68e49ec874530fa93149199d4f7627114541b36d573cb94f036bb0cff87ad49
1f4c5.png	1F4C5.png	cd9ade85eb416b48b1e2964b9f87ccd85485c224c5bd63a3ce24dd8fa9b8713d	cd9ade85eb416b48b1e2964b9f87ccd85485c224c5bd63a3ce24dd8fa9b8713d
1f4c6.png	1F4C6.png	8398142b9566b82f7bcb47f587a2ef211e626b9cacee2e581b19adccaa3e91ee	8398142b9566b82f7bcb47f587a2ef211e626b9cacee2e581b19adccaa3e91ee
1f4c7.png	1F4C7.png	10729637b02be1442e843209bf0b5c40b434557d147c6d7283d9367b8c43952b	10729637b02be1442e843209bf0b5c40b434557d147c6d7283d9367b8c43952b
1f4c8.png	1F4C8.png	09acc692aa9b6ca55827754c23cfffc3857cc0e98ebc9d04a7c16109d8a2528e	09acc692aa9b6ca55827754c23cfffc3857cc0e98ebc9d04a7c16109d8a2528e
1f4c9.png	1F4C9.png	a8baba6080b7b7c8933d332245ae936d3a0a494a5f371d72c8779f737721f35b	a8baba6080b7b7c8933d332245ae936d3a0a494a5f371d72c8779f737721f35b
1f4ca.png	1F4CA.png	fc86a9fa620fac8638ec85da8f2869701a71498639de89e343ec13176f3cc23a	fc86a9fa620fac8638ec85da8f2869701a71498639de89e343ec13176f3cc23a
1f4cb.png	1F4CB.png	30f6f0b9299d7afc1f321ecfeb067bdbdc7b0d13bd358522aff1ac1edb21f11e	30f6f0b9299d7afc1f321ecfeb067bdbdc7b0d13bd358522aff1ac1edb21f11e
1f4cc.png	1F4CC.png	636ceffcd2dfc033653e922b05138221277d360d0c1020a8a04c70b9030add60	636ceffcd2dfc033653e922b05138221277d360d0c1020a8a04c70b9030add60
1f4cd.png	1F4CD.png	147ebe69bb63234e9634e8337dff7bb5f2642a7353e6758affac9ecf9b3800fd	147ebe69bb63234e9634e8337dff7bb5f2642a7353e6758affac9ecf9b3800fd
1f4ce.png	1F4CE.png	25ebfe5335414d4635bd1d5e7da7ebd75f2e773c6a9bca3efb814dac5af109e4	25ebfe5335414d4635bd1d5e7da7ebd75f2e773c6a9bca3efb814dac5af109e4
1f4cf.png	1F4CF.png	7f928dcbf733fd774fdf45fc36548a4858e182b758ecb6a797d01ecc6b79da70	7f928dcbf733fd774fdf45fc36548a4858e182b758ecb6a797d01ecc6b79da70
1f4d0.png	1F4D0.png	d0f6604ad40e5ce4333fed5d155c820d0c197b6945f16835ed18cd988e4e9be3	d0f6604ad40e5ce4333fed5d155c820d0c197b6945f16835ed18cd988e4e9be3
1f4d1.png	1F4D1.png	9e4d3cfbd9952c205d0e099407fa2a8c347b2da31985b902387af89429242445	9e4d3cfbd9952c205d0e099407fa2a8c347b2da31985b902387af89429242445
1f4d2.png	1F4D2.png	f09058f6e98532907942fff6ff37583d84bfd348f1d410bdaeeb3fd9d77a5ddb	f09058f6e98532907942fff6ff37583d84bfd348f1d410bdaeeb3fd9d77a5ddb
1f4d3.png	1F4D3.png	dc38bfe070fa77056ad81ebd38a7d5a38fa2b219d7a29ae29a8a626e306e1f4c	dc38bfe070fa77056ad81ebd38a7d5a38fa2b219d7a29ae29a8a626e306e1f4c
1f4d4.png	1F4D4.png	4798a2ce17a96870b4e20653b5ceb7dee1f4aaad8a8e78ea4d0dd1cc34829e43	4798a2ce17a96870b4e20653b5ceb7dee1f4aaad8a8e78ea4d0dd1cc34829e43
1f4d5.png	1F4D5.png	db0e9185126403923726c46dca3ce1a8a6e75dfbe803ce1959742bf0faccca48	db0e9185126403923726c46dca3ce1a8a6e75dfbe803ce1959742bf0faccca48
1f4d6.png	1F4D6.png	825ed5db990a2e6f804c53f71144272a20c78b4e07900d79b8a01a1e7e4da3bd	825ed5db990a2e6f804c53f71144272a20c78b4e07900d79b8a01a1e7e4da3bd
1f4d7.png	1F4D7.png	5814fecf1825972396fffa72a2fcd4e5f6ac1043ef1c4172395f11d1ef50e009	5814fecf1825972396fffa72a2fcd4e5f6ac1043ef1c4172395f11d1ef50e009
1f4d8.png	1F4D8.png	1c2c99c9776207b0709ce0aafceecf44ef20abb22a4df167c5cbda2c0a08f341	1c2c99c9776207b0709ce0aafceecf44ef20abb22a4df167c5cbda2c0a08f341
1f4d9.png	1F4D9.png	46a43c2a49063d77deac27839496146e9b86ba234129e1216a30b58003ae3e5f	46a43c2a49063d77deac27839496146e9b86ba234129e1216a30b58003ae3e5f
1f4da.png	1F4DA.png	0c731a7b942e6f7171d5a52c479c34bed601db708c5396dd097a682948ce9f8e	0c731a7b942e6f7171d5a52c479c34bed601db708c5396dd097a682948ce9f8e
1f4db.png	1F4DB.png	d0bedcedbd0a7eda625f92c4e1a1d3ad5a726df73f102e40956b20cf52015075	d0bedcedbd0a7eda625f92c4e1a1d3ad5a726df73f102e40956b20cf52015075
1f4dc.png	1F4DC.png	0c54d29e2e294fce1b55fb1e6ab3d62a045c156c30bce4134d802a6561dd1624	0c54d29e2e294fce1b55fb1e6ab3d62a045c156c30bce4134d802a6561dd1624
1f4dd.png	1F4DD.png	a6c0c94664c00eaeb3989204b3d2afd877d76647d8a385242f567d9de3c8a6b9	a6c0c94664c00eaeb3989204b3d2afd877d76647d8a385242f567d9de3c8a6b9
1f4de.png	1F4DE.png	1146f5b4b48036029c6c321a1309789894e96480eb79b60cf6c4495c4221056b	1146f5b4b48036029c6c321a1309789894e96480eb79b60cf6c4495c4221056b
1f4df.png	1F4DF.png	7b58b6d6e5137371d23a816f72d5a234ff3f9694e31b10e729d4a2331af3b83f	7b58b6d6e5137371d23a816f72d5a234ff3f9694e31b10e729d4a2331af3b83f
1f4e0.png	1F4E0.png	81edcf8d2fc6dcb34fc70dc8a59ac4edd110c632eabc98457106bc8dd18e5876	81edcf8d2fc6dcb34fc70dc8a59ac4edd110c632eabc98457106bc8dd18e5876
1f4e1.png	1F4E1.png	2bf9fa3b03d5a4531fd936536049f63a8eb7bd622c60122865f19e8ae6e24249	2bf9fa3b03d5a4531fd936536049f63a8eb7bd622c60122865f19e8ae6e24249
1f4e2.png	1F4E2.png	54585894b5401b681ee4fd229a94cd1e3de2a85a5f1212860cf6699fba4e1b08	54585894b5401b681ee4fd229a94cd1e3de2a85a5f1212860cf6699fba4e1b08
1f4e3.png	1F4E3.png	f091e8d12169289ec461772c2239430a54fc79c7f31beaceb3efab5609635f1f	f091e8d12169289ec461772c2239430a54fc79c7f31beaceb3efab5609635f1f
1f4e4.png	1F4E4.png	57600e4772c0319e4970209e7560e1fc8387b121f8f76b14b4fd337275cdc8a5	57600e4772c0319e4970209e7560e1fc8387b121f8f76b14b4fd337275cdc8a5
1f4e5.png	1F4E5.png	03378aad3bb9aeb86342bb747bebaad67159a0b500046c42776f76a0221a52e4	03378aad3bb9aeb86342bb747bebaad67159a0b500046c42776f76a0221a52e4
1f4e6.png	1F4E6.png	7b2b2242354728342f5a03d3a33d556b622bf1adab6e6a5469b2b39e595944dc	7b2b2242354728342f5a03d3a33d556b622bf1adab6e6a5469b2b39e595944dc
1f4e7.png	1F4E7.png	e9c31c5f7d0343d040d5157dbc8a61696c69b771f4585e1ce752739204f22ebc	e9c31c5f7d0343d040d5157dbc8a61696c69b771f4585e1ce752739204f22ebc
1f4e8.png	1F4E8.png	fc56368d6bcf72b165284f9adeeae9e02170b17ec1048ed836b7f7e0997de6b1	fc56368d6bcf72b165284f9adeeae9e02170b17ec1048ed836b7f7e0997de6b1
1f4e9.png	1F4E9.png	4f899657c03a8a8bcb534fef2c167743c956f225b13282cbac889f7449e7977f	4f899657c03a8a8bcb534fef2c167743c956f225b13282cbac889f7449e7977f
1f4ea.png	1F4EA.png	04e264113dc4bbc72138a8bdb9dc5abe0c5089e7d67a49652bd76f76b08e6028	04e264113dc4bbc72138a8bdb9dc5abe0c5089e7d67a49652bd76f76b08e6028
1f4eb.png	1F4EB.png	086475191382736a47727965cc351ddbd48d1f44354e73e43a3fcde30ffea30c	086475191382736a47727965cc351ddbd48d1f44354e73e43a3fcde30ffea30c
1f4ec.png	1F4EC.png	40a7d8dec0cb8df99fafae6871702ec0a92f669aec09bb4c1d540d21f28028a8	40a7d8dec0cb8df99fafae6871702ec0a92f669aec09bb4c1d540d21f28028a8
1f4ed.png	1F4ED.png	1af063928559ee04b2940905212b4cff3b91679bacdeb6e7aa25a1423a4b2a13	1af063928559ee04b2940905212b4cff3b91679bacdeb6e7aa25a1423a4b2a13
1f4ee.png	1F4EE.png	affc7c4253c6b3214ebd8dcf43e94d97c0fc6fcaab82c6a396f84aa48d9d25a4	affc7c4253c6b3214ebd8dcf43e94d97c0fc6fcaab82c6a396f84aa48d9d25a4
1f4ef.png	1F4EF.png	9c62dd4565048fca94eda2d258cf7a12dd0e6fbfc0ded979d410fe565e9190b9	9c62dd4565048fca94eda2d258cf7a12dd0e6fbfc0ded979d410fe565e9190b9
1f4f0.png	1F4F0.png	7cc0189fa789de8db2d5f0ed53d72d7bf496d6b0a745694fcec2dd752d0d79cb	7cc0189fa789de8db2d5f0ed53d72d7bf496d6b0a745694fcec2dd752d0d79cb
1f4f1.png	1F4F1.png	60c747325507c30accd088ed0ba508f8d0016f57a3fa8e8edb42a4f90e1a6854	60c747325507c30accd088ed0ba508f8d0016f57a3fa8e8edb42a4f90e1a6854
1f4f2.png	1F4F2.png	9ad10df23e8028847aaf1a74086ac24276e5389095c9f3233fdf6b982f730382	9ad10df23e8028847aaf1a74086ac24276e5389095c9f3233fdf6b982f730382
1f4f3.png	1F4F3.png	f563027d80ba94435e6b30ba41ce9c4e255ede026ecaa9fde1127b3b2a8bb8fb	f563027d80ba94435e6b30ba41ce9c4e255ede026ecaa9fde1127b3b2a8bb8fb
1f4f4.png	1F4F4.png	72b41abce2c15f1d08dd830577fd91ad8025b61bcb12b19d03625ce88ec0054a	72b41abce2c15f1d08dd830577fd91ad8025b61bcb12b19d03625ce88ec0054a
1f4f5.png	1F4F5.png	009f3be0a211586d10daf9dfd3a96a1cfa46aa3dc8878e8036328892ec5fa24a	009f3be0a211586d10daf9dfd3a96a1cfa46aa3dc8878e8036328892ec5fa24a
1f4f6.png	1F4F6.png	03849899ea0d8c39c97458d6fd588361b1f0d8c47b214e7df686e00f9d3b318c	03849899ea0d8c39c97458d6fd588361b1f0d8c47b214e7df686e00f9d3b318c
1f4f7.png	1F4F7.png	2d22b115ed955449a174a7f99b235fc9c3b44e8e81c415927fe9abba69421766	2d22b115ed955449a174a7f99b235fc9c3b44e8e81c415927fe9abba69421766
1f4f8.png	1F4F8.png	efdef5b1cbd195b4d5634c2ed6e66a863cac94d0b34277fccb2f46921b2b2f93	efdef5b1cbd195b4d5634c2ed6e66a863cac94d0b34277fccb2f46921b2b2f93
1f4f9.png	1F4F9.png	0a09e87323ab2a4361ec1a438be7ac7fe39419dab1ceba37264cd8558b30748d	0a09e87323ab2a4361ec1a438be7ac7fe39419dab1ceba37264cd8558b30748d
1f4fa.png	1F4FA.png	1ca337d14c30a9438745a75bb9fb28b0927ebff7461d7dda242aff9c848a3309	1ca337d14c30a9438745a75bb9fb28b0927ebff7461d7dda242aff9c848a3309
1f4fb.png	1F4FB.png	12917411c098db5443230ede0ec82d18d1be41544028d71dc9965df38c707056	12917411c098db5443230ede0ec82d18d1be41544028d71dc9965df38c707056
1f4fc.png	1F4FC.png	b67f83e0e1e0aa629bc1cd8ded18208d5f558608fd69825b4c1d75c17480c8ed	b67f83e0e1e0aa629bc1cd8ded18208d5f558608fd69825b4c1d75c17480c8ed
1f4fd.png	1F4FD.png	36a705c081a25b8b2e18e77c7d8d45d0c3916c4a656f8a7728fdbfac4fb3887a	36a705c081a25b8b2e18e77c7d8d45d0c3916c4a656f8a7728fdbfac4fb3887a
1f4ff.png	1F4FF.png	c791a8a874fdd2c86ad39f2c9a33ed6b483453d1637bb05762312c6110ed0279	c791a8a874fdd2c86ad39f2c9a33ed6b483453d1637bb05762312c6110ed0279
1f500.png	1F500.png	fffb904fbf557f40c7d2277b5b20d499ea61bf73890fb1faa2a71c9246e9a430	fffb904fbf557f40c7d2277b5b20d499ea61bf73890fb1faa2a71c9246e9a430
1f501.png	1F501.png	46fd0fd32f3a87fce56f94cd8cf18be7f16b69a8a2d929045b2140b3a616f9be	46fd0fd32f3a87fce56f94cd8cf18be7f16b69a8a2d929045b2140b3a616f9be
1f502.png	1F502.png	c64a2156504c6725b7d33835ef7d24f6ed7b9e26eee04c42707cc1d50f6c5626	c64a2156504c6725b7d33835ef7d24f6ed7b9e26eee04c42707cc1d50f6c5626
1f503.png	1F503.png	909e7efdbfe10bcb4bcef7b7b14bc853788fc53539fba344ebf367d7ac99fcec	909e7efdbfe10bcb4bcef7b7b14bc853788fc53539fba344ebf367d7ac99fcec
1f504.png	1F504.png	fe162e434245c3297fde10df169bb1003104b341662ca5c5678280d5e2e3d994	fe162e434245c3297fde10df169bb1003104b341662ca5c5678280d5e2e3d994
1f505.png	1F505.png	751e498f58896703984c2b0f01a28def62f1141ab7795e047952699f5c92c2a6	751e498f58896703984c2b0f01a28def62f1141ab7795e047952699f5c92c2a6
1f506.png	1F506.png	ed9247d1dbee3f5bd74a4352da058d1d09ad0a291f9b350e2503e231146dbf4a	ed9247d1dbee3f5bd74a4352da058d1d09ad0a291f9b350e2503e231146dbf4a
1f507.png	1F507.png	6a024caa9294cbc6d5f5743732a6d22e2da974a53f16d652d8d72b3059cd4064	6a024caa9294cbc6d5f5743732a6d22e2da974a53f16d652d8d72b3059cd4064
1f508.png	1F508.png	e4fac470dd2a1d7bb7dcfc7fcbc6fbc39bcae317255b166d8a86632a501eff13	e4fac470dd2a1d7bb7dcfc7fcbc6fbc39bcae317255b166d8a86632a501eff13
1f509.png	1F509.png	13421be73066d71f91d5ed98c20f2e541ee647e5a2031f10b734c97a20a8c001	13421be73066d71f91d5ed98c20f2e541ee647e5a2031f10b734c97a20a8c001
1f50a.png	1F50A.png	f518f048915a25e537a28af81ce82db1ea71db7847833a470cd3e25ca8dff09b	f518f048915a25e537a28af81ce82db1ea71db7847833a470cd3e25ca8dff09b
1f50b.png	1F50B.png	8366eb17b73bf5a436f6f4ff9406142975d13b55889435b2db2fbd5872aba6f1	8366eb17b73bf5a436f6f4ff9406142975d13b55889435b2db2fbd5872aba6f1
1f50c.png	1F50C.png	a0e897b7c859636914ec480066dbbcba3433e5dba531956eb71e1d4b09cc543b	a0e897b7c859636914ec480066dbbcba3433e5dba531956eb71e1d4b09cc543b
1f50d.png	1F50D.png	6400ff5608d692a54a71e9d6deec7406d300f7aa6556501d0f30117b65067c6a	6400ff5608d692a54a71e9d6deec7406d300f7aa6556501d0f30117b65067c6a
1f50e.png	1F50E.png	fa9f312de0c4436717fc614e1b2c28862b9a19f749d91a4262d7cec107f9d9fd	fa9f312de0c4436717fc614e1b2c28862b9a19f749d91a4262d7cec107f9d9fd
1f50f.png	1F50F.png	1e5a07b6b6e6f60c8df3ca2f4f06b7116a5b57c5a3a405db9a9610956debe4cd	1e5a07b6b6e6f60c8df3ca2f4f06b7116a5b57c5a3a405db9a9610956debe4cd
1f510.png	1F510.png	610f82ffcee5e05c72e3ddb516c5dacceab7d302a05ba70475fb0985afcd332d	610f82ffcee5e05c72e3ddb516c5dacceab7d302a05ba70475fb0985afcd332d
1f511.png	1F511.png	f27db59f855c1f3399f9a950115e3a5cf364c912a7459d348c6ec9cc39e3ed1d	f27db59f855c1f3399f9a950115e3a5cf364c912a7459d348c6ec9cc39e3ed1d
1f512.png	1F512.png	6bb4d01dc6d74049d79685d04dbe670256deaee88edbf7a38a153cc26d7b97fe	6bb4d01dc6d74049d79685d04dbe670256deaee88edbf7a38a153cc26d7b97fe
1f513.png	1F513.png	59baee50df0cd8fb8748703a94cd9bb518b061279d447f290c436d1a2a6cb5e7	59baee50df0cd8fb8748703a94cd9bb518b061279d447f290c436d1a2a6cb5e7
1f514.png	1F514.png	80ea0f5f063464c35f41cb7dd1058ed6727f0f91620f495fc503379e443f4070	80ea0f5f063464c35f41cb7dd1058ed6727f0f91620f495fc503379e443f4070
1f515.png	1F515.png	3a1413f446ffbc1d6126ef6ae1fbfe7da91ec18fe7337fbdb198558c6f6e9279	3a1413f446ffbc1d6126ef6ae1fbfe7da91ec18fe7337fbdb198558c6f6e9279
1f516.png	1F516.png	64cbc896c53495c5ac97e6baef92d75571d53d13f8072ea66b4f27e7543ac968	64cbc896c53495c5ac97e6baef92d75571d53d13f8072ea66b4f27e7543ac968
1f517.png	1F517.png	56811e09ac403fc01937e575eec84292a9785953f09f81da11744511989830ac	56811e09ac403fc01937e575eec84292a9785953f09f81da11744511989830ac
1f518.png	1F518.png	e2b16572b62ba90d11aeca572332a3edc8be5d0aa3551a0ce29646d8b219df22	e2b16572b62ba90d11aeca572332a3edc8be5d0aa3551a0ce29646d8b219df22
1f519.png	1F519.png	5a12de881ae57283676b468158ecb43959f32bd12ced6ffc1046a71808789935	5a12de881ae57283676b468158ecb43959f32bd12ced6ffc1046a71808789935
1f51a.png	1F51A.png	59e61670d1e83c85f3c17d01bfd3644439eedecfabd4bdf3586a45fd96d5a27a	59e61670d1e83c85f3c17d01bfd3644439eedecfabd4bdf3586a45fd96d5a27a
1f51b.png	1F51B.png	60a2ce9d15371bc0560574831b6f1b5a8c736e251274deb3b555804e168ffa40	60a2ce9d15371bc0560574831b6f1b5a8c736e251274deb3b555804e168ffa40
1f51c.png	1F51C.png	a37789d0d51a9f1acb69af7f62aaa03531f1bbfe904abca7c0cd9cba6540f64b	a37789d0d51a9f1acb69af7f62aaa03531f1bbfe904abca7c0cd9cba6540f64b
1f51d.png	1F51D.png	c91592bfe7296f2c46e31e7504441a7d78a6253f76399ecc1c6bcf99b76645d1	c91592bfe7296f2c46e31e7504441a7d78a6253f76399ecc1c6bcf99b76645d1
1f51e.png	1F51E.png	33bf81d68ee1f7904bddf0ca29c8f645d9bb5dc1163af8904f27a653fb913b91	33bf81d68ee1f7904bddf0ca29c8f645d9bb5dc1163af8904f27a653fb913b91
1f51f.png	1F51F.png	c5c6b3bf572c8374d709c293938816635ec8ec16010f852a2663f8960d105a56	c5c6b3bf572c8374d709c293938816635ec8ec16010f852a2663f8960d105a56
1f520.png	1F520.png	a2665b603669a9e43ddecf51ac0c9b1fc22f7bf39c13def245e073cbf6f45cb6	a2665b603669a9e43ddecf51ac0c9b1fc22f7bf39c13def245e073cbf6f45cb6
1f521.png	1F521.png	e74782eadea72eb23f5c0fca8d018b5d3f055626118da2c88ff45a76c7914b99	e74782eadea72eb23f5c0fca8d018b5d3f055626118da2c88ff45a76c7914b99
1f522.png	1F522.png	62d7b6cbd6a8241e3379561855215760f424e1abf6f5b6d058b31fb6eb3ae763	62d7b6cbd6a8241e3379561855215760f424e1abf6f5b6d058b31fb6eb3ae763
1f523.png	1F523.png	bca23773fb3399c07f233173e462c45d1929beee179abaa0c396912f81e660ef	bca23773fb3399c07f233173e462c45d1929beee179abaa0c396912f81e660ef
1f524.png	1F524.png	d6a64a315e98000d90af516003f3b877b2877c8b7cac06de5a5657e137d94a04	d6a64a315e98000d90af516003f3b877b2877c8b7cac06de5a5657e137d94a04
1f525.png	1F525.png	b9a5287452976f12bf0e0d12b36c33dfcb37831eb8c89d7cb77e396968bb00d7	b9a5287452976f12bf0e0d12b36c33dfcb37831eb8c89d7cb77e396968bb00d7
1f526.png	1F526.png	3f0f4d5c353b622662b613ec54f8b6fdcf0c8d7cd845e8247b0efe1c4614d59c	3f0f4d5c353b622662b613ec54f8b6fdcf0c8d7cd845e8247b0efe1c4614d59c
1f527.png	1F527.png	1eba9bb72832a617af8980fd42ed686b583187df8e3af1b30d57e327b85599f6	1eba9bb72832a617af8980fd42ed686b583187df8e3af1b30d57e327b85599f6
1f528.png	1F528.png	21936dc507ca7852e8f423fd995176dfd63dd1c4b131f39830fedf6041f24f45	21936dc507ca7852e8f423fd995176dfd63dd1c4b131f39830fedf6041f24f45
1f529.png	1F529.png	8562bc40be77a3f08e0dfac890d080f86c0eeeef81ed264eda5a32b0a74dc231	8562bc40be77a3f08e0dfac890d080f86c0eeeef81ed264eda5a32b0a74dc231
1f52a.png	1F52A.png	6459277bc09c1891221596ddd2b88096570f7ea2733c5f6e01435c628b5b188a	6459277bc09c1891221596ddd2b88096570f7ea2733c5f6e01435c628b5b188a
1f52b.png	1F52B.png	b96591a7542db1e0fa0f3f052560481eef5a8f55ff41b988d8a4f2ae15ac82c6	b96591a7542db1e0fa0f3f052560481eef5a8f55ff41b988d8a4f2ae15ac82c6
1f52c.png	1F52C.png	7b78158bf0aa8d29457dafeacd574d4941347afdf3c4b8dbe665156f7dbb8ab0	7b78158bf0aa8d29457dafeacd574d4941347afdf3c4b8dbe665156f7dbb8ab0
1f52d.png	1F52D.png	8e4dc59bae0ead5af8292cb89f6ec66fd34b42f355551a6e0001efea8b3ecbd7	8e4dc59bae0ead5af8292cb89f6ec66fd34b42f355551a6e0001efea8b3ecbd7
1f52e.png	1F52E.png	d70c09534ea50cdd8bfaac7d425bdb4e1a8b4f89aad4468dcccad0a1c610287c	d70c09534ea50cdd8bfaac7d425bdb4e1a8b4f89aad4468dcccad0a1c610287c
1f52f.png	1F52F.png	213b020111fa934b84421b9c6901d0b8068fde3b2ff429d368f63939207663d8	213b020111fa934b84421b9c6901d0b8068fde3b2ff429d368f63939207663d8
1f530.png	1F530.png	13f00ae0af75f78e8f7b1fb8a9e6dea08ea0761023b09d08f737917772e5b427	13f00ae0af75f78e8f7b1fb8a9e6dea08ea0761023b09d08f737917772e5b427
1f531.png	1F531.png	9b77da60e37c074c1c20de791bdba992eb41bf93484971772ac249942e3bbf12	9b77da60e37c074c1c20de791bdba992eb41bf93484971772ac249942e3bbf12
1f532.png	1F532.png	8501bc03e615acfab9d4c7ab62838864a2a21e82646119b47cf574fe14778dbc	8501bc03e615acfab9d4c7ab62838864a2a21e82646119b47cf574fe14778dbc
1f533.png	1F533.png	b11ab29b2e35828ba74be5c30970c66bf155c7ca2a5837eba7cd03ed4ac43bc7	b11ab29b2e35828ba74be5c30970c66bf155c7ca2a5837eba7cd03ed4ac43bc7
1f534.png	1F534.png	46c263228c7a04f90f1cbb9a915f41a58490362396d46b549b9f6d57a9418208	46c263228c7a04f90f1cbb9a915f41a58490362396d46b549b9f6d57a9418208
1f535.png	1F535.png	c189d0acd393d3b15e6d18a3f35efee43fdfbb9b8d9cd1e0492da2822d589b8a	c189d0acd393d3b15e6d18a3f35efee43fdfbb9b8d9cd1e0492da2822d589b8a
1f536.png	1F536.png	93f8ed657cf76999938d390694b7a287bfbb9bafa73cf1fc971efdb3f1509854	93f8ed657cf76999938d390694b7a287bfbb9bafa73cf1fc971efdb3f1509854
1f537.png	1F537.png	8764743d0d2dc7df9911a528276dcc6bdca154acf8369cb5578fbb1bae736c8e	8764743d0d2dc7df9911a528276dcc6bdca154acf8369cb5578fbb1bae736c8e
1f538.png	1F538.png	cdf477e54962987d0690d25326d0b147f01f104f974536e738e18d70ce7243ea	cdf477e54962987d0690d25326d0b147f01f104f974536e738e18d70ce7243ea
1f539.png	1F539.png	588bb655fab51f5518e3f0da8f7460254517b1d26fff8a579a71421e5d47ccf5	588bb655fab51f5518e3f0da8f7460254517b1d26fff8a579a71421e5d47ccf5
1f53a.png	1F53A.png	c1bbc563a6f9606b515a672c45301acbec5cfa5a4e258a0d6f4e3c6ecec7821f	c1bbc563a6f9606b515a672c45301acbec5cfa5a4e258a0d6f4e3c6ecec7821f
1f53b.png	1F53B.png	4b81a6fb707cc130d693701d05f14db2106bc599a31d5ba46dec4323782b3869	4b81a6fb707cc130d693701d05f14db2106bc599a31d5ba46dec4323782b3869
1f53c.png	1F53C.png	7def1ae613678b0bcc6ef5fd2511d88451ab75a15cc05a2e1e0d86f57be17c99	7def1ae613678b0bcc6ef5fd2511d88451ab75a15cc05a2e1e0d86f57be17c99
1f53d.png	1F53D.png	c901d18dc2d1244a097dd5eab0b6c25f8c26538e9a87f86ad564e710f7799fd6	c901d18dc2d1244a097dd5eab0b6c25f8c26538e9a87f86ad564e710f7799fd6
1f549.png	1F549.png	bc3a2be56a4c14899afcc28f93b0ccdf95b243b036a1b5ca4ef83f7e320a29c5	bc3a2be56a4c14899afcc28f93b0ccdf95b243b036a1b5ca4ef83f7e320a29c5
1f54a.png	1F54A.png	b99d8534a7c750dff0ce300119691c12c46256a934fa6f99b54af1a962892b48	b99d8534a7c750dff0ce300119691c12c46256a934fa6f99b54af1a962892b48
1f54b.png	1F54B.png	f43d55148e31cf084d121b714479fe96d9e745884988e0a6dec06fcdb0da3693	f43d55148e31cf084d121b714479fe96d9e745884988e0a6dec06fcdb0da3693
1f54c.png	1F54C.png	1fa7163d2d73075037e632fa280d4c27d8480d27e22f409e356f858ee1cb7557	1fa7163d2d73075037e632fa280d4c27d8480d27e22f409e356f858ee1cb7557
1f54d.png	1F54D.png	925837e00fd7593ace3fba349e504f86ce51538940b13b4d6e5aa22fa181e56d	925837e00fd7593ace3fba349e504f86ce51538940b13b4d6e5aa22fa181e56d
1f54e.png	1F54E.png	ecfba19a4309faf4bb7227f4ef74bc6320f36d81b6be6d8861f7a41406a16496	ecfba19a4309faf4bb7227f4ef74bc6320f36d81b6be6d8861f7a41406a16496
1f550.png	1F550.png	7af204899e9d26fa6c58afb5cd84e716a4f3a3b11906856180ed3dc0ff6bc036	7af204899e9d26fa6c58afb5cd84e716a4f3a3b11906856180ed3dc0ff6bc036
1f551.png	1F551.png	eb2e11cdea07227f85a65227f23a1869886c17f36bf19c4ca1040330d5b5f228	eb2e11cdea07227f85a65227f23a1869886c17f36bf19c4ca1040330d5b5f228
1f552.png	1F552.png	19b573e11e139ae19bd0260f9f17a2e61b9326773d9297e9c7b2d5d2a2d54199	19b573e11e139ae19bd0260f9f17a2e61b9326773d9297e9c7b2d5d2a2d54199
1f553.png	1F553.png	3827989f759a096d691b8377a34a274a48214fab492f429e42c5125d2aea8eee	3827989f759a096d691b8377a34a274a48214fab492f429e42c5125d2aea8eee
1f554.png	1F554.png	cb818fce55f2a8975bf99577c6ffcb95fa5db1465c86e5a80578a46cb5ee0290	cb818fce55f2a8975bf99577c6ffcb95fa5db1465c86e5a80578a46cb5ee0290
1f555.png	1F555.png	fc1b1f0da08cbb04dba5039af549d246cd3201176810ee107fee49163f2a30ca	fc1b1f0da08cbb04dba5039af549d246cd3201176810ee107fee49163f2a30ca
1f556.png	1F556.png	ff3aa98de6b591b830a6005be86bef00a055883fe29ee91ddc8ac895bc208a49	ff3aa98de6b591b830a6005be86bef00a055883fe29ee91ddc8ac895bc208a49
1f557.png	1F557.png	c6a151586fab2bac9b3bc1ff939fd6490d15cc233676692646d0d20f27006ed0	c6a151586fab2bac9b3bc1ff939fd6490d15cc233676692646d0d20f27006ed0
1f558.png	1F558.png	c65c6a38b1f7325e0cf69241cd03f8e47c40fee18f786a87338ccd1edd20f0e6	c65c6a38b1f7325e0cf69241cd03f8e47c40fee18f786a87338ccd1edd20f0e6
1f559.png	1F559.png	e6c775f3baac53b217d8918da3902f5102ad1d825f1b6f8c4d984a489fc93743	e6c775f3baac53b217d8918da3902f5102ad1d825f1b6f8c4d984a489fc93743
1f55a.png	1F55A.png	34356b232f7812033911206378118fd9bd36b4632e00b9cce0e0432af41c1a2a	34356b232f7812033911206378118fd9bd36b4632e00b9cce0e0432af41c1a2a
1f55b.png	1F55B.png	552abdf90e3cd24ade404758a122401c992129190f2bfe67542475ba883daa65	552abdf90e3cd24ade404758a122401c992129190f2bfe67542475ba883daa65
1f55c.png	1F55C.png	490f2de10d7b5c95a38d5cfa0796c9bab75f35dee119cda85b832f1a1adce545	490f2de10d7b5c95a38d5cfa0796c9bab75f35dee119cda85b832f1a1adce545
1f55d.png	1F55D.png	b06e2802954a410c0ae9a3fb27f45e99757eeb8a4e40b5dc72301f23cabd1fb4	b06e2802954a410c0ae9a3fb27f45e99757eeb8a4e40b5dc72301f23cabd1fb4
1f55e.png	1F55E.png	431592ac03c4fcc9c338ac8b262370efd94fc1125093c9b05a5faac34befce04	431592ac03c4fcc9c338ac8b262370efd94fc1125093c9b05a5faac34befce04
1f55f.png	1F55F.png	a76d25b943ec49469f9ee8c89cf1333f4057901ad40951b977f4453005af86e4	a76d25b943ec49469f9ee8c89cf1333f4057901ad40951b977f4453005af86e4
1f560.png	1F560.png	800d12422f6fc4f89932d4ddd34169c1c9a371f1b15f35c98fd943eb51a1aab2	800d12422f6fc4f89932d4ddd34169c1c9a371f1b15f35c98fd943eb51a1aab2
1f561.png	1F561.png	21c93eb199ea07f0da3e99c4f8cb4d3148081c25295f16a8ba85472331fb7434	21c93eb199ea07f0da3e99c4f8cb4d3148081c25295f16a8ba85472331fb7434
1f562.png	1F562.png	3d6e320961cfbdbd615a7fbb2535f2cdede28d5f04d68ede58d6395829f7b510	3d6e320961cfbdbd615a7fbb2535f2cdede28d5f04d68ede58d6395829f7b510
1f563.png	1F563.png	c7d5fc34c007773ba19248aae6ba627d4da20d2c46b52a64e16f205c9eb53956	c7d5fc34c007773ba19248aae6ba627d4da20d2c46b52a64e16f205c9eb53956
1f564.png	1F564.png	198bdd4329f10f2c908f35e9efd03c6d7ad06ea8f077a2fc80cbc2dc279fca63	198bdd4329f10f2c908f35e9efd03c6d7ad06ea8f077a2fc80cbc2dc279fca63
1f565.png	1F565.png	8c687970cdb554df4b4309254d31bad823b2ac3b67122cfcb100accbca5da6f0	8c687970cdb554df4b4309254d31bad823b2ac3b67122cfcb100accbca5da6f0
1f566.png	1F566.png	60dd46860e1836ee2517c011881a62d705cefe46252ef6272d8056f88b777027	60dd46860e1836ee2517c011881a62d705cefe46252ef6272d8056f88b777027
1f567.png	1F567.png	0bdf0fc59986e99cce93ae384b3ae5b9d0651fbda46928d3ec8c61bb3718b04a	0bdf0fc59986e99cce93ae384b3ae5b9d0651fbda46928d3ec8c61bb3718b04a
1f56f.png	1F56F.png	2ce60ddf2b68d0c2870c17b0f98d647800a8f44484eeb2fe27cce899e8ff97f3	2ce60ddf2b68d0c2870c17b0f98d647800a8f44484eeb2fe27cce899e8ff97f3
1f570.png	1F570.png	f6f1b3ce0d06a4b6f6e33db464b4da73a1c4f13e06a320089493382625394afd	f6f1b3ce0d06a4b6f6e33db464b4da73a1c4f13e06a320089493382625394afd
1f573.png	1F573.png	2fc3db34bd2240d4103c7b0e50e854164d9b906cb7b6f14fb89ea4a69e70dc35	2fc3db34bd2240d4103c7b0e50e854164d9b906cb7b6f14fb89ea4a69e70dc35
1f574.png	1F574.png	4789274b4a4f167d1169c2ad9742907f7eb339fdef0088b5efdc14d53320c315	4789274b4a4f167d1169c2ad9742907f7eb339fdef0088b5efdc14d53320c315
1f574-1f3fb.png	1F574-1F3FB.png	a1ed74d56806c51cacaa41fe1fdb053a95ebe51a8eeff3edb4f92b37bb141e1a	a1ed74d56806c51cacaa41fe1fdb053a95ebe51a8eeff3edb4f92b37bb141e1a
1f574-1f3fc.png	1F574-1F3FC.png	a6812744432afbeea85277852d885163d1a8e7d494a62e6269e93571fc581888	a6812744432afbeea85277852d885163d1a8e7d494a62e6269e93571fc581888
1f574-1f3fd.png	1F574-1F3FD.png	6c9d32702a7f5579c251390a1795226e68c37da05eeb3d4015ae79b6a1253586	6c9d32702a7f5579c251390a1795226e68c37da05eeb3d4015ae79b6a1253586
1f574-1f3fe.png	1F574-1F3FE.png	768f0a9c25cf5041f65bfcd94a3dd6e99aaca8188e9db79fdbd04811633410e7	768f0a9c25cf5041f65bfcd94a3dd6e99aaca8188e9db79fdbd04811633410e7
1f574-1f3ff.png	1F574-1F3FF.png	b87006d78beb26fdcfdecc8317d25ae5fa14a837d847857e2ed14d5b24cb35a6	b87006d78beb26fdcfdecc8317d25ae5fa14a837d847857e2ed14d5b24cb35a6
1f575.png	1F575.png	05f7c37c68fcc4ef8e0842634fab4c9ba2f1c6d3d583067a3885e7dcbfe9cfda	05f7c37c68fcc4ef8e0842634fab4c9ba2f1c6d3d583067a3885e7dcbfe9cfda
1f575-1f3fb.png	1F575-1F3FB.png	58973adc1481e6a28f8a4dd0f4d46cbafb2823cb2ba66e6241c5f9bc4db95f07	58973adc1481e6a28f8a4dd0f4d46cbafb2823cb2ba66e6241c5f9bc4db95f07
1f575-1f3fb-200d-2640.png	1F575-1F3FB-200D-2640-FE0F.png	cc09c0ca0add366232016c71ba8546b00143847f41a8518ccb6f18e2033d4059	cc09c0ca0add366232016c71ba8546b00143847f41a8518ccb6f18e2033d4059
1f575-1f3fb-200d-2642.png	1F575-1F3FB-200D-2642-FE0F.png	601960756bdc7d7449ebc8bccc9bb1af00faaccd9739c4646d13f5be5fa2db18	601960756bdc7d7449ebc8bccc9bb1af00faaccd9739c4646d13f5be5fa2db18
1f575-1f3fc.png	1F575-1F3FC.png	1001f66dc17bbc263e135ca926419b06c0ca976af9166fd66acc03183052897a	1001f66dc17bbc263e135ca926419b06c0ca976af9166fd66acc03183052897a
1f575-1f3fc-200d-2640.png	1F575-1F3FC-200D-2640-FE0F.png	39e887d432e37332cec49014fe252e1386f01b418ae1ec1ae3259d77c0d7d10d	39e887d432e37332cec49014fe252e1386f01b418ae1ec1ae3259d77c0d7d10d
1f575-1f3fc-200d-2642.png	1F575-1F3FC-200D-2642-FE0F.png	3a75fc2b9f6054dcf1fcc7bca4caf16992c5281f72cb01301ffbd2e711c3e726	3a75fc2b9f6054dcf1fcc7bca4caf16992c5281f72cb01301ffbd2e711c3e726
1f575-1f3fd.png	1F575-1F3FD.png	c5bd1a94908e935f75dccbf1f0bc7c78b555413343e1dd629bad45bf923b87b8	c5bd1a94908e935f75dccbf1f0bc7c78b555413343e1dd629bad45bf923b87b8
1f575-1f3fd-200d-2640.png	1F575-1F3FD-200D-2640-FE0F.png	600ce433cc231572359faed41b7484d4a01b209714b1fe04d4b88a344a66fb15	600ce433cc231572359faed41b7484d4a01b209714b1fe04d4b88a344a66fb15
1f575-1f3fd-200d-2642.png	1F575-1F3FD-200D-2642-FE0F.png	2f88fc18ae97fadc348bc0b44af467f2401b6c239dd1fec2403f2ee9a6505233	2f88fc18ae97fadc348bc0b44af467f2401b6c239dd1fec2403f2ee9a6505233
1f575-1f3fe.png	1F575-1F3FE.png	8ff0bdf5f27ba57aca6eb3f1696e8d9bb452e228d36d355d2bae4f487aaeade3	8ff0bdf5f27ba57aca6eb3f1696e8d9bb452e228d36d355d2bae4f487aaeade3
1f575-1f3fe-200d-2640.png	1F575-1F3FE-200D-2640-FE0F.png	0598ac93ef66e59c522ef0f275831dc52ea34bbe7edfe45696592091bc52c928	0598ac93ef66e59c522ef0f275831dc52ea34bbe7edfe45696592091bc52c928
1f575-1f3fe-200d-2642.png	1F575-1F3FE-200D-2642-FE0F.png	6f159aeba48912d0ff82ae9e1d0b0fa0b911efa72d52149464ba3eee92b92303	6f159aeba48912d0ff82ae9e1d0b0fa0b911efa72d52149464ba3eee92b92303
1f575-1f3ff.png	1F575-1F3FF.png	e448756ae54e472b77850ca23b57835648a3c11c58759f281fbcc69045c4a37c	e448756ae54e472b77850ca23b57835648a3c11c58759f281fbcc69045c4a37c
1f575-1f3ff-200d-2640.png	1F575-1F3FF-200D-2640-FE0F.png	6d6de1cf696dcf099c65b10fe8d5f0cfcf5644a370eaaf63008e67e7037aa2c9	6d6de1cf696dcf099c65b10fe8d5f0cfcf5644a370eaaf63008e67e7037aa2c9
1f575-1f3ff-200d-2642.png	1F575-1F3FF-200D-2642-FE0F.png	586727da93d2a99ad4dbf34630bb85b68a31f293b45980e0d034eb07f3d53b4a	586727da93d2a99ad4dbf34630bb85b68a31f293b45980e0d034eb07f3d53b4a
1f575-200d-2640.png	1F575-FE0F-200D-2640-FE0F.png	7bdb51b56b70f9d2b7801fe43ec15e5a79a920ac0fbaa6dfdabf7eef34c5cf99	7bdb51b56b70f9d2b7801fe43ec15e5a79a920ac0fbaa6dfdabf7eef34c5cf99
1f575-200d-2642.png	1F575-FE0F-200D-2642-FE0F.png	a42915edc641435b644849306ed04333a6093630bad4ac04756e0b66bde66e30	a42915edc641435b644849306ed04333a6093630bad4ac04756e0b66bde66e30
1f576.png	1F576.png	428c39f2d5bddcd9f3661bd66bbc91394cc833a44885513e4829d1fdc719bcb2	428c39f2d5bddcd9f3661bd66bbc91394cc833a44885513e4829d1fdc719bcb2
1f577.png	1F577.png	36ae7e38e1798a559236201b03da9365730ce04b5a1ca6464aeed19a6be56c51	36ae7e38e1798a559236201b03da9365730ce04b5a1ca6464aeed19a6be56c51
1f578.png	1F578.png	bba634a94257e08d3dbccde5eb6dfb2db5675f1c45ca3cf7b302572ed9915ef7	bba634a94257e08d3dbccde5eb6dfb2db5675f1c45ca3cf7b302572ed9915ef7
1f579.png	1F579.png	7165725c3b14ea9f39ad4cee80be58d7bc042fddad4289e55fe7b0017f614c5b	7165725c3b14ea9f39ad4cee80be58d7bc042fddad4289e55fe7b0017f614c5b
1f57a.png	1F57A.png	189762fa6424209b73fa4d7d24b645e56af3739731cd6f6dee1e251016617999	189762fa6424209b73fa4d7d24b645e56af3739731cd6f6dee1e251016617999
1f57a-1f3fb.png	1F57A-1F3FB.png	2148ec9b655ae3c1034243a0ea92ac839f3e00d5b5c2cafe171bbc876fe019d1	2148ec9b655ae3c1034243a0ea92ac839f3e00d5b5c2cafe171bbc876fe019d1
1f57a-1f3fc.png	1F57A-1F3FC.png	9737612d0fddb9ac88065ce789a8a9594c0f58287f8159c3e22b841add887658	9737612d0fddb9ac88065ce789a8a9594c0f58287f8159c3e22b841add887658
1f57a-1f3fd.png	1F57A-1F3FD.png	f56abbc63143ca76e320a03e791a925696f1775ded93fb6a9d201db0a2daa920	f56abbc63143ca76e320a03e791a925696f1775ded93fb6a9d201db0a2daa920
1f57a-1f3fe.png	1F57A-1F3FE.png	127e7c91d52b99f91fa3b6861c8baa77a25fb0ce101cd4bd1fe791e20b526c53	127e7c91d52b99f91fa3b6861c8baa77a25fb0ce101cd4bd1fe791e20b526c53
1f57a-1f3ff.png	1F57A-1F3FF.png	bed9e59bd7c18f2ddc4e2054073b0fdd5397b88bbdce9fb70d906a8d07b92afd	bed9e59bd7c18f2ddc4e2054073b0fdd5397b88bbdce9fb70d906a8d07b92afd
1f587.png	1F587.png	7318da7a12c2e5d2a7724dfa1a75308be8ae0ffdfb6aaedcc3ef76548f286180	7318da7a12c2e5d2a7724dfa1a75308be8ae0ffdfb6aaedcc3ef76548f286180
1f58a.png	1F58A.png	ed8b281a477fcff795605324a538f3dbd843290077bd773d65189ecca2a9aa65	ed8b281a477fcff795605324a538f3dbd843290077bd773d65189ecca2a9aa65
1f58b.png	1F58B.png	a953f43ecdced4f1e8a6bb22d5551a6d99abbeab41c9edf783587aac0e80ec61	a953f43ecdced4f1e8a6bb22d5551a6d99abbeab41c9edf783587aac0e80ec61
1f58c.png	1F58C.png	27138453e80e8255abf39d3deb7516fa872f5b46c4eb63b6c5b7dfbadac7ca13	27138453e80e8255abf39d3deb7516fa872f5b46c4eb63b6c5b7dfbadac7ca13
1f58d.png	1F58D.png	030e69b2381af546cb8b70c27440adbc979eed9507085a098c1387bd7d81cad0	030e69b2381af546cb8b70c27440adbc979eed9507085a098c1387bd7d81cad0
1f590.png	1F590.png	ed4c5a9656ea9e1541a9380f541d4eb4b3347bf043e4f202a6d86d475bf6d9f8	ed4c5a9656ea9e1541a9380f541d4eb4b3347bf043e4f202a6d86d475bf6d9f8
1f590-1f3fb.png	1F590-1F3FB.png	4f0226996b66a7ea820716c5584c753f81db8be4aac5287b7555722ce0e350ca	4f0226996b66a7ea820716c5584c753f81db8be4aac5287b7555722ce0e350ca
1f590-1f3fc.png	1F590-1F3FC.png	88a94bc07f54b57ede569aa9f9c225608ea0ddb58d2c312bb8e85f5abf9fd54b	88a94bc07f54b57ede569aa9f9c225608ea0ddb58d2c312bb8e85f5abf9fd54b
1f590-1f3fd.png	1F590-1F3FD.png	cb9e0add2d833253c35bf6126f69db44d0f72bada74371f5af1ebc72fa324ed6	cb9e0add2d833253c35bf6126f69db44d0f72bada74371f5af1ebc72fa324ed6
1f590-1f3fe.png	1F590-1F3FE.png	6581b9e1cfcb667a0522caf00bc34f20afa32fad1f2556f41cbef3c463b787c9	6581b9e1cfcb667a0522caf00bc34f20afa32fad1f2556f41cbef3c463b787c9
1f590-1f3ff.png	1F590-1F3FF.png	307ce0e5fd95aec356d5f0cbaf14dade708a28ffd03e7cfb9e2989bc13ecad66	307ce0e5fd95aec356d5f0cbaf14dade708a28ffd03e7cfb9e2989bc13ecad66
1f595.png	1F595.png	4592b7d42c12e3b45f337ed7532b30638d5d176592e4ea41ce90d4b71d7d177d	4592b7d42c12e3b45f337ed7532b30638d5d176592e4ea41ce90d4b71d7d177d
1f595-1f3fb.png	1F595-1F3FB.png	9a827d3f380680ca950f1565c708a27be96e0f4b72566ebe906531cd9e94c92e	9a827d3f380680ca950f1565c708a27be96e0f4b72566ebe906531cd9e94c92e
1f595-1f3fc.png	1F595-1F3FC.png	ce7d14561efdea84af839dc9ac02d1ffd036c6122883ecc02b73bd14f2c8311d	ce7d14561efdea84af839dc9ac02d1ffd036c6122883ecc02b73bd14f2c8311d
1f595-1f3fd.png	1F595-1F3FD.png	cd48794f1a69c7186063feaa60275705b09e2aa0a44cf0a386768b7f383b2191	cd48794f1a69c7186063feaa60275705b09e2aa0a44cf0a386768b7f383b2191
1f595-1f3fe.png	1F595-1F3FE.png	64185c1fe21a591d53c657f997b63f91348e6bd08c51a94a487c8d304395491a	64185c1fe21a591d53c657f997b63f91348e6bd08c51a94a487c8d304395491a
1f595-1f3ff.png	1F595-1F3FF.png	07eace8fac0594db4659ffa0c733dd3bf3440f81f3cb0cff5caab0aaf602a1da	07eace8fac0594db4659ffa0c733dd3bf3440f81f3cb0cff5caab0aaf602a1da
1f596.png	1F596.png	edb4d4eef51884c10f4760d5435adb10898b5da444067bbb24ed6ca159d3f306	edb4d4eef51884c10f4760d5435adb10898b5da444067bbb24ed6ca159d3f306
1f596-1f3fb.png	1F596-1F3FB.png	dd5a045d177e56b0896a487487376a01a82ab3233bae0cef0ce89a335fe94abd	dd5a045d177e56b0896a487487376a01a82ab3233bae0cef0ce89a335fe94abd
1f596-1f3fc.png	1F596-1F3FC.png	d0262101ec9f45494d226862265c73aaafe4b6950ba18a701ebbf985872c1419	d0262101ec9f45494d226862265c73aaafe4b6950ba18a701ebbf985872c1419
1f596-1f3fd.png	1F596-1F3FD.png	5212c005139ef69c3e148d3f49ec434df308de0b0ca62c34a78f792f885eff35	5212c005139ef69c3e148d3f49ec434df308de0b0ca62c34a78f792f885eff35
1f596-1f3fe.png	1F596-1F3FE.png	9d4b7ef086fbd339158f34af36da6af2c6ab6a8e9507f0008267a92eea917740	9d4b7ef086fbd339158f34af36da6af2c6ab6a8e9507f0008267a92eea917740
1f596-1f3ff.png	1F596-1F3FF.png	c4550c5b907d8b3e6619554086ccf358610b37496156d355eca7b7e4e07b67a4	c4550c5b907d8b3e6619554086ccf358610b37496156d355eca7b7e4e07b67a4
1f5a4.png	1F5A4.png	40fc305a92f5d0fee66518e934ec05dfb78c98133b4367a7ce6b6eb161124ee9	40fc305a92f5d0fee66518e934ec05dfb78c98133b4367a7ce6b6eb161124ee9
1f5a5.png	1F5A5.png	59e21a0c1c7373f1f739f4365d52fb1a76e979161d6e9e8f04976fafb919fbbc	59e21a0c1c7373f1f739f4365d52fb1a76e979161d6e9e8f04976fafb919fbbc
1f5a8.png	1F5A8.png	6a2a3c76b0f329b0f64476c9e02d94d5f5cdaff412d43e0b07890433ec4155e3	6a2a3c76b0f329b0f64476c9e02d94d5f5cdaff412d43e0b07890433ec4155e3
1f5b1.png	1F5B1.png	7d1a5f15a28ef15f6c35ffe185815859013c1d57df4be3219aad39a95a7348a4	7d1a5f15a28ef15f6c35ffe185815859013c1d57df4be3219aad39a95a7348a4
1f5b2.png	1F5B2.png	303c3deb89cecc7c991cde2fb20c68b28218ef9b144a164c549d938666d2931f	303c3deb89cecc7c991cde2fb20c68b28218ef9b144a164c549d938666d2931f
1f5bc.png	1F5BC.png	c2c2762791640aa15689b660cee6790fa72f739fa98a05d60accab5bc0100974	c2c2762791640aa15689b660cee6790fa72f739fa98a05d60accab5bc0100974
1f5c2.png	1F5C2.png	7720aa8b5bf981084722bb17f7e283fa94fe263e8ba061b74de3dcd6037c6758	7720aa8b5bf981084722bb17f7e283fa94fe263e8ba061b74de3dcd6037c6758
1f5c3.png	1F5C3.png	11febafd5fc3aba59545667dcdae6469a5d023ac0fec58774750f871cc817e7e	11febafd5fc3aba59545667dcdae6469a5d023ac0fec58774750f871cc817e7e
1f5c4.png	1F5C4.png	e782922a4043003fa939995e9f83baea0596b4a202a08452d947defe5da1314e	e782922a4043003fa939995e9f83baea0596b4a202a08452d947defe5da1314e
1f5d1.png	1F5D1.png	8125210d9e77a2db754eaceba6774480c175a20eb2d5f63eabcc96a3da1ca6f7	8125210d9e77a2db754eaceba6774480c175a20eb2d5f63eabcc96a3da1ca6f7
1f5d2.png	1F5D2.png	bcc31cf352952aab99b9efd19bde99a26025967977a250d21c272e9c59e8ce89	bcc31cf352952aab99b9efd19bde99a26025967977a250d21c272e9c59e8ce89
1f5d3.png	1F5D3.png	004715e6d90ce58a6277e2fe4c6066397df9267ba1d26b54c28f47bc0165b612	004715e6d90ce58a6277e2fe4c6066397df9267ba1d26b54c28f47bc0165b612
1f5dc.png	1F5DC.png	5e67514871075921fd082b9fb8fa59b04b4d947043601b575d589d3e58eccbc4	5e67514871075921fd082b9fb8fa59b04b4d947043601b575d589d3e58eccbc4
1f5dd.png	1F5DD.png	b589b6eff78824f213cd8a77e6c10479f3529874f8361fc446020f96c1a4c3f7	b589b6eff78824f213cd8a77e6c10479f3529874f8361fc446020f96c1a4c3f7
1f5de.png	1F5DE.png	3dd51b738bf77295a94ce71e53e509b3284d25b99aaba864d64facf54f656140	3dd51b738bf77295a94ce71e53e509b3284d25b99aaba864d64facf54f656140
1f5e1.png	1F5E1.png	8b68a0474385e025db4b53b43ec0dc085a6c4a6261300b491b2580b61df78121	8b68a0474385e025db4b53b43ec0dc085a6c4a6261300b491b2580b61df78121
1f5e3.png	1F5E3.png	4471463c9f656f6c0215f3020f373db9277c7eb11afd42690e584fe4fe867f4d	4471463c9f656f6c0215f3020f373db9277c7eb11afd42690e584fe4fe867f4d
1f5e8.png	1F5E8.png	78d4889029547145a35704b345a622283d56bc66d949c8c1c23231aec017d2bd	78d4889029547145a35704b345a622283d56bc66d949c8c1c23231aec017d2bd
1f5ef.png	1F5EF.png	465c06b51ed40f5c5081f65c237d83629323ded2895a43f92d9048488743e166	465c06b51ed40f5c5081f65c237d83629323ded2895a43f92d9048488743e166
1f5f3.png	1F5F3.png	f6b1c657bd35f35651294026c405936e7188415025e2718bb8a712bde1fee913	f6b1c657bd35f35651294026c405936e7188415025e2718bb8a712bde1fee913
1f5fa.png	1F5FA.png	eda738864f6cdb24521837310bc270ec40f5faf76c6b1f82dc625a422c6e371f	eda738864f6cdb24521837310bc270ec40f5faf76c6b1f82dc625a422c6e371f
1f5fb.png	1F5FB.png	7bc60ecc60e36032b3940c2ae791415d18eb9fbdc6370c07e9669cb03bc7918a	7bc60ecc60e36032b3940c2ae791415d18eb9fbdc6370c07e9669cb03bc7918a
1f5fc.png	1F5FC.png	29c0c69f6582a40688b93f8772d70c87a209495a843d49e413c744135bc95464	29c0c69f6582a40688b93f8772d70c87a209495a843d49e413c744135bc95464
1f5fd.png	1F5FD.png	37a49cc0dd0d5c0be2b3d4c270c489ae589345b513f0673292f299ef7e8da68d	37a49cc0dd0d5c0be2b3d4c270c489ae589345b513f0673292f299ef7e8da68d
1f5fe.png	1F5FE.png	21afac623611699dfeeb82780d59b684b764ebc30a77150dcbe981124ea732d1	21afac623611699dfeeb82780d59b684b764ebc30a77150dcbe981124ea732d1
1f5ff.png	1F5FF.png	0081c3e109b45a5d901f68904c14b8fcee47de0f65e8facfc734b6f4afac04af	0081c3e109b45a5d901f68904c14b8fcee47de0f65e8facfc734b6f4afac04af
1f600.png	1F600.png	7edaf4f8c1bc972404e51002c886a69f9c9f56fec133e88646d1a6692d0ee5dc	7edaf4f8c1bc972404e51002c886a69f9c9f56fec133e88646d1a6692d0ee5dc
1f601.png	1F601.png	5abee019f001481f63a3abd70a5c4d099dc649c328629a9f0317847b7f6321b5	5abee019f001481f63a3abd70a5c4d099dc649c328629a9f0317847b7f6321b5
1f602.png	1F602.png	8a27bed686545e4236069c44c6c7fc800df3ffc3ece12efa8046591f5916dfca	8a27bed686545e4236069c44c6c7fc800df3ffc3ece12efa8046591f5916dfca
1f603.png	1F603.png	98497f01f809d8fe01c0f919888fd773a8918ffe0db472f5763910fc40ffea19	98497f01f809d8fe01c0f919888fd773a8918ffe0db472f5763910fc40ffea19
1f604.png	1F604.png	9a04f4a0a977c61649d2e523bfcb21cbd09f8604316c1e9975d85e65459810b8	9a04f4a0a977c61649d2e523bfcb21cbd09f8604316c1e9975d85e65459810b8
1f605.png	1F605.png	dc5fb0152f4ae7f2b9694103c2c9664664ec64a88028393ac2d5e9f96df3c861	dc5fb0152f4ae7f2b9694103c2c9664664ec64a88028393ac2d5e9f96df3c861
1f606.png	1F606.png	3858ed43b678a7d4d7fffff05d0de1cf50bc8f50e7a6ed0e9ff21fa0a1621178	3858ed43b678a7d4d7fffff05d0de1cf50bc8f50e7a6ed0e9ff21fa0a1621178
1f607.png	1F607.png	5b8d25ca081767b93f8d8ee721407528505ea1936d2594943f3d8aa3f9e1c53a	5b8d25ca081767b93f8d8ee721407528505ea1936d2594943f3d8aa3f9e1c53a
1f608.png	1F608.png	f61682adc7c6b6890baf1dee17065ac6aef406412a9186fd383c4df97d7bcdf1	f61682adc7c6b6890baf1dee17065ac6aef406412a9186fd383c4df97d7bcdf1
1f609.png	1F609.png	aee857ae2651ee973f384ab1c8512f79dc648d8a4e15953eccc23e9d4bfd6b61	aee857ae2651ee973f384ab1c8512f79dc648d8a4e15953eccc23e9d4bfd6b61
1f60a.png	1F60A.png	ec359da9300a1b0dcef3dc7732b21a19c532ace4f05cc4864508a5194f72d449	ec359da9300a1b0dcef3dc7732b21a19c532ace4f05cc4864508a5194f72d449
1f60b.png	1F60B.png	625f43731192f5613dc0ff33c645b49a88c285d930f7bc261123d667f0d8266d	625f43731192f5613dc0ff33c645b49a88c285d930f7bc261123d667f0d8266d
1f60c.png	1F60C.png	6048df4da50e6569e601d5dbd5576d8ad4e5ab648ba9fe705e7750c45717f913	6048df4da50e6569e601d5dbd5576d8ad4e5ab648ba9fe705e7750c45717f913
1f60d.png	1F60D.png	78dc75777cc7e810dbea391a5308831805863359ec16b417cd4d08852a6c9627	78dc75777cc7e810dbea391a5308831805863359ec16b417cd4d08852a6c9627
1f60e.png	1F60E.png	c5c4d8c46a9ff7c7894405b7e120cb54f1adec0332a87fe326c6b9edc19ff992	c5c4d8c46a9ff7c7894405b7e120cb54f1adec0332a87fe326c6b9edc19ff992
1f60f.png	1F60F.png	f972401411e46e3d344e7ae664ed19ad95bbfc8781d70cdafb45f4006c0997bb	f972401411e46e3d344e7ae664ed19ad95bbfc8781d70cdafb45f4006c0997bb
1f610.png	1F610.png	baf5ca224bc7d2cbad4227216500e13898128fa29053c25a42b11a745fce9ae9	baf5ca224bc7d2cbad4227216500e13898128fa29053c25a42b11a745fce9ae9
1f611.png	1F611.png	de2c19ccc6fa2d2853e4118464f9d3c34ebefea78f675d9ede3fb614f253a108	de2c19ccc6fa2d2853e4118464f9d3c34ebefea78f675d9ede3fb614f253a108
1f612.png	1F612.png	9c1a3b709a5499725db0ec1d4cb29c8dd857ae693896f834323267b464539d20	9c1a3b709a5499725db0ec1d4cb29c8dd857ae693896f834323267b464539d20
1f613.png	1F613.png	4963359bed2defae00faf7e580fba71561fd8293638676fbfabdee89e2d29a5f	4963359bed2defae00faf7e580fba71561fd8293638676fbfabdee89e2d29a5f
1f614.png	1F614.png	4aa25c697254fd863e286314f093118d2d641a1fd668b6323516e281d17d2a5c	4aa25c697254fd863e286314f093118d2d641a1fd668b6323516e281d17d2a5c
1f615.png	1F615.png	f59e3c3ff75bea3e5555e21279fc978ecdef651b1d14612eee3cabccffa84393	f59e3c3ff75bea3e5555e21279fc978ecdef651b1d14612eee3cabccffa84393
1f616.png	1F616.png	1f7e0d68cf145f37b547ff2a75828f9abd15a2b2d3e8024426470c838b186ecc	1f7e0d68cf145f37b547ff2a75828f9abd15a2b2d3e8024426470c838b186ecc
1f617.png	1F617.png	0f4f159d607f0b41e51fae2eb1464e8090e322e1e14d2f671f820b2ab175b01b	0f4f159d607f0b41e51fae2eb1464e8090e322e1e14d2f671f820b2ab175b01b
1f618.png	1F618.png	42f3c17b93f3eb16e92c579e2df3794025a3a0fdcaa57bdd10cc0a462010a8bd	42f3c17b93f3eb16e92c579e2df3794025a3a0fdcaa57bdd10cc0a462010a8bd
1f619.png	1F619.png	3c026ba9f22ec1baaf8bb301b87a198e77039e72ad3bac222b5225c97a43af57	3c026ba9f22ec1baaf8bb301b87a198e77039e72ad3bac222b5225c97a43af57
1f61a.png	1F61A.png	b33a0f07ee4a729ef34a6603739c91a8f623dc391b97ec016016519b4ab1b37d	b33a0f07ee4a729ef34a6603739c91a8f623dc391b97ec016016519b4ab1b37d
1f61b.png	1F61B.png	7b57687465deb142730c60cadf78b0a1c3499b4dde86f3d92bae340790342485	7b57687465deb142730c60cadf78b0a1c3499b4dde86f3d92bae340790342485
1f61c.png	1F61C.png	023b7a98a26be3c6239885783d3984a6a29074cf4ec57edc4900f256c2b2073a	023b7a98a26be3c6239885783d3984a6a29074cf4ec57edc4900f256c2b2073a
1f61d.png	1F61D.png	f8b43b0c6f28c20a55b394588449f7f2bc228843f7ac25694364d843e0b0f37b	f8b43b0c6f28c20a55b394588449f7f2bc228843f7ac25694364d843e0b0f37b
1f61e.png	1F61E.png	137e2159d12d013807712b024e59ed2fd54cd36a47ae34936fbcab0f3aa61837	137e2159d12d013807712b024e59ed2fd54cd36a47ae34936fbcab0f3aa61837
1f61f.png	1F61F.png	c38c84b34568816bccb3486ca22448ea08fb4d5bb3cfc17478b298c3b297aa7e	c38c84b34568816bccb3486ca22448ea08fb4d5bb3cfc17478b298c3b297aa7e
1f620.png	1F620.png	408179c6b95c6f234ce4617182ed9ab34e2079fbbb59fcc843d0f0ce987a2fe1	408179c6b95c6f234ce4617182ed9ab34e2079fbbb59fcc843d0f0ce987a2fe1
1f621.png	1F621.png	57b111a82b7a90d11909a1f8c86baa0947067c63e6166dce701c07798eaf6219	57b111a82b7a90d11909a1f8c86baa0947067c63e6166dce701c07798eaf6219
1f622.png	1F622.png	4b6ddeca38915e9baa10d3cc182f2320bbd5635888abcb85eb30d7c6175c907d	4b6ddeca38915e9baa10d3cc182f2320bbd5635888abcb85eb30d7c6175c907d
1f623.png	1F623.png	fd4d34efaff2ae745da43df4a32158989e78d54de0eebb0651af5c90d5a7b932	fd4d34efaff2ae745da43df4a32158989e78d54de0eebb0651af5c90d5a7b932
1f624.png	1F624.png	10b0511f6f6e766786dac9e49bb1823ce9ea5087903a30bddce885ae5fc299a5	10b0511f6f6e766786dac9e49bb1823ce9ea5087903a30bddce885ae5fc299a5
1f625.png	1F625.png	3ead45206a39861cb0b96dc2631534e2b15f437d2045d997197ee25fa397a922	3ead45206a39861cb0b96dc2631534e2b15f437d2045d997197ee25fa397a922
1f626.png	1F626.png	2d0e60013c5dda2e30cb6e6fc27bbf3e10f068072aba5ffa6f8d3bfd09d71886	2d0e60013c5dda2e30cb6e6fc27bbf3e10f068072aba5ffa6f8d3bfd09d71886
1f627.png	1F627.png	3145887e49b5e6e135b3df0ecb512d3caed57d4da6159f3be67e000b034b19d1	3145887e49b5e6e135b3df0ecb512d3caed57d4da6159f3be67e000b034b19d1
1f628.png	1F628.png	c4e9fe0fccc44d5282f338d1e15fa9bb57c1b827b00c9d16c9c7b35e7fda67c4	c4e9fe0fccc44d5282f338d1e15fa9bb57c1b827b00c9d16c9c7b35e7fda67c4
1f629.png	1F629.png	d5541c4fd4a4c42547455861ac668563aeb965d14c91a30c15fcae33f78709d6	d5541c4fd4a4c42547455861ac668563aeb965d14c91a30c15fcae33f78709d6
1f62a.png	1F62A.png	90ef5c6740e74aa8c899edf67175f99c785a45d91f9fa9bf2e64dde4e17f3e02	90ef5c6740e74aa8c899edf67175f99c785a45d91f9fa9bf2e64dde4e17f3e02
1f62b.png	1F62B.png	f79bc0d3200dc7a3b8f1536262e890636b5ed3f94ce1295263f1a3fe980e66aa	f79bc0d3200dc7a3b8f1536262e890636b5ed3f94ce1295263f1a3fe980e66aa
1f62c.png	1F62C.png	f1814d79a26fa7aca5c4653f08180489b18fac097a2bc5bb9a9cf9581c02ea97	f1814d79a26fa7aca5c4653f08180489b18fac097a2bc5bb9a9cf9581c02ea97
1f62d.png	1F62D.png	3f62653116fa864a03940a5b25467c00f0641cda5a963538e90a8b8b1b1bd5e4	3f62653116fa864a03940a5b25467c00f0641cda5a963538e90a8b8b1b1bd5e4
1f62e.png	1F62E.png	37e9fd91b57631e007fadc557adbe909bdd9aa9e35a1359ec462a1ee238af695	37e9fd91b57631e007fadc557adbe909bdd9aa9e35a1359ec462a1ee238af695
1f62e-200d-1f4a8.png	1F62E-200D-1F4A8.png	afb4084e7bf86623a60e2ba9fcf883b9c9faccaba35e8f91517f2053ac687c92	afb4084e7bf86623a60e2ba9fcf883b9c9faccaba35e8f91517f2053ac687c92
1f62f.png	1F62F.png	81b08894aa7e6f33f8a26e47554c293896402da35d7b7efdb27845abd1de74da	81b08894aa7e6f33f8a26e47554c293896402da35d7b7efdb27845abd1de74da
1f630.png	1F630.png	d16c5911f27b31e131cfff9587bd10f3fe8d2c1b4e4d90d58db2515b595a54af	d16c5911f27b31e131cfff9587bd10f3fe8d2c1b4e4d90d58db2515b595a54af
1f631.png	1F631.png	a755ac838b309c5912ef6a9385dc0a988810749b6534f65212de40244bd49620	a755ac838b309c5912ef6a9385dc0a988810749b6534f65212de40244bd49620
1f632.png	1F632.png	381d97d8eee2f1347dfe8f08bc93ed1020b3d9421f9e597ce295d12ea869fb61	381d97d8eee2f1347dfe8f08bc93ed1020b3d9421f9e597ce295d12ea869fb61
1f633.png	1F633.png	3a6c427f62bbdeb4bced6adb5bd2e59ab737b5e26182bbaada7eaaa499a371ee	3a6c427f62bbdeb4bced6adb5bd2e59ab737b5e26182bbaada7eaaa499a371ee
1f634.png	1F634.png	0162f34d7cfcedc7f6350079f3abef6a417483523729c39a82cfde134e2a3f05	0162f34d7cfcedc7f6350079f3abef6a417483523729c39a82cfde134e2a3f05
1f635.png	1F635.png	5239a14df2c5df02e14b7d4b1f192b9e4d1e56d4112f805b8552ff07e339a42f	5239a14df2c5df02e14b7d4b1f192b9e4d1e56d4112f805b8552ff07e339a42f
1f635-200d-1f4ab.png	1F635-200D-1F4AB.png	5e97becf899dec314618d642f8d40753751e8a681811dbe0b8c190a5d1f55b32	5e97becf899dec314618d642f8d40753751e8a681811dbe0b8c190a5d1f55b32
1f636.png	1F636.png	43c490ab6174cb90ec30f970c9d343f8ac7a2f93feb48a79d1a433e06cbcada4	43c490ab6174cb90ec30f970c9d343f8ac7a2f93feb48a79d1a433e06cbcada4
1f636-200d-1f32b.png	1F636-200D-1F32B-FE0F.png	f60d83f53f6350751c73cd1ac5348de81b68fbb4b58af3e6eb6c04625fd986d5	f60d83f53f6350751c73cd1ac5348de81b68fbb4b58af3e6eb6c04625fd986d5
1f637.png	1F637.png	d4d7e63ddb2e07cba9eeba06fe04b174f944758df10cbba183d424c93be0bea0	d4d7e63ddb2e07cba9eeba06fe04b174f944758df10cbba183d424c93be0bea0
1f638.png	1F638.png	08e7779136dd9f999983359d2e2848052f21f470e0784aef3c78cfd174cd729b	08e7779136dd9f999983359d2e2848052f21f470e0784aef3c78cfd174cd729b
1f639.png	1F639.png	d637ebee0aec5283c5b44f326165c826a204a77f2c2936a353f3a658678d9a2c	d637ebee0aec5283c5b44f326165c826a204a77f2c2936a353f3a658678d9a2c
1f63a.png	1F63A.png	f937d8f84d667d6df5f19e647f32011977446c836938b4edabed059062f9ced2	f937d8f84d667d6df5f19e647f32011977446c836938b4edabed059062f9ced2
1f63b.png	1F63B.png	57a63982e017f90ca54377fe59fa98dd387b8cc510267058cb4101b24b10d0fc	57a63982e017f90ca54377fe59fa98dd387b8cc510267058cb4101b24b10d0fc
1f63c.png	1F63C.png	4c23d6763c8d67487f97557eabe93bb9b3a162ca6b5c71dc5164cb517e8aa983	4c23d6763c8d67487f97557eabe93bb9b3a162ca6b5c71dc5164cb517e8aa983
1f63d.png	1F63D.png	efc4c24a8b098bc50273119c77473ce7d872012fc7d474b70fca74e8eb7cbcfe	efc4c24a8b098bc50273119c77473ce7d872012fc7d474b70fca74e8eb7cbcfe
1f63e.png	1F63E.png	dd573293a59b6a10009a9702ddbc1451e2b22f5a07c560778e9186d25e4ffa8c	dd573293a59b6a10009a9702ddbc1451e2b22f5a07c560778e9186d25e4ffa8c
1f63f.png	1F63F.png	8c3a3f25f1b51533aed9da9ddea56b36e58df092c387acb87c2b86eeaa088413	8c3a3f25f1b51533aed9da9ddea56b36e58df092c387acb87c2b86eeaa088413
1f640.png	1F640.png	d14e332ab94df9f3a09fef310a98b9bdf57762d075c1eabbdc7493077f3f3640	d14e332ab94df9f3a09fef310a98b9bdf57762d075c1eabbdc7493077f3f3640
1f641.png	1F641.png	a8b1c4b1bc5648bfffd83ba5bb12940d7ec9c66fadc4f5aadb2f874e6d41048b	a8b1c4b1bc5648bfffd83ba5bb12940d7ec9c66fadc4f5aadb2f874e6d41048b
1f642.png	1F642.png	2f8fd53d4357138a2297b19c6b9ed137b420a085763e72fa815e223a27fc570f	2f8fd53d4357138a2297b19c6b9ed137b420a085763e72fa815e223a27fc570f
1f642-200d-2194.png	1F642-200D-2194-FE0F.png	1aaa6a28c66cc0cbd3e8b1621ad3fa7353536f089ccd42ce7f505df822641e06	1aaa6a28c66cc0cbd3e8b1621ad3fa7353536f089ccd42ce7f505df822641e06
1f642-200d-2195.png	1F642-200D-2195-FE0F.png	be81dfc53956740706d1962a167e29c31f92f3590a3bdb1dba148de9bf33072e	be81dfc53956740706d1962a167e29c31f92f3590a3bdb1dba148de9bf33072e
1f643.png	1F643.png	4f180b761f6bbd8675ef29b8841c6c9c454151b421e931b4e75de092b4f98616	4f180b761f6bbd8675ef29b8841c6c9c454151b421e931b4e75de092b4f98616
1f644.png	1F644.png	bd1845a2b1733c9dde88586c701f2bb77440a1b5a3cecf80a175426c3593915c	bd1845a2b1733c9dde88586c701f2bb77440a1b5a3cecf80a175426c3593915c
1f645.png	1F645.png	f033ede12e1eafddf8025f7e0a531ae850c7f9c1b58c9894c1de954fc3af23d2	f033ede12e1eafddf8025f7e0a531ae850c7f9c1b58c9894c1de954fc3af23d2
1f645-1f3fb.png	1F645-1F3FB.png	4b0e32499c5dc4f3fb9f24887bd2c8ac4df1dafb376f1afa56bd5afddb92e208	4b0e32499c5dc4f3fb9f24887bd2c8ac4df1dafb376f1afa56bd5afddb92e208
1f645-1f3fb-200d-2640.png	1F645-1F3FB-200D-2640-FE0F.png	b11eb54fa580c56b3ce7d09e14062ee90535d11720a293b6e3d876fba2374fb3	b11eb54fa580c56b3ce7d09e14062ee90535d11720a293b6e3d876fba2374fb3
1f645-1f3fb-200d-2642.png	1F645-1F3FB-200D-2642-FE0F.png	448b15e4720b0c93e70f71a0c1bde9b173ff33e2d773f06088b7d3ba54fa0c21	448b15e4720b0c93e70f71a0c1bde9b173ff33e2d773f06088b7d3ba54fa0c21
1f645-1f3fc.png	1F645-1F3FC.png	d60a12a0d4998b1857889f08e1f3fa73de9f0a91a0305a34b4b0f8927f6701e0	d60a12a0d4998b1857889f08e1f3fa73de9f0a91a0305a34b4b0f8927f6701e0
1f645-1f3fc-200d-2640.png	1F645-1F3FC-200D-2640-FE0F.png	9a6214c5d037457426b6606a2b39bd1867409d3027c0aaa55ef7759b397500b8	9a6214c5d037457426b6606a2b39bd1867409d3027c0aaa55ef7759b397500b8
1f645-1f3fc-200d-2642.png	1F645-1F3FC-200D-2642-FE0F.png	891bca0d7fc4de62fe66f339dd24375716f49c345ac74360d7d3d3d7853b1630	891bca0d7fc4de62fe66f339dd24375716f49c345ac74360d7d3d3d7853b1630
1f645-1f3fd.png	1F645-1F3FD.png	082b6bce026e2dd4728899fd6442ae8638cdaba1837e54fdb232fa74f2a5d688	082b6bce026e2dd4728899fd6442ae8638cdaba1837e54fdb232fa74f2a5d688
1f645-1f3fd-200d-2640.png	1F645-1F3FD-200D-2640-FE0F.png	0e40ebd9eee3bec9760aebf382e52ded4688e4ef2945ad6cc75b897ca4a0163a	0e40ebd9eee3bec9760aebf382e52ded4688e4ef2945ad6cc75b897ca4a0163a
1f645-1f3fd-200d-2642.png	1F645-1F3FD-200D-2642-FE0F.png	c1d9936c79c7f4e678c2fd3ba0a27d9967ce133bf9b2379f67e570dc4ae81421	c1d9936c79c7f4e678c2fd3ba0a27d9967ce133bf9b2379f67e570dc4ae81421
1f645-1f3fe.png	1F645-1F3FE.png	855cf27983f80a9666bf951e67ffd830687025d394b8535867195e635fb5f3d1	855cf27983f80a9666bf951e67ffd830687025d394b8535867195e635fb5f3d1
1f645-1f3fe-200d-2640.png	1F645-1F3FE-200D-2640-FE0F.png	84f12e42064b9fe72925fcd5757df37d42910760ddbd8fa43094a6f4df7c6ca6	84f12e42064b9fe72925fcd5757df37d42910760ddbd8fa43094a6f4df7c6ca6
1f645-1f3fe-200d-2642.png	1F645-1F3FE-200D-2642-FE0F.png	3a7f4e30637065360117dbdafafebe8c1802ef5491aeab07ddf5ce77fe1bca95	3a7f4e30637065360117dbdafafebe8c1802ef5491aeab07ddf5ce77fe1bca95
1f645-1f3ff.png	1F645-1F3FF.png	7f94537bb4722816fc4249dfdebb5dfa61a24e5677972a0d2aa0caa883e14ee1	7f94537bb4722816fc4249dfdebb5dfa61a24e5677972a0d2aa0caa883e14ee1
1f645-1f3ff-200d-2640.png	1F645-1F3FF-200D-2640-FE0F.png	30c2f6acf59828af9a7904398438fef6ff2d3dc524a3a74397fcbd0c2968e505	30c2f6acf59828af9a7904398438fef6ff2d3dc524a3a74397fcbd0c2968e505
1f645-1f3ff-200d-2642.png	1F645-1F3FF-200D-2642-FE0F.png	6b309e19157ed5463e0af2605bfc1ea53c7cbdd3e2065bc9bb8358cf425246a6	6b309e19157ed5463e0af2605bfc1ea53c7cbdd3e2065bc9bb8358cf425246a6
1f645-200d-2640.png	1F645-200D-2640-FE0F.png	1e8e6f62dfb3dd97101c38ccc5a00504bbf1c49adc93b557cc4bf87ef76e01b4	1e8e6f62dfb3dd97101c38ccc5a00504bbf1c49adc93b557cc4bf87ef76e01b4
1f645-200d-2642.png	1F645-200D-2642-FE0F.png	ad0cb523442e985a5059d5e20d286f1c41d85afdfa175b4bebc051c1aae6c88b	ad0cb523442e985a5059d5e20d286f1c41d85afdfa175b4bebc051c1aae6c88b
1f646.png	1F646.png	6a8e96f7b0d8f6dc6855f23c0ab49f86a196f059de268a122f260a173c16b934	6a8e96f7b0d8f6dc6855f23c0ab49f86a196f059de268a122f260a173c16b934
1f646-1f3fb.png	1F646-1F3FB.png	8127f1d0ca5a3b83c3eb3eff241230253ff69e89983b62ff24c0156393afad67	8127f1d0ca5a3b83c3eb3eff241230253ff69e89983b62ff24c0156393afad67
1f646-1f3fb-200d-2640.png	1F646-1F3FB-200D-2640-FE0F.png	d30eb302fc00b0b815442369e0b8047e938099206588e68e97f7e79f7c0596ce	d30eb302fc00b0b815442369e0b8047e938099206588e68e97f7e79f7c0596ce
1f646-1f3fb-200d-2642.png	1F646-1F3FB-200D-2642-FE0F.png	694f9da7e03739fd0ac2b7c019c34833c76f9ef59ed5bea58a95ba0d9e572ab5	694f9da7e03739fd0ac2b7c019c34833c76f9ef59ed5bea58a95ba0d9e572ab5
1f646-1f3fc.png	1F646-1F3FC.png	89b0487f8384d0d4f8b2bf988c38b94bcaf09e33fe0440fd0d1dab9869478ab3	89b0487f8384d0d4f8b2bf988c38b94bcaf09e33fe0440fd0d1dab9869478ab3
1f646-1f3fc-200d-2640.png	1F646-1F3FC-200D-2640-FE0F.png	43c083ed6ba480a3814c91933cf396978284b7303023849d7bc5f0be90144be1	43c083ed6ba480a3814c91933cf396978284b7303023849d7bc5f0be90144be1
1f646-1f3fc-200d-2642.png	1F646-1F3FC-200D-2642-FE0F.png	0bdf604d7630b5c30174da9e31c95059cd7cddda06712066fe2e82a1de481a2a	0bdf604d7630b5c30174da9e31c95059cd7cddda06712066fe2e82a1de481a2a
1f646-1f3fd.png	1F646-1F3FD.png	3bf849ecf4f3b4a3ae68875b25454df04c1108a0d611b905bf538f7cb483f3a5	3bf849ecf4f3b4a3ae68875b25454df04c1108a0d611b905bf538f7cb483f3a5
1f646-1f3fd-200d-2640.png	1F646-1F3FD-200D-2640-FE0F.png	71be29d3bec4e831bb4a03858ae2e1781af0628f4050eca9d8e379fedb83bae0	71be29d3bec4e831bb4a03858ae2e1781af0628f4050eca9d8e379fedb83bae0
1f646-1f3fd-200d-2642.png	1F646-1F3FD-200D-2642-FE0F.png	621a23e2887baed156cbe35f9e57c354b077c8267cb0ae8ea92659aafd27aa71	621a23e2887baed156cbe35f9e57c354b077c8267cb0ae8ea92659aafd27aa71
1f646-1f3fe.png	1F646-1F3FE.png	a92e8357a678af4a0f6a4ab678b44161e98266bd99a9a3420d4aca32b69fa7f5	a92e8357a678af4a0f6a4ab678b44161e98266bd99a9a3420d4aca32b69fa7f5
1f646-1f3fe-200d-2640.png	1F646-1F3FE-200D-2640-FE0F.png	b147667426d3330b8e976bbcbafaea231e953e5fe3df54da04fb950f1b4ddbc7	b147667426d3330b8e976bbcbafaea231e953e5fe3df54da04fb950f1b4ddbc7
1f646-1f3fe-200d-2642.png	1F646-1F3FE-200D-2642-FE0F.png	7c36ec0c2d6d4122196a54b19010cec71bf61cc568bfa24d3e24e5ae617ce942	7c36ec0c2d6d4122196a54b19010cec71bf61cc568bfa24d3e24e5ae617ce942
1f646-1f3ff.png	1F646-1F3FF.png	3d4580b5b683edf469f035c0449a112cf0c6f2986d1e1ec8c8b34a48118320a0	3d4580b5b683edf469f035c0449a112cf0c6f2986d1e1ec8c8b34a48118320a0
1f646-1f3ff-200d-2640.png	1F646-1F3FF-200D-2640-FE0F.png	8f18a92d29a07ea2e95fb2647abb8ee81087c43bc8033aa466f13cc5ed0271f8	8f18a92d29a07ea2e95fb2647abb8ee81087c43bc8033aa466f13cc5ed0271f8
1f646-1f3ff-200d-2642.png	1F646-1F3FF-200D-2642-FE0F.png	186da505f7de7ded2d472b2f1b2d0f5b09ff91986045a973e621674ff146e42f	186da505f7de7ded2d472b2f1b2d0f5b09ff91986045a973e621674ff146e42f
1f646-200d-2640.png	1F646-200D-2640-FE0F.png	179944211e55a9296f66eff37dc934c8d9b2d0772c7a042ebe1f9872eb7ded2e	179944211e55a9296f66eff37dc934c8d9b2d0772c7a042ebe1f9872eb7ded2e
1f646-200d-2642.png	1F646-200D-2642-FE0F.png	8094cbbc68e5e55250fa8142ba47a7e87022904609588626f2930434851f1a82	8094cbbc68e5e55250fa8142ba47a7e87022904609588626f2930434851f1a82
1f647.png	1F647.png	c2741133a32c4da57b39e3a4d118271a15659870a6a63f83bc93a82400007524	c2741133a32c4da57b39e3a4d118271a15659870a6a63f83bc93a82400007524
1f647-1f3fb.png	1F647-1F3FB.png	eddc14421268735d8f52bbdf7ba906469b23652e1d57d2037252daa7f95f57f1	eddc14421268735d8f52bbdf7ba906469b23652e1d57d2037252daa7f95f57f1
1f647-1f3fb-200d-2640.png	1F647-1F3FB-200D-2640-FE0F.png	2f58ede1a5ae586516de090b95a5c09f50e6b055862af8ae2d44fce68bed5544	2f58ede1a5ae586516de090b95a5c09f50e6b055862af8ae2d44fce68bed5544
1f647-1f3fb-200d-2642.png	1F647-1F3FB-200D-2642-FE0F.png	d1a47e90dcc22ee28c340b7b80c6a50a1aab2e6732b0b4d9dd836c19591c45c2	d1a47e90dcc22ee28c340b7b80c6a50a1aab2e6732b0b4d9dd836c19591c45c2
1f647-1f3fc.png	1F647-1F3FC.png	7dbdb5ccd81e0ab320684075a30ea963d8fb3ca5ab662623bb7284ea78e04b20	7dbdb5ccd81e0ab320684075a30ea963d8fb3ca5ab662623bb7284ea78e04b20
1f647-1f3fc-200d-2640.png	1F647-1F3FC-200D-2640-FE0F.png	a961b64efcc3afed89cf0476721ff64e210fce4772c9ea74d39aac61d31931ac	a961b64efcc3afed89cf0476721ff64e210fce4772c9ea74d39aac61d31931ac
1f647-1f3fc-200d-2642.png	1F647-1F3FC-200D-2642-FE0F.png	3fdb2ea39285bfb313320529ab235d8d3b5196cde461b13d934c3bbfcb21adeb	3fdb2ea39285bfb313320529ab235d8d3b5196cde461b13d934c3bbfcb21adeb
1f647-1f3fd.png	1F647-1F3FD.png	e95c5afab6783bde232f11b256501aa01b7448dd76eccc4bcbb769a4ff2c5734	e95c5afab6783bde232f11b256501aa01b7448dd76eccc4bcbb769a4ff2c5734
1f647-1f3fd-200d-2640.png	1F647-1F3FD-200D-2640-FE0F.png	4026741ac6eab25c9dbca222c21bed324f0fdfdc2e29580a7b17f98e519c1ba7	4026741ac6eab25c9dbca222c21bed324f0fdfdc2e29580a7b17f98e519c1ba7
1f647-1f3fd-200d-2642.png	1F647-1F3FD-200D-2642-FE0F.png	e92a055937b347a735fd4979d36d07191e0548e435309dcf4df6753c58651595	e92a055937b347a735fd4979d36d07191e0548e435309dcf4df6753c58651595
1f647-1f3fe.png	1F647-1F3FE.png	12c7a34b3a73e3fd8728faf3ce1dec14a65d4745e5a24c9fe941635b930ca3db	12c7a34b3a73e3fd8728faf3ce1dec14a65d4745e5a24c9fe941635b930ca3db
1f647-1f3fe-200d-2640.png	1F647-1F3FE-200D-2640-FE0F.png	c1d6a1952d97fd3a970c910e51b860df63235a309feb079d3b5e5c092f2d212d	c1d6a1952d97fd3a970c910e51b860df63235a309feb079d3b5e5c092f2d212d
1f647-1f3fe-200d-2642.png	1F647-1F3FE-200D-2642-FE0F.png	df08fd5b2cfc6f1393c6d457de6db41af5026d76c98edfeacfafba36db2709df	df08fd5b2cfc6f1393c6d457de6db41af5026d76c98edfeacfafba36db2709df
1f647-1f3ff.png	1F647-1F3FF.png	cfc7c1a968b2a43a576506009866ef9161f131b8b72bd87860f89ccf7346b3ef	cfc7c1a968b2a43a576506009866ef9161f131b8b72bd87860f89ccf7346b3ef
1f647-1f3ff-200d-2640.png	1F647-1F3FF-200D-2640-FE0F.png	0931c5988f69d3f41f3650de2e32f84c2dc22c56703cdf20a186773d677485d2	0931c5988f69d3f41f3650de2e32f84c2dc22c56703cdf20a186773d677485d2
1f647-1f3ff-200d-2642.png	1F647-1F3FF-200D-2642-FE0F.png	ff8fc188e4f0395912a80d7a308b2ca5ff55b40d035a3879051f315835cff481	ff8fc188e4f0395912a80d7a308b2ca5ff55b40d035a3879051f315835cff481
1f647-200d-2640.png	1F647-200D-2640-FE0F.png	74108637cb20bd3609733d2a4055ffc831bf31db76af31c454fc8fc3ced8b0f6	74108637cb20bd3609733d2a4055ffc831bf31db76af31c454fc8fc3ced8b0f6
1f647-200d-2642.png	1F647-200D-2642-FE0F.png	8bebe776d631476c75dbbf2fa1bc8d7bf06785c995b5926669a4fbe942f270d2	8bebe776d631476c75dbbf2fa1bc8d7bf06785c995b5926669a4fbe942f270d2
1f648.png	1F648.png	2f155a0692a794f1f137a725db0fc8782fb5ffd1622a4c8d10f0c1be0658abe3	2f155a0692a794f1f137a725db0fc8782fb5ffd1622a4c8d10f0c1be0658abe3
1f649.png	1F649.png	a301fe6f27eb68e28df58a88c118597d9701cd50dc3512198217baf3781a6f21	a301fe6f27eb68e28df58a88c118597d9701cd50dc3512198217baf3781a6f21
1f64a.png	1F64A.png	443a97cffb9e3eb20694151ec56ab7e2a2a56cb1570684bb215c8929e7fc1b50	443a97cffb9e3eb20694151ec56ab7e2a2a56cb1570684bb215c8929e7fc1b50
1f64b.png	1F64B.png	9e61a8054b955ab79b4e509ebeb637ac5a1c2162eea7f045fd622e76133ee064	9e61a8054b955ab79b4e509ebeb637ac5a1c2162eea7f045fd622e76133ee064
1f64b-1f3fb.png	1F64B-1F3FB.png	745db7e57905d707da49b3af74ccad582427cd39a0b1e56575eb41209b1fa602	745db7e57905d707da49b3af74ccad582427cd39a0b1e56575eb41209b1fa602
1f64b-1f3fb-200d-2640.png	1F64B-1F3FB-200D-2640-FE0F.png	60088db6e1cef939b14751444e0c9f88af90babeed02b11213aecc793e53852d	60088db6e1cef939b14751444e0c9f88af90babeed02b11213aecc793e53852d
1f64b-1f3fb-200d-2642.png	1F64B-1F3FB-200D-2642-FE0F.png	a9370ed08082db69930be961efb81ef9cd7b22c2834bba0cc7ec0caadd06db23	a9370ed08082db69930be961efb81ef9cd7b22c2834bba0cc7ec0caadd06db23
1f64b-1f3fc.png	1F64B-1F3FC.png	4a39f1d245ea47a2b6957f8f320f63ee655d7e89441af312d33dd1fc7bcf926a	4a39f1d245ea47a2b6957f8f320f63ee655d7e89441af312d33dd1fc7bcf926a
1f64b-1f3fc-200d-2640.png	1F64B-1F3FC-200D-2640-FE0F.png	0cd031e595dadf7c7477183dd82626657b00ad7189c53f3db9771d6d1452fabb	0cd031e595dadf7c7477183dd82626657b00ad7189c53f3db9771d6d1452fabb
1f64b-1f3fc-200d-2642.png	1F64B-1F3FC-200D-2642-FE0F.png	4c3acbe181dfd58c96aaecaa58709e8781bb2c3658b0a5bbf98e66e98b7c50d5	4c3acbe181dfd58c96aaecaa58709e8781bb2c3658b0a5bbf98e66e98b7c50d5
1f64b-1f3fd.png	1F64B-1F3FD.png	86c9b5dbc783bb481a7712c28b96e3cd77f726c00aacb94f9bfbdc555f40518c	86c9b5dbc783bb481a7712c28b96e3cd77f726c00aacb94f9bfbdc555f40518c
1f64b-1f3fd-200d-2640.png	1F64B-1F3FD-200D-2640-FE0F.png	90bd2101e0876d61dba4e85c30f5dd7480da40c071e0590bfc8286c0c34d2d52	90bd2101e0876d61dba4e85c30f5dd7480da40c071e0590bfc8286c0c34d2d52
1f64b-1f3fd-200d-2642.png	1F64B-1F3FD-200D-2642-FE0F.png	cffdd71058489ab8fa9a9e375153703f0c836e116c583ed91942502f1748b8a7	cffdd71058489ab8fa9a9e375153703f0c836e116c583ed91942502f1748b8a7
1f64b-1f3fe.png	1F64B-1F3FE.png	c3f2891eb8bab8ef97a4b9ad6d2997cb35212b2d8b71d2b7d124342825ef3d0e	c3f2891eb8bab8ef97a4b9ad6d2997cb35212b2d8b71d2b7d124342825ef3d0e
1f64b-1f3fe-200d-2640.png	1F64B-1F3FE-200D-2640-FE0F.png	7f290e7e91775d8665a93f01e0381afead886aa06b939170d3a094f77fe87da6	7f290e7e91775d8665a93f01e0381afead886aa06b939170d3a094f77fe87da6
1f64b-1f3fe-200d-2642.png	1F64B-1F3FE-200D-2642-FE0F.png	99f2ec5f361a4fea395a1d21b585c2934136253d21fdbfcd4eb10b2f87ab9f6a	99f2ec5f361a4fea395a1d21b585c2934136253d21fdbfcd4eb10b2f87ab9f6a
1f64b-1f3ff.png	1F64B-1F3FF.png	e0fbdcaf9553a63a5df06abdbda88f8bdcfadd1bab7f4e323c20440de3d1541c	e0fbdcaf9553a63a5df06abdbda88f8bdcfadd1bab7f4e323c20440de3d1541c
1f64b-1f3ff-200d-2640.png	1F64B-1F3FF-200D-2640-FE0F.png	f79e274bb333d139bda356a212de3e60a87463bc25859f2ea8adcbcf8475a5dd	f79e274bb333d139bda356a212de3e60a87463bc25859f2ea8adcbcf8475a5dd
1f64b-1f3ff-200d-2642.png	1F64B-1F3FF-200D-2642-FE0F.png	17c44bab82c2d4fd3dbf2cb13ea65acdb0837b95710c41ead8e42768f54cc96d	17c44bab82c2d4fd3dbf2cb13ea65acdb0837b95710c41ead8e42768f54cc96d
1f64b-200d-2640.png	1F64B-200D-2640-FE0F.png	10cf1009cd29fe369334fa7b9c0f73c344d5946c8864ac892bc0f0ec6a9faea5	10cf1009cd29fe369334fa7b9c0f73c344d5946c8864ac892bc0f0ec6a9faea5
1f64b-200d-2642.png	1F64B-200D-2642-FE0F.png	8344c9329991ace02535e776fa3ef44c9682e8452f0dc76fafce149c82d4f737	8344c9329991ace02535e776fa3ef44c9682e8452f0dc76fafce149c82d4f737
1f64c.png	1F64C.png	1eff2d2770bd39fd54fb1d0fc5788360680f88cee00428d050683d99dad0bf44	1eff2d2770bd39fd54fb1d0fc5788360680f88cee00428d050683d99dad0bf44
1f64c-1f3fb.png	1F64C-1F3FB.png	aff240c1a604d2d990687a0712deee01719bd791e8ed3227da2a2c7c7b9a79a1	aff240c1a604d2d990687a0712deee01719bd791e8ed3227da2a2c7c7b9a79a1
1f64c-1f3fc.png	1F64C-1F3FC.png	ae3e7f7be0fbf10bae4f9a422ba26779660b18d2b5fd2c64a1a6eb3ab553918a	ae3e7f7be0fbf10bae4f9a422ba26779660b18d2b5fd2c64a1a6eb3ab553918a
1f64c-1f3fd.png	1F64C-1F3FD.png	48bcaad4dc97adddfee04207137de9cf8858b0d99d0b4b01397130aa421f7886	48bcaad4dc97adddfee04207137de9cf8858b0d99d0b4b01397130aa421f7886
1f64c-1f3fe.png	1F64C-1F3FE.png	c6c3308573456fc6deb20b93d493a206d15179d6c9178ab1738c1bb60347882a	c6c3308573456fc6deb20b93d493a206d15179d6c9178ab1738c1bb60347882a
1f64c-1f3ff.png	1F64C-1F3FF.png	c15b54b78f25f3b47d9c2e296c00f52f03d789b25dc725d24eadaa573486d408	c15b54b78f25f3b47d9c2e296c00f52f03d789b25dc725d24eadaa573486d408
1f64d.png	1F64D.png	5d662b4ba661929ae08bda7bfed7b7d8b94847f3512a2ab91b02c4bc2c478506	5d662b4ba661929ae08bda7bfed7b7d8b94847f3512a2ab91b02c4bc2c478506
1f64d-1f3fb.png	1F64D-1F3FB.png	c73f28006d49f3c4338c6d7fb41c9df990ffcf44ecf806ea01870c633287684e	c73f28006d49f3c4338c6d7fb41c9df990ffcf44ecf806ea01870c633287684e
1f64d-1f3fb-200d-2640.png	1F64D-1F3FB-200D-2640-FE0F.png	313d986d066b60f9fc68ed95ebc21c4581bba3b8d88be3016987e069d301c125	313d986d066b60f9fc68ed95ebc21c4581bba3b8d88be3016987e069d301c125
1f64d-1f3fb-200d-2642.png	1F64D-1F3FB-200D-2642-FE0F.png	2f199abe45f0778df9ae5b139c556bc902eff05ef891ae1a3b9c13fcc08a5002	2f199abe45f0778df9ae5b139c556bc902eff05ef891ae1a3b9c13fcc08a5002
1f64d-1f3fc.png	1F64D-1F3FC.png	b2bce4970f7aa49deef09f7ee3ebc97fec0ef95d67d560d85580ebcd34b0092d	b2bce4970f7aa49deef09f7ee3ebc97fec0ef95d67d560d85580ebcd34b0092d
1f64d-1f3fc-200d-2640.png	1F64D-1F3FC-200D-2640-FE0F.png	525f7765bc42b517fc0802128ff37ddd6c2b8959ec40d992d82702576d0f05d4	525f7765bc42b517fc0802128ff37ddd6c2b8959ec40d992d82702576d0f05d4
1f64d-1f3fc-200d-2642.png	1F64D-1F3FC-200D-2642-FE0F.png	34f39bd968cecef3b275f4f3745f987c907f42f57afdb8614005c6a048ceee8c	34f39bd968cecef3b275f4f3745f987c907f42f57afdb8614005c6a048ceee8c
1f64d-1f3fd.png	1F64D-1F3FD.png	3ad1495362671c0a4cb678af924de730eba70d6c6e58b6a016014c58efca8c0a	3ad1495362671c0a4cb678af924de730eba70d6c6e58b6a016014c58efca8c0a
1f64d-1f3fd-200d-2640.png	1F64D-1F3FD-200D-2640-FE0F.png	fc7525b4d0b9035dc8ca62a457aec640710c1a5f4409895ee1484ff359a7c336	fc7525b4d0b9035dc8ca62a457aec640710c1a5f4409895ee1484ff359a7c336
1f64d-1f3fd-200d-2642.png	1F64D-1F3FD-200D-2642-FE0F.png	a54b5f6edb91c8dcafc788e175f4aaaa62dcee996137e0117709bce706c01f24	a54b5f6edb91c8dcafc788e175f4aaaa62dcee996137e0117709bce706c01f24
1f64d-1f3fe.png	1F64D-1F3FE.png	8f03c3447d2f2e8106e081fe41cc99658ca7a4d866c74500479e9492465966dd	8f03c3447d2f2e8106e081fe41cc99658ca7a4d866c74500479e9492465966dd
1f64d-1f3fe-200d-2640.png	1F64D-1F3FE-200D-2640-FE0F.png	6b0586919c2119c87e9b40089db48ffc3fc0426e7744e609e8ab9bb8afe0057f	6b0586919c2119c87e9b40089db48ffc3fc0426e7744e609e8ab9bb8afe0057f
1f64d-1f3fe-200d-2642.png	1F64D-1F3FE-200D-2642-FE0F.png	6259b4ea5bbe5cb0a7efbfb02e7e0a826f012faf636a90c078d0a7d992a04f07	6259b4ea5bbe5cb0a7efbfb02e7e0a826f012faf636a90c078d0a7d992a04f07
1f64d-1f3ff.png	1F64D-1F3FF.png	7d3776d1fa9f5c476520fcd1fa5108ceca5b25c497aa0fc99ca2075563d001cb	7d3776d1fa9f5c476520fcd1fa5108ceca5b25c497aa0fc99ca2075563d001cb
1f64d-1f3ff-200d-2640.png	1F64D-1F3FF-200D-2640-FE0F.png	12f9b65fe7124f9182d1c7c3f9945d642f75e7bc5e7bdf9f34489b7707a4107c	12f9b65fe7124f9182d1c7c3f9945d642f75e7bc5e7bdf9f34489b7707a4107c
1f64d-1f3ff-200d-2642.png	1F64D-1F3FF-200D-2642-FE0F.png	d769b6c3c77a6c27a8ac8cb5d412350970e640143c77783b728d1dbba1490447	d769b6c3c77a6c27a8ac8cb5d412350970e640143c77783b728d1dbba1490447
1f64d-200d-2640.png	1F64D-200D-2640-FE0F.png	ca51bee14d42f4945a774b81956d6b73d41dd358176dcbaeebc8398edea4ae58	ca51bee14d42f4945a774b81956d6b73d41dd358176dcbaeebc8398edea4ae58
1f64d-200d-2642.png	1F64D-200D-2642-FE0F.png	7f6f489799b3e9d0c4d3d19132865c991d145c805db232e0ffa4d3b5f1fcddf3	7f6f489799b3e9d0c4d3d19132865c991d145c805db232e0ffa4d3b5f1fcddf3
1f64e.png	1F64E.png	16cacf3639d191587de2ac6e1b046087343d4369edd18e59f19593ea77b221a8	16cacf3639d191587de2ac6e1b046087343d4369edd18e59f19593ea77b221a8
1f64e-1f3fb.png	1F64E-1F3FB.png	00fb69a65ea4fdedc598a474152ec8c7cd4dcb05540686d214385a9680014e84	00fb69a65ea4fdedc598a474152ec8c7cd4dcb05540686d214385a9680014e84
1f64e-1f3fb-200d-2640.png	1F64E-1F3FB-200D-2640-FE0F.png	079fb50954e08d27d4729f819d65c1e4664e0560435efb148f768f804fff25d4	079fb50954e08d27d4729f819d65c1e4664e0560435efb148f768f804fff25d4
1f64e-1f3fb-200d-2642.png	1F64E-1F3FB-200D-2642-FE0F.png	55f1972b0ebc7932ab31ce5be70556f7ec1773319bb03a5f4fdc27896e928760	55f1972b0ebc7932ab31ce5be70556f7ec1773319bb03a5f4fdc27896e928760
1f64e-1f3fc.png	1F64E-1F3FC.png	a888e035e98804723c5a92be34bc3b530070706c4bc62ed66ea6067bcad2a188	a888e035e98804723c5a92be34bc3b530070706c4bc62ed66ea6067bcad2a188
1f64e-1f3fc-200d-2640.png	1F64E-1F3FC-200D-2640-FE0F.png	152e5ed53a1827348ce5e2db2856f37992b0f659c373ff8250346db1bd6844e6	152e5ed53a1827348ce5e2db2856f37992b0f659c373ff8250346db1bd6844e6
1f64e-1f3fc-200d-2642.png	1F64E-1F3FC-200D-2642-FE0F.png	e8da25b66c659f2450cbad26c35ab44aca50c812e1c4d8f38e2a5273bd27be5d	e8da25b66c659f2450cbad26c35ab44aca50c812e1c4d8f38e2a5273bd27be5d
1f64e-1f3fd.png	1F64E-1F3FD.png	d4dd8bc1e2d721634d2c401141ada44372f870723e81635c0c24cf2a750effc1	d4dd8bc1e2d721634d2c401141ada44372f870723e81635c0c24cf2a750effc1
1f64e-1f3fd-200d-2640.png	1F64E-1F3FD-200D-2640-FE0F.png	4beb2959a45a96b169422687901c6581414e02a7ee9bb6da9a78efb1295d9821	4beb2959a45a96b169422687901c6581414e02a7ee9bb6da9a78efb1295d9821
1f64e-1f3fd-200d-2642.png	1F64E-1F3FD-200D-2642-FE0F.png	ec771b833ac132a7fe5acd7b4aee89f7868e7146d1a669d823da3a0c489ffab4	ec771b833ac132a7fe5acd7b4aee89f7868e7146d1a669d823da3a0c489ffab4
1f64e-1f3fe.png	1F64E-1F3FE.png	8060d0fe702a29dbf8c9498f2838fa4c462f513f1460079a64a9107dc83bdd2f	8060d0fe702a29dbf8c9498f2838fa4c462f513f1460079a64a9107dc83bdd2f
1f64e-1f3fe-200d-2640.png	1F64E-1F3FE-200D-2640-FE0F.png	a7fbcca5d30c7bb86635915dfd98a07d406e75bb68c6de671ac11311b079fbc0	a7fbcca5d30c7bb86635915dfd98a07d406e75bb68c6de671ac11311b079fbc0
1f64e-1f3fe-200d-2642.png	1F64E-1F3FE-200D-2642-FE0F.png	70b4b0f416f9adda2fb68d32c4704a0bd3151ce8a5656d4e5897a55f4b997e7f	70b4b0f416f9adda2fb68d32c4704a0bd3151ce8a5656d4e5897a55f4b997e7f
1f64e-1f3ff.png	1F64E-1F3FF.png	eb04c4150166f8370e4f26c649dbe36658609d1e1e0d509375a6bc756920525d	eb04c4150166f8370e4f26c649dbe36658609d1e1e0d509375a6bc756920525d
1f64e-1f3ff-200d-2640.png	1F64E-1F3FF-200D-2640-FE0F.png	7f291c2e25d63e647e32d33c9813c5caec713cf968250986fc410ceafff0b820	7f291c2e25d63e647e32d33c9813c5caec713cf968250986fc410ceafff0b820
1f64e-1f3ff-200d-2642.png	1F64E-1F3FF-200D-2642-FE0F.png	b9311bfcdbac3c456581b4db3022fcd1da4c7d30c4affa4a2c9e4d1ff8bdd8b5	b9311bfcdbac3c456581b4db3022fcd1da4c7d30c4affa4a2c9e4d1ff8bdd8b5
1f64e-200d-2640.png	1F64E-200D-2640-FE0F.png	d21f1d7528aa81042a43e6ddf340ccdd3cfa1979eca27c1b406096b5ba77ca1c	d21f1d7528aa81042a43e6ddf340ccdd3cfa1979eca27c1b406096b5ba77ca1c
1f64e-200d-2642.png	1F64E-200D-2642-FE0F.png	97da3c1ef84ba0df0e9812f7015f1307918806e14b53363b5623b6c2a51bbbb4	97da3c1ef84ba0df0e9812f7015f1307918806e14b53363b5623b6c2a51bbbb4
1f64f.png	1F64F.png	efb2f9721de2a469697cf95d71f83a701b7b4f677a8507e8d2c111e4f25fc29c	efb2f9721de2a469697cf95d71f83a701b7b4f677a8507e8d2c111e4f25fc29c
1f64f-1f3fb.png	1F64F-1F3FB.png	f62f71d068c7db6e7be2892c8612065010dc1d60e8c80b17cdf477527d2d4ce4	f62f71d068c7db6e7be2892c8612065010dc1d60e8c80b17cdf477527d2d4ce4
1f64f-1f3fc.png	1F64F-1F3FC.png	c46036dde737966490922805e2e6b8a225a462c6964cf5a5c13ba5a47ccd71cd	c46036dde737966490922805e2e6b8a225a462c6964cf5a5c13ba5a47ccd71cd
1f64f-1f3fd.png	1F64F-1F3FD.png	6ba4b8eebf49979cc8d2a92e3c4ad0419fede2d02caf8f63034c9ce963797ca8	6ba4b8eebf49979cc8d2a92e3c4ad0419fede2d02caf8f63034c9ce963797ca8
1f64f-1f3fe.png	1F64F-1F3FE.png	6a7ac2f5e9d80db809fd2e5aef38eb246f9d0d5537a6051ddbfeb26d207d0850	6a7ac2f5e9d80db809fd2e5aef38eb246f9d0d5537a6051ddbfeb26d207d0850
1f64f-1f3ff.png	1F64F-1F3FF.png	6ad79d4a69ffd0caa9f33d27e34686e1f5ce6fcc756bdb99d22d85620540ec69	6ad79d4a69ffd0caa9f33d27e34686e1f5ce6fcc756bdb99d22d85620540ec69
1f680.png	1F680.png	a40c3872efce3589934d53bc3382066dae511d718c8899a210c896b76d7438c1	a40c3872efce3589934d53bc3382066dae511d718c8899a210c896b76d7438c1
1f681.png	1F681.png	6fdcfe8ee8026b6cd34df2184cc2f449a7fc4d4ced2209fc41e128592bb1fadf	6fdcfe8ee8026b6cd34df2184cc2f449a7fc4d4ced2209fc41e128592bb1fadf
1f682.png	1F682.png	a410d6b5c6d5843e7f6dfbbac97665f22ef3441a61eb43aa961245de934d4e70	a410d6b5c6d5843e7f6dfbbac97665f22ef3441a61eb43aa961245de934d4e70
1f683.png	1F683.png	a8c8454ff3e4ac89740096c75a5a1d610f5200d6609bb8eeebce86d816fcf2de	a8c8454ff3e4ac89740096c75a5a1d610f5200d6609bb8eeebce86d816fcf2de
1f684.png	1F684.png	192a39097c1a3717113ceeee7c7f4baff0079fc1fef7c5d0b04909bd68005229	192a39097c1a3717113ceeee7c7f4baff0079fc1fef7c5d0b04909bd68005229
1f685.png	1F685.png	ebe51f5a673da51bbae12c27b815223a8f664dce4f530b6e13a8f537e1ca0a8e	ebe51f5a673da51bbae12c27b815223a8f664dce4f530b6e13a8f537e1ca0a8e
1f686.png	1F686.png	042d72f5268053b5aab5db14ef09fed6ea7d0f4dbf53f54c52ba2d51481867b2	042d72f5268053b5aab5db14ef09fed6ea7d0f4dbf53f54c52ba2d51481867b2
1f687.png	1F687.png	6392fad482af3fcf4190e3f9355e09ec9d7e6fd5ba1df4abe02715adf6a3d61d	6392fad482af3fcf4190e3f9355e09ec9d7e6fd5ba1df4abe02715adf6a3d61d
1f688.png	1F688.png	0fc036cc34c86c48fa67d00355180a2956e016e4f76867a20a1bf3c0a63ef390	0fc036cc34c86c48fa67d00355180a2956e016e4f76867a20a1bf3c0a63ef390
1f689.png	1F689.png	ae1412202ea70631c1bb0a88f22d03fdb918da008ba7c2a5155aac9d7be37d1e	ae1412202ea70631c1bb0a88f22d03fdb918da008ba7c2a5155aac9d7be37d1e
1f68a.png	1F68A.png	647fa5cc776de9799fa694cdfbd92075933d79c9da55cd0df7746d9bd1ddac4d	647fa5cc776de9799fa694cdfbd92075933d79c9da55cd0df7746d9bd1ddac4d
1f68b.png	1F68B.png	57e5afb25cf19ae3f6ee3faaa9e2b391a9ab523dadb355615085402ce94d1fcc	57e5afb25cf19ae3f6ee3faaa9e2b391a9ab523dadb355615085402ce94d1fcc
1f68c.png	1F68C.png	deb2b37c9327843ac6a89ab8b652a257c4041fb613d40de4deef9354204fe4d2	deb2b37c9327843ac6a89ab8b652a257c4041fb613d40de4deef9354204fe4d2
1f68d.png	1F68D.png	4d142fff8b069fe824ea1cdc324a30631d219186a1b3d01f9ad061fcdd1684a8	4d142fff8b069fe824ea1cdc324a30631d219186a1b3d01f9ad061fcdd1684a8
1f68e.png	1F68E.png	788ecf7bca1ca098fae0a5645fb812f656c10ec299dc83f06c0bd026397d3659	788ecf7bca1ca098fae0a5645fb812f656c10ec299dc83f06c0bd026397d3659
1f68f.png	1F68F.png	1b7ebbb093b7c0896994fed74054616b80b04863f65ccfca64c0968250cf0de5	1b7ebbb093b7c0896994fed74054616b80b04863f65ccfca64c0968250cf0de5
1f690.png	1F690.png	9c357f3453be854f13a182964d7617b4bfd742957f25837b7d1eb384e999635e	9c357f3453be854f13a182964d7617b4bfd742957f25837b7d1eb384e999635e
1f691.png	1F691.png	338fa61cfd61cc7d077857b8adce3c4fed6b9288de08231273220469ae9cad32	338fa61cfd61cc7d077857b8adce3c4fed6b9288de08231273220469ae9cad32
1f692.png	1F692.png	49884449821a25f85e701f7ca6032fa279b52e767df0a577368699ea5bff0825	49884449821a25f85e701f7ca6032fa279b52e767df0a577368699ea5bff0825
1f693.png	1F693.png	4497cb454908a20a9c843d764cd8cee3893e111b91be3c52465366526af47971	4497cb454908a20a9c843d764cd8cee3893e111b91be3c52465366526af47971
1f694.png	1F694.png	85e17456bb1d0414ac13163aad043f71ee8c67a92cd229b5ae488cbd6b8c21bd	85e17456bb1d0414ac13163aad043f71ee8c67a92cd229b5ae488cbd6b8c21bd
1f695.png	1F695.png	61c60d3f345f2f4834a3668c376aaa87fc5bb269f4517f9f03695176c2c613e8	61c60d3f345f2f4834a3668c376aaa87fc5bb269f4517f9f03695176c2c613e8
1f696.png	1F696.png	37a025db29e7dc4f569eeb4b6309419e2c02fc1758c58ccffcb22c01d5140398	37a025db29e7dc4f569eeb4b6309419e2c02fc1758c58ccffcb22c01d5140398
1f697.png	1F697.png	780ccbc3db9942cf6ffea38ce9d1305465dedd946d64ba283b4cb60c22e249a9	780ccbc3db9942cf6ffea38ce9d1305465dedd946d64ba283b4cb60c22e249a9
1f698.png	1F698.png	c17a7583040191c6068f98d49b48c3918d773c7060dc1499fd54011d9dbf2887	c17a7583040191c6068f98d49b48c3918d773c7060dc1499fd54011d9dbf2887
1f699.png	1F699.png	ef79df66872bae45bb22fdfaf2691747a681ae6caa9c6e7c268bfbce180bd9e5	ef79df66872bae45bb22fdfaf2691747a681ae6caa9c6e7c268bfbce180bd9e5
1f69a.png	1F69A.png	8c574bd07ea4ded99a8b2a18c95ad1daab05acc90eed04fd043210f4a5159b44	8c574bd07ea4ded99a8b2a18c95ad1daab05acc90eed04fd043210f4a5159b44
1f69b.png	1F69B.png	e1ff76425fe190a3eb89dbd19a7b29600dabacce171ef67f446f2f79a7a5257f	e1ff76425fe190a3eb89dbd19a7b29600dabacce171ef67f446f2f79a7a5257f
1f69c.png	1F69C.png	2726fe05a1fb2ba8812e92025ce1758586095fcd7772f030a7181b399ee9b39b	2726fe05a1fb2ba8812e92025ce1758586095fcd7772f030a7181b399ee9b39b
1f69d.png	1F69D.png	bcc94809fdcee8bf88137d94e8269ba7ab0e2f659f9e2efc4c4977417a08b05f	bcc94809fdcee8bf88137d94e8269ba7ab0e2f659f9e2efc4c4977417a08b05f
1f69e.png	1F69E.png	cba084f3ec72102f7bad2488d00ef5fe6faf8532db1269c4ec1e9bfe808c9597	cba084f3ec72102f7bad2488d00ef5fe6faf8532db1269c4ec1e9bfe808c9597
1f69f.png	1F69F.png	9c7a4fb9394227dbae627303f2dcb8eed9f3791265e1665a132e2b045f64357c	9c7a4fb9394227dbae627303f2dcb8eed9f3791265e1665a132e2b045f64357c
1f6a0.png	1F6A0.png	40e66692edf76d51cd333eede22a761b5b734af58281c9522349675c320fb52f	40e66692edf76d51cd333eede22a761b5b734af58281c9522349675c320fb52f
1f6a1.png	1F6A1.png	432193e1e4674c021725ee8b81ec178b4e9d95f56604a0f17618e6b9ce8c9a74	432193e1e4674c021725ee8b81ec178b4e9d95f56604a0f17618e6b9ce8c9a74
1f6a2.png	1F6A2.png	a04b3c7efbae0542a375e2c8afae793d9c79418220977b4603e1845c852cc031	a04b3c7efbae0542a375e2c8afae793d9c79418220977b4603e1845c852cc031
1f6a3.png	1F6A3.png	50a073b7cf4c6d1dd23e3e5f8fc7e7745ed9ecc250fb5f676b44d9266cd78e74	50a073b7cf4c6d1dd23e3e5f8fc7e7745ed9ecc250fb5f676b44d9266cd78e74
1f6a3-1f3fb.png	1F6A3-1F3FB.png	94f26bbbd1b02529589ab6b50e774db0baedd3d936226fa86277bbfb6a4f61b1	94f26bbbd1b02529589ab6b50e774db0baedd3d936226fa86277bbfb6a4f61b1
1f6a3-1f3fb-200d-2640.png	1F6A3-1F3FB-200D-2640-FE0F.png	1b5b4e793854ccd2deb8915c28f67387de5112f0e021af8bbf3acb1f5d9169e3	1b5b4e793854ccd2deb8915c28f67387de5112f0e021af8bbf3acb1f5d9169e3
1f6a3-1f3fb-200d-2642.png	1F6A3-1F3FB-200D-2642-FE0F.png	5e5de51d1dbf306728631122f8075ffda1c95b5500211cb6524a9da5c8e9c7a2	5e5de51d1dbf306728631122f8075ffda1c95b5500211cb6524a9da5c8e9c7a2
1f6a3-1f3fc.png	1F6A3-1F3FC.png	bbb56f8930aff09b40a17c47716993afe640ca65730c3ebad79351f69e960f9e	bbb56f8930aff09b40a17c47716993afe640ca65730c3ebad79351f69e960f9e
1f6a3-1f3fc-200d-2640.png	1F6A3-1F3FC-200D-2640-FE0F.png	46e38d30122d991197b1e9efae5a89da6f9af31f4f2374e045d36c18293482a4	46e38d30122d991197b1e9efae5a89da6f9af31f4f2374e045d36c18293482a4
1f6a3-1f3fc-200d-2642.png	1F6A3-1F3FC-200D-2642-FE0F.png	0e62a4537dc82107c3ab9e6a56c34cd15b89de1fa86871728ee2a3749cf2915a	0e62a4537dc82107c3ab9e6a56c34cd15b89de1fa86871728ee2a3749cf2915a
1f6a3-1f3fd.png	1F6A3-1F3FD.png	cc949822d5e3c0422b930e0c83ab372946036a076cfdbb1af6e7391dd7c92713	cc949822d5e3c0422b930e0c83ab372946036a076cfdbb1af6e7391dd7c92713
1f6a3-1f3fd-200d-2640.png	1F6A3-1F3FD-200D-2640-FE0F.png	a71155a76b006024e7269cd06cd280e7185132129cf69612cd572d3559c9762a	a71155a76b006024e7269cd06cd280e7185132129cf69612cd572d3559c9762a
1f6a3-1f3fd-200d-2642.png	1F6A3-1F3FD-200D-2642-FE0F.png	3efd0941cd40916883ab325de988ac22bdd00ffb858ada7cb5b7b841864fa496	3efd0941cd40916883ab325de988ac22bdd00ffb858ada7cb5b7b841864fa496
1f6a3-1f3fe.png	1F6A3-1F3FE.png	bea670fa773472745f03ebcebf72fead3cf3e22320e4f1792bd952229d72b869	bea670fa773472745f03ebcebf72fead3cf3e22320e4f1792bd952229d72b869
1f6a3-1f3fe-200d-2640.png	1F6A3-1F3FE-200D-2640-FE0F.png	8ce6c9175786d1b18b4991873cf959dea4a5f9a492063d12dcacfe2722847ddf	8ce6c9175786d1b18b4991873cf959dea4a5f9a492063d12dcacfe2722847ddf
1f6a3-1f3fe-200d-2642.png	1F6A3-1F3FE-200D-2642-FE0F.png	45c28410e5611e66d36c6cc0ead804791535acea27f6dcf450b1673748d030f7	45c28410e5611e66d36c6cc0ead804791535acea27f6dcf450b1673748d030f7
1f6a3-1f3ff.png	1F6A3-1F3FF.png	4fb827076da8efbd9734938eba6751c5d0a6ea9a7c0fb404fb2fa72e011c872c	4fb827076da8efbd9734938eba6751c5d0a6ea9a7c0fb404fb2fa72e011c872c
1f6a3-1f3ff-200d-2640.png	1F6A3-1F3FF-200D-2640-FE0F.png	e3688fef25a69a32f5532df64d7e0d877dbe55f63160497ecdf716e8b4e5b2d8	e3688fef25a69a32f5532df64d7e0d877dbe55f63160497ecdf716e8b4e5b2d8
1f6a3-1f3ff-200d-2642.png	1F6A3-1F3FF-200D-2642-FE0F.png	de0631391c912393286d47e6c2e1b8f2378fcfa093a52b2d8c8dda1ebbe632a7	de0631391c912393286d47e6c2e1b8f2378fcfa093a52b2d8c8dda1ebbe632a7
1f6a3-200d-2640.png	1F6A3-200D-2640-FE0F.png	06e3e4cf159d0308b73a6b3ede028fd221bcbf1fa9b00843d608aa853e02cf69	06e3e4cf159d0308b73a6b3ede028fd221bcbf1fa9b00843d608aa853e02cf69
1f6a3-200d-2642.png	1F6A3-200D-2642-FE0F.png	cb447d24b865e93b87df8e8bd13b31e3a24eff3eafa78520d0caaac07c51f5d9	cb447d24b865e93b87df8e8bd13b31e3a24eff3eafa78520d0caaac07c51f5d9
1f6a4.png	1F6A4.png	eef9232fde03779d8074c58ce2590df33d26ef0e55e7a43226ccd65404784d0c	eef9232fde03779d8074c58ce2590df33d26ef0e55e7a43226ccd65404784d0c
1f6a5.png	1F6A5.png	cbcd31b7fcd26da8680fab9bf8431409f9f808ff42fc8dd31d545d8eee66eacc	cbcd31b7fcd26da8680fab9bf8431409f9f808ff42fc8dd31d545d8eee66eacc
1f6a6.png	1F6A6.png	91804866214e0f9d902f4f6051ffa5d65972d19698f72a6c0a06204a118bf974	91804866214e0f9d902f4f6051ffa5d65972d19698f72a6c0a06204a118bf974
1f6a7.png	1F6A7.png	4ac9e395cecb5c47910bdbb4018e0a3318e6f9166568df453320b82736a9901d	4ac9e395cecb5c47910bdbb4018e0a3318e6f9166568df453320b82736a9901d
1f6a8.png	1F6A8.png	bdc3cd9c122a10d8ff596eba9f683a74daee4c26a244a61fbe920b2671f76475	bdc3cd9c122a10d8ff596eba9f683a74daee4c26a244a61fbe920b2671f76475
1f6a9.png	1F6A9.png	4e5791685e268174e1ea8e0a8fd77d8e422ba85f19ada019961453d77c27f09c	4e5791685e268174e1ea8e0a8fd77d8e422ba85f19ada019961453d77c27f09c
1f6aa.png	1F6AA.png	d62d5826944b94234a10e0d0199c84624772f65ed240ef0f7dc73d5b148bc1bc	d62d5826944b94234a10e0d0199c84624772f65ed240ef0f7dc73d5b148bc1bc
1f6ab.png	1F6AB.png	f19a7c1a1afc34dfd0a8424e6f971a788b24295f32c6d39a42120dd72c7acf3e	f19a7c1a1afc34dfd0a8424e6f971a788b24295f32c6d39a42120dd72c7acf3e
1f6ac.png	1F6AC.png	a13523ea7827d23662177822edd5ee5f731e74c3e1ce1f36e4cefba672a5a275	a13523ea7827d23662177822edd5ee5f731e74c3e1ce1f36e4cefba672a5a275
1f6ad.png	1F6AD.png	091ff5fb57ad562946d2a02966f7c9535b30f07a749c9d3a3543878daf993846	091ff5fb57ad562946d2a02966f7c9535b30f07a749c9d3a3543878daf993846
1f6ae.png	1F6AE.png	db91508d990313d4475b1a3f7329575baa2c778f2b19846689352890866c4540	db91508d990313d4475b1a3f7329575baa2c778f2b19846689352890866c4540
1f6af.png	1F6AF.png	90dd462cc1308ea12af0e6c63367a7c05f7bb83f9cb31112535061a0f7a8a395	90dd462cc1308ea12af0e6c63367a7c05f7bb83f9cb31112535061a0f7a8a395
1f6b0.png	1F6B0.png	3e0d527c51e72a2122ca6eca12d2833acac485976fe140faecfbc717d3fcdf76	3e0d527c51e72a2122ca6eca12d2833acac485976fe140faecfbc717d3fcdf76
1f6b1.png	1F6B1.png	a0b8bb21c62deff2c353787c08a893ad872921b7560919f5992ee8cc0b9614e1	a0b8bb21c62deff2c353787c08a893ad872921b7560919f5992ee8cc0b9614e1
1f6b2.png	1F6B2.png	99d11d95194848e51370e62e9d3e22e188b0c297476d4df05f27696f99786436	99d11d95194848e51370e62e9d3e22e188b0c297476d4df05f27696f99786436
1f6b3.png	1F6B3.png	4c9d24e49751531a0ed82cd503ca3aa9bb45437f9ddea353ce58cfe9bf09588e	4c9d24e49751531a0ed82cd503ca3aa9bb45437f9ddea353ce58cfe9bf09588e
1f6b4.png	1F6B4.png	c33757479da66084c3e68b682e4f6227cf7e29fad96abaf6fcd7c7ee3c5f5f3e	c33757479da66084c3e68b682e4f6227cf7e29fad96abaf6fcd7c7ee3c5f5f3e
1f6b4-1f3fb.png	1F6B4-1F3FB.png	27ba1a2264b0a52b147ee7d9f01f22b7bffbeba0932b7fc89d91afb7036222cd	27ba1a2264b0a52b147ee7d9f01f22b7bffbeba0932b7fc89d91afb7036222cd
1f6b4-1f3fb-200d-2640.png	1F6B4-1F3FB-200D-2640-FE0F.png	c51fac2befb1f52ce707e79ffc1860172fcd3e648a4f9aad23cdc1ab41675432	c51fac2befb1f52ce707e79ffc1860172fcd3e648a4f9aad23cdc1ab41675432
1f6b4-1f3fb-200d-2642.png	1F6B4-1F3FB-200D-2642-FE0F.png	dc1449c24776b7b0ec02211f51f071085f746d02baea21efe9f0448614070804	dc1449c24776b7b0ec02211f51f071085f746d02baea21efe9f0448614070804
1f6b4-1f3fc.png	1F6B4-1F3FC.png	ed4e489fd8bbbbe0fe296ea800dd3e4776cb3674e34e6c44e6c8237eb1a9f222	ed4e489fd8bbbbe0fe296ea800dd3e4776cb3674e34e6c44e6c8237eb1a9f222
1f6b4-1f3fc-200d-2640.png	1F6B4-1F3FC-200D-2640-FE0F.png	2e965700d56757efca3f3f312f8a46b397c04fd85f6fcc0809ceee1de7c352ba	2e965700d56757efca3f3f312f8a46b397c04fd85f6fcc0809ceee1de7c352ba
1f6b4-1f3fc-200d-2642.png	1F6B4-1F3FC-200D-2642-FE0F.png	6042c34962cc8d3529f3e5ab00f73d031e11f7e8536feb608350e11634d204bd	6042c34962cc8d3529f3e5ab00f73d031e11f7e8536feb608350e11634d204bd
1f6b4-1f3fd.png	1F6B4-1F3FD.png	d6b22fef1e4be4cdb8f0e85bb9b2ef50ff8935357a451bb4df3d145c108d6e04	d6b22fef1e4be4cdb8f0e85bb9b2ef50ff8935357a451bb4df3d145c108d6e04
1f6b4-1f3fd-200d-2640.png	1F6B4-1F3FD-200D-2640-FE0F.png	bb51c1838ac253a890db8c091843f65e693c8e4ef95fd0b465022a67aa7812c0	bb51c1838ac253a890db8c091843f65e693c8e4ef95fd0b465022a67aa7812c0
1f6b4-1f3fd-200d-2642.png	1F6B4-1F3FD-200D-2642-FE0F.png	4f8e5b4d9d8b231f5ad21ac8f9058ebc6bf7591e9b463683e3bda259684142a4	4f8e5b4d9d8b231f5ad21ac8f9058ebc6bf7591e9b463683e3bda259684142a4
1f6b4-1f3fe.png	1F6B4-1F3FE.png	fc1784fbca9c4204abc0ed5a009e08cc9da5cf935eea2ca56bd9b5ec36b22b6e	fc1784fbca9c4204abc0ed5a009e08cc9da5cf935eea2ca56bd9b5ec36b22b6e
1f6b4-1f3fe-200d-2640.png	1F6B4-1F3FE-200D-2640-FE0F.png	96ed530d8f850b3b4c61a30e8487004bf5d1bab0b344da0d7d6351517aa9e5cf	96ed530d8f850b3b4c61a30e8487004bf5d1bab0b344da0d7d6351517aa9e5cf
1f6b4-1f3fe-200d-2642.png	1F6B4-1F3FE-200D-2642-FE0F.png	a011982ba7ef9aca52e28f8fb4cdeaefc43b3359901ca0da31f7ede9f936ce26	a011982ba7ef9aca52e28f8fb4cdeaefc43b3359901ca0da31f7ede9f936ce26
1f6b4-1f3ff.png	1F6B4-1F3FF.png	39a217f5db16d7a9a089cfab630846aa18cfbf77f228da71b89f8db54957b008	39a217f5db16d7a9a089cfab630846aa18cfbf77f228da71b89f8db54957b008
1f6b4-1f3ff-200d-2640.png	1F6B4-1F3FF-200D-2640-FE0F.png	350639812c37feef67990452a05f06548639b93f9c7c77a2aacb1eabff8f3038	350639812c37feef67990452a05f06548639b93f9c7c77a2aacb1eabff8f3038
1f6b4-1f3ff-200d-2642.png	1F6B4-1F3FF-200D-2642-FE0F.png	501b90ce7ec97aabd44e7d16488b1db5ea3361e9b5e8142b1ca54b3ccea08aad	501b90ce7ec97aabd44e7d16488b1db5ea3361e9b5e8142b1ca54b3ccea08aad
1f6b4-200d-2640.png	1F6B4-200D-2640-FE0F.png	09a8976f2f12876c45db54b78ec704d7f992492221135f810f12008c0c4fb010	09a8976f2f12876c45db54b78ec704d7f992492221135f810f12008c0c4fb010
1f6b4-200d-2642.png	1F6B4-200D-2642-FE0F.png	c2300ef7138b393884576d8bf63945bd51babc8dcbd065b1795a38b734b13736	c2300ef7138b393884576d8bf63945bd51babc8dcbd065b1795a38b734b13736
1f6b5.png	1F6B5.png	e36abc239d6d18547390b2908db4a3f006e1bcb3ae8a9ccf9859c81c0c0e8261	e36abc239d6d18547390b2908db4a3f006e1bcb3ae8a9ccf9859c81c0c0e8261
1f6b5-1f3fb.png	1F6B5-1F3FB.png	159ee33b7483c11d49b7d8909b784b2c6a054a69a1f419258c2311b63219f036	159ee33b7483c11d49b7d8909b784b2c6a054a69a1f419258c2311b63219f036
1f6b5-1f3fb-200d-2640.png	1F6B5-1F3FB-200D-2640-FE0F.png	756b44d6d66b995ddd2c813d33ff76ebce866e8e01c9f5e9b0b4936e13e0cad2	756b44d6d66b995ddd2c813d33ff76ebce866e8e01c9f5e9b0b4936e13e0cad2
1f6b5-1f3fb-200d-2642.png	1F6B5-1F3FB-200D-2642-FE0F.png	ab2df271194529442364abde56a244366e597c3142dcdc7c0ec48ffb0df62a38	ab2df271194529442364abde56a244366e597c3142dcdc7c0ec48ffb0df62a38
1f6b5-1f3fc.png	1F6B5-1F3FC.png	46c59295e8347f8c19169abe7ff9fc0ad1142e66915ed4904326170a6aca9fcc	46c59295e8347f8c19169abe7ff9fc0ad1142e66915ed4904326170a6aca9fcc
1f6b5-1f3fc-200d-2640.png	1F6B5-1F3FC-200D-2640-FE0F.png	71961745169ff91dd237bc268b8c60772f5dfeef0980cefd2589ebf9145f3148	71961745169ff91dd237bc268b8c60772f5dfeef0980cefd2589ebf9145f3148
1f6b5-1f3fc-200d-2642.png	1F6B5-1F3FC-200D-2642-FE0F.png	a0a8aa3410fe8e82c2d18761412a78385d9e3baa7399d625fe1bc364271227e3	a0a8aa3410fe8e82c2d18761412a78385d9e3baa7399d625fe1bc364271227e3
1f6b5-1f3fd.png	1F6B5-1F3FD.png	ad38fdd956092056a680d6d068112713d5ec8fe523bb4648d7576282ee129d0c	ad38fdd956092056a680d6d068112713d5ec8fe523bb4648d7576282ee129d0c
1f6b5-1f3fd-200d-2640.png	1F6B5-1F3FD-200D-2640-FE0F.png	3f2f81918c12789b1225d4d8d01dde1229ef79f50d8bd7ce676e58cc7c0940c4	3f2f81918c12789b1225d4d8d01dde1229ef79f50d8bd7ce676e58cc7c0940c4
1f6b5-1f3fd-200d-2642.png	1F6B5-1F3FD-200D-2642-FE0F.png	2b638c47146ebb018bb20c758247fa909e69928b35f6401a549f78489e46feb2	2b638c47146ebb018bb20c758247fa909e69928b35f6401a549f78489e46feb2
1f6b5-1f3fe.png	1F6B5-1F3FE.png	cb8819b95e339eb11d2c82753fbdcad48166b87a8510d28d3ab9feb5dcbed136	cb8819b95e339eb11d2c82753fbdcad48166b87a8510d28d3ab9feb5dcbed136
1f6b5-1f3fe-200d-2640.png	1F6B5-1F3FE-200D-2640-FE0F.png	0e9d291234d2f0faca151e7bdc5682999332fcffd1ddbb02498e0d6729e02ec4	0e9d291234d2f0faca151e7bdc5682999332fcffd1ddbb02498e0d6729e02ec4
1f6b5-1f3fe-200d-2642.png	1F6B5-1F3FE-200D-2642-FE0F.png	0d9641ef484033559452515279b1ca7a6bb7f44e5563ca5c46f44a7d860d88f5	0d9641ef484033559452515279b1ca7a6bb7f44e5563ca5c46f44a7d860d88f5
1f6b5-1f3ff.png	1F6B5-1F3FF.png	67c09c8c67a6aeabea19c1f46f19ae15dfbbc99407647e3f29f189b1e0bae469	67c09c8c67a6aeabea19c1f46f19ae15dfbbc99407647e3f29f189b1e0bae469
1f6b5-1f3ff-200d-2640.png	1F6B5-1F3FF-200D-2640-FE0F.png	4d601541be8b2a812fdc5d916f53b7c468c44b51071e0a389c984ad1d7cc7c94	4d601541be8b2a812fdc5d916f53b7c468c44b51071e0a389c984ad1d7cc7c94
1f6b5-1f3ff-200d-2642.png	1F6B5-1F3FF-200D-2642-FE0F.png	0defa7adfdf8a29614e7b8df573319d218e1650bb9e4a3f2ef9608d77a8558dd	0defa7adfdf8a29614e7b8df573319d218e1650bb9e4a3f2ef9608d77a8558dd
1f6b5-200d-2640.png	1F6B5-200D-2640-FE0F.png	7c24e613ee6a2bef1d6bdd72acb8ba346e591fbb29327280d6a542b01d94d537	7c24e613ee6a2bef1d6bdd72acb8ba346e591fbb29327280d6a542b01d94d537
1f6b5-200d-2642.png	1F6B5-200D-2642-FE0F.png	a2d44ea5a45c18a55e1319c87900ae6ef8c8c29f7ff93cd30048a4fd0717aa7d	a2d44ea5a45c18a55e1319c87900ae6ef8c8c29f7ff93cd30048a4fd0717aa7d
1f6b6.png	1F6B6.png	a3580bc5989be0ca058519e1edcf9bf9d6dfedd620de99e4d46ef46348fe8076	a3580bc5989be0ca058519e1edcf9bf9d6dfedd620de99e4d46ef46348fe8076
1f6b6-1f3fb.png	1F6B6-1F3FB.png	e0f46ead2db06babc9569f63ba6cbf3d7ab30a4a9e9add77122ba0dafcda4e88	e0f46ead2db06babc9569f63ba6cbf3d7ab30a4a9e9add77122ba0dafcda4e88
1f6b6-1f3fb-200d-2640.png	1F6B6-1F3FB-200D-2640-FE0F.png	6c41f06ecd40d69ead28e0a621337b0b928db9178950b3b4b59016476e269b02	6c41f06ecd40d69ead28e0a621337b0b928db9178950b3b4b59016476e269b02
1f6b6-1f3fb-200d-2640-200d-27a1.png	1F6B6-1F3FB-200D-2640-FE0F-200D-27A1-FE0F.png	653ac139ce77d26a1fbdb84b7ae5bf984d781c09227ce1468b5de9ad43852b99	653ac139ce77d26a1fbdb84b7ae5bf984d781c09227ce1468b5de9ad43852b99
1f6b6-1f3fb-200d-2642.png	1F6B6-1F3FB-200D-2642-FE0F.png	e0f46ead2db06babc9569f63ba6cbf3d7ab30a4a9e9add77122ba0dafcda4e88	e0f46ead2db06babc9569f63ba6cbf3d7ab30a4a9e9add77122ba0dafcda4e88
1f6b6-1f3fb-200d-2642-200d-27a1.png	1F6B6-1F3FB-200D-2642-FE0F-200D-27A1-FE0F.png	9e7d5c478937bf97fbf478e0d340b098f018e4737f653cc3df7050a2bd9641bd	9e7d5c478937bf97fbf478e0d340b098f018e4737f653cc3df7050a2bd9641bd
1f6b6-1f3fb-200d-27a1.png	1F6B6-1F3FB-200D-27A1-FE0F.png	9e7d5c478937bf97fbf478e0d340b098f018e4737f653cc3df7050a2bd9641bd	9e7d5c478937bf97fbf478e0d340b098f018e4737f653cc3df7050a2bd9641bd
1f6b6-1f3fc.png	1F6B6-1F3FC.png	feb71bf1875fc9aff9c7cec39d1bd1bb922794de99019f11c475926c442516aa	feb71bf1875fc9aff9c7cec39d1bd1bb922794de99019f11c475926c442516aa
1f6b6-1f3fc-200d-2640.png	1F6B6-1F3FC-200D-2640-FE0F.png	9d119920c70759b8a816f53342015412875809b6f34e4fc80a2899094d2df2a2	9d119920c70759b8a816f53342015412875809b6f34e4fc80a2899094d2df2a2
1f6b6-1f3fc-200d-2640-200d-27a1.png	1F6B6-1F3FC-200D-2640-FE0F-200D-27A1-FE0F.png	078638490edb8f7b275426633e499ec71952a6017c7577738e4ec559cce72baf	078638490edb8f7b275426633e499ec71952a6017c7577738e4ec559cce72baf
1f6b6-1f3fc-200d-2642.png	1F6B6-1F3FC-200D-2642-FE0F.png	feb71bf1875fc9aff9c7cec39d1bd1bb922794de99019f11c475926c442516aa	feb71bf1875fc9aff9c7cec39d1bd1bb922794de99019f11c475926c442516aa
1f6b6-1f3fc-200d-2642-200d-27a1.png	1F6B6-1F3FC-200D-2642-FE0F-200D-27A1-FE0F.png	03ed095da01f823350e8a06aebc676e42dc2d71765c4e0884a0e488ebc730a7b	03ed095da01f823350e8a06aebc676e42dc2d71765c4e0884a0e488ebc730a7b
1f6b6-1f3fc-200d-27a1.png	1F6B6-1F3FC-200D-27A1-FE0F.png	03ed095da01f823350e8a06aebc676e42dc2d71765c4e0884a0e488ebc730a7b	03ed095da01f823350e8a06aebc676e42dc2d71765c4e0884a0e488ebc730a7b
1f6b6-1f3fd.png	1F6B6-1F3FD.png	f29aa53b02ec1bf86247be6e98dbc01298898768ceb9b8c5575c42ad93cb6c5f	f29aa53b02ec1bf86247be6e98dbc01298898768ceb9b8c5575c42ad93cb6c5f
1f6b6-1f3fd-200d-2640.png	1F6B6-1F3FD-200D-2640-FE0F.png	2fe185e09ed816b6327a9c791499ea30d2acc1300edf6ebac69d687ec7f1b00b	2fe185e09ed816b6327a9c791499ea30d2acc1300edf6ebac69d687ec7f1b00b
1f6b6-1f3fd-200d-2640-200d-27a1.png	1F6B6-1F3FD-200D-2640-FE0F-200D-27A1-FE0F.png	4afa88ccb3e123ad50c86726efe0ce00cabc4a73aa651180ba849ff6509d5bb1	4afa88ccb3e123ad50c86726efe0ce00cabc4a73aa651180ba849ff6509d5bb1
1f6b6-1f3fd-200d-2642.png	1F6B6-1F3FD-200D-2642-FE0F.png	f29aa53b02ec1bf86247be6e98dbc01298898768ceb9b8c5575c42ad93cb6c5f	f29aa53b02ec1bf86247be6e98dbc01298898768ceb9b8c5575c42ad93cb6c5f
1f6b6-1f3fd-200d-2642-200d-27a1.png	1F6B6-1F3FD-200D-2642-FE0F-200D-27A1-FE0F.png	09668d89c7fa17e316dcfea25971b0901ce5589a0c34cb90561a0b1d807ae4fa	09668d89c7fa17e316dcfea25971b0901ce5589a0c34cb90561a0b1d807ae4fa
1f6b6-1f3fd-200d-27a1.png	1F6B6-1F3FD-200D-27A1-FE0F.png	09668d89c7fa17e316dcfea25971b0901ce5589a0c34cb90561a0b1d807ae4fa	09668d89c7fa17e316dcfea25971b0901ce5589a0c34cb90561a0b1d807ae4fa
1f6b6-1f3fe.png	1F6B6-1F3FE.png	a2e6586004e06f4e8d0df0de6c77222125c5e7565f24dd66381167a8eb198a7a	a2e6586004e06f4e8d0df0de6c77222125c5e7565f24dd66381167a8eb198a7a
1f6b6-1f3fe-200d-2640.png	1F6B6-1F3FE-200D-2640-FE0F.png	412b26d6b164efe8c9a74566fe272de611552bf22dcead695073d3efdfa4fb4a	412b26d6b164efe8c9a74566fe272de611552bf22dcead695073d3efdfa4fb4a
1f6b6-1f3fe-200d-2640-200d-27a1.png	1F6B6-1F3FE-200D-2640-FE0F-200D-27A1-FE0F.png	474345d79980789181cc84a12faf65eb826408da1f9cc0050a3af5a9138c2e64	474345d79980789181cc84a12faf65eb826408da1f9cc0050a3af5a9138c2e64
1f6b6-1f3fe-200d-2642.png	1F6B6-1F3FE-200D-2642-FE0F.png	a2e6586004e06f4e8d0df0de6c77222125c5e7565f24dd66381167a8eb198a7a	a2e6586004e06f4e8d0df0de6c77222125c5e7565f24dd66381167a8eb198a7a
1f6b6-1f3fe-200d-2642-200d-27a1.png	1F6B6-1F3FE-200D-2642-FE0F-200D-27A1-FE0F.png	4ae11afa701658e1c39bf417ca0af86fe95dafdbb7f40612799a959550b608e8	4ae11afa701658e1c39bf417ca0af86fe95dafdbb7f40612799a959550b608e8
1f6b6-1f3fe-200d-27a1.png	1F6B6-1F3FE-200D-27A1-FE0F.png	4ae11afa701658e1c39bf417ca0af86fe95dafdbb7f40612799a959550b608e8	4ae11afa701658e1c39bf417ca0af86fe95dafdbb7f40612799a959550b608e8
1f6b6-1f3ff.png	1F6B6-1F3FF.png	d48de2b336a5c3047043fe9997b24a43a06f882e73c8a37d058b7605fef5ee5a	d48de2b336a5c3047043fe9997b24a43a06f882e73c8a37d058b7605fef5ee5a
1f6b6-1f3ff-200d-2640.png	1F6B6-1F3FF-200D-2640-FE0F.png	498a138494d74ae99fea4e0be69b52ab802bb7ce7a3c974d829b34ab1ca8c632	498a138494d74ae99fea4e0be69b52ab802bb7ce7a3c974d829b34ab1ca8c632
1f6b6-1f3ff-200d-2640-200d-27a1.png	1F6B6-1F3FF-200D-2640-FE0F-200D-27A1-FE0F.png	82541e39eb10ec7d75d38be76cf1541ad096b49088f65da89f9001a87df732e2	82541e39eb10ec7d75d38be76cf1541ad096b49088f65da89f9001a87df732e2
1f6b6-1f3ff-200d-2642.png	1F6B6-1F3FF-200D-2642-FE0F.png	d48de2b336a5c3047043fe9997b24a43a06f882e73c8a37d058b7605fef5ee5a	d48de2b336a5c3047043fe9997b24a43a06f882e73c8a37d058b7605fef5ee5a
1f6b6-1f3ff-200d-2642-200d-27a1.png	1F6B6-1F3FF-200D-2642-FE0F-200D-27A1-FE0F.png	a969dd76b0aaa16709f4e33e89736a5befc6c870401770d332c1f9bd1398b2ae	a969dd76b0aaa16709f4e33e89736a5befc6c870401770d332c1f9bd1398b2ae
1f6b6-1f3ff-200d-27a1.png	1F6B6-1F3FF-200D-27A1-FE0F.png	a969dd76b0aaa16709f4e33e89736a5befc6c870401770d332c1f9bd1398b2ae	a969dd76b0aaa16709f4e33e89736a5befc6c870401770d332c1f9bd1398b2ae
1f6b6-200d-2640.png	1F6B6-200D-2640-FE0F.png	1d74b37180f93405cd539ff56ca7e01057f81087ae80ed7fcb4cf889aa087bce	1d74b37180f93405cd539ff56ca7e01057f81087ae80ed7fcb4cf889aa087bce
1f6b6-200d-2640-200d-27a1.png	1F6B6-200D-2640-FE0F-200D-27A1-FE0F.png	c9ac99d1db348fae02166ed28c02083a10d7c2ed83ad98c56e4b281caa452246	c9ac99d1db348fae02166ed28c02083a10d7c2ed83ad98c56e4b281caa452246
1f6b6-200d-2642.png	1F6B6-200D-2642-FE0F.png	a3580bc5989be0ca058519e1edcf9bf9d6dfedd620de99e4d46ef46348fe8076	a3580bc5989be0ca058519e1edcf9bf9d6dfedd620de99e4d46ef46348fe8076
1f6b6-200d-2642-200d-27a1.png	1F6B6-200D-2642-FE0F-200D-27A1-FE0F.png	a4d2121c27cc5848bc1cb906978d25a39452dc4d2d5ca1d0f61afbf264bbf3dd	a4d2121c27cc5848bc1cb906978d25a39452dc4d2d5ca1d0f61afbf264bbf3dd
1f6b6-200d-27a1.png	1F6B6-200D-27A1-FE0F.png	a4d2121c27cc5848bc1cb906978d25a39452dc4d2d5ca1d0f61afbf264bbf3dd	a4d2121c27cc5848bc1cb906978d25a39452dc4d2d5ca1d0f61afbf264bbf3dd
1f6b7.png	1F6B7.png	49333c1f125a5fc94ecdfd7763e7fcff38b883af81e079e99e44204f720adcac	49333c1f125a5fc94ecdfd7763e7fcff38b883af81e079e99e44204f720adcac
1f6b8.png	1F6B8.png	182e0348b91cb915d98b128424d57d8d3e37cd44027e47c79721ca2b121bea51	182e0348b91cb915d98b128424d57d8d3e37cd44027e47c79721ca2b121bea51
1f6b9.png	1F6B9.png	a00b7d7ba9b40a5c451067dd8431c86c4fdf9d75dbd582e6866bc3f9c21d6437	a00b7d7ba9b40a5c451067dd8431c86c4fdf9d75dbd582e6866bc3f9c21d6437
1f6ba.png	1F6BA.png	5e163bfbd3ecd0bc235d81e07d354725d5c3993b51d3665d4e69037ab3501b75	5e163bfbd3ecd0bc235d81e07d354725d5c3993b51d3665d4e69037ab3501b75
1f6bb.png	1F6BB.png	08c01419e3bf102403b56ec5bba6af16b88d789e94ea252787d38947cbbeb8a3	08c01419e3bf102403b56ec5bba6af16b88d789e94ea252787d38947cbbeb8a3
1f6bc.png	1F6BC.png	4998369d0ca76bb5d962fdc61e3e0961f6481ecefcf37e27602da25571612b78	4998369d0ca76bb5d962fdc61e3e0961f6481ecefcf37e27602da25571612b78
1f6bd.png	1F6BD.png	9d7aea3e7635a011712b71e23e48a006be8942c60b203ffc9b6774e6a53a279c	9d7aea3e7635a011712b71e23e48a006be8942c60b203ffc9b6774e6a53a279c
1f6be.png	1F6BE.png	734b7c0aa81225a16a0a9b065f6957940b0daf82667847dbb09feace6b133573	734b7c0aa81225a16a0a9b065f6957940b0daf82667847dbb09feace6b133573
1f6bf.png	1F6BF.png	5f70eb9c72d75f74eb46b843579fcf0aea677e6b812181f921f6cda00a8a310e	5f70eb9c72d75f74eb46b843579fcf0aea677e6b812181f921f6cda00a8a310e
1f6c0.png	1F6C0.png	5df0b9aa41ef579b663b8d92136398a37b7aa260dae39272cb05c0a777a3af05	5df0b9aa41ef579b663b8d92136398a37b7aa260dae39272cb05c0a777a3af05
1f6c0-1f3fb.png	1F6C0-1F3FB.png	38a2829b77a795a55832d1629a372ff9b8a9301ff208d17a8fa3167b605f070b	38a2829b77a795a55832d1629a372ff9b8a9301ff208d17a8fa3167b605f070b
1f6c0-1f3fc.png	1F6C0-1F3FC.png	424ef8020a13bbee98ae1edae0074e1104520947988a622b8533513ffdcd4dd6	424ef8020a13bbee98ae1edae0074e1104520947988a622b8533513ffdcd4dd6
1f6c0-1f3fd.png	1F6C0-1F3FD.png	1bbceb1059f84c78fce861bc713a1baeadb81f93d21e7f003727ea787ac95546	1bbceb1059f84c78fce861bc713a1baeadb81f93d21e7f003727ea787ac95546
1f6c0-1f3fe.png	1F6C0-1F3FE.png	cfa217f059d470dd932da4a746d9b3badc3d4be4e82b3dc39ea0eb2f608a7e39	cfa217f059d470dd932da4a746d9b3badc3d4be4e82b3dc39ea0eb2f608a7e39
1f6c0-1f3ff.png	1F6C0-1F3FF.png	ea4d6f6e8fe19c1eb7a0d5d6d7b762760937479f83de0d1f2f344b4c307b644b	ea4d6f6e8fe19c1eb7a0d5d6d7b762760937479f83de0d1f2f344b4c307b644b
1f6c1.png	1F6C1.png	15a09a05f88b374486d4b20214d347d9993a89a5ef72cf91e6ca26ee8611f431	15a09a05f88b374486d4b20214d347d9993a89a5ef72cf91e6ca26ee8611f431
1f6c2.png	1F6C2.png	361271ec48181f40dd917ddf39dc5e2b9bd12ca4d81eaa4ca82d254121f09108	361271ec48181f40dd917ddf39dc5e2b9bd12ca4d81eaa4ca82d254121f09108
1f6c3.png	1F6C3.png	5b1f813bdbdbc2b84167d1e0d1c9e4de6dca9fc9e447a81e3bf667afab4f1ad5	5b1f813bdbdbc2b84167d1e0d1c9e4de6dca9fc9e447a81e3bf667afab4f1ad5
1f6c4.png	1F6C4.png	cc93e5db9318c1f77f0b67fdf481fa8f5905088e41d6b32474cb34eebe3aec66	cc93e5db9318c1f77f0b67fdf481fa8f5905088e41d6b32474cb34eebe3aec66
1f6c5.png	1F6C5.png	841798c091946c9c4034fc60d6d6184aaf618b3f1d474f01be21a48a282d7288	841798c091946c9c4034fc60d6d6184aaf618b3f1d474f01be21a48a282d7288
1f6cb.png	1F6CB.png	149b2cf66bab95efe37629e85d801b8b382b00521039a94eb70dfb9d4f3413de	149b2cf66bab95efe37629e85d801b8b382b00521039a94eb70dfb9d4f3413de
1f6cc.png	1F6CC.png	702d8484e4bab10d0d1359ff3ac457109c4c6e7aad123e888801ffb0b3707632	702d8484e4bab10d0d1359ff3ac457109c4c6e7aad123e888801ffb0b3707632
1f6cc-1f3fb.png	1F6CC-1F3FB.png	89d6030bcda181fd6893248273697dd9dc8e0edfca63baf889719a7489e01387	89d6030bcda181fd6893248273697dd9dc8e0edfca63baf889719a7489e01387
1f6cc-1f3fc.png	1F6CC-1F3FC.png	e48fbea9d05ad9a9923a3cc11350a97cd72cad1f2cb190b03c60e0e4f8da84c8	e48fbea9d05ad9a9923a3cc11350a97cd72cad1f2cb190b03c60e0e4f8da84c8
1f6cc-1f3fd.png	1F6CC-1F3FD.png	5cfe53cac05023a543cc25ad24f068379767bfe5bfc87d9588dd18fe94dca8eb	5cfe53cac05023a543cc25ad24f068379767bfe5bfc87d9588dd18fe94dca8eb
1f6cc-1f3fe.png	1F6CC-1F3FE.png	ed76c88795e8fdbe0d047a48f42fc0b0faec0280e17fb83821490b3b0e7fca76	ed76c88795e8fdbe0d047a48f42fc0b0faec0280e17fb83821490b3b0e7fca76
1f6cc-1f3ff.png	1F6CC-1F3FF.png	82b083bde09a3d2cdfc69d53eded396b9f47fcf872da35306a7036200324469c	82b083bde09a3d2cdfc69d53eded396b9f47fcf872da35306a7036200324469c
1f6cd.png	1F6CD.png	efbddf01c6f3c3f25340644bf7f52ad7389c65e6d9b7ec9216239bc13e7e1c79	efbddf01c6f3c3f25340644bf7f52ad7389c65e6d9b7ec9216239bc13e7e1c79
1f6ce.png	1F6CE.png	3cceb970acd2250e824d3221459c92da45792ae9b1f05a928d79e0f98114bcfd	3cceb970acd2250e824d3221459c92da45792ae9b1f05a928d79e0f98114bcfd
1f6cf.png	1F6CF.png	b7fe16344f6e81d24431c55531f6d1662ae1f38b83ac03a17ed0e16387b18638	b7fe16344f6e81d24431c55531f6d1662ae1f38b83ac03a17ed0e16387b18638
1f6d0.png	1F6D0.png	a30cfb09676a669fb9f78946078bd89911837c90c338a5d0635144ec535fe0b3	a30cfb09676a669fb9f78946078bd89911837c90c338a5d0635144ec535fe0b3
1f6d1.png	1F6D1.png	7eb3e9281462d8a3df693e90dc776656ffccc85265bada6085457fdc4349d2c5	7eb3e9281462d8a3df693e90dc776656ffccc85265bada6085457fdc4349d2c5
1f6d2.png	1F6D2.png	ea842e0faacd0cf6c66603cd97b2b519e0d3eb0c7625069ddd58bdad30b6bab5	ea842e0faacd0cf6c66603cd97b2b519e0d3eb0c7625069ddd58bdad30b6bab5
1f6d5.png	1F6D5.png	622c42058433b990b2a3b25fde55ca63e4517df5ec5916f5b86257712c496fb1	622c42058433b990b2a3b25fde55ca63e4517df5ec5916f5b86257712c496fb1
1f6d6.png	1F6D6.png	0a61736b41ee62da88b8830caab3eaab423d8bda9d27532e319c2d39b83d6f6b	0a61736b41ee62da88b8830caab3eaab423d8bda9d27532e319c2d39b83d6f6b
1f6d7.png	1F6D7.png	433c2d6a86f5e10161c3bb1961fa4a06184a0b1342f313cfb47c9ead8fe6eee6	433c2d6a86f5e10161c3bb1961fa4a06184a0b1342f313cfb47c9ead8fe6eee6
1f6d8.png	1F6D8.png	8bfee1e0a5266b3e9027b941f6fd506c5bb2cf311a70b91c9722693e147a1a5b	8bfee1e0a5266b3e9027b941f6fd506c5bb2cf311a70b91c9722693e147a1a5b
1f6dc.png	1F6DC.png	49e926a996f11b17ef1cb74066223292365c3286f08c7853c93b3b21b3750b66	49e926a996f11b17ef1cb74066223292365c3286f08c7853c93b3b21b3750b66
1f6dd.png	1F6DD.png	b35ccf5bfbaa80a847c8c61d0ec7547dbf7ea08203d65ad3920fad3e02db73d1	b35ccf5bfbaa80a847c8c61d0ec7547dbf7ea08203d65ad3920fad3e02db73d1
1f6de.png	1F6DE.png	ab280136d510f68b917174582fad8294c62046d17a5aef0afd263e01f59ce83a	ab280136d510f68b917174582fad8294c62046d17a5aef0afd263e01f59ce83a
1f6df.png	1F6DF.png	98fcf857bba001e88869a30fd9aa8f204cb36765741baa471fa4ae4142a4f0ec	98fcf857bba001e88869a30fd9aa8f204cb36765741baa471fa4ae4142a4f0ec
1f6e0.png	1F6E0.png	90d886f08a394b4d0d655934f6aec16da42237841d12533184492fb5f4903289	90d886f08a394b4d0d655934f6aec16da42237841d12533184492fb5f4903289
1f6e1.png	1F6E1.png	8b43bf3114ab774d97672ccbe7e7283332cdea29777b1572ea7e58975dc74d98	8b43bf3114ab774d97672ccbe7e7283332cdea29777b1572ea7e58975dc74d98
1f6e2.png	1F6E2.png	a60c7609de3e5db47a11134789b946430d02bf11d29ac59a2f571a02fbd0c4ef	a60c7609de3e5db47a11134789b946430d02bf11d29ac59a2f571a02fbd0c4ef
1f6e3.png	1F6E3.png	266145a288f6df93d64072102664ca6888b04d72da1807c809dc9fc43e46d996	266145a288f6df93d64072102664ca6888b04d72da1807c809dc9fc43e46d996
1f6e4.png	1F6E4.png	4a4f2be4a47f93320b586c55409863c10c35c731e89f7b87f4ea672882482c45	4a4f2be4a47f93320b586c55409863c10c35c731e89f7b87f4ea672882482c45
1f6e5.png	1F6E5.png	729867810e95931a9f9cc10d8ef586c021171816aaf5f7400983d2303d19e273	729867810e95931a9f9cc10d8ef586c021171816aaf5f7400983d2303d19e273
1f6e9.png	1F6E9.png	7ff01b2925bf3b805931b8294427fa8f9aba1348d62917eca99458f4501a4982	7ff01b2925bf3b805931b8294427fa8f9aba1348d62917eca99458f4501a4982
1f6eb.png	1F6EB.png	f0e95ea39100500e8f83135bbc2a318d45fdaf44174f8c1948f25542703169f2	f0e95ea39100500e8f83135bbc2a318d45fdaf44174f8c1948f25542703169f2
1f6ec.png	1F6EC.png	18c7914babe59ef3375615665d4d4149314dbe5c44e2aa900672f12a747d81fd	18c7914babe59ef3375615665d4d4149314dbe5c44e2aa900672f12a747d81fd
1f6f0.png	1F6F0.png	cd7d96a09d17ed2716aa925c94f7ea20d9b6c174ea73b4cb8ad812a59465c41e	cd7d96a09d17ed2716aa925c94f7ea20d9b6c174ea73b4cb8ad812a59465c41e
1f6f3.png	1F6F3.png	7d75f2a877bab5cb702b518aa19af624952a45fa83534fe33831839f8e964717	7d75f2a877bab5cb702b518aa19af624952a45fa83534fe33831839f8e964717
1f6f4.png	1F6F4.png	74b7a6b27718179b1a4d4d972d40188bae34ba09283ed28ffcbf1acffd8c7c9a	74b7a6b27718179b1a4d4d972d40188bae34ba09283ed28ffcbf1acffd8c7c9a
1f6f5.png	1F6F5.png	a6be457d160b16dac9cb72ba6f5c8d52178e637103a528dae97a3f660a0ed204	a6be457d160b16dac9cb72ba6f5c8d52178e637103a528dae97a3f660a0ed204
1f6f6.png	1F6F6.png	08521e2e737b6000b487a70ededf27dbee09abf36a64869dc50723563aaea2f0	08521e2e737b6000b487a70ededf27dbee09abf36a64869dc50723563aaea2f0
1f6f7.png	1F6F7.png	97ec43dff4b257753c20c190789514cb3b44244916f0cf25cdffa2afd8f0f398	97ec43dff4b257753c20c190789514cb3b44244916f0cf25cdffa2afd8f0f398
1f6f8.png	1F6F8.png	e538f503afdf69e56ffe31e60707c4c415b9aae7297f1fb09b3d08cddb9f61c8	e538f503afdf69e56ffe31e60707c4c415b9aae7297f1fb09b3d08cddb9f61c8
1f6f9.png	1F6F9.png	8d547868a5aeb88f4ef367985775c14ceded00dfaa9fb4ea208496bfcdab6df2	8d547868a5aeb88f4ef367985775c14ceded00dfaa9fb4ea208496bfcdab6df2
1f6fa.png	1F6FA.png	b389d9249c55044cfb135793152f8a2d6ba301807ff584c089afd5ba7a8f6cf0	b389d9249c55044cfb135793152f8a2d6ba301807ff584c089afd5ba7a8f6cf0
1f6fb.png	1F6FB.png	84b625f5469496076d583574213f4799403a0111c2f7b8db9bbbc1e728cd18dd	84b625f5469496076d583574213f4799403a0111c2f7b8db9bbbc1e728cd18dd
1f6fc.png	1F6FC.png	befa2e601ffc7c3057a2339e2b2e4b54e387dac912072dce210ab3eebc30f0f9	befa2e601ffc7c3057a2339e2b2e4b54e387dac912072dce210ab3eebc30f0f9
1f7e0.png	1F7E0.png	81037f7971253b8297f167e569cbca42de852168672643a2b68bcb3ca2eb8135	81037f7971253b8297f167e569cbca42de852168672643a2b68bcb3ca2eb8135
1f7e1.png	1F7E1.png	ac9bb4db645c6886a6d3636cc63c28ef00bc2d7647a9927d60df98fd6fdc402c	ac9bb4db645c6886a6d3636cc63c28ef00bc2d7647a9927d60df98fd6fdc402c
1f7e2.png	1F7E2.png	04070e95fa1d602fb3816bbcc84f9316b8f95e9b6ed4de3177fc2fbe813c0bd9	04070e95fa1d602fb3816bbcc84f9316b8f95e9b6ed4de3177fc2fbe813c0bd9
1f7e3.png	1F7E3.png	765016343ed95fe324caf3667e5e1272b1ee5464c67b26c1f295ce927fd2c938	765016343ed95fe324caf3667e5e1272b1ee5464c67b26c1f295ce927fd2c938
1f7e4.png	1F7E4.png	7ff0c2fc61dc776f8ba9a42fb3def19082e4617e6461219649811a6e0a903942	7ff0c2fc61dc776f8ba9a42fb3def19082e4617e6461219649811a6e0a903942
1f7e5.png	1F7E5.png	705594c1dfa59539af042a280f084269253ebbab7cb21c42f79a73477b5d19fe	705594c1dfa59539af042a280f084269253ebbab7cb21c42f79a73477b5d19fe
1f7e6.png	1F7E6.png	39c71f9131c8dce1885a50f2a52b3dc86ffed0dbb4442e96ece93c06d8306da6	39c71f9131c8dce1885a50f2a52b3dc86ffed0dbb4442e96ece93c06d8306da6
1f7e7.png	1F7E7.png	4e1050e56dcd01e48c6b2f3a623b34e8dc8ca67e28dda466848edc46c3ac7a04	4e1050e56dcd01e48c6b2f3a623b34e8dc8ca67e28dda466848edc46c3ac7a04
1f7e8.png	1F7E8.png	2e44f27eeef97bd3028ca0beb2baaf12b1139217c9b3b230472398b7b66d109b	2e44f27eeef97bd3028ca0beb2baaf12b1139217c9b3b230472398b7b66d109b
1f7e9.png	1F7E9.png	4616df990b531791894aa6d303dac8f72a415248c6c2a328d9a47b4a7a607c32	4616df990b531791894aa6d303dac8f72a415248c6c2a328d9a47b4a7a607c32
1f7ea.png	1F7EA.png	e936fab89e2667254fede4137153611a7f974beff4bdc916ef496a9acde7bc62	e936fab89e2667254fede4137153611a7f974beff4bdc916ef496a9acde7bc62
1f7eb.png	1F7EB.png	7339d04896b45b9b8711ef71c522c3f4936dad015760a366994583c721f63b05	7339d04896b45b9b8711ef71c522c3f4936dad015760a366994583c721f63b05
1f7f0.png	1F7F0.png	ab1780651565e0daddf2dbac47cf9cdb492cdda6ff506b8767daef8a366b8f52	ab1780651565e0daddf2dbac47cf9cdb492cdda6ff506b8767daef8a366b8f52
1f90c.png	1F90C.png	521803843254158404831d8f293f43b47a677e21493f187230dbadab1f2fbf63	521803843254158404831d8f293f43b47a677e21493f187230dbadab1f2fbf63
1f90c-1f3fb.png	1F90C-1F3FB.png	21dfe2bcb3fe4e3458083f7fa1e95aa7e7e7ae40274224b6538251f9c947fc48	21dfe2bcb3fe4e3458083f7fa1e95aa7e7e7ae40274224b6538251f9c947fc48
1f90c-1f3fc.png	1F90C-1F3FC.png	d93eba6b2a07b0509573e20077fe91ed3999e9715478246103340f72df9b3121	d93eba6b2a07b0509573e20077fe91ed3999e9715478246103340f72df9b3121
1f90c-1f3fd.png	1F90C-1F3FD.png	023afb66b08b6d176c4c6faabc91bbeea5df6fbd5d8d7d013308165669475d04	023afb66b08b6d176c4c6faabc91bbeea5df6fbd5d8d7d013308165669475d04
1f90c-1f3fe.png	1F90C-1F3FE.png	03cbb531197ca89bcc549ef9c8d345e89b30ab67a774483a4a55c3f862f1903c	03cbb531197ca89bcc549ef9c8d345e89b30ab67a774483a4a55c3f862f1903c
1f90c-1f3ff.png	1F90C-1F3FF.png	4c134f7a0441007ed6c4d4391835798f5b83a7928fc0e74093c9ecb78eafe3d2	4c134f7a0441007ed6c4d4391835798f5b83a7928fc0e74093c9ecb78eafe3d2
1f90d.png	1F90D.png	5b6b9504222716f0200330dc9a0fe3ad9985b8f11b04fd7262959c3875643118	5b6b9504222716f0200330dc9a0fe3ad9985b8f11b04fd7262959c3875643118
1f90e.png	1F90E.png	ec3029d1e5745fdfa09eef991c0e5cd98308be36391968e863f46e73452d3378	ec3029d1e5745fdfa09eef991c0e5cd98308be36391968e863f46e73452d3378
1f90f.png	1F90F.png	b4947a8a3bfb7364ee910f613923afd6fab44c444f2347e0a75f0ffe8bde373b	b4947a8a3bfb7364ee910f613923afd6fab44c444f2347e0a75f0ffe8bde373b
1f90f-1f3fb.png	1F90F-1F3FB.png	cd7f9b954be503756f5ba0d711fc2a7f10683f9c5aca7a2317b35ba17d9351d1	cd7f9b954be503756f5ba0d711fc2a7f10683f9c5aca7a2317b35ba17d9351d1
1f90f-1f3fc.png	1F90F-1F3FC.png	263fb01c444b636a8d169d62e04a5d604e112caa9ee0bbe82102573ac6836b68	263fb01c444b636a8d169d62e04a5d604e112caa9ee0bbe82102573ac6836b68
1f90f-1f3fd.png	1F90F-1F3FD.png	712a6ebad46c063829892d915d859ae0f6efc7825b4aecd430a6e28f9baa69ce	712a6ebad46c063829892d915d859ae0f6efc7825b4aecd430a6e28f9baa69ce
1f90f-1f3fe.png	1F90F-1F3FE.png	78b44e0b7ad1a8101a1c40cd3c09d5588f2d38afc64712bf8b3a4989f8494bbc	78b44e0b7ad1a8101a1c40cd3c09d5588f2d38afc64712bf8b3a4989f8494bbc
1f90f-1f3ff.png	1F90F-1F3FF.png	ddfebfe1f1f421a8c5cff308ee9f7b71279c4e5e477089025fe5b9468302cccb	ddfebfe1f1f421a8c5cff308ee9f7b71279c4e5e477089025fe5b9468302cccb
1f910.png	1F910.png	79e0386d30916daccdc4a55c372bf5641dea296f9d5663be5f942c28df3dbec2	79e0386d30916daccdc4a55c372bf5641dea296f9d5663be5f942c28df3dbec2
1f911.png	1F911.png	874bb44799eda74a21bde1f5c02d3637af84119fdceee77ab3268f86f8a667d1	874bb44799eda74a21bde1f5c02d3637af84119fdceee77ab3268f86f8a667d1
1f912.png	1F912.png	0522c5d924777a3dba9b8377ade2a6477fd6dd83e24bd38a43eec2986b95f0cf	0522c5d924777a3dba9b8377ade2a6477fd6dd83e24bd38a43eec2986b95f0cf
1f913.png	1F913.png	197995048d46acc1ca81831313233c944e3bc734581eccff8a1d558be8594853	197995048d46acc1ca81831313233c944e3bc734581eccff8a1d558be8594853
1f914.png	1F914.png	6bb8572f3e6998118ba5f10ac7931950a41263c05106c6d89b13afab7a00a6aa	6bb8572f3e6998118ba5f10ac7931950a41263c05106c6d89b13afab7a00a6aa
1f915.png	1F915.png	df537b861f2af6d545c85c5feb60b6fde7462788aa077ea51c92f3f680e95c96	df537b861f2af6d545c85c5feb60b6fde7462788aa077ea51c92f3f680e95c96
1f916.png	1F916.png	957f668c1d40c6f8f837b838c1c9f76762f618bb901ba32a8b6c081d789e5314	957f668c1d40c6f8f837b838c1c9f76762f618bb901ba32a8b6c081d789e5314
1f917.png	1F917.png	0a9f87ec1f7f2ee4ccf75b02089286d00c656e9cf51740b7e14826734fa514fd	0a9f87ec1f7f2ee4ccf75b02089286d00c656e9cf51740b7e14826734fa514fd
1f918.png	1F918.png	59182ed95235626563867092ffb662d7d9b092cfec7ea1911104668654433dbc	59182ed95235626563867092ffb662d7d9b092cfec7ea1911104668654433dbc
1f918-1f3fb.png	1F918-1F3FB.png	9e3847722d8139da3a76cf8051ff2e66f00192c72ad1bd9ad4d0857e8424e3a0	9e3847722d8139da3a76cf8051ff2e66f00192c72ad1bd9ad4d0857e8424e3a0
1f918-1f3fc.png	1F918-1F3FC.png	868a4db1ef7036632a7792e275221b8efa08222896f96386d9b0b63cb131511e	868a4db1ef7036632a7792e275221b8efa08222896f96386d9b0b63cb131511e
1f918-1f3fd.png	1F918-1F3FD.png	cf498910e461cbcaed24701440706a8b1ed6faf950ad537e35bd3ae9f393f5b6	cf498910e461cbcaed24701440706a8b1ed6faf950ad537e35bd3ae9f393f5b6
1f918-1f3fe.png	1F918-1F3FE.png	657bb5e23831a1e0c108248dac4bdd2887556cf0e7cfb983f00d9a49ae8ebb28	657bb5e23831a1e0c108248dac4bdd2887556cf0e7cfb983f00d9a49ae8ebb28
1f918-1f3ff.png	1F918-1F3FF.png	3cce6974ca7339ef5d5eba34d872ca56ca270537fbbe1b5de735cd0287956202	3cce6974ca7339ef5d5eba34d872ca56ca270537fbbe1b5de735cd0287956202
1f919.png	1F919.png	2f3d87991844f196df5a743a36ab9f92202190e62e7c96642a39367a90b2dffb	2f3d87991844f196df5a743a36ab9f92202190e62e7c96642a39367a90b2dffb
1f919-1f3fb.png	1F919-1F3FB.png	cc2cbf4dade40f0c4c40329cd98b8a8480bb89f647bd5ff0b91921bd71490931	cc2cbf4dade40f0c4c40329cd98b8a8480bb89f647bd5ff0b91921bd71490931
1f919-1f3fc.png	1F919-1F3FC.png	93da9ea6cde286dee203e2689278d7e6323015c007e05abe8a73cfac6c98df80	93da9ea6cde286dee203e2689278d7e6323015c007e05abe8a73cfac6c98df80
1f919-1f3fd.png	1F919-1F3FD.png	fbac7da4cba0771233e490d1c0ed3021e534649bcbda9a01edd82131b12f3877	fbac7da4cba0771233e490d1c0ed3021e534649bcbda9a01edd82131b12f3877
1f919-1f3fe.png	1F919-1F3FE.png	9d017fb11652d3e6b5a8f69c122076ec6151ebffecf66f556f4c2beec885125e	9d017fb11652d3e6b5a8f69c122076ec6151ebffecf66f556f4c2beec885125e
1f919-1f3ff.png	1F919-1F3FF.png	b5dac5e3de35bd332e630c5bb967ed4b91940d261c179eab00302d34f34294b6	b5dac5e3de35bd332e630c5bb967ed4b91940d261c179eab00302d34f34294b6
1f91a.png	1F91A.png	a8ee78dcaf0a838dfc8e16fb49ed0a522305a7b9bca2b7c7072e2ffb3920f79c	a8ee78dcaf0a838dfc8e16fb49ed0a522305a7b9bca2b7c7072e2ffb3920f79c
1f91a-1f3fb.png	1F91A-1F3FB.png	a8a70128e5a0abc85cefb5ac1c8240bb942d58426a649dd5b5f015c64f5e77b8	a8a70128e5a0abc85cefb5ac1c8240bb942d58426a649dd5b5f015c64f5e77b8
1f91a-1f3fc.png	1F91A-1F3FC.png	96b6a3fa7b1b0611dd8f588e03a8d02055b920e112cec6c69d9f81fb38861652	96b6a3fa7b1b0611dd8f588e03a8d02055b920e112cec6c69d9f81fb38861652
1f91a-1f3fd.png	1F91A-1F3FD.png	e45042bca9af01a384bb87f489ee00c1c97041fb8cc735d15085597791c9b0a3	e45042bca9af01a384bb87f489ee00c1c97041fb8cc735d15085597791c9b0a3
1f91a-1f3fe.png	1F91A-1F3FE.png	23d472d8c8ab27f5bc935bb52faa029b8711745273ff6a57d62c5fd8d5958161	23d472d8c8ab27f5bc935bb52faa029b8711745273ff6a57d62c5fd8d5958161
1f91a-1f3ff.png	1F91A-1F3FF.png	86b2a26f45bde434f4429089607db9504b954d0766e02a3f2d78007921d7f8c9	86b2a26f45bde434f4429089607db9504b954d0766e02a3f2d78007921d7f8c9
1f91b.png	1F91B.png	e2e5ce6de9e6cd57d3bb8b21b1e3b57925ef672201029a45ad1427fabbb1c8b4	e2e5ce6de9e6cd57d3bb8b21b1e3b57925ef672201029a45ad1427fabbb1c8b4
1f91b-1f3fb.png	1F91B-1F3FB.png	a7cd8522fe027783bad5e382ede3d146ca8b9cc9fb319aa113d0061edecb6bed	a7cd8522fe027783bad5e382ede3d146ca8b9cc9fb319aa113d0061edecb6bed
1f91b-1f3fc.png	1F91B-1F3FC.png	ff3d9054f6d63a60fa27be011a2045d3bb0fab5d288ff9f328dc2080b074ce3f	ff3d9054f6d63a60fa27be011a2045d3bb0fab5d288ff9f328dc2080b074ce3f
1f91b-1f3fd.png	1F91B-1F3FD.png	a0985c4e35e303544c30bbf7f731bc5cc2c875b1dba4926004c4a5a4431892eb	a0985c4e35e303544c30bbf7f731bc5cc2c875b1dba4926004c4a5a4431892eb
1f91b-1f3fe.png	1F91B-1F3FE.png	60e88c533ceb11b3cb8966abfbb24f7f64ca54bef45a6825a638b802e70ccca5	60e88c533ceb11b3cb8966abfbb24f7f64ca54bef45a6825a638b802e70ccca5
1f91b-1f3ff.png	1F91B-1F3FF.png	233ca08cca85f370e65494c3eea2051eff0ae965896dc451107d4c873ebf5447	233ca08cca85f370e65494c3eea2051eff0ae965896dc451107d4c873ebf5447
1f91c.png	1F91C.png	b4c0ff7589ff7ec255bb5a8f6ff1bbf6980ac1b5b2625c9dddf0465295228010	b4c0ff7589ff7ec255bb5a8f6ff1bbf6980ac1b5b2625c9dddf0465295228010
1f91c-1f3fb.png	1F91C-1F3FB.png	2a99318202c17f35f89344f87e07d075c8de2a5ed2d062e14238d20c1184f1b8	2a99318202c17f35f89344f87e07d075c8de2a5ed2d062e14238d20c1184f1b8
1f91c-1f3fc.png	1F91C-1F3FC.png	0637c97dc60ae05faef638ff4e67bb0c3fdeeeabd26ebad17e5311d5b9722de1	0637c97dc60ae05faef638ff4e67bb0c3fdeeeabd26ebad17e5311d5b9722de1
1f91c-1f3fd.png	1F91C-1F3FD.png	fd624c1954a883e5961a74bdd15e9b228c6530ee939161b4fbcfa1cdce74a75a	fd624c1954a883e5961a74bdd15e9b228c6530ee939161b4fbcfa1cdce74a75a
1f91c-1f3fe.png	1F91C-1F3FE.png	d3dd835fae27f064508b5e90dbeb334bd2478169eb545ee65ac7b1f8298ca738	d3dd835fae27f064508b5e90dbeb334bd2478169eb545ee65ac7b1f8298ca738
1f91c-1f3ff.png	1F91C-1F3FF.png	653a776edbd7f9b07d3a60c53d352c075148ab386a8eaafa6fa372d214ee56e4	653a776edbd7f9b07d3a60c53d352c075148ab386a8eaafa6fa372d214ee56e4
1f91d.png	1F91D.png	fb3356d5861ec24fc8ad6063620897d02a8697d8edd84b5fdda2dc07555b6eba	fb3356d5861ec24fc8ad6063620897d02a8697d8edd84b5fdda2dc07555b6eba
1f91d-1f3fb.png	1F91D-1F3FB.png	9a738ac5c9ae96087b00463195d8d8bf1f6245d5dcc7a031faa2903f619e3496	9a738ac5c9ae96087b00463195d8d8bf1f6245d5dcc7a031faa2903f619e3496
1f91d-1f3fc.png	1F91D-1F3FC.png	e57f5497a276c074f72f2757742b14de82f28bf3a49fa317b5253fce444f9e3f	e57f5497a276c074f72f2757742b14de82f28bf3a49fa317b5253fce444f9e3f
1f91d-1f3fd.png	1F91D-1F3FD.png	d9613eb1505f9daf5d7daf4d4b0abc7569aa1326349f7cb1081df7d609feb692	d9613eb1505f9daf5d7daf4d4b0abc7569aa1326349f7cb1081df7d609feb692
1f91d-1f3fe.png	1F91D-1F3FE.png	6711b1220b61abdb501be07c72074ad4646dede716c606b4ef87db73efc6cb80	6711b1220b61abdb501be07c72074ad4646dede716c606b4ef87db73efc6cb80
1f91d-1f3ff.png	1F91D-1F3FF.png	de6c13b7ccbe77dd800bbc2d525f467c5f5b0ca189e66dcb05b4e953f50fd489	de6c13b7ccbe77dd800bbc2d525f467c5f5b0ca189e66dcb05b4e953f50fd489
1f91e.png	1F91E.png	862c0d8d8cdccaf73659be6bfc2f47c7b1e79cb40868044cbb4686a2e9a87ac5	862c0d8d8cdccaf73659be6bfc2f47c7b1e79cb40868044cbb4686a2e9a87ac5
1f91e-1f3fb.png	1F91E-1F3FB.png	8d303034fd4d2a4a7a2592a489a85de73b73ab5de2571391e86bb49478fa9953	8d303034fd4d2a4a7a2592a489a85de73b73ab5de2571391e86bb49478fa9953
1f91e-1f3fc.png	1F91E-1F3FC.png	d2537383c6b2d7b2e11bafa9cec419f16a5248c8266f9a2c5c520bc4cb39282e	d2537383c6b2d7b2e11bafa9cec419f16a5248c8266f9a2c5c520bc4cb39282e
1f91e-1f3fd.png	1F91E-1F3FD.png	9b6bff7c27fe54af95218839175b5c8a4928dbfe121c005628bc0b56d5a57050	9b6bff7c27fe54af95218839175b5c8a4928dbfe121c005628bc0b56d5a57050
1f91e-1f3fe.png	1F91E-1F3FE.png	a9fed4f0130b04a3f54c48518ab7573b01b35139297d389ac8f36f3f1b4e03cf	a9fed4f0130b04a3f54c48518ab7573b01b35139297d389ac8f36f3f1b4e03cf
1f91e-1f3ff.png	1F91E-1F3FF.png	0e55eb71d487fa2eb3273a2489bba1a880553597f9c8fb338eaa8f97eeaac13c	0e55eb71d487fa2eb3273a2489bba1a880553597f9c8fb338eaa8f97eeaac13c
1f91f.png	1F91F.png	f60f901adb96a6fbe89426ec48981a78107c2e409dfc5c4f54e4c37c83e5aa67	f60f901adb96a6fbe89426ec48981a78107c2e409dfc5c4f54e4c37c83e5aa67
1f91f-1f3fb.png	1F91F-1F3FB.png	7df995616c78abd86b637adf874fdd11cd25d330455e6a74b1256c070636f23a	7df995616c78abd86b637adf874fdd11cd25d330455e6a74b1256c070636f23a
1f91f-1f3fc.png	1F91F-1F3FC.png	99dee08da4d593c30904fe7bd9a2ef237af1bc91970c105203ef62ca02d49dd5	99dee08da4d593c30904fe7bd9a2ef237af1bc91970c105203ef62ca02d49dd5
1f91f-1f3fd.png	1F91F-1F3FD.png	f475fabff82959b724dd14ff88672345863df30b375e81380b1bcaa3deb59916	f475fabff82959b724dd14ff88672345863df30b375e81380b1bcaa3deb59916
1f91f-1f3fe.png	1F91F-1F3FE.png	a47c6b30ccedc67c5591279b3f8256bd21ddb2074aec1b1a2a92b03043365c16	a47c6b30ccedc67c5591279b3f8256bd21ddb2074aec1b1a2a92b03043365c16
1f91f-1f3ff.png	1F91F-1F3FF.png	394525809b1b6b14399ef24d768a6ef18c803f3eed1b75ab48bfc5b91862880a	394525809b1b6b14399ef24d768a6ef18c803f3eed1b75ab48bfc5b91862880a
1f920.png	1F920.png	502e6af04066e2350abe5f68b7286e9a00e7e4d74d4df04cce6464b79b9971b8	502e6af04066e2350abe5f68b7286e9a00e7e4d74d4df04cce6464b79b9971b8
1f921.png	1F921.png	de8812c8b306c0d1904d9f8b98fb10d0a38aea728a2e056b3d16d4c926824cc2	de8812c8b306c0d1904d9f8b98fb10d0a38aea728a2e056b3d16d4c926824cc2
1f922.png	1F922.png	6ba749a6fe6f215637d8ec8e8974b92e79747ddc22d03cab2fc76fe8f2f00961	6ba749a6fe6f215637d8ec8e8974b92e79747ddc22d03cab2fc76fe8f2f00961
1f923.png	1F923.png	bba04ed7e95f1c1e61ceda9600f12bc0e3dcaaee3e2e1d76813035626a2b8068	bba04ed7e95f1c1e61ceda9600f12bc0e3dcaaee3e2e1d76813035626a2b8068
1f924.png	1F924.png	a999601b545b1702e1cbc565a7d436578350ee8ec38d9f51189a3ca3ffdc7266	a999601b545b1702e1cbc565a7d436578350ee8ec38d9f51189a3ca3ffdc7266
1f925.png	1F925.png	d56f3073f7a8aed8f02b33d7a5a33512fbe39508dfe8948001747c58135a3f1b	d56f3073f7a8aed8f02b33d7a5a33512fbe39508dfe8948001747c58135a3f1b
1f926.png	1F926.png	c75810d82f1c6ab6f9f9de458a2921101a911d342cc0bfc024ee9146c09ab95c	c75810d82f1c6ab6f9f9de458a2921101a911d342cc0bfc024ee9146c09ab95c
1f926-1f3fb.png	1F926-1F3FB.png	c0905ac51224d214475a331de641ef57e228be6dd3940dfc14fa9511decb58b9	c0905ac51224d214475a331de641ef57e228be6dd3940dfc14fa9511decb58b9
1f926-1f3fb-200d-2640.png	1F926-1F3FB-200D-2640-FE0F.png	27cbf48d39d4bed03c2c1026d97f8c1eb83da5f7085c51ab611e5b59d055a58a	27cbf48d39d4bed03c2c1026d97f8c1eb83da5f7085c51ab611e5b59d055a58a
1f926-1f3fb-200d-2642.png	1F926-1F3FB-200D-2642-FE0F.png	f0c7af66ec54181988abaed0051b630bbb906229192a0bfbcc3531b7354379b5	f0c7af66ec54181988abaed0051b630bbb906229192a0bfbcc3531b7354379b5
1f926-1f3fc.png	1F926-1F3FC.png	17b191f26d5cb2b8aef3b96bc127aae2d5d2119116a97c6ac0ee504c7b2023d5	17b191f26d5cb2b8aef3b96bc127aae2d5d2119116a97c6ac0ee504c7b2023d5
1f926-1f3fc-200d-2640.png	1F926-1F3FC-200D-2640-FE0F.png	08ad1e6e147fe6a959fb5a138e48b3e891b8437852fe568191e57e62ba442adc	08ad1e6e147fe6a959fb5a138e48b3e891b8437852fe568191e57e62ba442adc
1f926-1f3fc-200d-2642.png	1F926-1F3FC-200D-2642-FE0F.png	7a6c0c279a5b38a54ba170230f368336d3ce928a9c9429da48f5d02c2207bba6	7a6c0c279a5b38a54ba170230f368336d3ce928a9c9429da48f5d02c2207bba6
1f926-1f3fd.png	1F926-1F3FD.png	d545161d3b54361b379b384e469069a40b972891b6a364ac0b3c42e4c1761f8a	d545161d3b54361b379b384e469069a40b972891b6a364ac0b3c42e4c1761f8a
1f926-1f3fd-200d-2640.png	1F926-1F3FD-200D-2640-FE0F.png	2260f71acd0780ef73c69f164c7fbd4f297aae303f379bdcbfe49a06247caca4	2260f71acd0780ef73c69f164c7fbd4f297aae303f379bdcbfe49a06247caca4
1f926-1f3fd-200d-2642.png	1F926-1F3FD-200D-2642-FE0F.png	2d5023211db03abea0f888232b7ec62ddba73ae2c36e93579cb6f9e9c8e87edb	2d5023211db03abea0f888232b7ec62ddba73ae2c36e93579cb6f9e9c8e87edb
1f926-1f3fe.png	1F926-1F3FE.png	3a28ecf40ff46c28765192d5eabae4fe4fea47a54e52e1c8f59b5e039876faa6	3a28ecf40ff46c28765192d5eabae4fe4fea47a54e52e1c8f59b5e039876faa6
1f926-1f3fe-200d-2640.png	1F926-1F3FE-200D-2640-FE0F.png	9b23126659578b9f84311c599c854f592365889b7d957a567c997f7c8a65be85	9b23126659578b9f84311c599c854f592365889b7d957a567c997f7c8a65be85
1f926-1f3fe-200d-2642.png	1F926-1F3FE-200D-2642-FE0F.png	b44459acd94051a2f3cd4db33d10569b44924b079452e677dca304e3a75acb04	b44459acd94051a2f3cd4db33d10569b44924b079452e677dca304e3a75acb04
1f926-1f3ff.png	1F926-1F3FF.png	ed5a14962a23d2aeb245a77f9ff6acfe28f704402325b5cd4d36f32cccf9b957	ed5a14962a23d2aeb245a77f9ff6acfe28f704402325b5cd4d36f32cccf9b957
1f926-1f3ff-200d-2640.png	1F926-1F3FF-200D-2640-FE0F.png	96637b2abc55e593d97253e51e93947ec63568e48912e034a12664578c968d2a	96637b2abc55e593d97253e51e93947ec63568e48912e034a12664578c968d2a
1f926-1f3ff-200d-2642.png	1F926-1F3FF-200D-2642-FE0F.png	42d5b9bfc2fdd7400a34d3fef4a8a096165ff8b24787d24ebed82222a5f5c75d	42d5b9bfc2fdd7400a34d3fef4a8a096165ff8b24787d24ebed82222a5f5c75d
1f926-200d-2640.png	1F926-200D-2640-FE0F.png	d662b016049126f5c69cc5bf64bee77de3ff99b809ffb402210c87196bf56d18	d662b016049126f5c69cc5bf64bee77de3ff99b809ffb402210c87196bf56d18
1f926-200d-2642.png	1F926-200D-2642-FE0F.png	9d86587ce843ae1babe16f5675e753a11245bddfaf426334cdb621fa488109ea	9d86587ce843ae1babe16f5675e753a11245bddfaf426334cdb621fa488109ea
1f927.png	1F927.png	a3c06d62f55557835d3611a8abf129346ce638e4b0717ceff08cadcf935e850b	a3c06d62f55557835d3611a8abf129346ce638e4b0717ceff08cadcf935e850b
1f928.png	1F928.png	75e611370cbd439e826be9eafa84fb049c80b28ede278f84e071df77422dadf3	75e611370cbd439e826be9eafa84fb049c80b28ede278f84e071df77422dadf3
1f929.png	1F929.png	7b9a1823da1ca349b033f7d9a1754d737cd4ba3ab4f7ee3a8fc854972fdb4ec2	7b9a1823da1ca349b033f7d9a1754d737cd4ba3ab4f7ee3a8fc854972fdb4ec2
1f92a.png	1F92A.png	c46aef23d4e916c15d284f3d771f95b66c130a05794a9396e9e53a0aba11b071	c46aef23d4e916c15d284f3d771f95b66c130a05794a9396e9e53a0aba11b071
1f92b.png	1F92B.png	bad7f3baf9d9233d5a46feb765105849666328f4950d4bc78b164fe0a2479bbd	bad7f3baf9d9233d5a46feb765105849666328f4950d4bc78b164fe0a2479bbd
1f92c.png	1F92C.png	c1b7e9c15aa9e7082a68ada65aa31a351ea5439ab99b0e5de714457d6ff7165a	c1b7e9c15aa9e7082a68ada65aa31a351ea5439ab99b0e5de714457d6ff7165a
1f92d.png	1F92D.png	cde49806907d609345b98ef26fb78e89c39eab8e130956a78e33c62b049404df	cde49806907d609345b98ef26fb78e89c39eab8e130956a78e33c62b049404df
1f92e.png	1F92E.png	523ee75185a61ad52657ab72981c4e2707bd31343ae028e62acc3c33b9e8c852	523ee75185a61ad52657ab72981c4e2707bd31343ae028e62acc3c33b9e8c852
1f92f.png	1F92F.png	4f8a2fc42d17d726d0ef04d9da18f54150e88baba456c4f209cae56191450714	4f8a2fc42d17d726d0ef04d9da18f54150e88baba456c4f209cae56191450714
1f930.png	1F930.png	8a4a0c02d7b35708b21fb4332f38aae8a18df0a1979f7417ae1dfbde94fd80bc	8a4a0c02d7b35708b21fb4332f38aae8a18df0a1979f7417ae1dfbde94fd80bc
1f930-1f3fb.png	1F930-1F3FB.png	b47b09ce1726db528395e72c7a447a64afed47cfdca67c762e87c78b522b92c2	b47b09ce1726db528395e72c7a447a64afed47cfdca67c762e87c78b522b92c2
1f930-1f3fc.png	1F930-1F3FC.png	4e7a19281a3986986c5fc0cc65f01f00bebd8bb33a618e3561996663153d770f	4e7a19281a3986986c5fc0cc65f01f00bebd8bb33a618e3561996663153d770f
1f930-1f3fd.png	1F930-1F3FD.png	912a466719e546f31844714cd112b82032aba10b414ee07806316c49b6decad8	912a466719e546f31844714cd112b82032aba10b414ee07806316c49b6decad8
1f930-1f3fe.png	1F930-1F3FE.png	38a2d6a2ea15c85081d2426f6c6add8f651ecffd893bcaa98a46dff9283876a6	38a2d6a2ea15c85081d2426f6c6add8f651ecffd893bcaa98a46dff9283876a6
1f930-1f3ff.png	1F930-1F3FF.png	76e3b2598e14b86136d320930f2f8d7b3618a1f8486d31d79f27f5df4619f8c3	76e3b2598e14b86136d320930f2f8d7b3618a1f8486d31d79f27f5df4619f8c3
1f931.png	1F931.png	cfb6fc01542525dc909849474f18c064ecc5cb9c03152abbacd48df8f9c7d2f1	cfb6fc01542525dc909849474f18c064ecc5cb9c03152abbacd48df8f9c7d2f1
1f931-1f3fb.png	1F931-1F3FB.png	471d387004a720c030be1191992bccce418ceca423c3ab5e729d5559aa1dc950	471d387004a720c030be1191992bccce418ceca423c3ab5e729d5559aa1dc950
1f931-1f3fc.png	1F931-1F3FC.png	226205b1019ab6214f2a6fc45237ff293dbb6a0bff6f05e95cc94cc23432b418	226205b1019ab6214f2a6fc45237ff293dbb6a0bff6f05e95cc94cc23432b418
1f931-1f3fd.png	1F931-1F3FD.png	60916ccf572da7c577381859fd74336bad4a6ef3a21207c8359827bfb0417331	60916ccf572da7c577381859fd74336bad4a6ef3a21207c8359827bfb0417331
1f931-1f3fe.png	1F931-1F3FE.png	2897ef7b0dbfdd3a396eb623a846264d44b94add64613c0ac07c2f87ade0942a	2897ef7b0dbfdd3a396eb623a846264d44b94add64613c0ac07c2f87ade0942a
1f931-1f3ff.png	1F931-1F3FF.png	b3245f885f15fef1214288c40563319929c95115a96430e0b89b56c4a62c6517	b3245f885f15fef1214288c40563319929c95115a96430e0b89b56c4a62c6517
1f932.png	1F932.png	45882d19bff4f20f5ef4209a31473f666a19bb8c705de693d67ee13f650158e6	45882d19bff4f20f5ef4209a31473f666a19bb8c705de693d67ee13f650158e6
1f932-1f3fb.png	1F932-1F3FB.png	6aa75950cae13392ff2feaa67c23f2c47a3abb3d0db3aad31de4f0ba0dff24b2	6aa75950cae13392ff2feaa67c23f2c47a3abb3d0db3aad31de4f0ba0dff24b2
1f932-1f3fc.png	1F932-1F3FC.png	a84dd53b55f3732791368dc894ab5d6ecdda758531f304716886621f51c89de4	a84dd53b55f3732791368dc894ab5d6ecdda758531f304716886621f51c89de4
1f932-1f3fd.png	1F932-1F3FD.png	d74b9d38754b51e7556dc88345c6ed5b902edd4f2acb695e1309f9d4ab66538d	d74b9d38754b51e7556dc88345c6ed5b902edd4f2acb695e1309f9d4ab66538d
1f932-1f3fe.png	1F932-1F3FE.png	10e2eaddd5be7509b03631f1062b2e040cbf3b399fba4bf3770c68a7c37756bf	10e2eaddd5be7509b03631f1062b2e040cbf3b399fba4bf3770c68a7c37756bf
1f932-1f3ff.png	1F932-1F3FF.png	04b895cca21d315b20d9a94ab6b492a687ecefd09ff7e84dcd86f923619e7dec	04b895cca21d315b20d9a94ab6b492a687ecefd09ff7e84dcd86f923619e7dec
1f933.png	1F933.png	cb51706865e65ea942e7b17cc2029b57cc5c2f10de1203f4e754b1644a2b29bf	cb51706865e65ea942e7b17cc2029b57cc5c2f10de1203f4e754b1644a2b29bf
1f933-1f3fb.png	1F933-1F3FB.png	a9d05f028cb06836f74d03173df4b3b4e99a13162d545136fb99de8b30795653	a9d05f028cb06836f74d03173df4b3b4e99a13162d545136fb99de8b30795653
1f933-1f3fc.png	1F933-1F3FC.png	586864448008f2cddb51a3ff63db31e049227fb5295ae5115a2537b42f5ce11f	586864448008f2cddb51a3ff63db31e049227fb5295ae5115a2537b42f5ce11f
1f933-1f3fd.png	1F933-1F3FD.png	a89efc933880a781f99fe129cb6df8b0eeec5ebabf2c1f61f7b56346c84a605e	a89efc933880a781f99fe129cb6df8b0eeec5ebabf2c1f61f7b56346c84a605e
1f933-1f3fe.png	1F933-1F3FE.png	dfd481978ed11f05b7ad9b9ada2552f637b0333f7bfaf8587c9df678243f1568	dfd481978ed11f05b7ad9b9ada2552f637b0333f7bfaf8587c9df678243f1568
1f933-1f3ff.png	1F933-1F3FF.png	7d624a39cc5b738af5c1d209628e12bc7b6f0fba521a5468b3ae52b5c920368e	7d624a39cc5b738af5c1d209628e12bc7b6f0fba521a5468b3ae52b5c920368e
1f934.png	1F934.png	68cba97ac84f191f218c00c3e41e0525169277382c8c10c00d6ad0de2f2280ab	68cba97ac84f191f218c00c3e41e0525169277382c8c10c00d6ad0de2f2280ab
1f934-1f3fb.png	1F934-1F3FB.png	597c234068f8add47668170c07a46fab0fa4cc37c8cbf2548719bb8540b5360a	597c234068f8add47668170c07a46fab0fa4cc37c8cbf2548719bb8540b5360a
1f934-1f3fc.png	1F934-1F3FC.png	20b890b05b710ce7f8fd19e1513db1c170c5522a97b90a15eed502c30b921420	20b890b05b710ce7f8fd19e1513db1c170c5522a97b90a15eed502c30b921420
1f934-1f3fd.png	1F934-1F3FD.png	dcd024140ff685c13c597a577dd704dc5319842574fd4639751901c477614c92	dcd024140ff685c13c597a577dd704dc5319842574fd4639751901c477614c92
1f934-1f3fe.png	1F934-1F3FE.png	49d170973407ed53c030fd4ef06a9100a7eeb47fa4e09f4582ade23fb2ca962e	49d170973407ed53c030fd4ef06a9100a7eeb47fa4e09f4582ade23fb2ca962e
1f934-1f3ff.png	1F934-1F3FF.png	875ef914e8651c71cd7a3ee28f276f9e2077ca719a96f858f7eeac8370eaeaeb	875ef914e8651c71cd7a3ee28f276f9e2077ca719a96f858f7eeac8370eaeaeb
1f935.png	1F935.png	cab2ec9bf30f6da762d4bf4f0b255f9837c21cb9985049695888246f1dc85f8b	cab2ec9bf30f6da762d4bf4f0b255f9837c21cb9985049695888246f1dc85f8b
1f935-1f3fb.png	1F935-1F3FB.png	4c60939f7a6f7efa0044df0e898f562c52abaa3760749ec6bae6f17d983c2d37	4c60939f7a6f7efa0044df0e898f562c52abaa3760749ec6bae6f17d983c2d37
1f935-1f3fb-200d-2640.png	1F935-1F3FB-200D-2640-FE0F.png	60983f577083c5b5a4709c85171f42f7dd64f1e7ea71b9bb5f66f14d3bf8de03	60983f577083c5b5a4709c85171f42f7dd64f1e7ea71b9bb5f66f14d3bf8de03
1f935-1f3fb-200d-2642.png	1F935-1F3FB-200D-2642-FE0F.png	9961328186b68ccbfa9df121f07fad636cb8d4de119f9d470a97dd2a933093fb	9961328186b68ccbfa9df121f07fad636cb8d4de119f9d470a97dd2a933093fb
1f935-1f3fc.png	1F935-1F3FC.png	70158cf0640671dd556855040363fb2723ec3aff6571c96fca03213bb9eab791	70158cf0640671dd556855040363fb2723ec3aff6571c96fca03213bb9eab791
1f935-1f3fc-200d-2640.png	1F935-1F3FC-200D-2640-FE0F.png	5eb5cca2b3cea2d6d52470a8a685b16f7d048e52bc41c2a2ee6bbcae77c279b9	5eb5cca2b3cea2d6d52470a8a685b16f7d048e52bc41c2a2ee6bbcae77c279b9
1f935-1f3fc-200d-2642.png	1F935-1F3FC-200D-2642-FE0F.png	5207ead9720cc4df4c388875ed5a464d33928a84a564f103a763119ecbfb4e93	5207ead9720cc4df4c388875ed5a464d33928a84a564f103a763119ecbfb4e93
1f935-1f3fd.png	1F935-1F3FD.png	0300c6c3da0d34582e0c2863dc7f409339d74ed60ddfecff700d4538ddcb5201	0300c6c3da0d34582e0c2863dc7f409339d74ed60ddfecff700d4538ddcb5201
1f935-1f3fd-200d-2640.png	1F935-1F3FD-200D-2640-FE0F.png	fbf29c6344e7dc761de76b1d010429ae82876a9a00dd59e6e7e4ce6b8ff72f17	fbf29c6344e7dc761de76b1d010429ae82876a9a00dd59e6e7e4ce6b8ff72f17
1f935-1f3fd-200d-2642.png	1F935-1F3FD-200D-2642-FE0F.png	73608c862d270839ddc6e895ec667021c7c9e329ef424b3ee68a5da59ca5f7e3	73608c862d270839ddc6e895ec667021c7c9e329ef424b3ee68a5da59ca5f7e3
1f935-1f3fe.png	1F935-1F3FE.png	1c9fc006fcff099779cb7a6539e885ecd28475eb67a3e8318009c3eb4e855d2f	1c9fc006fcff099779cb7a6539e885ecd28475eb67a3e8318009c3eb4e855d2f
1f935-1f3fe-200d-2640.png	1F935-1F3FE-200D-2640-FE0F.png	b87c9af952d02b0abd47f26fba4dd94afe1d65c2cdb2f1a11af1205b0420732a	b87c9af952d02b0abd47f26fba4dd94afe1d65c2cdb2f1a11af1205b0420732a
1f935-1f3fe-200d-2642.png	1F935-1F3FE-200D-2642-FE0F.png	13c138040263552d1d81cf43954f7e20c1ad31e8670c258f1bbc73c207f5bbc0	13c138040263552d1d81cf43954f7e20c1ad31e8670c258f1bbc73c207f5bbc0
1f935-1f3ff.png	1F935-1F3FF.png	a8b477ebf4ece3373566dcd60d7c4f40b397a55971fe04a6d88f210585a3c14e	a8b477ebf4ece3373566dcd60d7c4f40b397a55971fe04a6d88f210585a3c14e
1f935-1f3ff-200d-2640.png	1F935-1F3FF-200D-2640-FE0F.png	3a27ec879b80db4006a9cadd4c28714d006572d8ddb5e16060f44cc14336cad7	3a27ec879b80db4006a9cadd4c28714d006572d8ddb5e16060f44cc14336cad7
1f935-1f3ff-200d-2642.png	1F935-1F3FF-200D-2642-FE0F.png	7482e636c3653f88a745976cbc08650f2a5dd1d9ee0dcaf74cdb2c2f2da76f7f	7482e636c3653f88a745976cbc08650f2a5dd1d9ee0dcaf74cdb2c2f2da76f7f
1f935-200d-2640.png	1F935-200D-2640-FE0F.png	4ba419215254a830fb55a8ab9c0a72d8d9cfcc280e8d7b0dad5605d6d83ec78b	4ba419215254a830fb55a8ab9c0a72d8d9cfcc280e8d7b0dad5605d6d83ec78b
1f935-200d-2642.png	1F935-200D-2642-FE0F.png	05fc08e58463916a7c3d24be77bb09e8963c42efea8255af06eabed8aa495e48	05fc08e58463916a7c3d24be77bb09e8963c42efea8255af06eabed8aa495e48
1f936.png	1F936.png	f2d9be8900095da5fe2744627cf18c7a4bea7a5b974c51edf84e4640952cf458	f2d9be8900095da5fe2744627cf18c7a4bea7a5b974c51edf84e4640952cf458
1f936-1f3fb.png	1F936-1F3FB.png	0722c49a9d8a75770c7dadbfcda5d7575657998a13a7c11f39cf77513b4b227c	0722c49a9d8a75770c7dadbfcda5d7575657998a13a7c11f39cf77513b4b227c
1f936-1f3fc.png	1F936-1F3FC.png	7c93dde9ac262b5e1a96bf870421940ba6472d46b7ee8e09d58c1ced55598364	7c93dde9ac262b5e1a96bf870421940ba6472d46b7ee8e09d58c1ced55598364
1f936-1f3fd.png	1F936-1F3FD.png	39a3f10487e37ea5a975c4e96dcb73ee3a1237709a71099ebc7d13972bb3c0c3	39a3f10487e37ea5a975c4e96dcb73ee3a1237709a71099ebc7d13972bb3c0c3
1f936-1f3fe.png	1F936-1F3FE.png	dd810af5792f492d856efb1269ab6ad33d64a5780f28369b56df14dbd6fcef7c	dd810af5792f492d856efb1269ab6ad33d64a5780f28369b56df14dbd6fcef7c
1f936-1f3ff.png	1F936-1F3FF.png	550ab2278ea0d2301e449f22879247e5a796c950a9e2f777bbd0ff2c86526d30	550ab2278ea0d2301e449f22879247e5a796c950a9e2f777bbd0ff2c86526d30
1f937.png	1F937.png	d42f70bf9d1273e1461361e90e244541e3dee30f6240486a83180b4b2e9140dd	d42f70bf9d1273e1461361e90e244541e3dee30f6240486a83180b4b2e9140dd
1f937-1f3fb.png	1F937-1F3FB.png	af6dd4c6566cded445d0cce5c1a4e61834615043fa2e8cc15eb87d57bb356833	af6dd4c6566cded445d0cce5c1a4e61834615043fa2e8cc15eb87d57bb356833
1f937-1f3fb-200d-2640.png	1F937-1F3FB-200D-2640-FE0F.png	2364e5f7fb74c3dcc262322ba8eca254928a3fa107d77f447b4bf8bc3507ab62	2364e5f7fb74c3dcc262322ba8eca254928a3fa107d77f447b4bf8bc3507ab62
1f937-1f3fb-200d-2642.png	1F937-1F3FB-200D-2642-FE0F.png	47a0106969a151160c0c0e1c297a4b90b8e0d9cc69018aab6508f1079ed1dfc8	47a0106969a151160c0c0e1c297a4b90b8e0d9cc69018aab6508f1079ed1dfc8
1f937-1f3fc.png	1F937-1F3FC.png	be5216722b21846314ab48bc70becc9012b8213298b11cd54aff2755ef93f273	be5216722b21846314ab48bc70becc9012b8213298b11cd54aff2755ef93f273
1f937-1f3fc-200d-2640.png	1F937-1F3FC-200D-2640-FE0F.png	67cacbff89c0cd9d1f2bfaf82970d7f4710b032740e40350b02e096c52434369	67cacbff89c0cd9d1f2bfaf82970d7f4710b032740e40350b02e096c52434369
1f937-1f3fc-200d-2642.png	1F937-1F3FC-200D-2642-FE0F.png	61efd311761455b428ab1daefbf80748b30e5f6eee654a28f349259ab3a2825c	61efd311761455b428ab1daefbf80748b30e5f6eee654a28f349259ab3a2825c
1f937-1f3fd.png	1F937-1F3FD.png	c40ed16c70a8fbb79e7fe9b8769ce55232a5d0d1e99ff0129a1cef2dd7694564	c40ed16c70a8fbb79e7fe9b8769ce55232a5d0d1e99ff0129a1cef2dd7694564
1f937-1f3fd-200d-2640.png	1F937-1F3FD-200D-2640-FE0F.png	1aaffdd72b756051a4214c9edc131709ae14f72d6a7832636f80ebe6aa89845c	1aaffdd72b756051a4214c9edc131709ae14f72d6a7832636f80ebe6aa89845c
1f937-1f3fd-200d-2642.png	1F937-1F3FD-200D-2642-FE0F.png	039cbeebd2d818d43a15929180fe0149b35365046f7cf2b8f70757276c1ff02c	039cbeebd2d818d43a15929180fe0149b35365046f7cf2b8f70757276c1ff02c
1f937-1f3fe.png	1F937-1F3FE.png	a1b0cb091f8244a8951c1cf48c04c733a719466b17477e788af815b3a807a10c	a1b0cb091f8244a8951c1cf48c04c733a719466b17477e788af815b3a807a10c
1f937-1f3fe-200d-2640.png	1F937-1F3FE-200D-2640-FE0F.png	c6361ac1e246b7c7acd540367d0815e3a20fc8ea4f92dd3c4dee94c401025f43	c6361ac1e246b7c7acd540367d0815e3a20fc8ea4f92dd3c4dee94c401025f43
1f937-1f3fe-200d-2642.png	1F937-1F3FE-200D-2642-FE0F.png	93f5ab44a76cf0adbe6700130fbe755a24a41580050894191d8e2f076084d168	93f5ab44a76cf0adbe6700130fbe755a24a41580050894191d8e2f076084d168
1f937-1f3ff.png	1F937-1F3FF.png	ceaead856e00798b2cde4203646edfdf3ba3344580a361c20c5d327aceb9917d	ceaead856e00798b2cde4203646edfdf3ba3344580a361c20c5d327aceb9917d
1f937-1f3ff-200d-2640.png	1F937-1F3FF-200D-2640-FE0F.png	47c30f9cca4cb662565ccf7ef34fd1e70af1dd3ccc74587909b0746f5a9a3959	47c30f9cca4cb662565ccf7ef34fd1e70af1dd3ccc74587909b0746f5a9a3959
1f937-1f3ff-200d-2642.png	1F937-1F3FF-200D-2642-FE0F.png	d5c64b34591a7e6e8e795f20f8df44abacd8d19f2510a39a50e857af798d29e2	d5c64b34591a7e6e8e795f20f8df44abacd8d19f2510a39a50e857af798d29e2
1f937-200d-2640.png	1F937-200D-2640-FE0F.png	86d13974e64bfc2100dad3e7ebe9e4549fc3d551de047abf0deb75f9757759c1	86d13974e64bfc2100dad3e7ebe9e4549fc3d551de047abf0deb75f9757759c1
1f937-200d-2642.png	1F937-200D-2642-FE0F.png	b4a4ed316336c80c11dd5b0ed59ff14796f809c84630c214a7d34df75a68b70c	b4a4ed316336c80c11dd5b0ed59ff14796f809c84630c214a7d34df75a68b70c
1f938.png	1F938.png	abbe3d355473d67e8742d0abed1a64926be3b2341e1f0e9f22104f4406050283	abbe3d355473d67e8742d0abed1a64926be3b2341e1f0e9f22104f4406050283
1f938-1f3fb.png	1F938-1F3FB.png	128446d61952b067f8cc11c45331cd47d2fe8f0c4830be9a9f536002d17ed823	128446d61952b067f8cc11c45331cd47d2fe8f0c4830be9a9f536002d17ed823
1f938-1f3fb-200d-2640.png	1F938-1F3FB-200D-2640-FE0F.png	6090a0b7820a6babf3efe02f0c88a5b857518149ceec2ddc4e7fa25cfa3357a4	6090a0b7820a6babf3efe02f0c88a5b857518149ceec2ddc4e7fa25cfa3357a4
1f938-1f3fb-200d-2642.png	1F938-1F3FB-200D-2642-FE0F.png	5b6ac8fd21df2c5e90927092e143282cd3909c6281e334df27cdc9e625c253c2	5b6ac8fd21df2c5e90927092e143282cd3909c6281e334df27cdc9e625c253c2
1f938-1f3fc.png	1F938-1F3FC.png	425ec30288ca0cfc57605740edbd2ca7359adff5387caa9fd71b518d185ddf26	425ec30288ca0cfc57605740edbd2ca7359adff5387caa9fd71b518d185ddf26
1f938-1f3fc-200d-2640.png	1F938-1F3FC-200D-2640-FE0F.png	20561d07ee8e70039776da1f237416de863a8bd5a024806e5b2b5b6284eb2383	20561d07ee8e70039776da1f237416de863a8bd5a024806e5b2b5b6284eb2383
1f938-1f3fc-200d-2642.png	1F938-1F3FC-200D-2642-FE0F.png	37ca8261f6a1448e3034e93445c6f16b30d9979635b61114bc4c1a9b71f016f6	37ca8261f6a1448e3034e93445c6f16b30d9979635b61114bc4c1a9b71f016f6
1f938-1f3fd.png	1F938-1F3FD.png	5d625512dda4aa399e155e3a3689d00bf5f34be3085769701150acc7ae9e5aae	5d625512dda4aa399e155e3a3689d00bf5f34be3085769701150acc7ae9e5aae
1f938-1f3fd-200d-2640.png	1F938-1F3FD-200D-2640-FE0F.png	7e070259439613c605c5f8f05dbd242001b2f914c8498f797cd90080af2bbbe7	7e070259439613c605c5f8f05dbd242001b2f914c8498f797cd90080af2bbbe7
1f938-1f3fd-200d-2642.png	1F938-1F3FD-200D-2642-FE0F.png	cc2407d426123b257c274820064b9123e7b0ed61d1e6d42e376481b5584cd646	cc2407d426123b257c274820064b9123e7b0ed61d1e6d42e376481b5584cd646
1f938-1f3fe.png	1F938-1F3FE.png	2f589cb834b33766bf15f4678e6789f5f0437ec762c3409d60305c9579daa933	2f589cb834b33766bf15f4678e6789f5f0437ec762c3409d60305c9579daa933
1f938-1f3fe-200d-2640.png	1F938-1F3FE-200D-2640-FE0F.png	84bb8ea608491897f3ee92bdc63cd3b5f13050ade74375067afed3e72c49289e	84bb8ea608491897f3ee92bdc63cd3b5f13050ade74375067afed3e72c49289e
1f938-1f3fe-200d-2642.png	1F938-1F3FE-200D-2642-FE0F.png	d3fb1f0fb708f1ede972eadd4fe9d698e2083b4657981c5f914451abaaff09b9	d3fb1f0fb708f1ede972eadd4fe9d698e2083b4657981c5f914451abaaff09b9
1f938-1f3ff.png	1F938-1F3FF.png	cfd0c479d1de372666e0e8170c293a7edcfc2404bc68f0d5475392026dd12be1	cfd0c479d1de372666e0e8170c293a7edcfc2404bc68f0d5475392026dd12be1
1f938-1f3ff-200d-2640.png	1F938-1F3FF-200D-2640-FE0F.png	60ac3148db6e599539de199d485c1fd755ec577c3c0e3738558d35b0dd56e0ab	60ac3148db6e599539de199d485c1fd755ec577c3c0e3738558d35b0dd56e0ab
1f938-1f3ff-200d-2642.png	1F938-1F3FF-200D-2642-FE0F.png	2e1ad2b0fd6b2f13db270dc0b068959a429c4a3c75726cc320f2c9b9fdf1ddf8	2e1ad2b0fd6b2f13db270dc0b068959a429c4a3c75726cc320f2c9b9fdf1ddf8
1f938-200d-2640.png	1F938-200D-2640-FE0F.png	7efddace1ab19e65ca0d2deaa677bb6fbaf2b0d76dd8667cfde2c13b7edc990f	7efddace1ab19e65ca0d2deaa677bb6fbaf2b0d76dd8667cfde2c13b7edc990f
1f938-200d-2642.png	1F938-200D-2642-FE0F.png	86f9df0009c1adb5c0def2535516cb0299513bb27446a2cd07aaf3d5228dc556	86f9df0009c1adb5c0def2535516cb0299513bb27446a2cd07aaf3d5228dc556
1f939.png	1F939.png	43756c76c088ca33978ba0b5e11e04bec26fb7ca96ab3a7caf5058ab2ddf34e7	43756c76c088ca33978ba0b5e11e04bec26fb7ca96ab3a7caf5058ab2ddf34e7
1f939-1f3fb.png	1F939-1F3FB.png	77c8f713c693b5d71d60be0970ad3c6977811d1dc6ff19ac144eb0081e4489d0	77c8f713c693b5d71d60be0970ad3c6977811d1dc6ff19ac144eb0081e4489d0
1f939-1f3fb-200d-2640.png	1F939-1F3FB-200D-2640-FE0F.png	a188ad07d84e92d407c82999c159fcac84900b82d5a7996b0839f7dba6a9077a	a188ad07d84e92d407c82999c159fcac84900b82d5a7996b0839f7dba6a9077a
1f939-1f3fb-200d-2642.png	1F939-1F3FB-200D-2642-FE0F.png	d22af2d12d647d4bcf8d5b8584c349c10c928c538de1ad6a951091b3b35ef5a8	d22af2d12d647d4bcf8d5b8584c349c10c928c538de1ad6a951091b3b35ef5a8
1f939-1f3fc.png	1F939-1F3FC.png	4010082981e700a3a10052b787cd6a21c870753cc1f4aba1612caa488b1a5df6	4010082981e700a3a10052b787cd6a21c870753cc1f4aba1612caa488b1a5df6
1f939-1f3fc-200d-2640.png	1F939-1F3FC-200D-2640-FE0F.png	3037e7983d0b2fc789eeec08abee13d0793c5bdcbb1bded8574a7ed6fb96ea4d	3037e7983d0b2fc789eeec08abee13d0793c5bdcbb1bded8574a7ed6fb96ea4d
1f939-1f3fc-200d-2642.png	1F939-1F3FC-200D-2642-FE0F.png	6af67c1fa34d2862e276e4314b3a015b0416b0c4db10d147673251bd48f3058d	6af67c1fa34d2862e276e4314b3a015b0416b0c4db10d147673251bd48f3058d
1f939-1f3fd.png	1F939-1F3FD.png	26ab48e396135e65329579226bf51279b1e55abc4ab9fec080979a11edc9b898	26ab48e396135e65329579226bf51279b1e55abc4ab9fec080979a11edc9b898
1f939-1f3fd-200d-2640.png	1F939-1F3FD-200D-2640-FE0F.png	2eaf708908d53d211dadda6e449537ceeb2b2fa570fe92e725f1667e95750c9c	2eaf708908d53d211dadda6e449537ceeb2b2fa570fe92e725f1667e95750c9c
1f939-1f3fd-200d-2642.png	1F939-1F3FD-200D-2642-FE0F.png	18cd9868d8dd3ca0cbe17065247219f8425bd9bef301af02bd26b5a9f7ecb91d	18cd9868d8dd3ca0cbe17065247219f8425bd9bef301af02bd26b5a9f7ecb91d
1f939-1f3fe.png	1F939-1F3FE.png	f041e9e0baff8632da501f546d1c46ca3f335cb5eed3c63bce68094f06535564	f041e9e0baff8632da501f546d1c46ca3f335cb5eed3c63bce68094f06535564
1f939-1f3fe-200d-2640.png	1F939-1F3FE-200D-2640-FE0F.png	5151df284adb42d7bc32f6695af362cc2c6227d489f0af66e897e29dfbda1484	5151df284adb42d7bc32f6695af362cc2c6227d489f0af66e897e29dfbda1484
1f939-1f3fe-200d-2642.png	1F939-1F3FE-200D-2642-FE0F.png	96cc30ffc90c2d70fcf93a1154670921e3fe1c300b9843af3cafdca0eb1c21e9	96cc30ffc90c2d70fcf93a1154670921e3fe1c300b9843af3cafdca0eb1c21e9
1f939-1f3ff.png	1F939-1F3FF.png	7f90aea0e218479b4029c1e02e59238249051620a32c8274c88e8f6bbedbb90c	7f90aea0e218479b4029c1e02e59238249051620a32c8274c88e8f6bbedbb90c
1f939-1f3ff-200d-2640.png	1F939-1F3FF-200D-2640-FE0F.png	d6e4d319b40e75523ea0a484151830494baac15c1d9f64d4ab3813cf26e6c526	d6e4d319b40e75523ea0a484151830494baac15c1d9f64d4ab3813cf26e6c526
1f939-1f3ff-200d-2642.png	1F939-1F3FF-200D-2642-FE0F.png	859f1c86e4508732a09191977435bccb64d90dd61b4fa0ff126bd318f53bc2f8	859f1c86e4508732a09191977435bccb64d90dd61b4fa0ff126bd318f53bc2f8
1f939-200d-2640.png	1F939-200D-2640-FE0F.png	ec3f7b1ad8a148c772bc3d76b9451edfe5ece9a1c0bfec4542655ceeb66dff36	ec3f7b1ad8a148c772bc3d76b9451edfe5ece9a1c0bfec4542655ceeb66dff36
1f939-200d-2642.png	1F939-200D-2642-FE0F.png	2b1755ae10f628dff1aa7b2adf6232880cd36ce96bd15e4d9b698b5b09b6ab5e	2b1755ae10f628dff1aa7b2adf6232880cd36ce96bd15e4d9b698b5b09b6ab5e
1f93a.png	1F93A.png	1f1f29a032eb5cd8aa551b7fa5be8657ccde956bdb50431eba51aba9c56dbd56	1f1f29a032eb5cd8aa551b7fa5be8657ccde956bdb50431eba51aba9c56dbd56
1f93c.png	1F93C.png	d11b3a7d034bfe65df9aa50ed1fb1cd0da27cde4ec37445c931bfc8cbea2bb24	d11b3a7d034bfe65df9aa50ed1fb1cd0da27cde4ec37445c931bfc8cbea2bb24
1f93c-1f3fb.png	1F93C-1F3FB.png	e803992125c27e366fe236965dddcfc3f0404472de49b77c0e964ee38b282df0	e803992125c27e366fe236965dddcfc3f0404472de49b77c0e964ee38b282df0
1f93c-1f3fb-200d-2640.png	1F93C-1F3FB-200D-2640-FE0F.png	b8bc5f5fccfe00a95a93fc3eb6cf43b7b8191f656abb866133555118f74c64ec	b8bc5f5fccfe00a95a93fc3eb6cf43b7b8191f656abb866133555118f74c64ec
1f93c-1f3fb-200d-2642.png	1F93C-1F3FB-200D-2642-FE0F.png	e803992125c27e366fe236965dddcfc3f0404472de49b77c0e964ee38b282df0	e803992125c27e366fe236965dddcfc3f0404472de49b77c0e964ee38b282df0
1f93c-1f3fc.png	1F93C-1F3FC.png	f053f1289183db1997ed12def330de31e6559190d27d0ff2b8608a9cbca14319	f053f1289183db1997ed12def330de31e6559190d27d0ff2b8608a9cbca14319
1f93c-1f3fc-200d-2640.png	1F93C-1F3FC-200D-2640-FE0F.png	db0fd9681fb2b412738b338814ce0de477a2d9ef25c533b7f73c1a675c7b7ac6	db0fd9681fb2b412738b338814ce0de477a2d9ef25c533b7f73c1a675c7b7ac6
1f93c-1f3fc-200d-2642.png	1F93C-1F3FC-200D-2642-FE0F.png	f053f1289183db1997ed12def330de31e6559190d27d0ff2b8608a9cbca14319	f053f1289183db1997ed12def330de31e6559190d27d0ff2b8608a9cbca14319
1f93c-1f3fd.png	1F93C-1F3FD.png	9ac04d233dbdd4541715cc7c73ca968650aefa0017768f256085adc3da36fb3a	9ac04d233dbdd4541715cc7c73ca968650aefa0017768f256085adc3da36fb3a
1f93c-1f3fd-200d-2640.png	1F93C-1F3FD-200D-2640-FE0F.png	a3998e9401b2cd96b9bc16a29de422fa973ea2249380814809d8753d54e2863b	a3998e9401b2cd96b9bc16a29de422fa973ea2249380814809d8753d54e2863b
1f93c-1f3fd-200d-2642.png	1F93C-1F3FD-200D-2642-FE0F.png	9ac04d233dbdd4541715cc7c73ca968650aefa0017768f256085adc3da36fb3a	9ac04d233dbdd4541715cc7c73ca968650aefa0017768f256085adc3da36fb3a
1f93c-1f3fe.png	1F93C-1F3FE.png	0a7c8936b5bb7f55942f8e740b5bf323538aeb9b11573d7719664a6adb2f01f1	0a7c8936b5bb7f55942f8e740b5bf323538aeb9b11573d7719664a6adb2f01f1
1f93c-1f3fe-200d-2640.png	1F93C-1F3FE-200D-2640-FE0F.png	cc940211c8f67ea9653d70d1474f80e52e6105d937a8b81bbdf85d377a30d97b	cc940211c8f67ea9653d70d1474f80e52e6105d937a8b81bbdf85d377a30d97b
1f93c-1f3fe-200d-2642.png	1F93C-1F3FE-200D-2642-FE0F.png	0a7c8936b5bb7f55942f8e740b5bf323538aeb9b11573d7719664a6adb2f01f1	0a7c8936b5bb7f55942f8e740b5bf323538aeb9b11573d7719664a6adb2f01f1
1f93c-1f3ff.png	1F93C-1F3FF.png	8c49dfdd7e15d79d2049c7ead7d85208f7d35e810e95e1a501fc5fa5589c1c1f	8c49dfdd7e15d79d2049c7ead7d85208f7d35e810e95e1a501fc5fa5589c1c1f
1f93c-1f3ff-200d-2640.png	1F93C-1F3FF-200D-2640-FE0F.png	2e8f5e00ee492707dd7c4e9ebcf5624fad1346463770412cfd94a1cb5da6abcb	2e8f5e00ee492707dd7c4e9ebcf5624fad1346463770412cfd94a1cb5da6abcb
1f93c-1f3ff-200d-2642.png	1F93C-1F3FF-200D-2642-FE0F.png	8c49dfdd7e15d79d2049c7ead7d85208f7d35e810e95e1a501fc5fa5589c1c1f	8c49dfdd7e15d79d2049c7ead7d85208f7d35e810e95e1a501fc5fa5589c1c1f
1f93c-200d-2640.png	1F93C-200D-2640-FE0F.png	35fdb5d301a16d51c35d51502c3552a3009c7064529bea670e16213066e6d29d	35fdb5d301a16d51c35d51502c3552a3009c7064529bea670e16213066e6d29d
1f93c-200d-2642.png	1F93C-200D-2642-FE0F.png	d11b3a7d034bfe65df9aa50ed1fb1cd0da27cde4ec37445c931bfc8cbea2bb24	d11b3a7d034bfe65df9aa50ed1fb1cd0da27cde4ec37445c931bfc8cbea2bb24
1f93d.png	1F93D.png	98912cd1c775bf22df91393e5b7b78be53fed693067502552f8b29c11b8607c3	98912cd1c775bf22df91393e5b7b78be53fed693067502552f8b29c11b8607c3
1f93d-1f3fb.png	1F93D-1F3FB.png	17524eaf05ad7f64b00b271c60c7c95b5c0bf17ee29589b65f4672183c37dd19	17524eaf05ad7f64b00b271c60c7c95b5c0bf17ee29589b65f4672183c37dd19
1f93d-1f3fb-200d-2640.png	1F93D-1F3FB-200D-2640-FE0F.png	994979172e9508fc126c15812a6ed5d6fcaf9ef8c5882b49019a279dd9053cda	994979172e9508fc126c15812a6ed5d6fcaf9ef8c5882b49019a279dd9053cda
1f93d-1f3fb-200d-2642.png	1F93D-1F3FB-200D-2642-FE0F.png	b290775e47c7a4025f4512172139966eef2c2ebf81c0a68d9df0848c8de2493a	b290775e47c7a4025f4512172139966eef2c2ebf81c0a68d9df0848c8de2493a
1f93d-1f3fc.png	1F93D-1F3FC.png	9f10bf0915761ecd5cf3478b61fbafd4d42e15ca62eea712589221d2340d7183	9f10bf0915761ecd5cf3478b61fbafd4d42e15ca62eea712589221d2340d7183
1f93d-1f3fc-200d-2640.png	1F93D-1F3FC-200D-2640-FE0F.png	874a7931a50888f4580a627e600719e749e3ae24c001f23af000c44508ffaf1f	874a7931a50888f4580a627e600719e749e3ae24c001f23af000c44508ffaf1f
1f93d-1f3fc-200d-2642.png	1F93D-1F3FC-200D-2642-FE0F.png	44243f6fe0d2861ad58e2b47df8ab8f65a79ceaf292547810240d7f2c6232184	44243f6fe0d2861ad58e2b47df8ab8f65a79ceaf292547810240d7f2c6232184
1f93d-1f3fd.png	1F93D-1F3FD.png	5f2b84f976d2e4093914bb85acfe7c9567296ad986bb7fb119cde140e4180d0a	5f2b84f976d2e4093914bb85acfe7c9567296ad986bb7fb119cde140e4180d0a
1f93d-1f3fd-200d-2640.png	1F93D-1F3FD-200D-2640-FE0F.png	86ff9fdd0fc2336f88ab8fcf5f8a35cce12f3c3446995188182ea755dbbdfceb	86ff9fdd0fc2336f88ab8fcf5f8a35cce12f3c3446995188182ea755dbbdfceb
1f93d-1f3fd-200d-2642.png	1F93D-1F3FD-200D-2642-FE0F.png	7dea3b238b0504e451719fa16856f59a89289962fcf18876fe5126ac801320e3	7dea3b238b0504e451719fa16856f59a89289962fcf18876fe5126ac801320e3
1f93d-1f3fe.png	1F93D-1F3FE.png	3734d9bfbb94659ec1cf72095ffc3791eafba62c936b7333cfa8790ef759f9f0	3734d9bfbb94659ec1cf72095ffc3791eafba62c936b7333cfa8790ef759f9f0
1f93d-1f3fe-200d-2640.png	1F93D-1F3FE-200D-2640-FE0F.png	f5cf4559cd66c79505af0810d26285c7186be5ff9028e09b8494f9ee9d1711d2	f5cf4559cd66c79505af0810d26285c7186be5ff9028e09b8494f9ee9d1711d2
1f93d-1f3fe-200d-2642.png	1F93D-1F3FE-200D-2642-FE0F.png	513b2e1e2045e063bf91bcba787671db5d2376ef0df05e043d3f4670044fb68b	513b2e1e2045e063bf91bcba787671db5d2376ef0df05e043d3f4670044fb68b
1f93d-1f3ff.png	1F93D-1F3FF.png	1cbf3834a8089429b3372e4d2064850ec2559531eaee7218ad93c56dd7332e2e	1cbf3834a8089429b3372e4d2064850ec2559531eaee7218ad93c56dd7332e2e
1f93d-1f3ff-200d-2640.png	1F93D-1F3FF-200D-2640-FE0F.png	5723595b8046f149dd008d5825fd5e4a54cca338c780189d617cab1e5a8355c7	5723595b8046f149dd008d5825fd5e4a54cca338c780189d617cab1e5a8355c7
1f93d-1f3ff-200d-2642.png	1F93D-1F3FF-200D-2642-FE0F.png	2f17e74500f66597e0ad76b02f8db6de82c8ef2bd41fc2a18caff47860c0995b	2f17e74500f66597e0ad76b02f8db6de82c8ef2bd41fc2a18caff47860c0995b
1f93d-200d-2640.png	1F93D-200D-2640-FE0F.png	eef144ef0b27a6c4f5f6e2504ec2be807750f3110c303a580f83be5b678adf1b	eef144ef0b27a6c4f5f6e2504ec2be807750f3110c303a580f83be5b678adf1b
1f93d-200d-2642.png	1F93D-200D-2642-FE0F.png	5a5880499160757410002a16bf41c7133315b89d8873dd3651645fdd9167953a	5a5880499160757410002a16bf41c7133315b89d8873dd3651645fdd9167953a
1f93e.png	1F93E.png	6b5f0e4e0ce7c26aeed519c688db5ffae54a74c1517cd1cc74285e2af6414c94	6b5f0e4e0ce7c26aeed519c688db5ffae54a74c1517cd1cc74285e2af6414c94
1f93e-1f3fb.png	1F93E-1F3FB.png	880e919db992335208bf35e39ae28982e7949c78d1f6470c562348313fa86354	880e919db992335208bf35e39ae28982e7949c78d1f6470c562348313fa86354
1f93e-1f3fb-200d-2640.png	1F93E-1F3FB-200D-2640-FE0F.png	8e0acb0316028bcbe20c174e21ae84cb6acda0e07ad3b61c098210787700eb33	8e0acb0316028bcbe20c174e21ae84cb6acda0e07ad3b61c098210787700eb33
1f93e-1f3fb-200d-2642.png	1F93E-1F3FB-200D-2642-FE0F.png	50c1e4cdd4c6e628baf5827b385b072ed6b88e12b7084ff2c053439d60507d94	50c1e4cdd4c6e628baf5827b385b072ed6b88e12b7084ff2c053439d60507d94
1f93e-1f3fc.png	1F93E-1F3FC.png	2610b5902d6d55833177c5b82f4d7e225b62c7c322420065f16d000af8304b7f	2610b5902d6d55833177c5b82f4d7e225b62c7c322420065f16d000af8304b7f
1f93e-1f3fc-200d-2640.png	1F93E-1F3FC-200D-2640-FE0F.png	e402383d5cdbb69f7476ded3f1ad248c8090051ff1088d97ea80905c221be152	e402383d5cdbb69f7476ded3f1ad248c8090051ff1088d97ea80905c221be152
1f93e-1f3fc-200d-2642.png	1F93E-1F3FC-200D-2642-FE0F.png	f87396e8f0586c4f271540e0cc22503b3dbed0d2e4bbad68578639a5ee0d3d15	f87396e8f0586c4f271540e0cc22503b3dbed0d2e4bbad68578639a5ee0d3d15
1f93e-1f3fd.png	1F93E-1F3FD.png	bf174ec7f9c07b5a6d615b5cb28ba03d2f77bdc3f5df0299462329ab32cc82ca	bf174ec7f9c07b5a6d615b5cb28ba03d2f77bdc3f5df0299462329ab32cc82ca
1f93e-1f3fd-200d-2640.png	1F93E-1F3FD-200D-2640-FE0F.png	09d76943dffcd560287189e35c83b7ecd7248ebfb05146f9705ed075d792cbdc	09d76943dffcd560287189e35c83b7ecd7248ebfb05146f9705ed075d792cbdc
1f93e-1f3fd-200d-2642.png	1F93E-1F3FD-200D-2642-FE0F.png	818c00eecd725f229c422a6fda1c0b127f67a29ea70d9dc8b0b8bb0658cb5100	818c00eecd725f229c422a6fda1c0b127f67a29ea70d9dc8b0b8bb0658cb5100
1f93e-1f3fe.png	1F93E-1F3FE.png	ccbf16b873ca155c273af25645973727106aa82dc4f85fc97fcbc00f3935146f	ccbf16b873ca155c273af25645973727106aa82dc4f85fc97fcbc00f3935146f
1f93e-1f3fe-200d-2640.png	1F93E-1F3FE-200D-2640-FE0F.png	be1a1c83dcc41a809866b182366cf0a8d236e1cfa6f3f13b4e024a2af6ed46aa	be1a1c83dcc41a809866b182366cf0a8d236e1cfa6f3f13b4e024a2af6ed46aa
1f93e-1f3fe-200d-2642.png	1F93E-1F3FE-200D-2642-FE0F.png	029536676d955099e47c3b9b930799bdafcfb6ab14d58c0991bb6b6e69863c2e	029536676d955099e47c3b9b930799bdafcfb6ab14d58c0991bb6b6e69863c2e
1f93e-1f3ff.png	1F93E-1F3FF.png	6211c703e301e5c7c2fee0c4bc8b681ee53a239418abf3e47e5883d01c0f683b	6211c703e301e5c7c2fee0c4bc8b681ee53a239418abf3e47e5883d01c0f683b
1f93e-1f3ff-200d-2640.png	1F93E-1F3FF-200D-2640-FE0F.png	8b88a78a4ac64be4c1c654f07cf2f35d728a8d9ff4992ea25d35e5469272a813	8b88a78a4ac64be4c1c654f07cf2f35d728a8d9ff4992ea25d35e5469272a813
1f93e-1f3ff-200d-2642.png	1F93E-1F3FF-200D-2642-FE0F.png	357caca3b7d22cdc329ca8e5ee49c6a6c59efe3234043ff348716d037f5fa082	357caca3b7d22cdc329ca8e5ee49c6a6c59efe3234043ff348716d037f5fa082
1f93e-200d-2640.png	1F93E-200D-2640-FE0F.png	c0f4ef2cddc9f12a70e929961c4bab910becd024e5c6eede234ef8473746d899	c0f4ef2cddc9f12a70e929961c4bab910becd024e5c6eede234ef8473746d899
1f93e-200d-2642.png	1F93E-200D-2642-FE0F.png	3e09d31925fd728c37dc01f3862867b19a7343a97c653eb677d29ee0f2525b73	3e09d31925fd728c37dc01f3862867b19a7343a97c653eb677d29ee0f2525b73
1f93f.png	1F93F.png	1149e0272b8a69604512cb0a5cfef4bf607ea616abba28123b5b5b4df958d9ba	1149e0272b8a69604512cb0a5cfef4bf607ea616abba28123b5b5b4df958d9ba
1f940.png	1F940.png	fbba4a46cc1f3b7d272c4b8753957f2dfd9bf4eee9e1258d5777b801f3e5e320	fbba4a46cc1f3b7d272c4b8753957f2dfd9bf4eee9e1258d5777b801f3e5e320
1f941.png	1F941.png	986859cb91dd2c1eddf5677071f84efea181f2f3db7cb9edd37f113911620528	986859cb91dd2c1eddf5677071f84efea181f2f3db7cb9edd37f113911620528
1f942.png	1F942.png	0491a5186e71ed46a03dbf228eb6cef4f0cee661a0adff7e1c551e06bcd91e65	0491a5186e71ed46a03dbf228eb6cef4f0cee661a0adff7e1c551e06bcd91e65
1f943.png	1F943.png	49b71262dd2ba2c8d35b466a59fa6f37b96f1a3a21b44673a42607cbe411e4cf	49b71262dd2ba2c8d35b466a59fa6f37b96f1a3a21b44673a42607cbe411e4cf
1f944.png	1F944.png	056d1129c298f7a469d8b65ec2c8177503399f73d83a9053a5aa2915544c1f30	056d1129c298f7a469d8b65ec2c8177503399f73d83a9053a5aa2915544c1f30
1f945.png	1F945.png	5bb3b013c7cdb2110d4f722818f807dabcd28890e4150be4720ef147289cd738	5bb3b013c7cdb2110d4f722818f807dabcd28890e4150be4720ef147289cd738
1f947.png	1F947.png	858ab6a75deb8f33e3b406027b558767e32bfad2050ca53e3f39ecca83cd7962	858ab6a75deb8f33e3b406027b558767e32bfad2050ca53e3f39ecca83cd7962
1f948.png	1F948.png	4ebd150fc68d6398112098a92739e728cf872ecf43600bfc6b9a55801bb39b53	4ebd150fc68d6398112098a92739e728cf872ecf43600bfc6b9a55801bb39b53
1f949.png	1F949.png	8b280cbea2d2ddff0b8175881b54418559a6a671fa5123b6211b5a61adffd027	8b280cbea2d2ddff0b8175881b54418559a6a671fa5123b6211b5a61adffd027
1f94a.png	1F94A.png	15bb7a0bf658dc1581086fdbd483d39b44ecfc796b620469c1e6a482eadb8357	15bb7a0bf658dc1581086fdbd483d39b44ecfc796b620469c1e6a482eadb8357
1f94b.png	1F94B.png	826e1213c5865a765ee8a1a8b6da2bac9cc87c524ef9e356614db9a97ec5ccf1	826e1213c5865a765ee8a1a8b6da2bac9cc87c524ef9e356614db9a97ec5ccf1
1f94c.png	1F94C.png	25cebda558d3ea1eb91e231ca5b4d3aeca1a2b56c80085974caef82de9ee9fe8	25cebda558d3ea1eb91e231ca5b4d3aeca1a2b56c80085974caef82de9ee9fe8
1f94d.png	1F94D.png	36fe7a83c04c0ed9d4dbc6b74395d89470dde45eb587c844d97eb2e930152f15	36fe7a83c04c0ed9d4dbc6b74395d89470dde45eb587c844d97eb2e930152f15
1f94e.png	1F94E.png	7df7fe32901db3b69adacfd3a6039a1e4a9a8c2db5c37264976cf8fc78479ed7	7df7fe32901db3b69adacfd3a6039a1e4a9a8c2db5c37264976cf8fc78479ed7
1f94f.png	1F94F.png	7ecaddd399f6036ffde19154d1cb694897bdaa2f8b043f9bc957621e09132cd5	7ecaddd399f6036ffde19154d1cb694897bdaa2f8b043f9bc957621e09132cd5
1f950.png	1F950.png	873a1e8c865f274b3239c3e498ba57671836084e6a746634bf7c6ec5f0122638	873a1e8c865f274b3239c3e498ba57671836084e6a746634bf7c6ec5f0122638
1f951.png	1F951.png	0c9347cdef15758e198d5a1558e23021cc81b1cfcbbb2eb45a64bfba0316d353	0c9347cdef15758e198d5a1558e23021cc81b1cfcbbb2eb45a64bfba0316d353
1f952.png	1F952.png	d527a6feb9a9ff3ea4bd820dfaedac0aa4a0889eb73b9d989fc2157f3832d141	d527a6feb9a9ff3ea4bd820dfaedac0aa4a0889eb73b9d989fc2157f3832d141
1f953.png	1F953.png	64c22e8f341e2a524d2fec6ba21ec1e3aad9dbd2f6bd840e62978c0ff07cd3a9	64c22e8f341e2a524d2fec6ba21ec1e3aad9dbd2f6bd840e62978c0ff07cd3a9
1f954.png	1F954.png	d3031e2132849077bb173154acf262bf48d094a10633062404931c8072ad52f7	d3031e2132849077bb173154acf262bf48d094a10633062404931c8072ad52f7
1f955.png	1F955.png	b746c4ec8414801764f3a88354f8ddba9c0bc7a2b95dd56f8b194defff4dfeef	b746c4ec8414801764f3a88354f8ddba9c0bc7a2b95dd56f8b194defff4dfeef
1f956.png	1F956.png	672be6b05c6abae6c4a6aec49ba2cbae4f83aeec553dfba428b2412f185e4341	672be6b05c6abae6c4a6aec49ba2cbae4f83aeec553dfba428b2412f185e4341
1f957.png	1F957.png	3306bb06e308664534dd6e5e7139558615e66b1a0eedcb157644759c0266d163	3306bb06e308664534dd6e5e7139558615e66b1a0eedcb157644759c0266d163
1f958.png	1F958.png	a74f808b43af7145daef44c03ebad4985b16acdd345e1eaceb9057d9d0191199	a74f808b43af7145daef44c03ebad4985b16acdd345e1eaceb9057d9d0191199
1f959.png	1F959.png	7eaa4393b19da9c0a22116ac65388b4ea86c4e70c4d703bd378c7ba32eacaea9	7eaa4393b19da9c0a22116ac65388b4ea86c4e70c4d703bd378c7ba32eacaea9
1f95a.png	1F95A.png	c06751292219952862de0c57d7e6e541f63a159b63e2f2104d1d6aa60d4dd2ec	c06751292219952862de0c57d7e6e541f63a159b63e2f2104d1d6aa60d4dd2ec
1f95b.png	1F95B.png	0ce9529d69680eefe40b88fff6f196a583e63539db5c365706afcfd2d5dc624e	0ce9529d69680eefe40b88fff6f196a583e63539db5c365706afcfd2d5dc624e
1f95c.png	1F95C.png	67c052cd444cc93c9cd6494070d996e00dc9d40f570e8210e1187787ec4cf7d5	67c052cd444cc93c9cd6494070d996e00dc9d40f570e8210e1187787ec4cf7d5
1f95d.png	1F95D.png	42a9e2f48eab2f1f48d6aeaebfb1b89a96c9ba5e3d554b5628b2bc0a40722b8d	42a9e2f48eab2f1f48d6aeaebfb1b89a96c9ba5e3d554b5628b2bc0a40722b8d
1f95e.png	1F95E.png	40142f383f8ecdf54956474179f592a8cac9acfc6989987c4302f44fc39928a5	40142f383f8ecdf54956474179f592a8cac9acfc6989987c4302f44fc39928a5
1f95f.png	1F95F.png	21ab1ce02df16f1fabb6d45a928daa612d9a0066078d5dc568646d9690ecf9ab	21ab1ce02df16f1fabb6d45a928daa612d9a0066078d5dc568646d9690ecf9ab
1f960.png	1F960.png	5078cde7c89d2ee0c65c205379f2c24d789884a4d87c461f397ee2679ac00162	5078cde7c89d2ee0c65c205379f2c24d789884a4d87c461f397ee2679ac00162
1f961.png	1F961.png	341fe83a1b86ff86db0474e71dc12e1c6eff4fd909f27fd2f1743c5944da673e	341fe83a1b86ff86db0474e71dc12e1c6eff4fd909f27fd2f1743c5944da673e
1f962.png	1F962.png	f53b4d86198ec5c0cd7a000ed24acc3ca79e6feae58838ffb586666aaa4b0f44	f53b4d86198ec5c0cd7a000ed24acc3ca79e6feae58838ffb586666aaa4b0f44
1f963.png	1F963.png	032665cb6d3223bf66006f6bb5ec002bfeaf983cee24ec388d6a9b8c8f51146b	032665cb6d3223bf66006f6bb5ec002bfeaf983cee24ec388d6a9b8c8f51146b
1f964.png	1F964.png	3cc5d7a24305cff330f7da25c13d03aa918f758a167909a1d8cfebb2c5c75d02	3cc5d7a24305cff330f7da25c13d03aa918f758a167909a1d8cfebb2c5c75d02
1f965.png	1F965.png	489079733663d03fb0294573726ebc10703ffb99340d7e11e9beb3fb4cfaf466	489079733663d03fb0294573726ebc10703ffb99340d7e11e9beb3fb4cfaf466
1f966.png	1F966.png	cf4a91d4387e49cbb2a0041c67cc815f44d717bb12e211d955749452da567580	cf4a91d4387e49cbb2a0041c67cc815f44d717bb12e211d955749452da567580
1f967.png	1F967.png	9ee077a11aa865afa7272a1d3b8388ec0280e6eeba3cd7d49e3b222676d9ded1	9ee077a11aa865afa7272a1d3b8388ec0280e6eeba3cd7d49e3b222676d9ded1
1f968.png	1F968.png	24d91727e96ca03d57a12f9f3f36320420b2598998460b6a96e6aa8d59d3c9c9	24d91727e96ca03d57a12f9f3f36320420b2598998460b6a96e6aa8d59d3c9c9
1f969.png	1F969.png	b440a1720cdcfb72950a461fc27cc387ad8b8b3b083687de898d15ad5c26a788	b440a1720cdcfb72950a461fc27cc387ad8b8b3b083687de898d15ad5c26a788
1f96a.png	1F96A.png	55efdf2728f8b84db8f2ea5eb5519cbac58f004e47ea1df4df3c8d8fbdfd780d	55efdf2728f8b84db8f2ea5eb5519cbac58f004e47ea1df4df3c8d8fbdfd780d
1f96b.png	1F96B.png	a08901325106bc117dfccda611c2bc01e38f3d58a7f5788e3deba32731453beb	a08901325106bc117dfccda611c2bc01e38f3d58a7f5788e3deba32731453beb
1f96c.png	1F96C.png	38c4701d01a915ac3fae70b76c9eeba2a3f8da1207dd3c7b5b6e12e558f835d9	38c4701d01a915ac3fae70b76c9eeba2a3f8da1207dd3c7b5b6e12e558f835d9
1f96d.png	1F96D.png	1297cb7296b6e1dc608da537479e24557b86e253fa6bdcd6c3570c7bd2618aa9	1297cb7296b6e1dc608da537479e24557b86e253fa6bdcd6c3570c7bd2618aa9
1f96e.png	1F96E.png	56523968b3c6a3e6d1a85823e85c1f670b11e4edce0e16cade2867fe5546d1b3	56523968b3c6a3e6d1a85823e85c1f670b11e4edce0e16cade2867fe5546d1b3
1f96f.png	1F96F.png	cd443ae17ce851cc699bf1e8ab1c1989bd2e33bf02f8f47a53d3a0685332870e	cd443ae17ce851cc699bf1e8ab1c1989bd2e33bf02f8f47a53d3a0685332870e
1f970.png	1F970.png	c6e62c4fb6f495d1763feed1f567fea1c060220bb293711542f74c80cd681f27	c6e62c4fb6f495d1763feed1f567fea1c060220bb293711542f74c80cd681f27
1f971.png	1F971.png	27a8373bb8b2e59c3d2c579a11875a088362d06ecd43ff9277e552f2c2092088	27a8373bb8b2e59c3d2c579a11875a088362d06ecd43ff9277e552f2c2092088
1f972.png	1F972.png	110437cc153359e8a761ab99cfe4e1368c768042f8db95e54d49b5776957d605	110437cc153359e8a761ab99cfe4e1368c768042f8db95e54d49b5776957d605
1f973.png	1F973.png	660c0486d0d1d452689923dbf5430c27c9d3882ab92035e8c476179b1128695e	660c0486d0d1d452689923dbf5430c27c9d3882ab92035e8c476179b1128695e
1f974.png	1F974.png	65ca5c1edc04c7d2e940deced32fd34f17dc48e093f7d342e356e4ff215179df	65ca5c1edc04c7d2e940deced32fd34f17dc48e093f7d342e356e4ff215179df
1f975.png	1F975.png	ee1c00727bf73945abd6ca012b0a6fe1d0832ddd794b334614d1ac1f01a0c7b5	ee1c00727bf73945abd6ca012b0a6fe1d0832ddd794b334614d1ac1f01a0c7b5
1f976.png	1F976.png	12afa08c3c9fd018b57ad9ac7a318f5478c30e2d63aa4314be965ac72e6b26c3	12afa08c3c9fd018b57ad9ac7a318f5478c30e2d63aa4314be965ac72e6b26c3
1f977.png	1F977.png	973b43cecc6d8421b4b56481bcd23b6cfd1072b52f969a85fe321949a7ec54b1	973b43cecc6d8421b4b56481bcd23b6cfd1072b52f969a85fe321949a7ec54b1
1f977-1f3fb.png	1F977-1F3FB.png	d0a03465e285432a4d5f10975aa5259c7783a6db9421d4ce6ca755493fe22d16	d0a03465e285432a4d5f10975aa5259c7783a6db9421d4ce6ca755493fe22d16
1f977-1f3fc.png	1F977-1F3FC.png	bfc73a21fc18f5683b1b1b00e6a5ab02ae2585ea6e5f5655d0a338a576f31e95	bfc73a21fc18f5683b1b1b00e6a5ab02ae2585ea6e5f5655d0a338a576f31e95
1f977-1f3fd.png	1F977-1F3FD.png	86c25beb67223e3f1d611dca76aa3d5eac7ba96d3c25c9f55b901e35149761a0	86c25beb67223e3f1d611dca76aa3d5eac7ba96d3c25c9f55b901e35149761a0
1f977-1f3fe.png	1F977-1F3FE.png	7e0dd0eb342c4aa72150982208d8fb3c73e384f1b33b2152b4e2b811326d0f7f	7e0dd0eb342c4aa72150982208d8fb3c73e384f1b33b2152b4e2b811326d0f7f
1f977-1f3ff.png	1F977-1F3FF.png	542fd0a1d9c1d9f1072d60bb9dfa34180c73beed49866a97d505401c9b5dceea	542fd0a1d9c1d9f1072d60bb9dfa34180c73beed49866a97d505401c9b5dceea
1f978.png	1F978.png	c931459604ee91ec14dad39561ffd2c2dfc73e970993e3b7c996dfc6f96832a6	c931459604ee91ec14dad39561ffd2c2dfc73e970993e3b7c996dfc6f96832a6
1f979.png	1F979.png	e3430df5e549f422a9ea0c65fe7f4e80b050dd5b4c46faf4912c20ef552c3455	e3430df5e549f422a9ea0c65fe7f4e80b050dd5b4c46faf4912c20ef552c3455
1f97a.png	1F97A.png	df18fc911716c1b33bf441123191d6c18b760b247cd9bae2e55499d8351c6900	df18fc911716c1b33bf441123191d6c18b760b247cd9bae2e55499d8351c6900
1f97b.png	1F97B.png	044c464928ec6f222e78bf194e167e95144792ba839ec0c3691a4bb6382c6166	044c464928ec6f222e78bf194e167e95144792ba839ec0c3691a4bb6382c6166
1f97c.png	1F97C.png	c464cd3de8790d8fbe1a81cfc8450d8616136ae80889201730560af07a236d0c	c464cd3de8790d8fbe1a81cfc8450d8616136ae80889201730560af07a236d0c
1f97d.png	1F97D.png	95afcf7a7faf510a9d77eae69e49593c6c72dba721fd78e40d37bd0bdc7e5821	95afcf7a7faf510a9d77eae69e49593c6c72dba721fd78e40d37bd0bdc7e5821
1f97e.png	1F97E.png	24d31c1dcc670895fa9a798c01d1ad7c36936352dce6bf09474591e16e93f696	24d31c1dcc670895fa9a798c01d1ad7c36936352dce6bf09474591e16e93f696
1f97f.png	1F97F.png	7c2737630b2b5a80686a28a4590edb628a962d51ef87c29929c335660fc426a3	7c2737630b2b5a80686a28a4590edb628a962d51ef87c29929c335660fc426a3
1f980.png	1F980.png	95e6b2c63b130f36e313ab819a92118c74f961289aabd4c64ff3bbb37c8069ca	95e6b2c63b130f36e313ab819a92118c74f961289aabd4c64ff3bbb37c8069ca
1f981.png	1F981.png	e1a3cf6ac9778fdefd4189a82906980668dd59d455012f70c68b3296564ee028	e1a3cf6ac9778fdefd4189a82906980668dd59d455012f70c68b3296564ee028
1f982.png	1F982.png	b1d67cd8b236c0629327ececa35a229072265c8680596c7ded10db95f3dffc4c	b1d67cd8b236c0629327ececa35a229072265c8680596c7ded10db95f3dffc4c
1f983.png	1F983.png	44c0c25141882b5c72d3a13d19934189ad496dc98daa7c1ee81e5b72ded5f5cf	44c0c25141882b5c72d3a13d19934189ad496dc98daa7c1ee81e5b72ded5f5cf
1f984.png	1F984.png	c2e208500444d7b8c3a4bf1c40f0bc4aad9e4cda8e41ae643c52c0719a6d3e98	c2e208500444d7b8c3a4bf1c40f0bc4aad9e4cda8e41ae643c52c0719a6d3e98
1f985.png	1F985.png	a980016b7bda406419010c2780c8541d7b6a0a5b60e1b3938e16de57873058ae	a980016b7bda406419010c2780c8541d7b6a0a5b60e1b3938e16de57873058ae
1f986.png	1F986.png	c5c4887291eca6e526a08564989cec0ad2a04950ae8a333b16b9efc42cd2efc4	c5c4887291eca6e526a08564989cec0ad2a04950ae8a333b16b9efc42cd2efc4
1f987.png	1F987.png	40a500303a1a45f5b433b76a463db6a37ac37ffb77a05648257454c1943518a5	40a500303a1a45f5b433b76a463db6a37ac37ffb77a05648257454c1943518a5
1f988.png	1F988.png	9adef2e2fa913504e6faab910cc49b4101b51d85fcbfb63a3371eeb5a4044583	9adef2e2fa913504e6faab910cc49b4101b51d85fcbfb63a3371eeb5a4044583
1f989.png	1F989.png	6ff83fda0e112b8170e0278af19fff5ba5a2d21e50bdb681cd35946463de5fad	6ff83fda0e112b8170e0278af19fff5ba5a2d21e50bdb681cd35946463de5fad
1f98a.png	1F98A.png	21dd0f1f7d1db0bfd3fd5885290dff68085b1fe55dc20a46a7a986358c363ca4	21dd0f1f7d1db0bfd3fd5885290dff68085b1fe55dc20a46a7a986358c363ca4
1f98b.png	1F98B.png	5017282cbfe0de218ff5f429cda337d83789d16f6835656f8751cd864f64dc72	5017282cbfe0de218ff5f429cda337d83789d16f6835656f8751cd864f64dc72
1f98c.png	1F98C.png	f74618b20aa60305071c1d951aadcde3f7236a4f8da429c3ebf5df933fc42925	f74618b20aa60305071c1d951aadcde3f7236a4f8da429c3ebf5df933fc42925
1f98d.png	1F98D.png	1d5c5fbd3cb6bcab4854ea5fbc5f602a76cbc0c8b162087603fad71599376ee1	1d5c5fbd3cb6bcab4854ea5fbc5f602a76cbc0c8b162087603fad71599376ee1
1f98e.png	1F98E.png	0943138f2051ac0dd5d8d6ecfbe9b28b5ef4c26b33ec0021ff924fb576d4d56d	0943138f2051ac0dd5d8d6ecfbe9b28b5ef4c26b33ec0021ff924fb576d4d56d
1f98f.png	1F98F.png	e9735a6dc0e9e3731aa3d1cdfa51ed0f2766f4104153a5f7b390b8e9ad2b040a	e9735a6dc0e9e3731aa3d1cdfa51ed0f2766f4104153a5f7b390b8e9ad2b040a
1f990.png	1F990.png	92ea152ff111ded2365f5821312ddfd076bcbbe0314603cb3702fb0300cb35f1	92ea152ff111ded2365f5821312ddfd076bcbbe0314603cb3702fb0300cb35f1
1f991.png	1F991.png	5ec1cb3c4e82a2fdc7ba0357eebb531ae4c7b8e8edede5f0465344e2f755a322	5ec1cb3c4e82a2fdc7ba0357eebb531ae4c7b8e8edede5f0465344e2f755a322
1f992.png	1F992.png	5bea9597360c1a11d564b38017fd77f75916e58d567a34e07842cdf8fe83e2d1	5bea9597360c1a11d564b38017fd77f75916e58d567a34e07842cdf8fe83e2d1
1f993.png	1F993.png	b0df41b1d8126bd824d22c8f787e680a4b2827249150e6999e0bb5b9d50c3d22	b0df41b1d8126bd824d22c8f787e680a4b2827249150e6999e0bb5b9d50c3d22
1f994.png	1F994.png	80ae3caa944908120cdb0eb0e651b0bb75fef96e2cefd1c740755b1e4b253e73	80ae3caa944908120cdb0eb0e651b0bb75fef96e2cefd1c740755b1e4b253e73
1f995.png	1F995.png	86a9bf6c79c515b10c67a31d83385a86f667df8a407d855e5f44f9a84dace075	86a9bf6c79c515b10c67a31d83385a86f667df8a407d855e5f44f9a84dace075
1f996.png	1F996.png	c983c8afb27256c8d890578de3d2f9b8870f48efc81a57368a2c7e8603c13306	c983c8afb27256c8d890578de3d2f9b8870f48efc81a57368a2c7e8603c13306
1f997.png	1F997.png	c73fe9cc154e09fde91fd70de6e323de979ced432b9caadd0f390b3fad8cd54b	c73fe9cc154e09fde91fd70de6e323de979ced432b9caadd0f390b3fad8cd54b
1f998.png	1F998.png	8268e3c3c4dc5ec4bccb153c279865e4ae40d21b6ffec21f527e661b342dbf27	8268e3c3c4dc5ec4bccb153c279865e4ae40d21b6ffec21f527e661b342dbf27
1f999.png	1F999.png	02d4b12ee2993f5095a3d9180f4d65e3a87df64fb4018e5a319dc1ce8fa5a87e	02d4b12ee2993f5095a3d9180f4d65e3a87df64fb4018e5a319dc1ce8fa5a87e
1f99a.png	1F99A.png	c93f8b6457a6bd3c1a7fa438db5cfbeaa7c86df299e5d08358e5c16457eb300a	c93f8b6457a6bd3c1a7fa438db5cfbeaa7c86df299e5d08358e5c16457eb300a
1f99b.png	1F99B.png	c69d69f641de5f31897db406b9bca6c9e3ae4c56fd993240077d77498107008e	c69d69f641de5f31897db406b9bca6c9e3ae4c56fd993240077d77498107008e
1f99c.png	1F99C.png	6d4898f5a493a9602b93b2f6cfccea532e255378f99eeb01a709e0f508fa9912	6d4898f5a493a9602b93b2f6cfccea532e255378f99eeb01a709e0f508fa9912
1f99d.png	1F99D.png	592a4d33a58b9fc92d35b0f579b1cca2796ded28584581beaa9e9ac80b1a15b4	592a4d33a58b9fc92d35b0f579b1cca2796ded28584581beaa9e9ac80b1a15b4
1f99e.png	1F99E.png	364dde9fc73fb2a6d0fea65c00145319e2a1e567403b67a19b94023fce15523c	364dde9fc73fb2a6d0fea65c00145319e2a1e567403b67a19b94023fce15523c
1f99f.png	1F99F.png	5c7c10fcc758af44c18b96e6cb948f6683af40963175fe9419e67763d53b8e85	5c7c10fcc758af44c18b96e6cb948f6683af40963175fe9419e67763d53b8e85
1f9a0.png	1F9A0.png	951353efe430ba91b54db71f801ed54d0310d686587ba3799feef9adf040882b	951353efe430ba91b54db71f801ed54d0310d686587ba3799feef9adf040882b
1f9a1.png	1F9A1.png	8bb714496404636669a80fa6ec02bc87f4edde695b938bbf0ad33c892fac3031	8bb714496404636669a80fa6ec02bc87f4edde695b938bbf0ad33c892fac3031
1f9a2.png	1F9A2.png	f7577777d85bfe75e29ce1efd2dc31e93dc5f3fdbdde79ffad24665118a6dfce	f7577777d85bfe75e29ce1efd2dc31e93dc5f3fdbdde79ffad24665118a6dfce
1f9a3.png	1F9A3.png	791d28ae4e64eb927182c3293a9f671348ffd5dbf136743ec4dbc4612b5c110b	791d28ae4e64eb927182c3293a9f671348ffd5dbf136743ec4dbc4612b5c110b
1f9a4.png	1F9A4.png	ed78792df077f92581a14e2e8468bf01bf5a9cfe6d6582a2fdbd4d900525b89d	ed78792df077f92581a14e2e8468bf01bf5a9cfe6d6582a2fdbd4d900525b89d
1f9a5.png	1F9A5.png	ade7fbf473756cd48fba275947174d39f0fea2f8fd547846bfc8d5ff14c7daee	ade7fbf473756cd48fba275947174d39f0fea2f8fd547846bfc8d5ff14c7daee
1f9a6.png	1F9A6.png	cef94af78203705bb89c9e23930507a3551f6cb30f0385a1ca43420ed3cb6080	cef94af78203705bb89c9e23930507a3551f6cb30f0385a1ca43420ed3cb6080
1f9a7.png	1F9A7.png	2d5fb8bf53aeff2abb5bdc6c5f99f1f025d23414244712eae6b6822b5d83c1d6	2d5fb8bf53aeff2abb5bdc6c5f99f1f025d23414244712eae6b6822b5d83c1d6
1f9a8.png	1F9A8.png	a9be078b77c965b24817c2937cad3006779b5df9c2e37a479b57e64be445b21b	a9be078b77c965b24817c2937cad3006779b5df9c2e37a479b57e64be445b21b
1f9a9.png	1F9A9.png	149f30345c8ca479de8fded24724d8426e0c7b4b85798ad19d049c8f6253c8cd	149f30345c8ca479de8fded24724d8426e0c7b4b85798ad19d049c8f6253c8cd
1f9aa.png	1F9AA.png	d12c753d1598014cd7ca111b4f040e3beaf2b299c3e43d42874b6c6fea79bb2b	d12c753d1598014cd7ca111b4f040e3beaf2b299c3e43d42874b6c6fea79bb2b
1f9ab.png	1F9AB.png	8823ff7eb1a3bb77c967ad056688052e69e12b95c17cd5aba4ff39c3c2c2d6d9	8823ff7eb1a3bb77c967ad056688052e69e12b95c17cd5aba4ff39c3c2c2d6d9
1f9ac.png	1F9AC.png	8703b3e6828b2d69b740c02d1d32d2a3a5e6bc0c021a1e68cd5284990356d85d	8703b3e6828b2d69b740c02d1d32d2a3a5e6bc0c021a1e68cd5284990356d85d
1f9ad.png	1F9AD.png	3d44dfe82f8a2dce558fe10004c6dc2b2a8442486bf02fb0bbb2076e6c950ca5	3d44dfe82f8a2dce558fe10004c6dc2b2a8442486bf02fb0bbb2076e6c950ca5
1f9ae.png	1F9AE.png	af294f5e3413e461a3d693f8f773de7554d31949fc21e783b89edbcdb2a0f6a8	af294f5e3413e461a3d693f8f773de7554d31949fc21e783b89edbcdb2a0f6a8
1f9af.png	1F9AF.png	0a90d65e3ed444194b21db85717e959252b1f808d8bf6ef7e2e432b87fec4b16	0a90d65e3ed444194b21db85717e959252b1f808d8bf6ef7e2e432b87fec4b16
1f9b0.png	1F9B0.png	3339e0f587906b13ac142f130d52c8714d0ba9487b1bd2d59896ff3dc9ac35bc	3339e0f587906b13ac142f130d52c8714d0ba9487b1bd2d59896ff3dc9ac35bc
1f9b1.png	1F9B1.png	6565afb45916efcfe3a5f8115ee06f0a3ca96e99f7be3c2b4b2b8a7ddc24be12	6565afb45916efcfe3a5f8115ee06f0a3ca96e99f7be3c2b4b2b8a7ddc24be12
1f9b2.png	1F9B2.png	4f3a57df298d8313fb3f0b01183be89e270057c1e7b178bf3d89cd71307e7e0b	4f3a57df298d8313fb3f0b01183be89e270057c1e7b178bf3d89cd71307e7e0b
1f9b3.png	1F9B3.png	7d83094f84eb6a1b999f315dad0c09911067ef40d1ec416dc9338d167f71354c	7d83094f84eb6a1b999f315dad0c09911067ef40d1ec416dc9338d167f71354c
1f9b4.png	1F9B4.png	2042e94f1e6c1c64674de3daaf30d1fedf95fafbc5f13ee351434fb4bef0b535	2042e94f1e6c1c64674de3daaf30d1fedf95fafbc5f13ee351434fb4bef0b535
1f9b5.png	1F9B5.png	937d4e906a0d2387d4e67285337ecf7ef1767cebe2bffa19d7d60c19b475514a	937d4e906a0d2387d4e67285337ecf7ef1767cebe2bffa19d7d60c19b475514a
1f9b5-1f3fb.png	1F9B5-1F3FB.png	503a86465c6cb421f22088c5937b4e0ae0bce40c30d3dca56b8cd26f6814df07	503a86465c6cb421f22088c5937b4e0ae0bce40c30d3dca56b8cd26f6814df07
1f9b5-1f3fc.png	1F9B5-1F3FC.png	0da03956ccfcc588c71dbdffd0a699131d3ebb472dd4b367c13ad61aaa17b506	0da03956ccfcc588c71dbdffd0a699131d3ebb472dd4b367c13ad61aaa17b506
1f9b5-1f3fd.png	1F9B5-1F3FD.png	bdd26ba84eb9d914bbddb8e61ebdab9333192755070f03a6193ffeced6ce5a29	bdd26ba84eb9d914bbddb8e61ebdab9333192755070f03a6193ffeced6ce5a29
1f9b5-1f3fe.png	1F9B5-1F3FE.png	99757b109dd3c327b5801ec27c11e3799995e558a3088d0f034c9af314359b50	99757b109dd3c327b5801ec27c11e3799995e558a3088d0f034c9af314359b50
1f9b5-1f3ff.png	1F9B5-1F3FF.png	137b4d355d0ba6b4cbbc40a6e5e46685e7d8a9f095ba5345b35c96d4151c01af	137b4d355d0ba6b4cbbc40a6e5e46685e7d8a9f095ba5345b35c96d4151c01af
1f9b6.png	1F9B6.png	e1f6709b697a9fee3a40080110b0cea2b147e4daa23f088ab3c8dc2bc6eaae39	e1f6709b697a9fee3a40080110b0cea2b147e4daa23f088ab3c8dc2bc6eaae39
1f9b6-1f3fb.png	1F9B6-1F3FB.png	07daecfc85acaf9223e7082d0d53d88f216e9761b5ffbe33b640ca68f6914480	07daecfc85acaf9223e7082d0d53d88f216e9761b5ffbe33b640ca68f6914480
1f9b6-1f3fc.png	1F9B6-1F3FC.png	1bed4f6a48aa42195289e6e2309303d13b8bd3d4a12ab846b03833f800471d58	1bed4f6a48aa42195289e6e2309303d13b8bd3d4a12ab846b03833f800471d58
1f9b6-1f3fd.png	1F9B6-1F3FD.png	b3bb28553b0e77c3441ff5d261343739b0828ce2e506c1c7c393225f102a0d7c	b3bb28553b0e77c3441ff5d261343739b0828ce2e506c1c7c393225f102a0d7c
1f9b6-1f3fe.png	1F9B6-1F3FE.png	0deb0dbf5d6eeea0afcd899050053bf7f8c72cc9b6580465069c8dbf58f9c64f	0deb0dbf5d6eeea0afcd899050053bf7f8c72cc9b6580465069c8dbf58f9c64f
1f9b6-1f3ff.png	1F9B6-1F3FF.png	3cc4e6291c6a4997ce060abadb63ea21233736a3a7d060f10fc340adb6da0ddb	3cc4e6291c6a4997ce060abadb63ea21233736a3a7d060f10fc340adb6da0ddb
1f9b7.png	1F9B7.png	1a6d769e296d97094cec1a902c353af85117eecc9f237c2e467d90109360455b	1a6d769e296d97094cec1a902c353af85117eecc9f237c2e467d90109360455b
1f9b8.png	1F9B8.png	06453ed2f5d580b6d6b430e08b31353d45138aee320877d4834ebff85fe721ac	06453ed2f5d580b6d6b430e08b31353d45138aee320877d4834ebff85fe721ac
1f9b8-1f3fb.png	1F9B8-1F3FB.png	5321fcbf0e8bb9bbd5792919a47f5c70a97959fa936f0755ed74dd4f005cefdf	5321fcbf0e8bb9bbd5792919a47f5c70a97959fa936f0755ed74dd4f005cefdf
1f9b8-1f3fb-200d-2640.png	1F9B8-1F3FB-200D-2640-FE0F.png	7cb4a14dd51c04cbf928cfb011fc49344de8fab85c9d6145834163d74dc5a3eb	7cb4a14dd51c04cbf928cfb011fc49344de8fab85c9d6145834163d74dc5a3eb
1f9b8-1f3fb-200d-2642.png	1F9B8-1F3FB-200D-2642-FE0F.png	719b11fd629dd2c3cc15e1cc6fceb78ac18a5053d03f2ea71c71686bd2a876fe	719b11fd629dd2c3cc15e1cc6fceb78ac18a5053d03f2ea71c71686bd2a876fe
1f9b8-1f3fc.png	1F9B8-1F3FC.png	509e91f544ae06f12dc0f6f5b05710b5a7a79f5463eefc1d88c25aae2b2b2f60	509e91f544ae06f12dc0f6f5b05710b5a7a79f5463eefc1d88c25aae2b2b2f60
1f9b8-1f3fc-200d-2640.png	1F9B8-1F3FC-200D-2640-FE0F.png	b8a0432627382409eba4294b486c9dea0d1b6b590fe18dd4f57628da9325725a	b8a0432627382409eba4294b486c9dea0d1b6b590fe18dd4f57628da9325725a
1f9b8-1f3fc-200d-2642.png	1F9B8-1F3FC-200D-2642-FE0F.png	1f363c3a05623da9ab98393ba9751454af97e93ba71c0c45a0a2def96eae47ba	1f363c3a05623da9ab98393ba9751454af97e93ba71c0c45a0a2def96eae47ba
1f9b8-1f3fd.png	1F9B8-1F3FD.png	bd896fc1542c494b2f945f91e033a85e9f2c177025ad90b7b2411989e1edbbd2	bd896fc1542c494b2f945f91e033a85e9f2c177025ad90b7b2411989e1edbbd2
1f9b8-1f3fd-200d-2640.png	1F9B8-1F3FD-200D-2640-FE0F.png	9b2dd102307be15c1fefc2abcaa430c2f2af6a3b95575eaf296286771b2712e5	9b2dd102307be15c1fefc2abcaa430c2f2af6a3b95575eaf296286771b2712e5
1f9b8-1f3fd-200d-2642.png	1F9B8-1F3FD-200D-2642-FE0F.png	2ea8f797bb3f9675079b654adc790c5c7ee070dc1541192d04533a3352e4de50	2ea8f797bb3f9675079b654adc790c5c7ee070dc1541192d04533a3352e4de50
1f9b8-1f3fe.png	1F9B8-1F3FE.png	e1b6147cf80ded5ed19b159e4e8a6e8a84fbd1c05c3f35b364c1bd6de8f3058f	e1b6147cf80ded5ed19b159e4e8a6e8a84fbd1c05c3f35b364c1bd6de8f3058f
1f9b8-1f3fe-200d-2640.png	1F9B8-1F3FE-200D-2640-FE0F.png	ff94dc6bdd5586e804ad77bc89e9574bd210c13d7f5dbef46aa236baf1ce899b	ff94dc6bdd5586e804ad77bc89e9574bd210c13d7f5dbef46aa236baf1ce899b
1f9b8-1f3fe-200d-2642.png	1F9B8-1F3FE-200D-2642-FE0F.png	6c6e9c52fa44e45f7dcba740e2d348c9073c60804ef3c39f1ceaddf2f500ae66	6c6e9c52fa44e45f7dcba740e2d348c9073c60804ef3c39f1ceaddf2f500ae66
1f9b8-1f3ff.png	1F9B8-1F3FF.png	38a8514c7edd1d7b4efd6ede0b5f7ea67e6145eb538d013c3d6c99903e1343a7	38a8514c7edd1d7b4efd6ede0b5f7ea67e6145eb538d013c3d6c99903e1343a7
1f9b8-1f3ff-200d-2640.png	1F9B8-1F3FF-200D-2640-FE0F.png	3e31064f7109e5526cc83ae31deb800dc49f4a68c4a4b1a7c22622b89853478c	3e31064f7109e5526cc83ae31deb800dc49f4a68c4a4b1a7c22622b89853478c
1f9b8-1f3ff-200d-2642.png	1F9B8-1F3FF-200D-2642-FE0F.png	cfcd84ec777529da7186015738487e6af8a97ff70fdaa7142259a6c9c0899347	cfcd84ec777529da7186015738487e6af8a97ff70fdaa7142259a6c9c0899347
1f9b8-200d-2640.png	1F9B8-200D-2640-FE0F.png	d55e887fb6d576573495399f9c7c180a8cc7058825385fefebac0f43a56e75b7	d55e887fb6d576573495399f9c7c180a8cc7058825385fefebac0f43a56e75b7
1f9b8-200d-2642.png	1F9B8-200D-2642-FE0F.png	7aedb980b038dd3320b68d9468f377543f8a96cc49a5ddb94d56d9a08a526e0c	7aedb980b038dd3320b68d9468f377543f8a96cc49a5ddb94d56d9a08a526e0c
1f9b9.png	1F9B9.png	bc5a981b06670de46720f92fc5a8e178db83fed8b3aa27186146a7a252911da8	bc5a981b06670de46720f92fc5a8e178db83fed8b3aa27186146a7a252911da8
1f9b9-1f3fb.png	1F9B9-1F3FB.png	cceb5b385a2072adddb4f9458e471fca12b7c4daa2fcf55ad40b7c4417385ed3	cceb5b385a2072adddb4f9458e471fca12b7c4daa2fcf55ad40b7c4417385ed3
1f9b9-1f3fb-200d-2640.png	1F9B9-1F3FB-200D-2640-FE0F.png	6411d0312ce67bfa0f7a2c58c9d41cf4eb035ec243229f67819d0723064fba5a	6411d0312ce67bfa0f7a2c58c9d41cf4eb035ec243229f67819d0723064fba5a
1f9b9-1f3fb-200d-2642.png	1F9B9-1F3FB-200D-2642-FE0F.png	2c1438c8ab9a7521e08e9e253da25de438bb4d19e23727408d7f0ef099826750	2c1438c8ab9a7521e08e9e253da25de438bb4d19e23727408d7f0ef099826750
1f9b9-1f3fc.png	1F9B9-1F3FC.png	86bb6d23f510c15f1753905c7d50a3e1b7b5588c29a318b850020a18cbc1d169	86bb6d23f510c15f1753905c7d50a3e1b7b5588c29a318b850020a18cbc1d169
1f9b9-1f3fc-200d-2640.png	1F9B9-1F3FC-200D-2640-FE0F.png	c55ee4b59f95c89651da5f884305b23e98fc0ecf5f044b40211ea8c747c24ef7	c55ee4b59f95c89651da5f884305b23e98fc0ecf5f044b40211ea8c747c24ef7
1f9b9-1f3fc-200d-2642.png	1F9B9-1F3FC-200D-2642-FE0F.png	46ad2b2c28fd74641972d07e6f4de9c98a30ce3a11e20b2bfacbbadfcc0a0614	46ad2b2c28fd74641972d07e6f4de9c98a30ce3a11e20b2bfacbbadfcc0a0614
1f9b9-1f3fd.png	1F9B9-1F3FD.png	549ea68e027f91b0013ab135dd92542a195b0a074f4a89d652b3325dc4c977cc	549ea68e027f91b0013ab135dd92542a195b0a074f4a89d652b3325dc4c977cc
1f9b9-1f3fd-200d-2640.png	1F9B9-1F3FD-200D-2640-FE0F.png	c3f080932a1fcfa02e923274b7a6ef4311672d087b32c8e4dee7f68f034282a7	c3f080932a1fcfa02e923274b7a6ef4311672d087b32c8e4dee7f68f034282a7
1f9b9-1f3fd-200d-2642.png	1F9B9-1F3FD-200D-2642-FE0F.png	8b052190f8cdfc274d2dcc359b350fd066c09a393f09b280f58c5619955d45ba	8b052190f8cdfc274d2dcc359b350fd066c09a393f09b280f58c5619955d45ba
1f9b9-1f3fe.png	1F9B9-1F3FE.png	01ae85af4ca79e41721c6c3e77973490377a6139a77d12fd0d1b1c1f379618d7	01ae85af4ca79e41721c6c3e77973490377a6139a77d12fd0d1b1c1f379618d7
1f9b9-1f3fe-200d-2640.png	1F9B9-1F3FE-200D-2640-FE0F.png	c1beee11249c3c78b44e52cf362188179e69ccbc6f9d1434b6382423a9b0976f	c1beee11249c3c78b44e52cf362188179e69ccbc6f9d1434b6382423a9b0976f
1f9b9-1f3fe-200d-2642.png	1F9B9-1F3FE-200D-2642-FE0F.png	7d03bec8c202d34f4f8a1e642ea69533eaa454f5d5d48b0968f0c4b7bbcb2e80	7d03bec8c202d34f4f8a1e642ea69533eaa454f5d5d48b0968f0c4b7bbcb2e80
1f9b9-1f3ff.png	1F9B9-1F3FF.png	a08be0a002a5efdc1837930d772e49228ce5876693e1006b8abe4ff78be543b3	a08be0a002a5efdc1837930d772e49228ce5876693e1006b8abe4ff78be543b3
1f9b9-1f3ff-200d-2640.png	1F9B9-1F3FF-200D-2640-FE0F.png	83717b4ee577180617b14bab0bd6ee49fa1dcb45d889916b5ee7ea0995ff198c	83717b4ee577180617b14bab0bd6ee49fa1dcb45d889916b5ee7ea0995ff198c
1f9b9-1f3ff-200d-2642.png	1F9B9-1F3FF-200D-2642-FE0F.png	3d989cdc2ebe886aa841f59451efed57d2bcfd62aaa7f17fa749eb38fd43487b	3d989cdc2ebe886aa841f59451efed57d2bcfd62aaa7f17fa749eb38fd43487b
1f9b9-200d-2640.png	1F9B9-200D-2640-FE0F.png	8976dd431b4f5d022278d979d49701dab7ad760e1a796087b54aa9fb15046799	8976dd431b4f5d022278d979d49701dab7ad760e1a796087b54aa9fb15046799
1f9b9-200d-2642.png	1F9B9-200D-2642-FE0F.png	4d162d144ed9cdc45694b6bb2793454ce58fda4191cd701ced0f7bdaa00187fa	4d162d144ed9cdc45694b6bb2793454ce58fda4191cd701ced0f7bdaa00187fa
1f9ba.png	1F9BA.png	5d11c2521ce86b60ed71f0a7cfaa79b598e1c6bd078b473692351d69edff8bcf	5d11c2521ce86b60ed71f0a7cfaa79b598e1c6bd078b473692351d69edff8bcf
1f9bb.png	1F9BB.png	4c08887c79208852b025302f325513ad62943f818a008f94786e1d796925517a	4c08887c79208852b025302f325513ad62943f818a008f94786e1d796925517a
1f9bb-1f3fb.png	1F9BB-1F3FB.png	80d960329857fbb34442306b704af91aa1bf47de9b77708ad64d849f676aa8dd	80d960329857fbb34442306b704af91aa1bf47de9b77708ad64d849f676aa8dd
1f9bb-1f3fc.png	1F9BB-1F3FC.png	f59ab04c3b264b63bae3d5d361be0e8798aff231d39ca4e3c4b91cbdcedb7025	f59ab04c3b264b63bae3d5d361be0e8798aff231d39ca4e3c4b91cbdcedb7025
1f9bb-1f3fd.png	1F9BB-1F3FD.png	873ab3bdd12a09c01e719c71b550c5b6c7a3e9f817cbcaf94eaf78defb91859f	873ab3bdd12a09c01e719c71b550c5b6c7a3e9f817cbcaf94eaf78defb91859f
1f9bb-1f3fe.png	1F9BB-1F3FE.png	d0a34d089a9415f3e9ca0a5136ab02455c60ae36338a778de05f2bce8e3f5691	d0a34d089a9415f3e9ca0a5136ab02455c60ae36338a778de05f2bce8e3f5691
1f9bb-1f3ff.png	1F9BB-1F3FF.png	c81576e63ada2fe3ada87dc268058a688ffd1a533485e7f1224293bd3565a38f	c81576e63ada2fe3ada87dc268058a688ffd1a533485e7f1224293bd3565a38f
1f9bc.png	1F9BC.png	d10258af1e906a01350304265e0bbdbc34439e318d1f02ecd610f1acc0148182	d10258af1e906a01350304265e0bbdbc34439e318d1f02ecd610f1acc0148182
1f9bd.png	1F9BD.png	380ea6b36124ab2205780c72928d7a497e990b0dcca06c4c024b3cc8a6941c74	380ea6b36124ab2205780c72928d7a497e990b0dcca06c4c024b3cc8a6941c74
1f9be.png	1F9BE.png	51fdb03c332276cd0c1ee108f1a7e992e37e16acbd39077bb84ef8af8b1429cb	51fdb03c332276cd0c1ee108f1a7e992e37e16acbd39077bb84ef8af8b1429cb
1f9bf.png	1F9BF.png	dde035b5e6625860dcdba36e00c97b6022c125a58a8f14a6645950a641ac90b3	dde035b5e6625860dcdba36e00c97b6022c125a58a8f14a6645950a641ac90b3
1f9c0.png	1F9C0.png	971601eb96fc4530a65b3c718055e6d2afff317326026c6b45f4fc54f7662d09	971601eb96fc4530a65b3c718055e6d2afff317326026c6b45f4fc54f7662d09
1f9c1.png	1F9C1.png	86ba67f63678ccaf5a8d887a97ac98d2bb3bb7f15c81b0d63c066a348ec7eada	86ba67f63678ccaf5a8d887a97ac98d2bb3bb7f15c81b0d63c066a348ec7eada
1f9c2.png	1F9C2.png	1c74083111bcf3e881336461b6263e3f9da134b5b6a8ce116a286fcf218bfadf	1c74083111bcf3e881336461b6263e3f9da134b5b6a8ce116a286fcf218bfadf
1f9c3.png	1F9C3.png	0dc5f7e1c7bb992d8828b1a3233bbb89ce8bd838329192f4dc1f1a2e43eea6aa	0dc5f7e1c7bb992d8828b1a3233bbb89ce8bd838329192f4dc1f1a2e43eea6aa
1f9c4.png	1F9C4.png	2f3bd9eacded83de7b2351261c7f0656a0573a8ed9e3b09e86ac033cd685c007	2f3bd9eacded83de7b2351261c7f0656a0573a8ed9e3b09e86ac033cd685c007
1f9c5.png	1F9C5.png	e74d463d95bc2af72421569cdc158950734d627f7a5dd777fc0a3fb6fd805c7b	e74d463d95bc2af72421569cdc158950734d627f7a5dd777fc0a3fb6fd805c7b
1f9c6.png	1F9C6.png	becf178b53cfd080ed99a358b77fd6963b094d13c466c20226d55c173ef872bb	becf178b53cfd080ed99a358b77fd6963b094d13c466c20226d55c173ef872bb
1f9c7.png	1F9C7.png	c788c4aea6b63c0b8292c18449fd1d8cf43283c731d887c677321370d8a43d8a	c788c4aea6b63c0b8292c18449fd1d8cf43283c731d887c677321370d8a43d8a
1f9c8.png	1F9C8.png	e1cf3e61b270b9d4864ffabc8d6ecce11dc4617b904a28692aae50f0fc08631f	e1cf3e61b270b9d4864ffabc8d6ecce11dc4617b904a28692aae50f0fc08631f
1f9c9.png	1F9C9.png	38df8b463a1ace77c59bd8e8207ba79de4740ce5875c7bb80ae6b83c442b4bde	38df8b463a1ace77c59bd8e8207ba79de4740ce5875c7bb80ae6b83c442b4bde
1f9ca.png	1F9CA.png	d1e22218eb17937222df846a1614421ef408d197406b27dd5113f726df5325df	d1e22218eb17937222df846a1614421ef408d197406b27dd5113f726df5325df
1f9cb.png	1F9CB.png	1cd8d8309ae74e5a66e2c1a453e9db0fe913bb16f239d310a029ae4d52dd91d5	1cd8d8309ae74e5a66e2c1a453e9db0fe913bb16f239d310a029ae4d52dd91d5
1f9cc.png	1F9CC.png	0d861ceef89b28f146fbc051dee5247e1cd5b3458e359b43658b28f7c32d222d	0d861ceef89b28f146fbc051dee5247e1cd5b3458e359b43658b28f7c32d222d
1f9cd.png	1F9CD.png	9a273aa8de522a123ee882cd8154ac03a0741b7052debd043779888a215c2fcc	9a273aa8de522a123ee882cd8154ac03a0741b7052debd043779888a215c2fcc
1f9cd-1f3fb.png	1F9CD-1F3FB.png	6327830573ad7f7fb8f9d4dd9f452e1bc51dcdf588fe934016e5e3fe1f854e5d	6327830573ad7f7fb8f9d4dd9f452e1bc51dcdf588fe934016e5e3fe1f854e5d
1f9cd-1f3fb-200d-2640.png	1F9CD-1F3FB-200D-2640-FE0F.png	1df0ef3f54116563ea2ff66fb79519935230336619ecd1a403ada91b81c5cc67	1df0ef3f54116563ea2ff66fb79519935230336619ecd1a403ada91b81c5cc67
1f9cd-1f3fb-200d-2642.png	1F9CD-1F3FB-200D-2642-FE0F.png	6327830573ad7f7fb8f9d4dd9f452e1bc51dcdf588fe934016e5e3fe1f854e5d	6327830573ad7f7fb8f9d4dd9f452e1bc51dcdf588fe934016e5e3fe1f854e5d
1f9cd-1f3fc.png	1F9CD-1F3FC.png	1a1cb7a9076f5c1c6cf157dd0accbd599b7d0de514ee7382ac64a764a2c2f68d	1a1cb7a9076f5c1c6cf157dd0accbd599b7d0de514ee7382ac64a764a2c2f68d
1f9cd-1f3fc-200d-2640.png	1F9CD-1F3FC-200D-2640-FE0F.png	6009b819faf59d8926adf17d7bfc901a909dd4da989d578a788ec0c562ebcf03	6009b819faf59d8926adf17d7bfc901a909dd4da989d578a788ec0c562ebcf03
1f9cd-1f3fc-200d-2642.png	1F9CD-1F3FC-200D-2642-FE0F.png	1a1cb7a9076f5c1c6cf157dd0accbd599b7d0de514ee7382ac64a764a2c2f68d	1a1cb7a9076f5c1c6cf157dd0accbd599b7d0de514ee7382ac64a764a2c2f68d
1f9cd-1f3fd.png	1F9CD-1F3FD.png	bfd6e952e99c3312f9359700b01dda95489420602e9f5b439d366bb5d5d4d248	bfd6e952e99c3312f9359700b01dda95489420602e9f5b439d366bb5d5d4d248
1f9cd-1f3fd-200d-2640.png	1F9CD-1F3FD-200D-2640-FE0F.png	6ef0a7ecc662b74c3d0a1fe10492e5481d5738e6d624f0228e13493136731f13	6ef0a7ecc662b74c3d0a1fe10492e5481d5738e6d624f0228e13493136731f13
1f9cd-1f3fd-200d-2642.png	1F9CD-1F3FD-200D-2642-FE0F.png	bfd6e952e99c3312f9359700b01dda95489420602e9f5b439d366bb5d5d4d248	bfd6e952e99c3312f9359700b01dda95489420602e9f5b439d366bb5d5d4d248
1f9cd-1f3fe.png	1F9CD-1F3FE.png	dc6a19620cb4cf9a5c163c5bfb4363052b8aa81ed4bf61b7e66736f9a05d0ce0	dc6a19620cb4cf9a5c163c5bfb4363052b8aa81ed4bf61b7e66736f9a05d0ce0
1f9cd-1f3fe-200d-2640.png	1F9CD-1F3FE-200D-2640-FE0F.png	4c2ea38402049c631ecedd8b00c5006c1a82013430ccf134c3ee4b817d177544	4c2ea38402049c631ecedd8b00c5006c1a82013430ccf134c3ee4b817d177544
1f9cd-1f3fe-200d-2642.png	1F9CD-1F3FE-200D-2642-FE0F.png	dc6a19620cb4cf9a5c163c5bfb4363052b8aa81ed4bf61b7e66736f9a05d0ce0	dc6a19620cb4cf9a5c163c5bfb4363052b8aa81ed4bf61b7e66736f9a05d0ce0
1f9cd-1f3ff.png	1F9CD-1F3FF.png	0ad3765b31fbee5deea919ca236be22fe42ee77aa4674ee2ce14912852c7cc6e	0ad3765b31fbee5deea919ca236be22fe42ee77aa4674ee2ce14912852c7cc6e
1f9cd-1f3ff-200d-2640.png	1F9CD-1F3FF-200D-2640-FE0F.png	ce4279bd97d308a89b4bc2d958a9a5f9912c1e019742ccacbf2146686a57fc93	ce4279bd97d308a89b4bc2d958a9a5f9912c1e019742ccacbf2146686a57fc93
1f9cd-1f3ff-200d-2642.png	1F9CD-1F3FF-200D-2642-FE0F.png	0ad3765b31fbee5deea919ca236be22fe42ee77aa4674ee2ce14912852c7cc6e	0ad3765b31fbee5deea919ca236be22fe42ee77aa4674ee2ce14912852c7cc6e
1f9cd-200d-2640.png	1F9CD-200D-2640-FE0F.png	bdb03eb4cbf0202244b961f2ab314f1aa621cce6b52f0c3752400f9f8c105551	bdb03eb4cbf0202244b961f2ab314f1aa621cce6b52f0c3752400f9f8c105551
1f9cd-200d-2642.png	1F9CD-200D-2642-FE0F.png	9a273aa8de522a123ee882cd8154ac03a0741b7052debd043779888a215c2fcc	9a273aa8de522a123ee882cd8154ac03a0741b7052debd043779888a215c2fcc
1f9ce.png	1F9CE.png	b92e5962ab1f3624bee9e5b853088debd1d34684f760d7bd8e94fe560ec47661	b92e5962ab1f3624bee9e5b853088debd1d34684f760d7bd8e94fe560ec47661
1f9ce-1f3fb.png	1F9CE-1F3FB.png	68e4ffa9142ac1832447406e11179a1e5064a4b1d99450497cc8d874841d2323	68e4ffa9142ac1832447406e11179a1e5064a4b1d99450497cc8d874841d2323
1f9ce-1f3fb-200d-2640.png	1F9CE-1F3FB-200D-2640-FE0F.png	a74d7757a9fd819b8f5eb82806e68df9138b8f0ba238659f1b69ba62eba28251	a74d7757a9fd819b8f5eb82806e68df9138b8f0ba238659f1b69ba62eba28251
1f9ce-1f3fb-200d-2640-200d-27a1.png	1F9CE-1F3FB-200D-2640-FE0F-200D-27A1-FE0F.png	d50e3f97ab4fec8b944f7ea71132a6a005f346baeac077ff97dd595c01a1931e	d50e3f97ab4fec8b944f7ea71132a6a005f346baeac077ff97dd595c01a1931e
1f9ce-1f3fb-200d-2642.png	1F9CE-1F3FB-200D-2642-FE0F.png	68e4ffa9142ac1832447406e11179a1e5064a4b1d99450497cc8d874841d2323	68e4ffa9142ac1832447406e11179a1e5064a4b1d99450497cc8d874841d2323
1f9ce-1f3fb-200d-2642-200d-27a1.png	1F9CE-1F3FB-200D-2642-FE0F-200D-27A1-FE0F.png	b04f44a48afaee76f916f3b9b35adaf63cafea6c76289243037075fd6a0ecf0f	b04f44a48afaee76f916f3b9b35adaf63cafea6c76289243037075fd6a0ecf0f
1f9ce-1f3fb-200d-27a1.png	1F9CE-1F3FB-200D-27A1-FE0F.png	b04f44a48afaee76f916f3b9b35adaf63cafea6c76289243037075fd6a0ecf0f	b04f44a48afaee76f916f3b9b35adaf63cafea6c76289243037075fd6a0ecf0f
1f9ce-1f3fc.png	1F9CE-1F3FC.png	714b8a1fe5dc912e180f864485b65ad993af909970de5df0855d1768b29df289	714b8a1fe5dc912e180f864485b65ad993af909970de5df0855d1768b29df289
1f9ce-1f3fc-200d-2640.png	1F9CE-1F3FC-200D-2640-FE0F.png	4093efde0654f0f5827b6e801258d9021c72ecea1321ce76420b13813fa0f400	4093efde0654f0f5827b6e801258d9021c72ecea1321ce76420b13813fa0f400
1f9ce-1f3fc-200d-2640-200d-27a1.png	1F9CE-1F3FC-200D-2640-FE0F-200D-27A1-FE0F.png	559567b8e39caf5e5e1c1b1191d73dc77d42eca83c512569ebcd4dfcc32c1d2d	559567b8e39caf5e5e1c1b1191d73dc77d42eca83c512569ebcd4dfcc32c1d2d
1f9ce-1f3fc-200d-2642.png	1F9CE-1F3FC-200D-2642-FE0F.png	714b8a1fe5dc912e180f864485b65ad993af909970de5df0855d1768b29df289	714b8a1fe5dc912e180f864485b65ad993af909970de5df0855d1768b29df289
1f9ce-1f3fc-200d-2642-200d-27a1.png	1F9CE-1F3FC-200D-2642-FE0F-200D-27A1-FE0F.png	55b60b7f685a163c5dd156f25633b850ae0cd4db9f3f370be29d4c3f0c3751de	55b60b7f685a163c5dd156f25633b850ae0cd4db9f3f370be29d4c3f0c3751de
1f9ce-1f3fc-200d-27a1.png	1F9CE-1F3FC-200D-27A1-FE0F.png	55b60b7f685a163c5dd156f25633b850ae0cd4db9f3f370be29d4c3f0c3751de	55b60b7f685a163c5dd156f25633b850ae0cd4db9f3f370be29d4c3f0c3751de
1f9ce-1f3fd.png	1F9CE-1F3FD.png	ca1ba8725298f4b97ef41bd21c24fd8ffa14ea569e8fc7bee8bc02d668b6d2f9	ca1ba8725298f4b97ef41bd21c24fd8ffa14ea569e8fc7bee8bc02d668b6d2f9
1f9ce-1f3fd-200d-2640.png	1F9CE-1F3FD-200D-2640-FE0F.png	8a9e59675352a7152f550c402fde93242ebfa407bafdd6e7e9b1a20a05d4a25b	8a9e59675352a7152f550c402fde93242ebfa407bafdd6e7e9b1a20a05d4a25b
1f9ce-1f3fd-200d-2640-200d-27a1.png	1F9CE-1F3FD-200D-2640-FE0F-200D-27A1-FE0F.png	21847158413b75c7f82f4a6ece720d81f8044cc6df224ead208b93e730d126c5	21847158413b75c7f82f4a6ece720d81f8044cc6df224ead208b93e730d126c5
1f9ce-1f3fd-200d-2642.png	1F9CE-1F3FD-200D-2642-FE0F.png	ca1ba8725298f4b97ef41bd21c24fd8ffa14ea569e8fc7bee8bc02d668b6d2f9	ca1ba8725298f4b97ef41bd21c24fd8ffa14ea569e8fc7bee8bc02d668b6d2f9
1f9ce-1f3fd-200d-2642-200d-27a1.png	1F9CE-1F3FD-200D-2642-FE0F-200D-27A1-FE0F.png	8e473ea7ac0d78bb6219e2a8e28cc8b60680cbdb1cc92ca25cddaa4257c9596b	8e473ea7ac0d78bb6219e2a8e28cc8b60680cbdb1cc92ca25cddaa4257c9596b
1f9ce-1f3fd-200d-27a1.png	1F9CE-1F3FD-200D-27A1-FE0F.png	8e473ea7ac0d78bb6219e2a8e28cc8b60680cbdb1cc92ca25cddaa4257c9596b	8e473ea7ac0d78bb6219e2a8e28cc8b60680cbdb1cc92ca25cddaa4257c9596b
1f9ce-1f3fe.png	1F9CE-1F3FE.png	911a86d9ff95cf41bc43a991f23467b006735e5001a9821bedbab2411c31b51f	911a86d9ff95cf41bc43a991f23467b006735e5001a9821bedbab2411c31b51f
1f9ce-1f3fe-200d-2640.png	1F9CE-1F3FE-200D-2640-FE0F.png	81938940b199c288b41a9edb4692515d7cb734dc5c9115d39cfccdc6599cb4ff	81938940b199c288b41a9edb4692515d7cb734dc5c9115d39cfccdc6599cb4ff
1f9ce-1f3fe-200d-2640-200d-27a1.png	1F9CE-1F3FE-200D-2640-FE0F-200D-27A1-FE0F.png	6ff3ea953c209b99ab8a3d08b79163b54822bc10f582d001f61493d8080c97cd	6ff3ea953c209b99ab8a3d08b79163b54822bc10f582d001f61493d8080c97cd
1f9ce-1f3fe-200d-2642.png	1F9CE-1F3FE-200D-2642-FE0F.png	911a86d9ff95cf41bc43a991f23467b006735e5001a9821bedbab2411c31b51f	911a86d9ff95cf41bc43a991f23467b006735e5001a9821bedbab2411c31b51f
1f9ce-1f3fe-200d-2642-200d-27a1.png	1F9CE-1F3FE-200D-2642-FE0F-200D-27A1-FE0F.png	147ec0457afdbfcb18f2b828b0c0b24018a82c5bf481a789fd7ebbf1a30ae543	147ec0457afdbfcb18f2b828b0c0b24018a82c5bf481a789fd7ebbf1a30ae543
1f9ce-1f3fe-200d-27a1.png	1F9CE-1F3FE-200D-27A1-FE0F.png	147ec0457afdbfcb18f2b828b0c0b24018a82c5bf481a789fd7ebbf1a30ae543	147ec0457afdbfcb18f2b828b0c0b24018a82c5bf481a789fd7ebbf1a30ae543
1f9ce-1f3ff.png	1F9CE-1F3FF.png	119d33a1a4d43dab27b743f8ddb00a7de6c0d31f2101c088a878bfaa0178c0ac	119d33a1a4d43dab27b743f8ddb00a7de6c0d31f2101c088a878bfaa0178c0ac
1f9ce-1f3ff-200d-2640.png	1F9CE-1F3FF-200D-2640-FE0F.png	fc98fad8ea60a725e45a261d5b4c05214847a8d10c91a978b08c80b715efb3cb	fc98fad8ea60a725e45a261d5b4c05214847a8d10c91a978b08c80b715efb3cb
1f9ce-1f3ff-200d-2640-200d-27a1.png	1F9CE-1F3FF-200D-2640-FE0F-200D-27A1-FE0F.png	38a0a7b925bce28ff42f6d6ac1f533a50fdc60fb39a83c26ac26b7016aab6173	38a0a7b925bce28ff42f6d6ac1f533a50fdc60fb39a83c26ac26b7016aab6173
1f9ce-1f3ff-200d-2642.png	1F9CE-1F3FF-200D-2642-FE0F.png	119d33a1a4d43dab27b743f8ddb00a7de6c0d31f2101c088a878bfaa0178c0ac	119d33a1a4d43dab27b743f8ddb00a7de6c0d31f2101c088a878bfaa0178c0ac
1f9ce-1f3ff-200d-2642-200d-27a1.png	1F9CE-1F3FF-200D-2642-FE0F-200D-27A1-FE0F.png	7aea097c70bdf99a0d62f1a73696ce0d96ec6015b2db4aca57abb7105d28e287	7aea097c70bdf99a0d62f1a73696ce0d96ec6015b2db4aca57abb7105d28e287
1f9ce-1f3ff-200d-27a1.png	1F9CE-1F3FF-200D-27A1-FE0F.png	7aea097c70bdf99a0d62f1a73696ce0d96ec6015b2db4aca57abb7105d28e287	7aea097c70bdf99a0d62f1a73696ce0d96ec6015b2db4aca57abb7105d28e287
1f9ce-200d-2640.png	1F9CE-200D-2640-FE0F.png	d48b2ad33ce1d074f940329bd83c68a8bf9218b4d8fdfe06f4b7d978da350a9a	d48b2ad33ce1d074f940329bd83c68a8bf9218b4d8fdfe06f4b7d978da350a9a
1f9ce-200d-2640-200d-27a1.png	1F9CE-200D-2640-FE0F-200D-27A1-FE0F.png	851185e1336620fa1c9f0322570b28bb7cbc8a1b17f6930f46e3f0838bdc0dce	851185e1336620fa1c9f0322570b28bb7cbc8a1b17f6930f46e3f0838bdc0dce
1f9ce-200d-2642.png	1F9CE-200D-2642-FE0F.png	b92e5962ab1f3624bee9e5b853088debd1d34684f760d7bd8e94fe560ec47661	b92e5962ab1f3624bee9e5b853088debd1d34684f760d7bd8e94fe560ec47661
1f9ce-200d-2642-200d-27a1.png	1F9CE-200D-2642-FE0F-200D-27A1-FE0F.png	29dca6743e8e347210b2ba0aae8f8e76429e7c6cb84e6466699db16659004e42	29dca6743e8e347210b2ba0aae8f8e76429e7c6cb84e6466699db16659004e42
1f9ce-200d-27a1.png	1F9CE-200D-27A1-FE0F.png	29dca6743e8e347210b2ba0aae8f8e76429e7c6cb84e6466699db16659004e42	29dca6743e8e347210b2ba0aae8f8e76429e7c6cb84e6466699db16659004e42
1f9cf.png	1F9CF.png	8803b0eddc601a7da3b1cfce9a3e0d3174d104fcfc7ce0437d9e9d6a6355ad7e	8803b0eddc601a7da3b1cfce9a3e0d3174d104fcfc7ce0437d9e9d6a6355ad7e
1f9cf-1f3fb.png	1F9CF-1F3FB.png	afb8b1e09628fa0ea5e854f451d2f4b3e1544ccc6bcec43c7399fac407507409	afb8b1e09628fa0ea5e854f451d2f4b3e1544ccc6bcec43c7399fac407507409
1f9cf-1f3fb-200d-2640.png	1F9CF-1F3FB-200D-2640-FE0F.png	c1b929c470973ec9cfbc690999cd661aa0b12e794250529911f54f505cf8e4fa	c1b929c470973ec9cfbc690999cd661aa0b12e794250529911f54f505cf8e4fa
1f9cf-1f3fb-200d-2642.png	1F9CF-1F3FB-200D-2642-FE0F.png	f871f4b80fd86c4f3719a0aebbe01f04decc498df34bb33a49195c3b018a0e76	f871f4b80fd86c4f3719a0aebbe01f04decc498df34bb33a49195c3b018a0e76
1f9cf-1f3fc.png	1F9CF-1F3FC.png	38e0874cb0faf73a48e3880351cd7c42855c86647b07570d2b5c96165ba765bc	38e0874cb0faf73a48e3880351cd7c42855c86647b07570d2b5c96165ba765bc
1f9cf-1f3fc-200d-2640.png	1F9CF-1F3FC-200D-2640-FE0F.png	bca4bcc3f63b822253de077c4578c7e33b71229bf8a8b02e175efd4c0a8248de	bca4bcc3f63b822253de077c4578c7e33b71229bf8a8b02e175efd4c0a8248de
1f9cf-1f3fc-200d-2642.png	1F9CF-1F3FC-200D-2642-FE0F.png	c83fb421de9c08306f4854f90eced5049fe7ac7e4d9f1626a69ec00009124d70	c83fb421de9c08306f4854f90eced5049fe7ac7e4d9f1626a69ec00009124d70
1f9cf-1f3fd.png	1F9CF-1F3FD.png	2a09a762ab30bd20b9a5e80515a6b14a2b7f87be47bc431acdb375613b8fc006	2a09a762ab30bd20b9a5e80515a6b14a2b7f87be47bc431acdb375613b8fc006
1f9cf-1f3fd-200d-2640.png	1F9CF-1F3FD-200D-2640-FE0F.png	465c7209618ad30bbd28f7331879da3bc94a952038f67713a6f0a6fd07e3b6ea	465c7209618ad30bbd28f7331879da3bc94a952038f67713a6f0a6fd07e3b6ea
1f9cf-1f3fd-200d-2642.png	1F9CF-1F3FD-200D-2642-FE0F.png	53b3586359735206c85f51f1b8a5025b8a786c82ea9efdbc53a01ba3426a5807	53b3586359735206c85f51f1b8a5025b8a786c82ea9efdbc53a01ba3426a5807
1f9cf-1f3fe.png	1F9CF-1F3FE.png	ba00fc31decc1179920dd967bccc093ba6a1165bafcade7bec66b8228d326f71	ba00fc31decc1179920dd967bccc093ba6a1165bafcade7bec66b8228d326f71
1f9cf-1f3fe-200d-2640.png	1F9CF-1F3FE-200D-2640-FE0F.png	2309de4d3f32397cfd76ec2b4e934f1ddba9ff317d624fc114c26889d40a40a2	2309de4d3f32397cfd76ec2b4e934f1ddba9ff317d624fc114c26889d40a40a2
1f9cf-1f3fe-200d-2642.png	1F9CF-1F3FE-200D-2642-FE0F.png	a39279598595f4d7de5ae3ce9daa97e7b90652e93a6247dd7fc6ff31bd0f0f8b	a39279598595f4d7de5ae3ce9daa97e7b90652e93a6247dd7fc6ff31bd0f0f8b
1f9cf-1f3ff.png	1F9CF-1F3FF.png	f392f9af421694d3a6e2f4171090eccb0d2735c7fbc92ac914b2d419d255382c	f392f9af421694d3a6e2f4171090eccb0d2735c7fbc92ac914b2d419d255382c
1f9cf-1f3ff-200d-2640.png	1F9CF-1F3FF-200D-2640-FE0F.png	510fb72d0376ff03257914644f4d6e8b5d3cd08ef00b9b9e7972dfdaa6f54937	510fb72d0376ff03257914644f4d6e8b5d3cd08ef00b9b9e7972dfdaa6f54937
1f9cf-1f3ff-200d-2642.png	1F9CF-1F3FF-200D-2642-FE0F.png	a84dc6dee0644bf05cd95655a64c37155ae8fc4177ee8e0a1703401beddc9af3	a84dc6dee0644bf05cd95655a64c37155ae8fc4177ee8e0a1703401beddc9af3
1f9cf-200d-2640.png	1F9CF-200D-2640-FE0F.png	5277228a9fb0fe664c79209bd286623f93e3d445f176e1b75c1213c70fb9cc74	5277228a9fb0fe664c79209bd286623f93e3d445f176e1b75c1213c70fb9cc74
1f9cf-200d-2642.png	1F9CF-200D-2642-FE0F.png	1525c349e76409e124f9faf4a0511d82d0948cd6000f098f5bf62b18cd92be9a	1525c349e76409e124f9faf4a0511d82d0948cd6000f098f5bf62b18cd92be9a
1f9d0.png	1F9D0.png	22deaaff2f4f058210381fabc04836d7b252c2abc7d27ce6371abbbd6949378d	22deaaff2f4f058210381fabc04836d7b252c2abc7d27ce6371abbbd6949378d
1f9d1.png	1F9D1.png	e90afff612e828a4537b9b2e606a59e5262a576a5e116335d88ef490a887fa0e	e90afff612e828a4537b9b2e606a59e5262a576a5e116335d88ef490a887fa0e
1f9d1-1f3fb.png	1F9D1-1F3FB.png	61a121053ee796c6ffde208c098e24d8fa8bac30baf2e381adeaae9d01e699fa	61a121053ee796c6ffde208c098e24d8fa8bac30baf2e381adeaae9d01e699fa
1f9d1-1f3fb-200d-1f33e.png	1F9D1-1F3FB-200D-1F33E.png	ee264357889e565faacd894bddb5c87b9d25aa2eeab63dab75176b50f0d7e606	ee264357889e565faacd894bddb5c87b9d25aa2eeab63dab75176b50f0d7e606
1f9d1-1f3fb-200d-1f373.png	1F9D1-1F3FB-200D-1F373.png	2adfd0ccc091fd76bfe70baa9c054ac6761e0cd2aa0c273507df54ba3e72794f	2adfd0ccc091fd76bfe70baa9c054ac6761e0cd2aa0c273507df54ba3e72794f
1f9d1-1f3fb-200d-1f37c.png	1F9D1-1F3FB-200D-1F37C.png	552cc088000e68c6765a26de8a4e4f72a7322ab61c8a38a8e420bcd7b44f7bf8	552cc088000e68c6765a26de8a4e4f72a7322ab61c8a38a8e420bcd7b44f7bf8
1f9d1-1f3fb-200d-1f384.png	1F9D1-1F3FB-200D-1F384.png	487798f1161b449fdac7ddd41e9a3a2ab26d6d1af2341c93a2f9d8c845e0e5aa	487798f1161b449fdac7ddd41e9a3a2ab26d6d1af2341c93a2f9d8c845e0e5aa
1f9d1-1f3fb-200d-1f393.png	1F9D1-1F3FB-200D-1F393.png	e77b8ccfaf1559459d9b596083e6a5124af79cb44fd149c283030de8c7ca15c5	e77b8ccfaf1559459d9b596083e6a5124af79cb44fd149c283030de8c7ca15c5
1f9d1-1f3fb-200d-1f3a4.png	1F9D1-1F3FB-200D-1F3A4.png	61148b609caf76832bf0c7dca5a51b8c112afb26ef20b8e8a88964dd82f8eee2	61148b609caf76832bf0c7dca5a51b8c112afb26ef20b8e8a88964dd82f8eee2
1f9d1-1f3fb-200d-1f3a8.png	1F9D1-1F3FB-200D-1F3A8.png	c45f11add36efa2d33b89b5e94b0d2a1adb7c9d90895272bb3903523a930c502	c45f11add36efa2d33b89b5e94b0d2a1adb7c9d90895272bb3903523a930c502
1f9d1-1f3fb-200d-1f3eb.png	1F9D1-1F3FB-200D-1F3EB.png	7a1e8b4f883131d194e1c7adbab74a6cdba8dbfb68ed31724b4d0e459e16302c	7a1e8b4f883131d194e1c7adbab74a6cdba8dbfb68ed31724b4d0e459e16302c
1f9d1-1f3fb-200d-1f3ed.png	1F9D1-1F3FB-200D-1F3ED.png	b03b5c17dbb51a66a20bc02398aff60bef5ef20923dcad28ecb0143e8f49c6d3	b03b5c17dbb51a66a20bc02398aff60bef5ef20923dcad28ecb0143e8f49c6d3
1f9d1-1f3fb-200d-1f430-200d-1f9d1-1f3fc.png	1F9D1-1F3FB-200D-1F430-200D-1F9D1-1F3FC.png	d5b52a156741e212a6948d0dde1ccc384c34ba2386d204bfe1346868ad905d06	d5b52a156741e212a6948d0dde1ccc384c34ba2386d204bfe1346868ad905d06
1f9d1-1f3fb-200d-1f430-200d-1f9d1-1f3fd.png	1F9D1-1F3FB-200D-1F430-200D-1F9D1-1F3FD.png	d5b52a156741e212a6948d0dde1ccc384c34ba2386d204bfe1346868ad905d06	d5b52a156741e212a6948d0dde1ccc384c34ba2386d204bfe1346868ad905d06
1f9d1-1f3fb-200d-1f430-200d-1f9d1-1f3fe.png	1F9D1-1F3FB-200D-1F430-200D-1F9D1-1F3FE.png	d5b52a156741e212a6948d0dde1ccc384c34ba2386d204bfe1346868ad905d06	d5b52a156741e212a6948d0dde1ccc384c34ba2386d204bfe1346868ad905d06
1f9d1-1f3fb-200d-1f430-200d-1f9d1-1f3ff.png	1F9D1-1F3FB-200D-1F430-200D-1F9D1-1F3FF.png	d5b52a156741e212a6948d0dde1ccc384c34ba2386d204bfe1346868ad905d06	d5b52a156741e212a6948d0dde1ccc384c34ba2386d204bfe1346868ad905d06
1f9d1-1f3fb-200d-1f4bb.png	1F9D1-1F3FB-200D-1F4BB.png	9e0c1aac0644dd1275a102f8eb33b20e1e5c25e7c4cce523fb1c8efcac98865d	9e0c1aac0644dd1275a102f8eb33b20e1e5c25e7c4cce523fb1c8efcac98865d
1f9d1-1f3fb-200d-1f4bc.png	1F9D1-1F3FB-200D-1F4BC.png	2e54e36eabae9fdc182b8b4f94a765f5e8205b832dcf7373de2da67d742b773e	2e54e36eabae9fdc182b8b4f94a765f5e8205b832dcf7373de2da67d742b773e
1f9d1-1f3fb-200d-1f527.png	1F9D1-1F3FB-200D-1F527.png	891e14ed3529b91491f76f9c0e01b01cc2169204823f4cedb10e732f080eeeb4	891e14ed3529b91491f76f9c0e01b01cc2169204823f4cedb10e732f080eeeb4
1f9d1-1f3fb-200d-1f52c.png	1F9D1-1F3FB-200D-1F52C.png	c2ef838efc9e1a4a81ce45652585cbadeba6db00ad988db96009177e196ab6a0	c2ef838efc9e1a4a81ce45652585cbadeba6db00ad988db96009177e196ab6a0
1f9d1-1f3fb-200d-1f680.png	1F9D1-1F3FB-200D-1F680.png	8aad176f93cbcf8f57beb30738b6e3ee1e4ee324916354e7eb5283cfe9a4394f	8aad176f93cbcf8f57beb30738b6e3ee1e4ee324916354e7eb5283cfe9a4394f
1f9d1-1f3fb-200d-1f692.png	1F9D1-1F3FB-200D-1F692.png	ad2ba66a4ae42d954bd7e40b3fa9f39ab7034dc6bc6392aadbff59e986b0ade3	ad2ba66a4ae42d954bd7e40b3fa9f39ab7034dc6bc6392aadbff59e986b0ade3
1f9d1-1f3fb-200d-1f91d-200d-1f9d1-1f3fb.png	1F9D1-1F3FB-200D-1F91D-200D-1F9D1-1F3FB.png	f248f914394bceb18bb6776d58e6624659e5a36b8fbc7e8b56b938e19dfddba2	f248f914394bceb18bb6776d58e6624659e5a36b8fbc7e8b56b938e19dfddba2
1f9d1-1f3fb-200d-1f91d-200d-1f9d1-1f3fc.png	1F9D1-1F3FB-200D-1F91D-200D-1F9D1-1F3FC.png	57fcd9a1f96fd8e03eba17267e560e4ee31777f07c888ae29e8427e4667674c9	57fcd9a1f96fd8e03eba17267e560e4ee31777f07c888ae29e8427e4667674c9
1f9d1-1f3fb-200d-1f91d-200d-1f9d1-1f3fd.png	1F9D1-1F3FB-200D-1F91D-200D-1F9D1-1F3FD.png	42eaf2e2c8c7da717496e2bcec2c334d0a509a823cbe8867d6d139e4dc6ce9dd	42eaf2e2c8c7da717496e2bcec2c334d0a509a823cbe8867d6d139e4dc6ce9dd
1f9d1-1f3fb-200d-1f91d-200d-1f9d1-1f3fe.png	1F9D1-1F3FB-200D-1F91D-200D-1F9D1-1F3FE.png	24cfb2562168bba5d2bb41b8137e082a2b95875ba480d6ff853864bd35bb941e	24cfb2562168bba5d2bb41b8137e082a2b95875ba480d6ff853864bd35bb941e
1f9d1-1f3fb-200d-1f91d-200d-1f9d1-1f3ff.png	1F9D1-1F3FB-200D-1F91D-200D-1F9D1-1F3FF.png	dfd0e7b0e3102c4faff0a9ddfa97fd5dc49846879ad5e651d45c8b9ff42c8d70	dfd0e7b0e3102c4faff0a9ddfa97fd5dc49846879ad5e651d45c8b9ff42c8d70
1f9d1-1f3fb-200d-1f9af.png	1F9D1-1F3FB-200D-1F9AF.png	e0bfcc26897ab2a570ac4743b732fb63e76f4453895a09ef219ae50bf37ac9ce	e0bfcc26897ab2a570ac4743b732fb63e76f4453895a09ef219ae50bf37ac9ce
1f9d1-1f3fb-200d-1f9af-200d-27a1.png	1F9D1-1F3FB-200D-1F9AF-200D-27A1-FE0F.png	8342f73ea2d32d189ac1dbf147fdde760e93acf077026057b41d2307ad6fe335	8342f73ea2d32d189ac1dbf147fdde760e93acf077026057b41d2307ad6fe335
1f9d1-1f3fb-200d-1f9b0.png	1F9D1-1F3FB-200D-1F9B0.png	e3b43e37dedf753053e19b10894aa3d82487ee1f26a90992c718f18fdb714827	e3b43e37dedf753053e19b10894aa3d82487ee1f26a90992c718f18fdb714827
1f9d1-1f3fb-200d-1f9b1.png	1F9D1-1F3FB-200D-1F9B1.png	8b8c08345150f2bafb01283f6f036761de255c0344fd4f5e28399ccec563b4f2	8b8c08345150f2bafb01283f6f036761de255c0344fd4f5e28399ccec563b4f2
1f9d1-1f3fb-200d-1f9b2.png	1F9D1-1F3FB-200D-1F9B2.png	64679ae05ac7c3155e73f24d6570886547a1d5308a8540d092d4f526bab9ba09	64679ae05ac7c3155e73f24d6570886547a1d5308a8540d092d4f526bab9ba09
1f9d1-1f3fb-200d-1f9b3.png	1F9D1-1F3FB-200D-1F9B3.png	652a0f5c38e99a09fdb9cbac3b7666eb3817d826082d765b4577be37400c0a73	652a0f5c38e99a09fdb9cbac3b7666eb3817d826082d765b4577be37400c0a73
1f9d1-1f3fb-200d-1f9bc.png	1F9D1-1F3FB-200D-1F9BC.png	e76f1fc0d5b3b68625e417c742e9eaa247adb46aae57248e154275c321cf1237	e76f1fc0d5b3b68625e417c742e9eaa247adb46aae57248e154275c321cf1237
1f9d1-1f3fb-200d-1f9bc-200d-27a1.png	1F9D1-1F3FB-200D-1F9BC-200D-27A1-FE0F.png	9c102266d4ecd14f76d176d2fac76052e143237bb23fb10ef4d28887e6e5c8d8	9c102266d4ecd14f76d176d2fac76052e143237bb23fb10ef4d28887e6e5c8d8
1f9d1-1f3fb-200d-1f9bd.png	1F9D1-1F3FB-200D-1F9BD.png	dd7598c79880d06ed2756c9b0c97aca50b95a928a88ad0fc68442d9d2d05f5e8	dd7598c79880d06ed2756c9b0c97aca50b95a928a88ad0fc68442d9d2d05f5e8
1f9d1-1f3fb-200d-1f9bd-200d-27a1.png	1F9D1-1F3FB-200D-1F9BD-200D-27A1-FE0F.png	21312285d4aad44d4f79a911d7d9f8c579adda1a8093b3094650df35381aad1e	21312285d4aad44d4f79a911d7d9f8c579adda1a8093b3094650df35381aad1e
1f9d1-1f3fb-200d-1fa70.png	1F9D1-1F3FB-200D-1FA70.png	f3ca22efc7b4c95c71087f0cf73018c6f6ac15af9568a49963960b1a9f1d678c	f3ca22efc7b4c95c71087f0cf73018c6f6ac15af9568a49963960b1a9f1d678c
1f9d1-1f3fb-200d-1faef-200d-1f9d1-1f3fc.png	1F9D1-1F3FB-200D-1FAEF-200D-1F9D1-1F3FC.png	d11b3a7d034bfe65df9aa50ed1fb1cd0da27cde4ec37445c931bfc8cbea2bb24	d11b3a7d034bfe65df9aa50ed1fb1cd0da27cde4ec37445c931bfc8cbea2bb24
1f9d1-1f3fb-200d-1faef-200d-1f9d1-1f3fd.png	1F9D1-1F3FB-200D-1FAEF-200D-1F9D1-1F3FD.png	d11b3a7d034bfe65df9aa50ed1fb1cd0da27cde4ec37445c931bfc8cbea2bb24	d11b3a7d034bfe65df9aa50ed1fb1cd0da27cde4ec37445c931bfc8cbea2bb24
1f9d1-1f3fb-200d-1faef-200d-1f9d1-1f3fe.png	1F9D1-1F3FB-200D-1FAEF-200D-1F9D1-1F3FE.png	d11b3a7d034bfe65df9aa50ed1fb1cd0da27cde4ec37445c931bfc8cbea2bb24	d11b3a7d034bfe65df9aa50ed1fb1cd0da27cde4ec37445c931bfc8cbea2bb24
1f9d1-1f3fb-200d-1faef-200d-1f9d1-1f3ff.png	1F9D1-1F3FB-200D-1FAEF-200D-1F9D1-1F3FF.png	d11b3a7d034bfe65df9aa50ed1fb1cd0da27cde4ec37445c931bfc8cbea2bb24	d11b3a7d034bfe65df9aa50ed1fb1cd0da27cde4ec37445c931bfc8cbea2bb24
1f9d1-1f3fb-200d-2695.png	1F9D1-1F3FB-200D-2695-FE0F.png	91b77ae05d28fd0684cd173bf73d5eafe1b63addcf7966067f6ce804655bdd85	91b77ae05d28fd0684cd173bf73d5eafe1b63addcf7966067f6ce804655bdd85
1f9d1-1f3fb-200d-2696.png	1F9D1-1F3FB-200D-2696-FE0F.png	d994e1a558fa2ad1b0f0427226048786374f5ffe61003a29b368f9f0ed995bba	d994e1a558fa2ad1b0f0427226048786374f5ffe61003a29b368f9f0ed995bba
1f9d1-1f3fb-200d-2708.png	1F9D1-1F3FB-200D-2708-FE0F.png	851ac4adebc274609f848de2cc90e3f77bbc14ad8c04c1c3de9543edee58888c	851ac4adebc274609f848de2cc90e3f77bbc14ad8c04c1c3de9543edee58888c
1f9d1-1f3fb-200d-2764-200d-1f48b-200d-1f9d1-1f3fc.png	1F9D1-1F3FB-200D-2764-FE0F-200D-1F48B-200D-1F9D1-1F3FC.png	9f4936d24f2760581cfbf9b515bae5991307d2ee1c5251f6353454c95ad14ffb	9f4936d24f2760581cfbf9b515bae5991307d2ee1c5251f6353454c95ad14ffb
1f9d1-1f3fb-200d-2764-200d-1f48b-200d-1f9d1-1f3fd.png	1F9D1-1F3FB-200D-2764-FE0F-200D-1F48B-200D-1F9D1-1F3FD.png	7c480dccba3c0747c2edd1fb2b9fd6b1d77e97ebe971850607082ffa3ae35dac	7c480dccba3c0747c2edd1fb2b9fd6b1d77e97ebe971850607082ffa3ae35dac
1f9d1-1f3fb-200d-2764-200d-1f48b-200d-1f9d1-1f3fe.png	1F9D1-1F3FB-200D-2764-FE0F-200D-1F48B-200D-1F9D1-1F3FE.png	47bf80bbb346c2f5821f98f45bec7a3c27ecd4f5672fa915c7c8f3050714679f	47bf80bbb346c2f5821f98f45bec7a3c27ecd4f5672fa915c7c8f3050714679f
1f9d1-1f3fb-200d-2764-200d-1f48b-200d-1f9d1-1f3ff.png	1F9D1-1F3FB-200D-2764-FE0F-200D-1F48B-200D-1F9D1-1F3FF.png	f93b1dad501756569667295fb5c9e5416ed28679ef56275c589755c67892e16c	f93b1dad501756569667295fb5c9e5416ed28679ef56275c589755c67892e16c
1f9d1-1f3fb-200d-2764-200d-1f9d1-1f3fc.png	1F9D1-1F3FB-200D-2764-FE0F-200D-1F9D1-1F3FC.png	7f127d64b5390383890092c967bde18567ef510be2c95c53ac99c413bcbbded3	7f127d64b5390383890092c967bde18567ef510be2c95c53ac99c413bcbbded3
1f9d1-1f3fb-200d-2764-200d-1f9d1-1f3fd.png	1F9D1-1F3FB-200D-2764-FE0F-200D-1F9D1-1F3FD.png	b9418ea39a5a7ee955935ccdd1454b69944475efb40ee079672f432ba93a52cd	b9418ea39a5a7ee955935ccdd1454b69944475efb40ee079672f432ba93a52cd
1f9d1-1f3fb-200d-2764-200d-1f9d1-1f3fe.png	1F9D1-1F3FB-200D-2764-FE0F-200D-1F9D1-1F3FE.png	15973ee4c9ec0c0841755db8b642db8144e918b8bcf90afa0028afccab11138b	15973ee4c9ec0c0841755db8b642db8144e918b8bcf90afa0028afccab11138b
1f9d1-1f3fb-200d-2764-200d-1f9d1-1f3ff.png	1F9D1-1F3FB-200D-2764-FE0F-200D-1F9D1-1F3FF.png	3b2f32bcbec7a6afe1dc685e81f2456ee8d5f7469f266db118ae78fde12d9883	3b2f32bcbec7a6afe1dc685e81f2456ee8d5f7469f266db118ae78fde12d9883
1f9d1-1f3fc.png	1F9D1-1F3FC.png	522f223f9cf747f61c26dc4a6f52133101b0387009598bb9eb4f0040c365c7fe	522f223f9cf747f61c26dc4a6f52133101b0387009598bb9eb4f0040c365c7fe
1f9d1-1f3fc-200d-1f33e.png	1F9D1-1F3FC-200D-1F33E.png	a4eeaf82d7c6520653dcec58b57026bb157683898bb09b3ee172ccf232c72767	a4eeaf82d7c6520653dcec58b57026bb157683898bb09b3ee172ccf232c72767
1f9d1-1f3fc-200d-1f373.png	1F9D1-1F3FC-200D-1F373.png	6e6452c590e138f7c8417bca60865746bf2d801dc2bf958720e3a0711f902b9d	6e6452c590e138f7c8417bca60865746bf2d801dc2bf958720e3a0711f902b9d
1f9d1-1f3fc-200d-1f37c.png	1F9D1-1F3FC-200D-1F37C.png	938af77efea23bbb781166a0d1fdf577c30e435471435151cd5fbfd9eb3236af	938af77efea23bbb781166a0d1fdf577c30e435471435151cd5fbfd9eb3236af
1f9d1-1f3fc-200d-1f384.png	1F9D1-1F3FC-200D-1F384.png	140638f39860a8cdbd8cea23ea7693e37f1e87e192c7e8880489d53c2e41d72b	140638f39860a8cdbd8cea23ea7693e37f1e87e192c7e8880489d53c2e41d72b
1f9d1-1f3fc-200d-1f393.png	1F9D1-1F3FC-200D-1F393.png	5994e9564770bd6b31f483de8d942d8d5977ca52951afdee06b6f59568ad81c8	5994e9564770bd6b31f483de8d942d8d5977ca52951afdee06b6f59568ad81c8
1f9d1-1f3fc-200d-1f3a4.png	1F9D1-1F3FC-200D-1F3A4.png	00dbf77daccb7b17824c45039a5a5a122ce7e2dd148d40ad0859764bcd8ac250	00dbf77daccb7b17824c45039a5a5a122ce7e2dd148d40ad0859764bcd8ac250
1f9d1-1f3fc-200d-1f3a8.png	1F9D1-1F3FC-200D-1F3A8.png	cbf79eb2e99b9499329049ca1b4e8da6ebecbbd2f2a53b1b5a9500ce3ea205e5	cbf79eb2e99b9499329049ca1b4e8da6ebecbbd2f2a53b1b5a9500ce3ea205e5
1f9d1-1f3fc-200d-1f3eb.png	1F9D1-1F3FC-200D-1F3EB.png	e873f26d85ec0fdb8443a90eb187df22334baf9449104551ce9193608899506d	e873f26d85ec0fdb8443a90eb187df22334baf9449104551ce9193608899506d
1f9d1-1f3fc-200d-1f3ed.png	1F9D1-1F3FC-200D-1F3ED.png	dd3349765f530fe151bf6090a309fd85a7cf92c595740d833a9eaa4e6afa7b8b	dd3349765f530fe151bf6090a309fd85a7cf92c595740d833a9eaa4e6afa7b8b
1f9d1-1f3fc-200d-1f430-200d-1f9d1-1f3fb.png	1F9D1-1F3FC-200D-1F430-200D-1F9D1-1F3FB.png	d5b52a156741e212a6948d0dde1ccc384c34ba2386d204bfe1346868ad905d06	d5b52a156741e212a6948d0dde1ccc384c34ba2386d204bfe1346868ad905d06
1f9d1-1f3fc-200d-1f430-200d-1f9d1-1f3fd.png	1F9D1-1F3FC-200D-1F430-200D-1F9D1-1F3FD.png	d5b52a156741e212a6948d0dde1ccc384c34ba2386d204bfe1346868ad905d06	d5b52a156741e212a6948d0dde1ccc384c34ba2386d204bfe1346868ad905d06
1f9d1-1f3fc-200d-1f430-200d-1f9d1-1f3fe.png	1F9D1-1F3FC-200D-1F430-200D-1F9D1-1F3FE.png	d5b52a156741e212a6948d0dde1ccc384c34ba2386d204bfe1346868ad905d06	d5b52a156741e212a6948d0dde1ccc384c34ba2386d204bfe1346868ad905d06
1f9d1-1f3fc-200d-1f430-200d-1f9d1-1f3ff.png	1F9D1-1F3FC-200D-1F430-200D-1F9D1-1F3FF.png	d5b52a156741e212a6948d0dde1ccc384c34ba2386d204bfe1346868ad905d06	d5b52a156741e212a6948d0dde1ccc384c34ba2386d204bfe1346868ad905d06
1f9d1-1f3fc-200d-1f4bb.png	1F9D1-1F3FC-200D-1F4BB.png	25e89120c96610e9f0663eb819cf35a4d457eb236c7d893ea9d30a07bd6a77e0	25e89120c96610e9f0663eb819cf35a4d457eb236c7d893ea9d30a07bd6a77e0
1f9d1-1f3fc-200d-1f4bc.png	1F9D1-1F3FC-200D-1F4BC.png	e79ab9d59b98a7581b100f911b86315f9bae30ca2f9bc5396218880986382452	e79ab9d59b98a7581b100f911b86315f9bae30ca2f9bc5396218880986382452
1f9d1-1f3fc-200d-1f527.png	1F9D1-1F3FC-200D-1F527.png	a814917ebc88d129badde33de2d676bb64396a2afb936d77a64c5b68faaecbcd	a814917ebc88d129badde33de2d676bb64396a2afb936d77a64c5b68faaecbcd
1f9d1-1f3fc-200d-1f52c.png	1F9D1-1F3FC-200D-1F52C.png	0090dd25fe7474d0070ebb8f87f660b209b90b40142a67647f9e46024b8f1453	0090dd25fe7474d0070ebb8f87f660b209b90b40142a67647f9e46024b8f1453
1f9d1-1f3fc-200d-1f680.png	1F9D1-1F3FC-200D-1F680.png	5061ccfd5021b210f4869b0ad17c0aa677263e4d11f4d9b82b32a3ff7732a200	5061ccfd5021b210f4869b0ad17c0aa677263e4d11f4d9b82b32a3ff7732a200
1f9d1-1f3fc-200d-1f692.png	1F9D1-1F3FC-200D-1F692.png	4d507f5339daabee60b99964e7e1231749483e8f9540712d8e54413712f54a84	4d507f5339daabee60b99964e7e1231749483e8f9540712d8e54413712f54a84
1f9d1-1f3fc-200d-1f91d-200d-1f9d1-1f3fb.png	1F9D1-1F3FC-200D-1F91D-200D-1F9D1-1F3FB.png	6300409ff3f3248bd557d13b4a98cbd1ae353e8188a74dd2d3cad760ab586ed3	6300409ff3f3248bd557d13b4a98cbd1ae353e8188a74dd2d3cad760ab586ed3
1f9d1-1f3fc-200d-1f91d-200d-1f9d1-1f3fc.png	1F9D1-1F3FC-200D-1F91D-200D-1F9D1-1F3FC.png	f3cc6b4a8c91ea69c82af3980ceeae4d689580bc8e911c5ac201fd1db6aff727	f3cc6b4a8c91ea69c82af3980ceeae4d689580bc8e911c5ac201fd1db6aff727
1f9d1-1f3fc-200d-1f91d-200d-1f9d1-1f3fd.png	1F9D1-1F3FC-200D-1F91D-200D-1F9D1-1F3FD.png	fea4cee55a65483a7242ed2669e421981c52392186b10372f4354a1c02869e12	fea4cee55a65483a7242ed2669e421981c52392186b10372f4354a1c02869e12
1f9d1-1f3fc-200d-1f91d-200d-1f9d1-1f3fe.png	1F9D1-1F3FC-200D-1F91D-200D-1F9D1-1F3FE.png	be2e3b7434fcaed73bd17e0aeb42ef7f3b51a03e5b394c3c99e3c2349b687263	be2e3b7434fcaed73bd17e0aeb42ef7f3b51a03e5b394c3c99e3c2349b687263
1f9d1-1f3fc-200d-1f91d-200d-1f9d1-1f3ff.png	1F9D1-1F3FC-200D-1F91D-200D-1F9D1-1F3FF.png	4beff9f894465820592f828497351cd132b9ca2f71fb5e1031a0cefed222880a	4beff9f894465820592f828497351cd132b9ca2f71fb5e1031a0cefed222880a
1f9d1-1f3fc-200d-1f9af.png	1F9D1-1F3FC-200D-1F9AF.png	9171fa840b1fbabad2dbfa0873f53bb403e6d5115388b7df5740d68eea77975c	9171fa840b1fbabad2dbfa0873f53bb403e6d5115388b7df5740d68eea77975c
1f9d1-1f3fc-200d-1f9af-200d-27a1.png	1F9D1-1F3FC-200D-1F9AF-200D-27A1-FE0F.png	f101c52633635579764a61effe18f89e2298d3ea74e354b051887dfb3cf1e6b6	f101c52633635579764a61effe18f89e2298d3ea74e354b051887dfb3cf1e6b6
1f9d1-1f3fc-200d-1f9b0.png	1F9D1-1F3FC-200D-1F9B0.png	630b9766ce55b6cffae86a998d5ccfb0b2ceeacc78f022990b836b9c3ce08447	630b9766ce55b6cffae86a998d5ccfb0b2ceeacc78f022990b836b9c3ce08447
1f9d1-1f3fc-200d-1f9b1.png	1F9D1-1F3FC-200D-1F9B1.png	afef7b99b0417bd4c729474a594c73a332f05a37c687852ffa6fd6cfc6b6b34c	afef7b99b0417bd4c729474a594c73a332f05a37c687852ffa6fd6cfc6b6b34c
1f9d1-1f3fc-200d-1f9b2.png	1F9D1-1F3FC-200D-1F9B2.png	067a25e2bf35626cc540912ae49051986f5e7c5f7a12d15458f747b1167d02f4	067a25e2bf35626cc540912ae49051986f5e7c5f7a12d15458f747b1167d02f4
1f9d1-1f3fc-200d-1f9b3.png	1F9D1-1F3FC-200D-1F9B3.png	2cddb0a128898956d8d3c7d8b5d937ec5cd4236ed45e675cc5856434e61c7c3d	2cddb0a128898956d8d3c7d8b5d937ec5cd4236ed45e675cc5856434e61c7c3d
1f9d1-1f3fc-200d-1f9bc.png	1F9D1-1F3FC-200D-1F9BC.png	1b87c1a4eefecb39b2b0559523ce89fbb85f2e9982bfe832fb9ffdc1aa0cec43	1b87c1a4eefecb39b2b0559523ce89fbb85f2e9982bfe832fb9ffdc1aa0cec43
1f9d1-1f3fc-200d-1f9bc-200d-27a1.png	1F9D1-1F3FC-200D-1F9BC-200D-27A1-FE0F.png	03f18b3daaacc4a6b973bee638bc0754f2b1f4c2ed27896c3aa577e736870d57	03f18b3daaacc4a6b973bee638bc0754f2b1f4c2ed27896c3aa577e736870d57
1f9d1-1f3fc-200d-1f9bd.png	1F9D1-1F3FC-200D-1F9BD.png	1f595112c521b37f0b8041cc4b4c8fcbf761a534c85eaa82ca3d5ab93fff3528	1f595112c521b37f0b8041cc4b4c8fcbf761a534c85eaa82ca3d5ab93fff3528
1f9d1-1f3fc-200d-1f9bd-200d-27a1.png	1F9D1-1F3FC-200D-1F9BD-200D-27A1-FE0F.png	2b566b6642c759a8cc95051c80d3ef9f1ff2c520bfcdc30d48238a6f8e0f813f	2b566b6642c759a8cc95051c80d3ef9f1ff2c520bfcdc30d48238a6f8e0f813f
1f9d1-1f3fc-200d-1fa70.png	1F9D1-1F3FC-200D-1FA70.png	350d30533b9a3dd635b3ecce1267692d2c758be1f5148bf59745ee1689765a1a	350d30533b9a3dd635b3ecce1267692d2c758be1f5148bf59745ee1689765a1a
1f9d1-1f3fc-200d-1faef-200d-1f9d1-1f3fb.png	1F9D1-1F3FC-200D-1FAEF-200D-1F9D1-1F3FB.png	d11b3a7d034bfe65df9aa50ed1fb1cd0da27cde4ec37445c931bfc8cbea2bb24	d11b3a7d034bfe65df9aa50ed1fb1cd0da27cde4ec37445c931bfc8cbea2bb24
1f9d1-1f3fc-200d-1faef-200d-1f9d1-1f3fd.png	1F9D1-1F3FC-200D-1FAEF-200D-1F9D1-1F3FD.png	d11b3a7d034bfe65df9aa50ed1fb1cd0da27cde4ec37445c931bfc8cbea2bb24	d11b3a7d034bfe65df9aa50ed1fb1cd0da27cde4ec37445c931bfc8cbea2bb24
1f9d1-1f3fc-200d-1faef-200d-1f9d1-1f3fe.png	1F9D1-1F3FC-200D-1FAEF-200D-1F9D1-1F3FE.png	d11b3a7d034bfe65df9aa50ed1fb1cd0da27cde4ec37445c931bfc8cbea2bb24	d11b3a7d034bfe65df9aa50ed1fb1cd0da27cde4ec37445c931bfc8cbea2bb24
1f9d1-1f3fc-200d-1faef-200d-1f9d1-1f3ff.png	1F9D1-1F3FC-200D-1FAEF-200D-1F9D1-1F3FF.png	d11b3a7d034bfe65df9aa50ed1fb1cd0da27cde4ec37445c931bfc8cbea2bb24	d11b3a7d034bfe65df9aa50ed1fb1cd0da27cde4ec37445c931bfc8cbea2bb24
1f9d1-1f3fc-200d-2695.png	1F9D1-1F3FC-200D-2695-FE0F.png	34c7c7c2fcee19cfba4b44987e7d376bf0860eb713b53f55ea1e52e539b275e4	34c7c7c2fcee19cfba4b44987e7d376bf0860eb713b53f55ea1e52e539b275e4
1f9d1-1f3fc-200d-2696.png	1F9D1-1F3FC-200D-2696-FE0F.png	264a5777e00c6c83d0b82ee060e69eda3dff2eea6617549b13449313fb5db3e9	264a5777e00c6c83d0b82ee060e69eda3dff2eea6617549b13449313fb5db3e9
1f9d1-1f3fc-200d-2708.png	1F9D1-1F3FC-200D-2708-FE0F.png	f030da84b4a3c02c06fb9997e52e0800c7b98544aa8c4fe07c4c022c345934ae	f030da84b4a3c02c06fb9997e52e0800c7b98544aa8c4fe07c4c022c345934ae
1f9d1-1f3fc-200d-2764-200d-1f48b-200d-1f9d1-1f3fb.png	1F9D1-1F3FC-200D-2764-FE0F-200D-1F48B-200D-1F9D1-1F3FB.png	62197a825c63cb296c825f60d5a0d6753ad93fb751cbf8608ef8983bf7cf0a11	62197a825c63cb296c825f60d5a0d6753ad93fb751cbf8608ef8983bf7cf0a11
1f9d1-1f3fc-200d-2764-200d-1f48b-200d-1f9d1-1f3fd.png	1F9D1-1F3FC-200D-2764-FE0F-200D-1F48B-200D-1F9D1-1F3FD.png	99d8f8ea409b32b8535f265c41b0510edd8d3d281a14865fd38c6a3ec047ee24	99d8f8ea409b32b8535f265c41b0510edd8d3d281a14865fd38c6a3ec047ee24
1f9d1-1f3fc-200d-2764-200d-1f48b-200d-1f9d1-1f3fe.png	1F9D1-1F3FC-200D-2764-FE0F-200D-1F48B-200D-1F9D1-1F3FE.png	38488cf4c55b5e2b7e3598a62ff27767f1046c091dd35e2a4e4626c069f5b75b	38488cf4c55b5e2b7e3598a62ff27767f1046c091dd35e2a4e4626c069f5b75b
1f9d1-1f3fc-200d-2764-200d-1f48b-200d-1f9d1-1f3ff.png	1F9D1-1F3FC-200D-2764-FE0F-200D-1F48B-200D-1F9D1-1F3FF.png	1cd7ab4ddb9f102028f0c6d21d88bf4aca9e32c8afaf7d06029db5845517781a	1cd7ab4ddb9f102028f0c6d21d88bf4aca9e32c8afaf7d06029db5845517781a
1f9d1-1f3fc-200d-2764-200d-1f9d1-1f3fb.png	1F9D1-1F3FC-200D-2764-FE0F-200D-1F9D1-1F3FB.png	90c78bb23655203149561fa88b640de8faae10b9657b9a9378e571b7664fc15b	90c78bb23655203149561fa88b640de8faae10b9657b9a9378e571b7664fc15b
1f9d1-1f3fc-200d-2764-200d-1f9d1-1f3fd.png	1F9D1-1F3FC-200D-2764-FE0F-200D-1F9D1-1F3FD.png	c8acd03e357541ef79068872df1026a60545c1b70df0ba75a3498cca42fa32c4	c8acd03e357541ef79068872df1026a60545c1b70df0ba75a3498cca42fa32c4
1f9d1-1f3fc-200d-2764-200d-1f9d1-1f3fe.png	1F9D1-1F3FC-200D-2764-FE0F-200D-1F9D1-1F3FE.png	7f04596a1502b63333b8a6ef360e0e3766e0bc4a64fddadc7a98db938be39f64	7f04596a1502b63333b8a6ef360e0e3766e0bc4a64fddadc7a98db938be39f64
1f9d1-1f3fc-200d-2764-200d-1f9d1-1f3ff.png	1F9D1-1F3FC-200D-2764-FE0F-200D-1F9D1-1F3FF.png	2f0f27c5890ef83f1caf57c8122963b4a9bd11c08032585045d417d7d906417f	2f0f27c5890ef83f1caf57c8122963b4a9bd11c08032585045d417d7d906417f
1f9d1-1f3fd.png	1F9D1-1F3FD.png	919e24c0bf80372b050eaeb4a0f9693d8d4108835aee37262905ed13a8740fdf	919e24c0bf80372b050eaeb4a0f9693d8d4108835aee37262905ed13a8740fdf
1f9d1-1f3fd-200d-1f33e.png	1F9D1-1F3FD-200D-1F33E.png	c5f0d8bbe1c8f7c4d19659476eeb49c1c7e4285de2aa61ca3ac150a0f46ec45b	c5f0d8bbe1c8f7c4d19659476eeb49c1c7e4285de2aa61ca3ac150a0f46ec45b
1f9d1-1f3fd-200d-1f373.png	1F9D1-1F3FD-200D-1F373.png	2815022f45613d46008c00857fb72fad1b509283079d8bdca67cf9ef8b35b004	2815022f45613d46008c00857fb72fad1b509283079d8bdca67cf9ef8b35b004
1f9d1-1f3fd-200d-1f37c.png	1F9D1-1F3FD-200D-1F37C.png	5533922e0ebad0efea9ada61d9d472ca8be77f7fdb262b2a738bca7e5abad5ab	5533922e0ebad0efea9ada61d9d472ca8be77f7fdb262b2a738bca7e5abad5ab
1f9d1-1f3fd-200d-1f384.png	1F9D1-1F3FD-200D-1F384.png	b295e59c3656aacdaa908ce8911b0b3ff412115bd06a84cf95da9f819381d54b	b295e59c3656aacdaa908ce8911b0b3ff412115bd06a84cf95da9f819381d54b
1f9d1-1f3fd-200d-1f393.png	1F9D1-1F3FD-200D-1F393.png	26ec39670dea359e97d3ab944739f797f65f926fc58d09bedff7e26f834f731f	26ec39670dea359e97d3ab944739f797f65f926fc58d09bedff7e26f834f731f
1f9d1-1f3fd-200d-1f3a4.png	1F9D1-1F3FD-200D-1F3A4.png	39dc358ace9b6c1a8ed0854c4048898f78c20a5c04615c5ebe8bf585e940dcf2	39dc358ace9b6c1a8ed0854c4048898f78c20a5c04615c5ebe8bf585e940dcf2
1f9d1-1f3fd-200d-1f3a8.png	1F9D1-1F3FD-200D-1F3A8.png	5f37efc58f534744becdbc72cc0de2fb53018ab312d774c725512a864d58ac9c	5f37efc58f534744becdbc72cc0de2fb53018ab312d774c725512a864d58ac9c
1f9d1-1f3fd-200d-1f3eb.png	1F9D1-1F3FD-200D-1F3EB.png	c588b0215c7a5ab49ccf740811606fa4f4e2eddff85e973e252204953a91402a	c588b0215c7a5ab49ccf740811606fa4f4e2eddff85e973e252204953a91402a
1f9d1-1f3fd-200d-1f3ed.png	1F9D1-1F3FD-200D-1F3ED.png	3df5282b4061a5542e9fba17a23fcbb0e8d19e9830a9b3805f8263b60696fc04	3df5282b4061a5542e9fba17a23fcbb0e8d19e9830a9b3805f8263b60696fc04
1f9d1-1f3fd-200d-1f430-200d-1f9d1-1f3fb.png	1F9D1-1F3FD-200D-1F430-200D-1F9D1-1F3FB.png	d5b52a156741e212a6948d0dde1ccc384c34ba2386d204bfe1346868ad905d06	d5b52a156741e212a6948d0dde1ccc384c34ba2386d204bfe1346868ad905d06
1f9d1-1f3fd-200d-1f430-200d-1f9d1-1f3fc.png	1F9D1-1F3FD-200D-1F430-200D-1F9D1-1F3FC.png	d5b52a156741e212a6948d0dde1ccc384c34ba2386d204bfe1346868ad905d06	d5b52a156741e212a6948d0dde1ccc384c34ba2386d204bfe1346868ad905d06
1f9d1-1f3fd-200d-1f430-200d-1f9d1-1f3fe.png	1F9D1-1F3FD-200D-1F430-200D-1F9D1-1F3FE.png	d5b52a156741e212a6948d0dde1ccc384c34ba2386d204bfe1346868ad905d06	d5b52a156741e212a6948d0dde1ccc384c34ba2386d204bfe1346868ad905d06
1f9d1-1f3fd-200d-1f430-200d-1f9d1-1f3ff.png	1F9D1-1F3FD-200D-1F430-200D-1F9D1-1F3FF.png	d5b52a156741e212a6948d0dde1ccc384c34ba2386d204bfe1346868ad905d06	d5b52a156741e212a6948d0dde1ccc384c34ba2386d204bfe1346868ad905d06
1f9d1-1f3fd-200d-1f4bb.png	1F9D1-1F3FD-200D-1F4BB.png	d2cb947d3facd69978f84fa4d57510bc6eea2b25ac2f00e877bfa97a4574e29d	d2cb947d3facd69978f84fa4d57510bc6eea2b25ac2f00e877bfa97a4574e29d
1f9d1-1f3fd-200d-1f4bc.png	1F9D1-1F3FD-200D-1F4BC.png	f47eb9dde4d307cb1fc7eebd6ed6c48710984188320ec7e6d9396841386bb4dc	f47eb9dde4d307cb1fc7eebd6ed6c48710984188320ec7e6d9396841386bb4dc
1f9d1-1f3fd-200d-1f527.png	1F9D1-1F3FD-200D-1F527.png	811241912568d39cb283caaea233b36e2624303ac5e3ae9b3f2130a48be7a23d	811241912568d39cb283caaea233b36e2624303ac5e3ae9b3f2130a48be7a23d
1f9d1-1f3fd-200d-1f52c.png	1F9D1-1F3FD-200D-1F52C.png	565f7c56e0655469942a3b461fec293a10d0442bb069929f04032a3a8b7bf39c	565f7c56e0655469942a3b461fec293a10d0442bb069929f04032a3a8b7bf39c
1f9d1-1f3fd-200d-1f680.png	1F9D1-1F3FD-200D-1F680.png	adca230483da74f5380760ccc2f1547a1f267527e38cc37563b6810cc1d3b128	adca230483da74f5380760ccc2f1547a1f267527e38cc37563b6810cc1d3b128
1f9d1-1f3fd-200d-1f692.png	1F9D1-1F3FD-200D-1F692.png	bc29b2bf91fb4d0bbe532863dac69c1a2531c0eb061a01c837defb0907283d52	bc29b2bf91fb4d0bbe532863dac69c1a2531c0eb061a01c837defb0907283d52
1f9d1-1f3fd-200d-1f91d-200d-1f9d1-1f3fb.png	1F9D1-1F3FD-200D-1F91D-200D-1F9D1-1F3FB.png	e20063586ce8867e0597f84f8a80b2bb5c0c2fb53d2e2fb47c3df6e2c4cd353b	e20063586ce8867e0597f84f8a80b2bb5c0c2fb53d2e2fb47c3df6e2c4cd353b
1f9d1-1f3fd-200d-1f91d-200d-1f9d1-1f3fc.png	1F9D1-1F3FD-200D-1F91D-200D-1F9D1-1F3FC.png	aa63a5959d7822e5075f1dc04a7b5a2bdab8977b370afd393b40417cff95361d	aa63a5959d7822e5075f1dc04a7b5a2bdab8977b370afd393b40417cff95361d
1f9d1-1f3fd-200d-1f91d-200d-1f9d1-1f3fd.png	1F9D1-1F3FD-200D-1F91D-200D-1F9D1-1F3FD.png	c21723feb4ae913f245c15fbb02bf1ccfe1b8419b8edfe70d2d7f18b35a98df1	c21723feb4ae913f245c15fbb02bf1ccfe1b8419b8edfe70d2d7f18b35a98df1
1f9d1-1f3fd-200d-1f91d-200d-1f9d1-1f3fe.png	1F9D1-1F3FD-200D-1F91D-200D-1F9D1-1F3FE.png	1d5d88b60ff762fc5e4f29a6f8a32ecec944689c6df1582e8b3da273e34a9fbc	1d5d88b60ff762fc5e4f29a6f8a32ecec944689c6df1582e8b3da273e34a9fbc
1f9d1-1f3fd-200d-1f91d-200d-1f9d1-1f3ff.png	1F9D1-1F3FD-200D-1F91D-200D-1F9D1-1F3FF.png	9c675ca3ed992e07815a08976bf12b041f85f18df159d3462806b2a2b205e00b	9c675ca3ed992e07815a08976bf12b041f85f18df159d3462806b2a2b205e00b
1f9d1-1f3fd-200d-1f9af.png	1F9D1-1F3FD-200D-1F9AF.png	7cb3e5085b90d61644416fe6c49f0f934e8fcbda7c9c3e8977a3c96ad02c2cbc	7cb3e5085b90d61644416fe6c49f0f934e8fcbda7c9c3e8977a3c96ad02c2cbc
1f9d1-1f3fd-200d-1f9af-200d-27a1.png	1F9D1-1F3FD-200D-1F9AF-200D-27A1-FE0F.png	bd6c2f38cd8f902bb3d8fce0e0f3d90dccf2847a023cab30ea6fa176971e7b39	bd6c2f38cd8f902bb3d8fce0e0f3d90dccf2847a023cab30ea6fa176971e7b39
1f9d1-1f3fd-200d-1f9b0.png	1F9D1-1F3FD-200D-1F9B0.png	32a71fbc9227a093e1b2a4200f537b8637c299017204a5b2385101f90999b079	32a71fbc9227a093e1b2a4200f537b8637c299017204a5b2385101f90999b079
1f9d1-1f3fd-200d-1f9b1.png	1F9D1-1F3FD-200D-1F9B1.png	11814346341e1d2eed9bb4e039fc780ff6e8e8017e3f254df8b21748041f1559	11814346341e1d2eed9bb4e039fc780ff6e8e8017e3f254df8b21748041f1559
1f9d1-1f3fd-200d-1f9b2.png	1F9D1-1F3FD-200D-1F9B2.png	4e3ec5555133deca618348b94728c64b45c4ea254aeeaa37eb652fa7385653c2	4e3ec5555133deca618348b94728c64b45c4ea254aeeaa37eb652fa7385653c2
1f9d1-1f3fd-200d-1f9b3.png	1F9D1-1F3FD-200D-1F9B3.png	eeb8b53cf3db6bda7337f664562cb1493e98cc92e7087a2549381f94f5f8bb85	eeb8b53cf3db6bda7337f664562cb1493e98cc92e7087a2549381f94f5f8bb85
1f9d1-1f3fd-200d-1f9bc.png	1F9D1-1F3FD-200D-1F9BC.png	e3679cfa17a47ea38914d7e758f5b6a62b7f54dbe89b647c10a7645e0b800c6f	e3679cfa17a47ea38914d7e758f5b6a62b7f54dbe89b647c10a7645e0b800c6f
1f9d1-1f3fd-200d-1f9bc-200d-27a1.png	1F9D1-1F3FD-200D-1F9BC-200D-27A1-FE0F.png	0ebfcf4b51c6575774ff2ebb41026223bca43418aeacf9cbff43e7222184d57f	0ebfcf4b51c6575774ff2ebb41026223bca43418aeacf9cbff43e7222184d57f
1f9d1-1f3fd-200d-1f9bd.png	1F9D1-1F3FD-200D-1F9BD.png	857a92e07c2b56b852acec62262b62d03a8be6fee0cd101db132d203184b8646	857a92e07c2b56b852acec62262b62d03a8be6fee0cd101db132d203184b8646
1f9d1-1f3fd-200d-1f9bd-200d-27a1.png	1F9D1-1F3FD-200D-1F9BD-200D-27A1-FE0F.png	6bdac727802d7ec8379693ce3bd903c91d1336c7cbeabf4811ace25b7063f57e	6bdac727802d7ec8379693ce3bd903c91d1336c7cbeabf4811ace25b7063f57e
1f9d1-1f3fd-200d-1fa70.png	1F9D1-1F3FD-200D-1FA70.png	9faa39c80e58c28dccd751708e91b2bcf3ca8f827226d1674ef868f634e30df2	9faa39c80e58c28dccd751708e91b2bcf3ca8f827226d1674ef868f634e30df2
1f9d1-1f3fd-200d-1faef-200d-1f9d1-1f3fb.png	1F9D1-1F3FD-200D-1FAEF-200D-1F9D1-1F3FB.png	d11b3a7d034bfe65df9aa50ed1fb1cd0da27cde4ec37445c931bfc8cbea2bb24	d11b3a7d034bfe65df9aa50ed1fb1cd0da27cde4ec37445c931bfc8cbea2bb24
1f9d1-1f3fd-200d-1faef-200d-1f9d1-1f3fc.png	1F9D1-1F3FD-200D-1FAEF-200D-1F9D1-1F3FC.png	d11b3a7d034bfe65df9aa50ed1fb1cd0da27cde4ec37445c931bfc8cbea2bb24	d11b3a7d034bfe65df9aa50ed1fb1cd0da27cde4ec37445c931bfc8cbea2bb24
1f9d1-1f3fd-200d-1faef-200d-1f9d1-1f3fe.png	1F9D1-1F3FD-200D-1FAEF-200D-1F9D1-1F3FE.png	d11b3a7d034bfe65df9aa50ed1fb1cd0da27cde4ec37445c931bfc8cbea2bb24	d11b3a7d034bfe65df9aa50ed1fb1cd0da27cde4ec37445c931bfc8cbea2bb24
1f9d1-1f3fd-200d-1faef-200d-1f9d1-1f3ff.png	1F9D1-1F3FD-200D-1FAEF-200D-1F9D1-1F3FF.png	d11b3a7d034bfe65df9aa50ed1fb1cd0da27cde4ec37445c931bfc8cbea2bb24	d11b3a7d034bfe65df9aa50ed1fb1cd0da27cde4ec37445c931bfc8cbea2bb24
1f9d1-1f3fd-200d-2695.png	1F9D1-1F3FD-200D-2695-FE0F.png	6e284bda2cdfd7e3481c4aeeee0e7a76bd1cf2af5c9ec4743332b9eab3a05f1d	6e284bda2cdfd7e3481c4aeeee0e7a76bd1cf2af5c9ec4743332b9eab3a05f1d
1f9d1-1f3fd-200d-2696.png	1F9D1-1F3FD-200D-2696-FE0F.png	d41759723a3891e782319081d183f48b8e4c85c1f8834435ba1f7907449237aa	d41759723a3891e782319081d183f48b8e4c85c1f8834435ba1f7907449237aa
1f9d1-1f3fd-200d-2708.png	1F9D1-1F3FD-200D-2708-FE0F.png	58b327890ab8cd2f64e4b8a10179a2d49ae11ef64f8829d3750d4530224a3eeb	58b327890ab8cd2f64e4b8a10179a2d49ae11ef64f8829d3750d4530224a3eeb
1f9d1-1f3fd-200d-2764-200d-1f48b-200d-1f9d1-1f3fb.png	1F9D1-1F3FD-200D-2764-FE0F-200D-1F48B-200D-1F9D1-1F3FB.png	e5443f6cc2ce717f458e6c8a44fea087b3dc4472b457b3a2dcee2679fca06090	e5443f6cc2ce717f458e6c8a44fea087b3dc4472b457b3a2dcee2679fca06090
1f9d1-1f3fd-200d-2764-200d-1f48b-200d-1f9d1-1f3fc.png	1F9D1-1F3FD-200D-2764-FE0F-200D-1F48B-200D-1F9D1-1F3FC.png	2831a24b02360f4e9482ba8a002be9070cc3a647103016164fce5f417d05e2fe	2831a24b02360f4e9482ba8a002be9070cc3a647103016164fce5f417d05e2fe
1f9d1-1f3fd-200d-2764-200d-1f48b-200d-1f9d1-1f3fe.png	1F9D1-1F3FD-200D-2764-FE0F-200D-1F48B-200D-1F9D1-1F3FE.png	a648b35ee2dd0ebc07bf645e805fcf1dffe4d648fcae23a038c7b73a3c9ae3c3	a648b35ee2dd0ebc07bf645e805fcf1dffe4d648fcae23a038c7b73a3c9ae3c3
1f9d1-1f3fd-200d-2764-200d-1f48b-200d-1f9d1-1f3ff.png	1F9D1-1F3FD-200D-2764-FE0F-200D-1F48B-200D-1F9D1-1F3FF.png	31c214b13a8cbbcfa8aa6e5750a6a7e1ca930cdf2eafd816b1b3ceab11e538fb	31c214b13a8cbbcfa8aa6e5750a6a7e1ca930cdf2eafd816b1b3ceab11e538fb
1f9d1-1f3fd-200d-2764-200d-1f9d1-1f3fb.png	1F9D1-1F3FD-200D-2764-FE0F-200D-1F9D1-1F3FB.png	e8806d6260e9b62b5f419de289311bc3c92c51ce07b024d4e4e28ab9cb8dafcc	e8806d6260e9b62b5f419de289311bc3c92c51ce07b024d4e4e28ab9cb8dafcc
1f9d1-1f3fd-200d-2764-200d-1f9d1-1f3fc.png	1F9D1-1F3FD-200D-2764-FE0F-200D-1F9D1-1F3FC.png	b22cfff9b5a010fed25e810c22d45a14127fd82106c7ab99a31e2eeed7935513	b22cfff9b5a010fed25e810c22d45a14127fd82106c7ab99a31e2eeed7935513
1f9d1-1f3fd-200d-2764-200d-1f9d1-1f3fe.png	1F9D1-1F3FD-200D-2764-FE0F-200D-1F9D1-1F3FE.png	bfe7f15e78acd8be91b7f318a0f9af0b76553fe8b061d0d531a256b04e2dacfa	bfe7f15e78acd8be91b7f318a0f9af0b76553fe8b061d0d531a256b04e2dacfa
1f9d1-1f3fd-200d-2764-200d-1f9d1-1f3ff.png	1F9D1-1F3FD-200D-2764-FE0F-200D-1F9D1-1F3FF.png	128ebe73ed3815397aadcafceb1300968600583494862a888dde7aa42dc05439	128ebe73ed3815397aadcafceb1300968600583494862a888dde7aa42dc05439
1f9d1-1f3fe.png	1F9D1-1F3FE.png	2d9d906925dbf221e614652ed1222f1e9fb8abbd54b240dff146b9fd71bd5a0e	2d9d906925dbf221e614652ed1222f1e9fb8abbd54b240dff146b9fd71bd5a0e
1f9d1-1f3fe-200d-1f33e.png	1F9D1-1F3FE-200D-1F33E.png	505492935dde8adeadd8da573d7f04f0b44de8ed518747d36f510ec4a4c088ee	505492935dde8adeadd8da573d7f04f0b44de8ed518747d36f510ec4a4c088ee
1f9d1-1f3fe-200d-1f373.png	1F9D1-1F3FE-200D-1F373.png	dc1231e095a41f7d17c4dba34490569b1fa30621ec1a39ad410405cd92a1c3d8	dc1231e095a41f7d17c4dba34490569b1fa30621ec1a39ad410405cd92a1c3d8
1f9d1-1f3fe-200d-1f37c.png	1F9D1-1F3FE-200D-1F37C.png	0e7996cfeb71f5add9a4d5f489b3f5eaa06ade2f815c2603b4a17fbf15178dc6	0e7996cfeb71f5add9a4d5f489b3f5eaa06ade2f815c2603b4a17fbf15178dc6
1f9d1-1f3fe-200d-1f384.png	1F9D1-1F3FE-200D-1F384.png	b20ee5025b4f44b263b4420afcf3e91ad9c817bb70a77939574d800e8591b1a3	b20ee5025b4f44b263b4420afcf3e91ad9c817bb70a77939574d800e8591b1a3
1f9d1-1f3fe-200d-1f393.png	1F9D1-1F3FE-200D-1F393.png	d9216c1be6c562b4561e7ee7f330d8b1a01cf572b9cc8b5063bc3bde0c225a98	d9216c1be6c562b4561e7ee7f330d8b1a01cf572b9cc8b5063bc3bde0c225a98
1f9d1-1f3fe-200d-1f3a4.png	1F9D1-1F3FE-200D-1F3A4.png	b3bede3eccbfa80b4d100824df2aae55911dd7c7f1af40ea45366c8276363e41	b3bede3eccbfa80b4d100824df2aae55911dd7c7f1af40ea45366c8276363e41
1f9d1-1f3fe-200d-1f3a8.png	1F9D1-1F3FE-200D-1F3A8.png	19c94d3026c420843b68e457b86a6ccadd057fc8a578e7e7c4e74d7eb16f41e0	19c94d3026c420843b68e457b86a6ccadd057fc8a578e7e7c4e74d7eb16f41e0
1f9d1-1f3fe-200d-1f3eb.png	1F9D1-1F3FE-200D-1F3EB.png	6ec8ced437eb6330a048a4e4a6cf87159a90e492c1838fef1696e0673d072e6b	6ec8ced437eb6330a048a4e4a6cf87159a90e492c1838fef1696e0673d072e6b
1f9d1-1f3fe-200d-1f3ed.png	1F9D1-1F3FE-200D-1F3ED.png	9bc526f3fd06ce72f3d5c5564b17d35913e6bc398f563d38ae4f8b1307c342ea	9bc526f3fd06ce72f3d5c5564b17d35913e6bc398f563d38ae4f8b1307c342ea
1f9d1-1f3fe-200d-1f430-200d-1f9d1-1f3fb.png	1F9D1-1F3FE-200D-1F430-200D-1F9D1-1F3FB.png	d5b52a156741e212a6948d0dde1ccc384c34ba2386d204bfe1346868ad905d06	d5b52a156741e212a6948d0dde1ccc384c34ba2386d204bfe1346868ad905d06
1f9d1-1f3fe-200d-1f430-200d-1f9d1-1f3fc.png	1F9D1-1F3FE-200D-1F430-200D-1F9D1-1F3FC.png	d5b52a156741e212a6948d0dde1ccc384c34ba2386d204bfe1346868ad905d06	d5b52a156741e212a6948d0dde1ccc384c34ba2386d204bfe1346868ad905d06
1f9d1-1f3fe-200d-1f430-200d-1f9d1-1f3fd.png	1F9D1-1F3FE-200D-1F430-200D-1F9D1-1F3FD.png	d5b52a156741e212a6948d0dde1ccc384c34ba2386d204bfe1346868ad905d06	d5b52a156741e212a6948d0dde1ccc384c34ba2386d204bfe1346868ad905d06
1f9d1-1f3fe-200d-1f430-200d-1f9d1-1f3ff.png	1F9D1-1F3FE-200D-1F430-200D-1F9D1-1F3FF.png	d5b52a156741e212a6948d0dde1ccc384c34ba2386d204bfe1346868ad905d06	d5b52a156741e212a6948d0dde1ccc384c34ba2386d204bfe1346868ad905d06
1f9d1-1f3fe-200d-1f4bb.png	1F9D1-1F3FE-200D-1F4BB.png	332cd683c025eff5e31ca83c077e2754f65cbfef3973f1e71f466bdf26e30cad	332cd683c025eff5e31ca83c077e2754f65cbfef3973f1e71f466bdf26e30cad
1f9d1-1f3fe-200d-1f4bc.png	1F9D1-1F3FE-200D-1F4BC.png	ac291e731d5a6db76a52b09ebfb79fa09aad459c3a0f0823a56d96b35441ee9a	ac291e731d5a6db76a52b09ebfb79fa09aad459c3a0f0823a56d96b35441ee9a
1f9d1-1f3fe-200d-1f527.png	1F9D1-1F3FE-200D-1F527.png	969f95e7e7e5df55c724482ff11b0e12f442b224ad57ff7cb5759b48a9ad249a	969f95e7e7e5df55c724482ff11b0e12f442b224ad57ff7cb5759b48a9ad249a
1f9d1-1f3fe-200d-1f52c.png	1F9D1-1F3FE-200D-1F52C.png	c48fc9d692752d11b683b810397a8af3b556d5f34d78864e36124df6d8546170	c48fc9d692752d11b683b810397a8af3b556d5f34d78864e36124df6d8546170
1f9d1-1f3fe-200d-1f680.png	1F9D1-1F3FE-200D-1F680.png	434495fc9b1c2c5f843ac8bb83f22b187e39ec97228bc546e43acbd8e3722716	434495fc9b1c2c5f843ac8bb83f22b187e39ec97228bc546e43acbd8e3722716
1f9d1-1f3fe-200d-1f692.png	1F9D1-1F3FE-200D-1F692.png	a14be801add313993e7480f0417226f1bc79f5e595908fb2935682c9ff65a125	a14be801add313993e7480f0417226f1bc79f5e595908fb2935682c9ff65a125
1f9d1-1f3fe-200d-1f91d-200d-1f9d1-1f3fb.png	1F9D1-1F3FE-200D-1F91D-200D-1F9D1-1F3FB.png	c6856747d01e90a09cc5a4929d48000e2372bd8f73154ce9cfb0d23ccc720e3f	c6856747d01e90a09cc5a4929d48000e2372bd8f73154ce9cfb0d23ccc720e3f
1f9d1-1f3fe-200d-1f91d-200d-1f9d1-1f3fc.png	1F9D1-1F3FE-200D-1F91D-200D-1F9D1-1F3FC.png	26325f2e50533ae5e0591eac9271aa646c2a17b1ee5e8dfa462955503f531352	26325f2e50533ae5e0591eac9271aa646c2a17b1ee5e8dfa462955503f531352
1f9d1-1f3fe-200d-1f91d-200d-1f9d1-1f3fd.png	1F9D1-1F3FE-200D-1F91D-200D-1F9D1-1F3FD.png	aa182f896629cc37f7876ba7b51515fe6d2cb47360e43b359d2b5f2a863e3564	aa182f896629cc37f7876ba7b51515fe6d2cb47360e43b359d2b5f2a863e3564
1f9d1-1f3fe-200d-1f91d-200d-1f9d1-1f3fe.png	1F9D1-1F3FE-200D-1F91D-200D-1F9D1-1F3FE.png	70c408574d5213dcf647dd7fc32e8b2091ef0f6fe312b2a6352b64f79006057c	70c408574d5213dcf647dd7fc32e8b2091ef0f6fe312b2a6352b64f79006057c
1f9d1-1f3fe-200d-1f91d-200d-1f9d1-1f3ff.png	1F9D1-1F3FE-200D-1F91D-200D-1F9D1-1F3FF.png	2fbc3412ef9e80412963da79afb067c18bbaa4d338ab11798c7f2508c8442e20	2fbc3412ef9e80412963da79afb067c18bbaa4d338ab11798c7f2508c8442e20
1f9d1-1f3fe-200d-1f9af.png	1F9D1-1F3FE-200D-1F9AF.png	9f309cb38c9a22e55e287b7a7627c81ec6b87a8d4b23c8129d0e4f38e620f3b4	9f309cb38c9a22e55e287b7a7627c81ec6b87a8d4b23c8129d0e4f38e620f3b4
1f9d1-1f3fe-200d-1f9af-200d-27a1.png	1F9D1-1F3FE-200D-1F9AF-200D-27A1-FE0F.png	33ee881ab965927cb06167f8595b3822ed4b3b27c2fbd390fdbbab4d0db5496a	33ee881ab965927cb06167f8595b3822ed4b3b27c2fbd390fdbbab4d0db5496a
1f9d1-1f3fe-200d-1f9b0.png	1F9D1-1F3FE-200D-1F9B0.png	361160158ceeb952aae72f134fe6ff9f65deb0ad79e3e42e3d93fb7e78fb7adc	361160158ceeb952aae72f134fe6ff9f65deb0ad79e3e42e3d93fb7e78fb7adc
1f9d1-1f3fe-200d-1f9b1.png	1F9D1-1F3FE-200D-1F9B1.png	da75af170454a1e1eb65ff973f0e3ad1938e6b66711a2e7cdbb19315b0f22e2b	da75af170454a1e1eb65ff973f0e3ad1938e6b66711a2e7cdbb19315b0f22e2b
1f9d1-1f3fe-200d-1f9b2.png	1F9D1-1F3FE-200D-1F9B2.png	2a0b54441afc0ec9b52a89bb419564312f50093879ea6e1528b8625d4dad3bae	2a0b54441afc0ec9b52a89bb419564312f50093879ea6e1528b8625d4dad3bae
1f9d1-1f3fe-200d-1f9b3.png	1F9D1-1F3FE-200D-1F9B3.png	91f70dab0fa91ae8290223022bfda4fac35c742ff895edb80d71f44e5f189363	91f70dab0fa91ae8290223022bfda4fac35c742ff895edb80d71f44e5f189363
1f9d1-1f3fe-200d-1f9bc.png	1F9D1-1F3FE-200D-1F9BC.png	6d319418f82a9a87bb915e54992b465b39e53ed8e02129118af450ef428711d4	6d319418f82a9a87bb915e54992b465b39e53ed8e02129118af450ef428711d4
1f9d1-1f3fe-200d-1f9bc-200d-27a1.png	1F9D1-1F3FE-200D-1F9BC-200D-27A1-FE0F.png	459c7c14c9fca5dd5ad2e47aa571306cc509219be39db6a73277dc801ccf6a17	459c7c14c9fca5dd5ad2e47aa571306cc509219be39db6a73277dc801ccf6a17
1f9d1-1f3fe-200d-1f9bd.png	1F9D1-1F3FE-200D-1F9BD.png	9f459ae5acaa24367ff5a75b5b5f8045b48daab1d7a51449ef55567453131c50	9f459ae5acaa24367ff5a75b5b5f8045b48daab1d7a51449ef55567453131c50
1f9d1-1f3fe-200d-1f9bd-200d-27a1.png	1F9D1-1F3FE-200D-1F9BD-200D-27A1-FE0F.png	1752cffe628044a58ad000ec70dced6470119b6049c0412a7eb8494e4f6cbf75	1752cffe628044a58ad000ec70dced6470119b6049c0412a7eb8494e4f6cbf75
1f9d1-1f3fe-200d-1fa70.png	1F9D1-1F3FE-200D-1FA70.png	1784cdb917ee576678e827b1bff3857eb2901e8a185a60f2b2495195ea661f31	1784cdb917ee576678e827b1bff3857eb2901e8a185a60f2b2495195ea661f31
1f9d1-1f3fe-200d-1faef-200d-1f9d1-1f3fb.png	1F9D1-1F3FE-200D-1FAEF-200D-1F9D1-1F3FB.png	d11b3a7d034bfe65df9aa50ed1fb1cd0da27cde4ec37445c931bfc8cbea2bb24	d11b3a7d034bfe65df9aa50ed1fb1cd0da27cde4ec37445c931bfc8cbea2bb24
1f9d1-1f3fe-200d-1faef-200d-1f9d1-1f3fc.png	1F9D1-1F3FE-200D-1FAEF-200D-1F9D1-1F3FC.png	d11b3a7d034bfe65df9aa50ed1fb1cd0da27cde4ec37445c931bfc8cbea2bb24	d11b3a7d034bfe65df9aa50ed1fb1cd0da27cde4ec37445c931bfc8cbea2bb24
1f9d1-1f3fe-200d-1faef-200d-1f9d1-1f3fd.png	1F9D1-1F3FE-200D-1FAEF-200D-1F9D1-1F3FD.png	d11b3a7d034bfe65df9aa50ed1fb1cd0da27cde4ec37445c931bfc8cbea2bb24	d11b3a7d034bfe65df9aa50ed1fb1cd0da27cde4ec37445c931bfc8cbea2bb24
1f9d1-1f3fe-200d-1faef-200d-1f9d1-1f3ff.png	1F9D1-1F3FE-200D-1FAEF-200D-1F9D1-1F3FF.png	d11b3a7d034bfe65df9aa50ed1fb1cd0da27cde4ec37445c931bfc8cbea2bb24	d11b3a7d034bfe65df9aa50ed1fb1cd0da27cde4ec37445c931bfc8cbea2bb24
1f9d1-1f3fe-200d-2695.png	1F9D1-1F3FE-200D-2695-FE0F.png	c045fa4a694823b6050d3c49b60f0cf7d952b178798a85f5eb8d3bf025ffdf22	c045fa4a694823b6050d3c49b60f0cf7d952b178798a85f5eb8d3bf025ffdf22
1f9d1-1f3fe-200d-2696.png	1F9D1-1F3FE-200D-2696-FE0F.png	dfe65d0168def0c1fbbbc84847debc48f80d0c69a721102fa3b79ff6802c23d0	dfe65d0168def0c1fbbbc84847debc48f80d0c69a721102fa3b79ff6802c23d0
1f9d1-1f3fe-200d-2708.png	1F9D1-1F3FE-200D-2708-FE0F.png	bc24b49a9ef139cbfb71669c542544e8e933f9cb396d5be2ba4e8d722368d016	bc24b49a9ef139cbfb71669c542544e8e933f9cb396d5be2ba4e8d722368d016
1f9d1-1f3fe-200d-2764-200d-1f48b-200d-1f9d1-1f3fb.png	1F9D1-1F3FE-200D-2764-FE0F-200D-1F48B-200D-1F9D1-1F3FB.png	277930437aacadf054c6eb37ca55d348e822a5ae83b0e2a81faac44133d09171	277930437aacadf054c6eb37ca55d348e822a5ae83b0e2a81faac44133d09171
1f9d1-1f3fe-200d-2764-200d-1f48b-200d-1f9d1-1f3fc.png	1F9D1-1F3FE-200D-2764-FE0F-200D-1F48B-200D-1F9D1-1F3FC.png	d68cb15e88f25d0231d7406fb2d4757e8bca3bf59ad73f1c1c571e88509ba5e9	d68cb15e88f25d0231d7406fb2d4757e8bca3bf59ad73f1c1c571e88509ba5e9
1f9d1-1f3fe-200d-2764-200d-1f48b-200d-1f9d1-1f3fd.png	1F9D1-1F3FE-200D-2764-FE0F-200D-1F48B-200D-1F9D1-1F3FD.png	44822ad6dac1f78c4efc32dfb5b1f99e26fa9f35e90b736426a64249575f0c45	44822ad6dac1f78c4efc32dfb5b1f99e26fa9f35e90b736426a64249575f0c45
1f9d1-1f3fe-200d-2764-200d-1f48b-200d-1f9d1-1f3ff.png	1F9D1-1F3FE-200D-2764-FE0F-200D-1F48B-200D-1F9D1-1F3FF.png	d06c9f94cf750dc587b662e000e566ba2cddbf7ecbaaa0291e4180e10f20cc30	d06c9f94cf750dc587b662e000e566ba2cddbf7ecbaaa0291e4180e10f20cc30
1f9d1-1f3fe-200d-2764-200d-1f9d1-1f3fb.png	1F9D1-1F3FE-200D-2764-FE0F-200D-1F9D1-1F3FB.png	4179a4a3e2a1788542679f0aee61e06e184abd33a849a6f2691f494ecd362fdf	4179a4a3e2a1788542679f0aee61e06e184abd33a849a6f2691f494ecd362fdf
1f9d1-1f3fe-200d-2764-200d-1f9d1-1f3fc.png	1F9D1-1F3FE-200D-2764-FE0F-200D-1F9D1-1F3FC.png	5d60a5b245aed2a0d53cfa66107b57936d6cc80a9dfb198fd628cda0841a9f80	5d60a5b245aed2a0d53cfa66107b57936d6cc80a9dfb198fd628cda0841a9f80
1f9d1-1f3fe-200d-2764-200d-1f9d1-1f3fd.png	1F9D1-1F3FE-200D-2764-FE0F-200D-1F9D1-1F3FD.png	bd4ba7b2104003fb37dc111359bc4682db939f33def4fc6624b65449f2289c6a	bd4ba7b2104003fb37dc111359bc4682db939f33def4fc6624b65449f2289c6a
1f9d1-1f3fe-200d-2764-200d-1f9d1-1f3ff.png	1F9D1-1F3FE-200D-2764-FE0F-200D-1F9D1-1F3FF.png	c78abaf98718db5c6fe2dabe7b1c929b5fdf0ca2f7bc68b69ebfaec858c8cf77	c78abaf98718db5c6fe2dabe7b1c929b5fdf0ca2f7bc68b69ebfaec858c8cf77
1f9d1-1f3ff.png	1F9D1-1F3FF.png	04a88eb539529531ed4e4fa4ad4a35c4a2df575c53a27fe01f9ec7c82473edb3	04a88eb539529531ed4e4fa4ad4a35c4a2df575c53a27fe01f9ec7c82473edb3
1f9d1-1f3ff-200d-1f33e.png	1F9D1-1F3FF-200D-1F33E.png	3d89f135a982fd3c679ebc6b5c8459360fa5c66cb61d0882ec54f8b480959383	3d89f135a982fd3c679ebc6b5c8459360fa5c66cb61d0882ec54f8b480959383
1f9d1-1f3ff-200d-1f373.png	1F9D1-1F3FF-200D-1F373.png	3d76233fadbd8fb7e988548b01483adf1d6a20b016f8ebecb719db695016b366	3d76233fadbd8fb7e988548b01483adf1d6a20b016f8ebecb719db695016b366
1f9d1-1f3ff-200d-1f37c.png	1F9D1-1F3FF-200D-1F37C.png	888f79bb05fe127c3a398d2f34141e6371aa12f32fea796af1e2529db5ab215e	888f79bb05fe127c3a398d2f34141e6371aa12f32fea796af1e2529db5ab215e
1f9d1-1f3ff-200d-1f384.png	1F9D1-1F3FF-200D-1F384.png	8fe86f5d1d5efb5cae2d3eb10a822225ec177a2aee7d3654e181c18aa68e5e05	8fe86f5d1d5efb5cae2d3eb10a822225ec177a2aee7d3654e181c18aa68e5e05
1f9d1-1f3ff-200d-1f393.png	1F9D1-1F3FF-200D-1F393.png	30d2040b33f4b4acbbaf67274df47ea5be10271cd12a88b8cafe21e8b1a6edbc	30d2040b33f4b4acbbaf67274df47ea5be10271cd12a88b8cafe21e8b1a6edbc
1f9d1-1f3ff-200d-1f3a4.png	1F9D1-1F3FF-200D-1F3A4.png	dfa3b720c58a906dfe8873c9c7ac6f23aa9063ee9b653c20f9b71e532c54eec6	dfa3b720c58a906dfe8873c9c7ac6f23aa9063ee9b653c20f9b71e532c54eec6
1f9d1-1f3ff-200d-1f3a8.png	1F9D1-1F3FF-200D-1F3A8.png	19685c2ac4937d6607a8b5749cc37e93bdad39f2cc94270426e45e694e033b26	19685c2ac4937d6607a8b5749cc37e93bdad39f2cc94270426e45e694e033b26
1f9d1-1f3ff-200d-1f3eb.png	1F9D1-1F3FF-200D-1F3EB.png	1d9151b9b3a6b23ad1cd33bdbce33d9e9afadcfa916d9296c168d2b9c5d15f36	1d9151b9b3a6b23ad1cd33bdbce33d9e9afadcfa916d9296c168d2b9c5d15f36
1f9d1-1f3ff-200d-1f3ed.png	1F9D1-1F3FF-200D-1F3ED.png	1dddba373e914ea9a5846ee841bc9628194f5f0e2f9d550bddad56ff204a55d5	1dddba373e914ea9a5846ee841bc9628194f5f0e2f9d550bddad56ff204a55d5
1f9d1-1f3ff-200d-1f430-200d-1f9d1-1f3fb.png	1F9D1-1F3FF-200D-1F430-200D-1F9D1-1F3FB.png	d5b52a156741e212a6948d0dde1ccc384c34ba2386d204bfe1346868ad905d06	d5b52a156741e212a6948d0dde1ccc384c34ba2386d204bfe1346868ad905d06
1f9d1-1f3ff-200d-1f430-200d-1f9d1-1f3fc.png	1F9D1-1F3FF-200D-1F430-200D-1F9D1-1F3FC.png	d5b52a156741e212a6948d0dde1ccc384c34ba2386d204bfe1346868ad905d06	d5b52a156741e212a6948d0dde1ccc384c34ba2386d204bfe1346868ad905d06
1f9d1-1f3ff-200d-1f430-200d-1f9d1-1f3fd.png	1F9D1-1F3FF-200D-1F430-200D-1F9D1-1F3FD.png	d5b52a156741e212a6948d0dde1ccc384c34ba2386d204bfe1346868ad905d06	d5b52a156741e212a6948d0dde1ccc384c34ba2386d204bfe1346868ad905d06
1f9d1-1f3ff-200d-1f430-200d-1f9d1-1f3fe.png	1F9D1-1F3FF-200D-1F430-200D-1F9D1-1F3FE.png	d5b52a156741e212a6948d0dde1ccc384c34ba2386d204bfe1346868ad905d06	d5b52a156741e212a6948d0dde1ccc384c34ba2386d204bfe1346868ad905d06
1f9d1-1f3ff-200d-1f4bb.png	1F9D1-1F3FF-200D-1F4BB.png	8631eddd48bd2a42b91a49d908f885992487072bcaa506a55b8985eea111bf3b	8631eddd48bd2a42b91a49d908f885992487072bcaa506a55b8985eea111bf3b
1f9d1-1f3ff-200d-1f4bc.png	1F9D1-1F3FF-200D-1F4BC.png	b1a31d8c5a4849eeff68d27400d1491b697d8a187c9acd9cee3a9680d28dcbc0	b1a31d8c5a4849eeff68d27400d1491b697d8a187c9acd9cee3a9680d28dcbc0
1f9d1-1f3ff-200d-1f527.png	1F9D1-1F3FF-200D-1F527.png	adf24b46e9f2ae56cfde3973ca1c81a79e2660a0636f5ef0971b1149b00dd798	adf24b46e9f2ae56cfde3973ca1c81a79e2660a0636f5ef0971b1149b00dd798
1f9d1-1f3ff-200d-1f52c.png	1F9D1-1F3FF-200D-1F52C.png	09ce05d3aa9c0f097b0a5639b1da5d267e6536e361f441ce94b8791dc6dc0e28	09ce05d3aa9c0f097b0a5639b1da5d267e6536e361f441ce94b8791dc6dc0e28
1f9d1-1f3ff-200d-1f680.png	1F9D1-1F3FF-200D-1F680.png	f51c3d0284df5ec0579e9709b0e9db381e434821140a663c82f948c9ebcfaf2c	f51c3d0284df5ec0579e9709b0e9db381e434821140a663c82f948c9ebcfaf2c
1f9d1-1f3ff-200d-1f692.png	1F9D1-1F3FF-200D-1F692.png	6a902248a48fec93ff423c9085321e4c4e0117a5d1a59d8630396bb6de581284	6a902248a48fec93ff423c9085321e4c4e0117a5d1a59d8630396bb6de581284
1f9d1-1f3ff-200d-1f91d-200d-1f9d1-1f3fb.png	1F9D1-1F3FF-200D-1F91D-200D-1F9D1-1F3FB.png	bbbb3986defe7a8a1f4ad78f6b39d302f697895c801200be29f7d855008f512c	bbbb3986defe7a8a1f4ad78f6b39d302f697895c801200be29f7d855008f512c
1f9d1-1f3ff-200d-1f91d-200d-1f9d1-1f3fc.png	1F9D1-1F3FF-200D-1F91D-200D-1F9D1-1F3FC.png	9122fdec744adc59f2935f93babde26b43179066833abe071c8dd8cee39b90b1	9122fdec744adc59f2935f93babde26b43179066833abe071c8dd8cee39b90b1
1f9d1-1f3ff-200d-1f91d-200d-1f9d1-1f3fd.png	1F9D1-1F3FF-200D-1F91D-200D-1F9D1-1F3FD.png	eebcc5335e90250841f5c4491b64550c09b00829432df56f3a28a4991d6963c4	eebcc5335e90250841f5c4491b64550c09b00829432df56f3a28a4991d6963c4
1f9d1-1f3ff-200d-1f91d-200d-1f9d1-1f3fe.png	1F9D1-1F3FF-200D-1F91D-200D-1F9D1-1F3FE.png	2ea6c1fee39a5617f10df890e2450ec75538b1914f3a40b4f9e7b16923c8faf4	2ea6c1fee39a5617f10df890e2450ec75538b1914f3a40b4f9e7b16923c8faf4
1f9d1-1f3ff-200d-1f91d-200d-1f9d1-1f3ff.png	1F9D1-1F3FF-200D-1F91D-200D-1F9D1-1F3FF.png	f5964b8ae1fc4ac05161ac72b5037e70cdf04dc71092b16fd4c4391b34c3d505	f5964b8ae1fc4ac05161ac72b5037e70cdf04dc71092b16fd4c4391b34c3d505
1f9d1-1f3ff-200d-1f9af.png	1F9D1-1F3FF-200D-1F9AF.png	85ec990f4ac19bbd493d5d2579eee81f774fd52244cd8dd2700b5ca5497706a6	85ec990f4ac19bbd493d5d2579eee81f774fd52244cd8dd2700b5ca5497706a6
1f9d1-1f3ff-200d-1f9af-200d-27a1.png	1F9D1-1F3FF-200D-1F9AF-200D-27A1-FE0F.png	2b648dc4d027e2e16c64bb84d09039a005240c7c044910095d6182c228e02631	2b648dc4d027e2e16c64bb84d09039a005240c7c044910095d6182c228e02631
1f9d1-1f3ff-200d-1f9b0.png	1F9D1-1F3FF-200D-1F9B0.png	745103277bf99d10476c9fb2ad21b01cb3b7ac8f7e13d33ba505ada6377aaa32	745103277bf99d10476c9fb2ad21b01cb3b7ac8f7e13d33ba505ada6377aaa32
1f9d1-1f3ff-200d-1f9b1.png	1F9D1-1F3FF-200D-1F9B1.png	45fd8dbe4e2122cfcb27fde8918088b7069647da21dd296187ee459339a5bba2	45fd8dbe4e2122cfcb27fde8918088b7069647da21dd296187ee459339a5bba2
1f9d1-1f3ff-200d-1f9b2.png	1F9D1-1F3FF-200D-1F9B2.png	972fcdc2c77678f9ce2fd189d3f49df4834967d6ee2616d35c6d028b00f11fee	972fcdc2c77678f9ce2fd189d3f49df4834967d6ee2616d35c6d028b00f11fee
1f9d1-1f3ff-200d-1f9b3.png	1F9D1-1F3FF-200D-1F9B3.png	57c6b1d3e345552d31c61bf6213bc3a5a92a1783b4c1c346d4f8c27107f62c1e	57c6b1d3e345552d31c61bf6213bc3a5a92a1783b4c1c346d4f8c27107f62c1e
1f9d1-1f3ff-200d-1f9bc.png	1F9D1-1F3FF-200D-1F9BC.png	5f9290855635f33d3740cf57e536f7ce5bccbff2e1d3f9c0a32887120b1b5039	5f9290855635f33d3740cf57e536f7ce5bccbff2e1d3f9c0a32887120b1b5039
1f9d1-1f3ff-200d-1f9bc-200d-27a1.png	1F9D1-1F3FF-200D-1F9BC-200D-27A1-FE0F.png	3aa67a6e664ac77b03b2678e9d634fbba77a5215be430d1ff0538948a95fb6f6	3aa67a6e664ac77b03b2678e9d634fbba77a5215be430d1ff0538948a95fb6f6
1f9d1-1f3ff-200d-1f9bd.png	1F9D1-1F3FF-200D-1F9BD.png	13506066ade99e53117af0ad53b4077325beccd16eda0d7cd7a473d859b5533c	13506066ade99e53117af0ad53b4077325beccd16eda0d7cd7a473d859b5533c
1f9d1-1f3ff-200d-1f9bd-200d-27a1.png	1F9D1-1F3FF-200D-1F9BD-200D-27A1-FE0F.png	8e12d34d84ec5dc6f465315a4e7cb6bb740283cde206321c1cbc8d2fdd2be4c1	8e12d34d84ec5dc6f465315a4e7cb6bb740283cde206321c1cbc8d2fdd2be4c1
1f9d1-1f3ff-200d-1fa70.png	1F9D1-1F3FF-200D-1FA70.png	0c478ccae486f393268b1c6a94ff1c716260048074d5632fc65f83746ee845ed	0c478ccae486f393268b1c6a94ff1c716260048074d5632fc65f83746ee845ed
1f9d1-1f3ff-200d-1faef-200d-1f9d1-1f3fb.png	1F9D1-1F3FF-200D-1FAEF-200D-1F9D1-1F3FB.png	d11b3a7d034bfe65df9aa50ed1fb1cd0da27cde4ec37445c931bfc8cbea2bb24	d11b3a7d034bfe65df9aa50ed1fb1cd0da27cde4ec37445c931bfc8cbea2bb24
1f9d1-1f3ff-200d-1faef-200d-1f9d1-1f3fc.png	1F9D1-1F3FF-200D-1FAEF-200D-1F9D1-1F3FC.png	d11b3a7d034bfe65df9aa50ed1fb1cd0da27cde4ec37445c931bfc8cbea2bb24	d11b3a7d034bfe65df9aa50ed1fb1cd0da27cde4ec37445c931bfc8cbea2bb24
1f9d1-1f3ff-200d-1faef-200d-1f9d1-1f3fd.png	1F9D1-1F3FF-200D-1FAEF-200D-1F9D1-1F3FD.png	d11b3a7d034bfe65df9aa50ed1fb1cd0da27cde4ec37445c931bfc8cbea2bb24	d11b3a7d034bfe65df9aa50ed1fb1cd0da27cde4ec37445c931bfc8cbea2bb24
1f9d1-1f3ff-200d-1faef-200d-1f9d1-1f3fe.png	1F9D1-1F3FF-200D-1FAEF-200D-1F9D1-1F3FE.png	d11b3a7d034bfe65df9aa50ed1fb1cd0da27cde4ec37445c931bfc8cbea2bb24	d11b3a7d034bfe65df9aa50ed1fb1cd0da27cde4ec37445c931bfc8cbea2bb24
1f9d1-1f3ff-200d-2695.png	1F9D1-1F3FF-200D-2695-FE0F.png	8a9c70ee6f328ba05015d72007691d92a34355f2802380f6bbeb17eb11222bf1	8a9c70ee6f328ba05015d72007691d92a34355f2802380f6bbeb17eb11222bf1
1f9d1-1f3ff-200d-2696.png	1F9D1-1F3FF-200D-2696-FE0F.png	7e86c4ca52a57db3dca7917c376cca0b90ec0ea7ef23833d1cbe702458b75aa4	7e86c4ca52a57db3dca7917c376cca0b90ec0ea7ef23833d1cbe702458b75aa4
1f9d1-1f3ff-200d-2708.png	1F9D1-1F3FF-200D-2708-FE0F.png	543ac7417c81136205c0742c9aa4f547bd575e5b570afcbe75fc04b7532d2b1e	543ac7417c81136205c0742c9aa4f547bd575e5b570afcbe75fc04b7532d2b1e
1f9d1-1f3ff-200d-2764-200d-1f48b-200d-1f9d1-1f3fb.png	1F9D1-1F3FF-200D-2764-FE0F-200D-1F48B-200D-1F9D1-1F3FB.png	3578738e110259dc94fc550e06e03c297c2333ba8fc1a6f33de4b2ccd218de9a	3578738e110259dc94fc550e06e03c297c2333ba8fc1a6f33de4b2ccd218de9a
1f9d1-1f3ff-200d-2764-200d-1f48b-200d-1f9d1-1f3fc.png	1F9D1-1F3FF-200D-2764-FE0F-200D-1F48B-200D-1F9D1-1F3FC.png	d6fbb3d8b0530766912b92693c83fb6cfc67d34df71ebe1ed82d75043b1b8530	d6fbb3d8b0530766912b92693c83fb6cfc67d34df71ebe1ed82d75043b1b8530
1f9d1-1f3ff-200d-2764-200d-1f48b-200d-1f9d1-1f3fd.png	1F9D1-1F3FF-200D-2764-FE0F-200D-1F48B-200D-1F9D1-1F3FD.png	a137e4bec234ee63b15847825323c7450c8759b3ac623fa135e4a91f2ff75d30	a137e4bec234ee63b15847825323c7450c8759b3ac623fa135e4a91f2ff75d30
1f9d1-1f3ff-200d-2764-200d-1f48b-200d-1f9d1-1f3fe.png	1F9D1-1F3FF-200D-2764-FE0F-200D-1F48B-200D-1F9D1-1F3FE.png	fc2856d1854f299c582beebb6b43327a73de009a4fe80eb1aae3912841646567	fc2856d1854f299c582beebb6b43327a73de009a4fe80eb1aae3912841646567
1f9d1-1f3ff-200d-2764-200d-1f9d1-1f3fb.png	1F9D1-1F3FF-200D-2764-FE0F-200D-1F9D1-1F3FB.png	ba5693d75e4827e5052da662af5de1fcda02e3bcc2230039088e044e26a68f43	ba5693d75e4827e5052da662af5de1fcda02e3bcc2230039088e044e26a68f43
1f9d1-1f3ff-200d-2764-200d-1f9d1-1f3fc.png	1F9D1-1F3FF-200D-2764-FE0F-200D-1F9D1-1F3FC.png	93d81645410e4ca172295f7dc915cd8a9f58e4991f5b6126a1d41e2b33978437	93d81645410e4ca172295f7dc915cd8a9f58e4991f5b6126a1d41e2b33978437
1f9d1-1f3ff-200d-2764-200d-1f9d1-1f3fd.png	1F9D1-1F3FF-200D-2764-FE0F-200D-1F9D1-1F3FD.png	a3507ff3a943f2dc02df6d5efd86fa54c347ce4ed649790ee26afa4147aec632	a3507ff3a943f2dc02df6d5efd86fa54c347ce4ed649790ee26afa4147aec632
1f9d1-1f3ff-200d-2764-200d-1f9d1-1f3fe.png	1F9D1-1F3FF-200D-2764-FE0F-200D-1F9D1-1F3FE.png	1aade74e02ada34d2538c5591a5711029447c4d6fd56a4a53ff7d2fe1bed9c06	1aade74e02ada34d2538c5591a5711029447c4d6fd56a4a53ff7d2fe1bed9c06
1f9d1-200d-1f33e.png	1F9D1-200D-1F33E.png	de2b1ad7507148677e284ba7671ac74905db555ccd4a8b7ec4af46e6ccccc532	de2b1ad7507148677e284ba7671ac74905db555ccd4a8b7ec4af46e6ccccc532
1f9d1-200d-1f373.png	1F9D1-200D-1F373.png	d76207bef438102fe34455d0411762602e81e2935a626560ef5e1a0774cfa450	d76207bef438102fe34455d0411762602e81e2935a626560ef5e1a0774cfa450
1f9d1-200d-1f37c.png	1F9D1-200D-1F37C.png	3114b9c120687357f0749a4935b30990bc6d234057668a7f5a6663eacfc01fba	3114b9c120687357f0749a4935b30990bc6d234057668a7f5a6663eacfc01fba
1f9d1-200d-1f384.png	1F9D1-200D-1F384.png	d6d803536207411633bbeef48abdfa11f8bfff283fb8f8f46ab7cdf5426b6363	d6d803536207411633bbeef48abdfa11f8bfff283fb8f8f46ab7cdf5426b6363
1f9d1-200d-1f393.png	1F9D1-200D-1F393.png	15983b8f0dd1869628b99fc9686a90a32526950ad0530b40183f16d1284673c0	15983b8f0dd1869628b99fc9686a90a32526950ad0530b40183f16d1284673c0
1f9d1-200d-1f3a4.png	1F9D1-200D-1F3A4.png	e1d4db844f125201cfa7237e920857f2c9ae753641df5dafbfd3d38570b93336	e1d4db844f125201cfa7237e920857f2c9ae753641df5dafbfd3d38570b93336
1f9d1-200d-1f3a8.png	1F9D1-200D-1F3A8.png	ff1ae40688f2540651370501a781994ea3cd651e630cf9364d6db5b78a6f3929	ff1ae40688f2540651370501a781994ea3cd651e630cf9364d6db5b78a6f3929
1f9d1-200d-1f3eb.png	1F9D1-200D-1F3EB.png	be556d8e87583d975db0fdb88a1c2197718d5ae3a8d52ef36e019f874b5e81aa	be556d8e87583d975db0fdb88a1c2197718d5ae3a8d52ef36e019f874b5e81aa
1f9d1-200d-1f3ed.png	1F9D1-200D-1F3ED.png	9b9249501f1d6e472e1ba41564f538fc8e31ec51b62e39b5664758e3fb7eba77	9b9249501f1d6e472e1ba41564f538fc8e31ec51b62e39b5664758e3fb7eba77
1f9d1-200d-1f4bb.png	1F9D1-200D-1F4BB.png	3925f34120380a833cf82e7396a693d14fc82e18dd25382caf0ce33b69695fba	3925f34120380a833cf82e7396a693d14fc82e18dd25382caf0ce33b69695fba
1f9d1-200d-1f4bc.png	1F9D1-200D-1F4BC.png	f4a4a1bf7998ebd3335acb92c177082039d7af29f6fba8631aaf2b1259f28895	f4a4a1bf7998ebd3335acb92c177082039d7af29f6fba8631aaf2b1259f28895
1f9d1-200d-1f527.png	1F9D1-200D-1F527.png	76b51bcb3a211f08feeb6452bce1df60b09b4b46a9c867b70513273068d0666f	76b51bcb3a211f08feeb6452bce1df60b09b4b46a9c867b70513273068d0666f
1f9d1-200d-1f52c.png	1F9D1-200D-1F52C.png	4f46795a6f993bf612639f84278fd3236e2f5c621426c8202a45bcac8dbb1431	4f46795a6f993bf612639f84278fd3236e2f5c621426c8202a45bcac8dbb1431
1f9d1-200d-1f680.png	1F9D1-200D-1F680.png	84fdb069554e945bf70d7dd38ee6e95c59e1902aefaefa5392b2f4e59d0b4b34	84fdb069554e945bf70d7dd38ee6e95c59e1902aefaefa5392b2f4e59d0b4b34
1f9d1-200d-1f692.png	1F9D1-200D-1F692.png	13a66fba7142ecb8fe4761b7002c0a2224524798ac9ff48b4862c20b638586aa	13a66fba7142ecb8fe4761b7002c0a2224524798ac9ff48b4862c20b638586aa
1f9d1-200d-1f91d-200d-1f9d1.png	1F9D1-200D-1F91D-200D-1F9D1.png	e10f9768ca604ed3f4349aff23e8d2532e13e30b2c0f809c86d4f76e29a9582d	e10f9768ca604ed3f4349aff23e8d2532e13e30b2c0f809c86d4f76e29a9582d
1f9d1-200d-1f9af.png	1F9D1-200D-1F9AF.png	28caab86d33e00fa5408503312a633a5b2848b9002762a88d077b7cb25d8665a	28caab86d33e00fa5408503312a633a5b2848b9002762a88d077b7cb25d8665a
1f9d1-200d-1f9af-200d-27a1.png	1F9D1-200D-1F9AF-200D-27A1-FE0F.png	6c812578c75f532c1b1345250df928d5808e938057eabf1bd76c26cd290e4c8c	6c812578c75f532c1b1345250df928d5808e938057eabf1bd76c26cd290e4c8c
1f9d1-200d-1f9b0.png	1F9D1-200D-1F9B0.png	ece88ce74069668847e629afecbacc56689c55fc6655e70f03f77289dd15ddf0	ece88ce74069668847e629afecbacc56689c55fc6655e70f03f77289dd15ddf0
1f9d1-200d-1f9b1.png	1F9D1-200D-1F9B1.png	aeaa7bc40ff6574adf6b1b8a7c2a244c340252f058f79bb336d7388246d2edfe	aeaa7bc40ff6574adf6b1b8a7c2a244c340252f058f79bb336d7388246d2edfe
1f9d1-200d-1f9b2.png	1F9D1-200D-1F9B2.png	20bef3eec69d1e7b23df0da37e06e6511fda0f1c739372c3997d67071a7e6061	20bef3eec69d1e7b23df0da37e06e6511fda0f1c739372c3997d67071a7e6061
1f9d1-200d-1f9b3.png	1F9D1-200D-1F9B3.png	99d2dd4ccabf04208ce46f3c4b89d05f6c5d67a79be3d6a7fd3567f99fdf818e	99d2dd4ccabf04208ce46f3c4b89d05f6c5d67a79be3d6a7fd3567f99fdf818e
1f9d1-200d-1f9bc.png	1F9D1-200D-1F9BC.png	e1d6fc6eef151575157173c06c95dcab7f3c45ea329c339303b32d734f3888b1	e1d6fc6eef151575157173c06c95dcab7f3c45ea329c339303b32d734f3888b1
1f9d1-200d-1f9bc-200d-27a1.png	1F9D1-200D-1F9BC-200D-27A1-FE0F.png	2a2eb7e08260dd975c9e7d3268380338019d2dcd4ab05be7188e38ae449fd0bd	2a2eb7e08260dd975c9e7d3268380338019d2dcd4ab05be7188e38ae449fd0bd
1f9d1-200d-1f9bd.png	1F9D1-200D-1F9BD.png	a3b77387fdc359faecd6667fe5373364eb067f4868429c2b503223e641bda050	a3b77387fdc359faecd6667fe5373364eb067f4868429c2b503223e641bda050
1f9d1-200d-1f9bd-200d-27a1.png	1F9D1-200D-1F9BD-200D-27A1-FE0F.png	16990f04ed77191d5c6acfc9b8f8a918240e080463fae5fc306e2eec14cac05d	16990f04ed77191d5c6acfc9b8f8a918240e080463fae5fc306e2eec14cac05d
1f9d1-200d-1f9d1-200d-1f9d2.png	1F9D1-200D-1F9D1-200D-1F9D2.png	0a84c1a0365cdd2d16ff2d58c3b286ddc751f5713fe8f9f372821ea53fb2b125	0a84c1a0365cdd2d16ff2d58c3b286ddc751f5713fe8f9f372821ea53fb2b125
1f9d1-200d-1f9d1-200d-1f9d2-200d-1f9d2.png	1F9D1-200D-1F9D1-200D-1F9D2-200D-1F9D2.png	168281ef9958bae816ee797a0a40b85a96764cbae1e0bd6e09a022e77501a515	168281ef9958bae816ee797a0a40b85a96764cbae1e0bd6e09a022e77501a515
1f9d1-200d-1f9d2.png	1F9D1-200D-1F9D2.png	26267ad8a6ad62e1d5fdb2c75dd77996246f9a80c5b803a77d90197c30edc5d6	26267ad8a6ad62e1d5fdb2c75dd77996246f9a80c5b803a77d90197c30edc5d6
1f9d1-200d-1f9d2-200d-1f9d2.png	1F9D1-200D-1F9D2-200D-1F9D2.png	814e152e2dd538a1373a830b7fa02f945986315692d1c9502c8971d109dc1c84	814e152e2dd538a1373a830b7fa02f945986315692d1c9502c8971d109dc1c84
1f9d1-200d-1fa70.png	1F9D1-200D-1FA70.png	5651755836bec09033adc267c10c509c250e21179ed23462697971eabcccf3c6	5651755836bec09033adc267c10c509c250e21179ed23462697971eabcccf3c6
1f9d1-200d-2695.png	1F9D1-200D-2695-FE0F.png	b5d418c30abb4b2b5ad22966a86aa95e6fd8851f7521f5bc1127a1c87f9ae86f	b5d418c30abb4b2b5ad22966a86aa95e6fd8851f7521f5bc1127a1c87f9ae86f
1f9d1-200d-2696.png	1F9D1-200D-2696-FE0F.png	7e5ce9a41d95132c358e0cae62b61752f1099f39664b04cd48dd86f5401751df	7e5ce9a41d95132c358e0cae62b61752f1099f39664b04cd48dd86f5401751df
1f9d1-200d-2708.png	1F9D1-200D-2708-FE0F.png	2d474a65c2f0635dde163821c2ec50a2adaaca0fca94890b5d6e3fe59e907652	2d474a65c2f0635dde163821c2ec50a2adaaca0fca94890b5d6e3fe59e907652
1f9d2.png	1F9D2.png	643586aaaa88a5945fc0871195501ef0d3f8e5a4b598812dfb8ea12c88ce7649	643586aaaa88a5945fc0871195501ef0d3f8e5a4b598812dfb8ea12c88ce7649
1f9d2-1f3fb.png	1F9D2-1F3FB.png	a9239b73feeae336dfecce839877514de45506e5811f97cdaae7b4ee4242946b	a9239b73feeae336dfecce839877514de45506e5811f97cdaae7b4ee4242946b
1f9d2-1f3fc.png	1F9D2-1F3FC.png	95f2968afc48cd5f5b9f5aee63e6518acb73fd12e0a1e2d5a3b38adb076a4a05	95f2968afc48cd5f5b9f5aee63e6518acb73fd12e0a1e2d5a3b38adb076a4a05
1f9d2-1f3fd.png	1F9D2-1F3FD.png	25ec905728248e3d8f072e41a903a29acfb537f2dbec5abc357f04ecb7e010ef	25ec905728248e3d8f072e41a903a29acfb537f2dbec5abc357f04ecb7e010ef
1f9d2-1f3fe.png	1F9D2-1F3FE.png	c5c65ce0687d19fc5208f5943b512e2a78e580cbd5b15638a683cf06212040c7	c5c65ce0687d19fc5208f5943b512e2a78e580cbd5b15638a683cf06212040c7
1f9d2-1f3ff.png	1F9D2-1F3FF.png	40cea22f7dc7b5e3394b5eb05b65e1f86120a56a41b74c7bea8e13a1878e2934	40cea22f7dc7b5e3394b5eb05b65e1f86120a56a41b74c7bea8e13a1878e2934
1f9d3.png	1F9D3.png	29652aa4e1ef0124c00db929cda17fc14f7d8675867544ac0e67e9a1627adcdb	29652aa4e1ef0124c00db929cda17fc14f7d8675867544ac0e67e9a1627adcdb
1f9d3-1f3fb.png	1F9D3-1F3FB.png	55ae5824e5c925c8394415d1f530f19625fe7356f146575d5ef1e61c53cb8039	55ae5824e5c925c8394415d1f530f19625fe7356f146575d5ef1e61c53cb8039
1f9d3-1f3fc.png	1F9D3-1F3FC.png	354d3f0cfa51db303c2273eba0267c28b84cb17c5c3924710b1994528720b713	354d3f0cfa51db303c2273eba0267c28b84cb17c5c3924710b1994528720b713
1f9d3-1f3fd.png	1F9D3-1F3FD.png	3ef1b933b2ea44bebf61c786045caf3f6b4d4d6a9815b67557236a1efd8a0a9a	3ef1b933b2ea44bebf61c786045caf3f6b4d4d6a9815b67557236a1efd8a0a9a
1f9d3-1f3fe.png	1F9D3-1F3FE.png	68b90d9295ef23206a8191dd6bc30ccbd499429fa39dcb06e5a7eba8f8a9a9e7	68b90d9295ef23206a8191dd6bc30ccbd499429fa39dcb06e5a7eba8f8a9a9e7
1f9d3-1f3ff.png	1F9D3-1F3FF.png	6f19303a2ec77a071b6ebdf24174873c8efa9cbe9f8d47a90e5208098d16e222	6f19303a2ec77a071b6ebdf24174873c8efa9cbe9f8d47a90e5208098d16e222
1f9d4.png	1F9D4.png	f72624d16f80d656dbbd6c206b97ce73d7fd1c28733d062d0994ac77b12ece96	f72624d16f80d656dbbd6c206b97ce73d7fd1c28733d062d0994ac77b12ece96
1f9d4-1f3fb.png	1F9D4-1F3FB.png	bbb211321a7773826471715b7f0df95ca2f6763955be48ef348ab748ce0033d8	bbb211321a7773826471715b7f0df95ca2f6763955be48ef348ab748ce0033d8
1f9d4-1f3fb-200d-2640.png	1F9D4-1F3FB-200D-2640-FE0F.png	775cd66b0b676713b05af674939bbc6b3603efd78456028507e29183f2f0e5f3	775cd66b0b676713b05af674939bbc6b3603efd78456028507e29183f2f0e5f3
1f9d4-1f3fb-200d-2642.png	1F9D4-1F3FB-200D-2642-FE0F.png	07c71724fa361525a451fbbfe3c610d1a8517cb80f7f978640429eda6c43e782	07c71724fa361525a451fbbfe3c610d1a8517cb80f7f978640429eda6c43e782
1f9d4-1f3fc.png	1F9D4-1F3FC.png	5a9d0a7af8a0b16c961620c2b029e30303bcd0c8113ee4fe71a759552236541d	5a9d0a7af8a0b16c961620c2b029e30303bcd0c8113ee4fe71a759552236541d
1f9d4-1f3fc-200d-2640.png	1F9D4-1F3FC-200D-2640-FE0F.png	31e356a0686dc6db9724322dbdf63a23c9d97ea084afb67279c181805bfa793d	31e356a0686dc6db9724322dbdf63a23c9d97ea084afb67279c181805bfa793d
1f9d4-1f3fc-200d-2642.png	1F9D4-1F3FC-200D-2642-FE0F.png	1d38edb673ec9143132aee02f99179db94e485f58234ae881bc46f5027689bc9	1d38edb673ec9143132aee02f99179db94e485f58234ae881bc46f5027689bc9
1f9d4-1f3fd.png	1F9D4-1F3FD.png	3134b063bcf804d5c078713ab57c9664eee86bb6d4eaad07c434e243bed51ce0	3134b063bcf804d5c078713ab57c9664eee86bb6d4eaad07c434e243bed51ce0
1f9d4-1f3fd-200d-2640.png	1F9D4-1F3FD-200D-2640-FE0F.png	99db77e66bec97354b61891eafaac233c501629e228fd885e46a03666dded9cf	99db77e66bec97354b61891eafaac233c501629e228fd885e46a03666dded9cf
1f9d4-1f3fd-200d-2642.png	1F9D4-1F3FD-200D-2642-FE0F.png	16eb573c5d536625b68e7313565579966cb5c9012d76fa4e75c5f9a89c8cab41	16eb573c5d536625b68e7313565579966cb5c9012d76fa4e75c5f9a89c8cab41
1f9d4-1f3fe.png	1F9D4-1F3FE.png	731c735f20271b50356556c1cbb7db3bfb1c78a6e4df20d08b46e539633119bf	731c735f20271b50356556c1cbb7db3bfb1c78a6e4df20d08b46e539633119bf
1f9d4-1f3fe-200d-2640.png	1F9D4-1F3FE-200D-2640-FE0F.png	c039b76251368ac1bdde47713bf9dc5aac278b49323602526ec56bb3214c056b	c039b76251368ac1bdde47713bf9dc5aac278b49323602526ec56bb3214c056b
1f9d4-1f3fe-200d-2642.png	1F9D4-1F3FE-200D-2642-FE0F.png	101e86db85d464414e5649effd181e70905832bac2f4cba1c45b2c2213d136f6	101e86db85d464414e5649effd181e70905832bac2f4cba1c45b2c2213d136f6
1f9d4-1f3ff.png	1F9D4-1F3FF.png	d1819d855dc29b828ed3cab5c865d460ade959a8708b1f7f8dfa007815b68481	d1819d855dc29b828ed3cab5c865d460ade959a8708b1f7f8dfa007815b68481
1f9d4-1f3ff-200d-2640.png	1F9D4-1F3FF-200D-2640-FE0F.png	cf144c69bd5dca03ede0b8cc5562e1789d41b2673935d22b9b00539582f4672f	cf144c69bd5dca03ede0b8cc5562e1789d41b2673935d22b9b00539582f4672f
1f9d4-1f3ff-200d-2642.png	1F9D4-1F3FF-200D-2642-FE0F.png	a81a48daef49a4e26679d1ae97beb74195ee431d7e999a1a4286e2f4f58a9310	a81a48daef49a4e26679d1ae97beb74195ee431d7e999a1a4286e2f4f58a9310
1f9d4-200d-2640.png	1F9D4-200D-2640-FE0F.png	4679dc88ee3a335b3452590d1c662f09df5639503a3b62ac8c0620d51d4bd3b7	4679dc88ee3a335b3452590d1c662f09df5639503a3b62ac8c0620d51d4bd3b7
1f9d4-200d-2642.png	1F9D4-200D-2642-FE0F.png	046b4215d97f745bbc6464bc295bd6323ea85713067010a24384136aae943cf3	046b4215d97f745bbc6464bc295bd6323ea85713067010a24384136aae943cf3
1f9d5.png	1F9D5.png	2b91ba0874e5a3adf305ccdcc7bfebd3959c3ef139097c9e79b80eb0ab3d5389	2b91ba0874e5a3adf305ccdcc7bfebd3959c3ef139097c9e79b80eb0ab3d5389
1f9d5-1f3fb.png	1F9D5-1F3FB.png	3645e70fb1687b608996bc3040777eb239e5ef44648d9d0702088ba185378633	3645e70fb1687b608996bc3040777eb239e5ef44648d9d0702088ba185378633
1f9d5-1f3fc.png	1F9D5-1F3FC.png	34a46ee9b1ea623be26dc67e01dd15513badd1260db8cb9204d65c58e44bfb97	34a46ee9b1ea623be26dc67e01dd15513badd1260db8cb9204d65c58e44bfb97
1f9d5-1f3fd.png	1F9D5-1F3FD.png	f00d73f328c55bb6059480914880dd64b2306f263fcc31a01de1adac08134dea	f00d73f328c55bb6059480914880dd64b2306f263fcc31a01de1adac08134dea
1f9d5-1f3fe.png	1F9D5-1F3FE.png	60a2525e0094e3ffe5c361fa6ebbade7a71560e464d220dbe0acf1ea3c47bfc4	60a2525e0094e3ffe5c361fa6ebbade7a71560e464d220dbe0acf1ea3c47bfc4
1f9d5-1f3ff.png	1F9D5-1F3FF.png	c3fb3defc0b2bdfbad61fbf6c3b8dbbebd5827506b43b35eecaedb90c59971ef	c3fb3defc0b2bdfbad61fbf6c3b8dbbebd5827506b43b35eecaedb90c59971ef
1f9d6.png	1F9D6.png	de656cc33d7c1fa2ae2aa5ff0c25f9f85e56e7f5d16639768ade19e5c72f6d1e	de656cc33d7c1fa2ae2aa5ff0c25f9f85e56e7f5d16639768ade19e5c72f6d1e
1f9d6-1f3fb.png	1F9D6-1F3FB.png	a4de208d98969daae4605ebc9fc2a6c03b0167a9c2a30d290d99cbddc85c0dd6	a4de208d98969daae4605ebc9fc2a6c03b0167a9c2a30d290d99cbddc85c0dd6
1f9d6-1f3fb-200d-2640.png	1F9D6-1F3FB-200D-2640-FE0F.png	94ac3c56c329f31bcd3acfa934544d579dfc9d422c441dcf3b19bdfcc54774bf	94ac3c56c329f31bcd3acfa934544d579dfc9d422c441dcf3b19bdfcc54774bf
1f9d6-1f3fb-200d-2642.png	1F9D6-1F3FB-200D-2642-FE0F.png	d77112736201cada905b9fa7a51cd12d32267c040d93940e085101bb57b2228b	d77112736201cada905b9fa7a51cd12d32267c040d93940e085101bb57b2228b
1f9d6-1f3fc.png	1F9D6-1F3FC.png	c90a39f538e6df3a42621cd08622f80330f2653d10cf00647247937688d7462e	c90a39f538e6df3a42621cd08622f80330f2653d10cf00647247937688d7462e
1f9d6-1f3fc-200d-2640.png	1F9D6-1F3FC-200D-2640-FE0F.png	1175711a784492a847de9a7703b6b028a02467d419700f906ba7e41f7fc9cdc4	1175711a784492a847de9a7703b6b028a02467d419700f906ba7e41f7fc9cdc4
1f9d6-1f3fc-200d-2642.png	1F9D6-1F3FC-200D-2642-FE0F.png	c2018d129a3be7a9a07fb24be0041161891b5a08f879511f3179cc752eb32ee1	c2018d129a3be7a9a07fb24be0041161891b5a08f879511f3179cc752eb32ee1
1f9d6-1f3fd.png	1F9D6-1F3FD.png	59433b8ae4b012b271aa0d3e919746283ff2ed86217dfe76762f7cb893b0b09d	59433b8ae4b012b271aa0d3e919746283ff2ed86217dfe76762f7cb893b0b09d
1f9d6-1f3fd-200d-2640.png	1F9D6-1F3FD-200D-2640-FE0F.png	0a328da578f859116383ed11bbd4d11b0ba67a7204f173733ed7b8006cc2eaf7	0a328da578f859116383ed11bbd4d11b0ba67a7204f173733ed7b8006cc2eaf7
1f9d6-1f3fd-200d-2642.png	1F9D6-1F3FD-200D-2642-FE0F.png	234592d7a48263623cef42ee03d6aac64bd2ee8154aa24762b6bde79827eca46	234592d7a48263623cef42ee03d6aac64bd2ee8154aa24762b6bde79827eca46
1f9d6-1f3fe.png	1F9D6-1F3FE.png	bd181f9c968a3a106bc881ff4a7073b149cf0d662bd7a3dcb60b7c4b8b90da06	bd181f9c968a3a106bc881ff4a7073b149cf0d662bd7a3dcb60b7c4b8b90da06
1f9d6-1f3fe-200d-2640.png	1F9D6-1F3FE-200D-2640-FE0F.png	04a1b752337187cd681fbbd99b51e95df472707252a4893a122274cb1876914d	04a1b752337187cd681fbbd99b51e95df472707252a4893a122274cb1876914d
1f9d6-1f3fe-200d-2642.png	1F9D6-1F3FE-200D-2642-FE0F.png	af51737409a0bbdaa5009cb99cab61666a847343cda569184cd35b635cfe1bfe	af51737409a0bbdaa5009cb99cab61666a847343cda569184cd35b635cfe1bfe
1f9d6-1f3ff.png	1F9D6-1F3FF.png	41180f112d3f89348ba2f20ccfac9da25341dddd48779e19b2a5102cb21191df	41180f112d3f89348ba2f20ccfac9da25341dddd48779e19b2a5102cb21191df
1f9d6-1f3ff-200d-2640.png	1F9D6-1F3FF-200D-2640-FE0F.png	0653cba3c48cf9405f34f31ceed713d06afd9d797c12aa3e222d4a228fa31bef	0653cba3c48cf9405f34f31ceed713d06afd9d797c12aa3e222d4a228fa31bef
1f9d6-1f3ff-200d-2642.png	1F9D6-1F3FF-200D-2642-FE0F.png	946b9a28b92d64a3ee677ef9d511f29980d122d477b72aff79ca640be4076bc3	946b9a28b92d64a3ee677ef9d511f29980d122d477b72aff79ca640be4076bc3
1f9d6-200d-2640.png	1F9D6-200D-2640-FE0F.png	933bbffa1604aeff0a27c218f4705cb65fdfa5601ff20381cdb5a93c5cafca67	933bbffa1604aeff0a27c218f4705cb65fdfa5601ff20381cdb5a93c5cafca67
1f9d6-200d-2642.png	1F9D6-200D-2642-FE0F.png	35946e0d0c13922aaf27812d7a20555f24fd075bb6d2788610e71572f1c2d58f	35946e0d0c13922aaf27812d7a20555f24fd075bb6d2788610e71572f1c2d58f
1f9d7.png	1F9D7.png	6f63e99804b16aef4f595720c0e5c70cba3ce63307446a38e10cd4b9ce76f3cf	6f63e99804b16aef4f595720c0e5c70cba3ce63307446a38e10cd4b9ce76f3cf
1f9d7-1f3fb.png	1F9D7-1F3FB.png	33b935653aa1ebfab549986123a770f431ada768f3a3285516c0a1d2813bad82	33b935653aa1ebfab549986123a770f431ada768f3a3285516c0a1d2813bad82
1f9d7-1f3fb-200d-2640.png	1F9D7-1F3FB-200D-2640-FE0F.png	6d448c7a243e60c72c346d98294f67290f22a8ccd62093d739aae2e15ab974cb	6d448c7a243e60c72c346d98294f67290f22a8ccd62093d739aae2e15ab974cb
1f9d7-1f3fb-200d-2642.png	1F9D7-1F3FB-200D-2642-FE0F.png	e9b485ff41e1b1e3c619ba84f1ea740623ee992a9f149ce34b2080ea0aecb943	e9b485ff41e1b1e3c619ba84f1ea740623ee992a9f149ce34b2080ea0aecb943
1f9d7-1f3fc.png	1F9D7-1F3FC.png	ee475a7b751e3e8eb0c31a00d6343329585c60c0db4755461de5d688bb7cb29e	ee475a7b751e3e8eb0c31a00d6343329585c60c0db4755461de5d688bb7cb29e
1f9d7-1f3fc-200d-2640.png	1F9D7-1F3FC-200D-2640-FE0F.png	ac5ea3176be3cc4f13c2fdd6a400a060103850c9461bcd7ed0ee4edcb12859e4	ac5ea3176be3cc4f13c2fdd6a400a060103850c9461bcd7ed0ee4edcb12859e4
1f9d7-1f3fc-200d-2642.png	1F9D7-1F3FC-200D-2642-FE0F.png	e1f8e2620e519635ded60b639c5ec9f5ca224c4141f3c764bc91d920c5681a38	e1f8e2620e519635ded60b639c5ec9f5ca224c4141f3c764bc91d920c5681a38
1f9d7-1f3fd.png	1F9D7-1F3FD.png	4dc461e086c97f1a261c7526b452896fe63e52a2022455b741302115410770e1	4dc461e086c97f1a261c7526b452896fe63e52a2022455b741302115410770e1
1f9d7-1f3fd-200d-2640.png	1F9D7-1F3FD-200D-2640-FE0F.png	ea07fcf4362c846fceeb3c357a3d0bf8183505dfdb95bc8ada4ca1a52ffea852	ea07fcf4362c846fceeb3c357a3d0bf8183505dfdb95bc8ada4ca1a52ffea852
1f9d7-1f3fd-200d-2642.png	1F9D7-1F3FD-200D-2642-FE0F.png	faf984a0a84ff95ea4a3136dc475c653a9a0c0d2ab80a7184b9d9791b8d69b4e	faf984a0a84ff95ea4a3136dc475c653a9a0c0d2ab80a7184b9d9791b8d69b4e
1f9d7-1f3fe.png	1F9D7-1F3FE.png	58d09b74325d20669753187089f88fff99a00941e517c6ccf5ef03435165e281	58d09b74325d20669753187089f88fff99a00941e517c6ccf5ef03435165e281
1f9d7-1f3fe-200d-2640.png	1F9D7-1F3FE-200D-2640-FE0F.png	7c977af1ca9a5ee0fc8b9fcb0c7db193397f11f020ce07f0215b8df81ac87bb3	7c977af1ca9a5ee0fc8b9fcb0c7db193397f11f020ce07f0215b8df81ac87bb3
1f9d7-1f3fe-200d-2642.png	1F9D7-1F3FE-200D-2642-FE0F.png	5042a3c89e6455ee975754a387ebb2cdf361b8753014a5f3ca561010c2b9213b	5042a3c89e6455ee975754a387ebb2cdf361b8753014a5f3ca561010c2b9213b
1f9d7-1f3ff.png	1F9D7-1F3FF.png	5fb83645e1c001880a00711e8d5321d0af03ba2bd1428f04a77f8b6bb7d889c2	5fb83645e1c001880a00711e8d5321d0af03ba2bd1428f04a77f8b6bb7d889c2
1f9d7-1f3ff-200d-2640.png	1F9D7-1F3FF-200D-2640-FE0F.png	895ca162b8bbe03858ae2dbc68cebba9ad6faf89be47e0e8b44fcbf2be5d9d8c	895ca162b8bbe03858ae2dbc68cebba9ad6faf89be47e0e8b44fcbf2be5d9d8c
1f9d7-1f3ff-200d-2642.png	1F9D7-1F3FF-200D-2642-FE0F.png	77b04a33581ab9fb7dbc528b84419282bd18ac8d92c21f3cfbc285c1a7ba49cd	77b04a33581ab9fb7dbc528b84419282bd18ac8d92c21f3cfbc285c1a7ba49cd
1f9d7-200d-2640.png	1F9D7-200D-2640-FE0F.png	602f4f4f851ffa6d4db96893dc29feb4e486fea4b717cc940b9f11c5a38b1188	602f4f4f851ffa6d4db96893dc29feb4e486fea4b717cc940b9f11c5a38b1188
1f9d7-200d-2642.png	1F9D7-200D-2642-FE0F.png	a9082fef401f22529d3c50203deab71286b13413300781fcc27cdc42bf248a68	a9082fef401f22529d3c50203deab71286b13413300781fcc27cdc42bf248a68
1f9d8.png	1F9D8.png	9a7609cbea06b6544407cf435ee415ef1cafd86ef8fa8c7aa95942a65c317606	9a7609cbea06b6544407cf435ee415ef1cafd86ef8fa8c7aa95942a65c317606
1f9d8-1f3fb.png	1F9D8-1F3FB.png	49c45d154eca91f87742e86d47d879a26c3bfa928c82fc343216087f6c175d5c	49c45d154eca91f87742e86d47d879a26c3bfa928c82fc343216087f6c175d5c
1f9d8-1f3fb-200d-2640.png	1F9D8-1F3FB-200D-2640-FE0F.png	96c82257cee86261b920d4a79913b727cd6fa58ac6d63f1e97cf7a87a5b88715	96c82257cee86261b920d4a79913b727cd6fa58ac6d63f1e97cf7a87a5b88715
1f9d8-1f3fb-200d-2642.png	1F9D8-1F3FB-200D-2642-FE0F.png	fe6a0dd5994b8c849081ef14294cdc80704808663cb5bb28f342cfc340ef8394	fe6a0dd5994b8c849081ef14294cdc80704808663cb5bb28f342cfc340ef8394
1f9d8-1f3fc.png	1F9D8-1F3FC.png	a4883cb0cd77f7d50f9fb57bc1e4cd759f4f8978372484a9ff3dd23eb9c9979a	a4883cb0cd77f7d50f9fb57bc1e4cd759f4f8978372484a9ff3dd23eb9c9979a
1f9d8-1f3fc-200d-2640.png	1F9D8-1F3FC-200D-2640-FE0F.png	8891183df83936473a34892e86cdf9dadb0d513ecbd8a5989b771f03a1d7b46c	8891183df83936473a34892e86cdf9dadb0d513ecbd8a5989b771f03a1d7b46c
1f9d8-1f3fc-200d-2642.png	1F9D8-1F3FC-200D-2642-FE0F.png	57b2c8f8f2714b1b4a2c58fcfecb948465bc6df8d658a5b561cff6b0cc944ea6	57b2c8f8f2714b1b4a2c58fcfecb948465bc6df8d658a5b561cff6b0cc944ea6
1f9d8-1f3fd.png	1F9D8-1F3FD.png	f6d13023c00bd3daf23e5da75f5328c760064336308f797a0e4741a8532b964f	f6d13023c00bd3daf23e5da75f5328c760064336308f797a0e4741a8532b964f
1f9d8-1f3fd-200d-2640.png	1F9D8-1F3FD-200D-2640-FE0F.png	9ab9925b5f2ec86ea8206f71543f5ba7e23e1388ddcba0ae615cdc85c44890e3	9ab9925b5f2ec86ea8206f71543f5ba7e23e1388ddcba0ae615cdc85c44890e3
1f9d8-1f3fd-200d-2642.png	1F9D8-1F3FD-200D-2642-FE0F.png	83563c53f03b6576655d2f3434eb8e37b7f185c1bcd135d2d6266bc274febc1f	83563c53f03b6576655d2f3434eb8e37b7f185c1bcd135d2d6266bc274febc1f
1f9d8-1f3fe.png	1F9D8-1F3FE.png	91b998c20e68a32ae534909857ee8f25268132bc3ba4adf48b72b71c873aa666	91b998c20e68a32ae534909857ee8f25268132bc3ba4adf48b72b71c873aa666
1f9d8-1f3fe-200d-2640.png	1F9D8-1F3FE-200D-2640-FE0F.png	1842a9d96b969b9f9998f5bacb6656d7df6f4f2e11e08ae268e10d1f873b35a4	1842a9d96b969b9f9998f5bacb6656d7df6f4f2e11e08ae268e10d1f873b35a4
1f9d8-1f3fe-200d-2642.png	1F9D8-1F3FE-200D-2642-FE0F.png	16bb627dcbb8f1b2022c3b97936e6d83eee41cea737dcd733079469fe2f8065d	16bb627dcbb8f1b2022c3b97936e6d83eee41cea737dcd733079469fe2f8065d
1f9d8-1f3ff.png	1F9D8-1F3FF.png	a93110d149664fe26badb1822347171cd97d994582df3af99cc5d8a41315cb27	a93110d149664fe26badb1822347171cd97d994582df3af99cc5d8a41315cb27
1f9d8-1f3ff-200d-2640.png	1F9D8-1F3FF-200D-2640-FE0F.png	4ea1577002ae94ddfe035ca910071790a02e7db4f90dae6669f7bad76f8cbcaa	4ea1577002ae94ddfe035ca910071790a02e7db4f90dae6669f7bad76f8cbcaa
1f9d8-1f3ff-200d-2642.png	1F9D8-1F3FF-200D-2642-FE0F.png	5e5539d1d270cd58a28620d420bc942d620965eabc4c138d1721fc31fbb0f779	5e5539d1d270cd58a28620d420bc942d620965eabc4c138d1721fc31fbb0f779
1f9d8-200d-2640.png	1F9D8-200D-2640-FE0F.png	07b59c0b178b1d46373668fb24497e7d914af190ac9fd5298b664d88badb4c78	07b59c0b178b1d46373668fb24497e7d914af190ac9fd5298b664d88badb4c78
1f9d8-200d-2642.png	1F9D8-200D-2642-FE0F.png	36e80797abffbb6a0826ab1d6a80dfed126843103e831f77f1603e3371b2afc6	36e80797abffbb6a0826ab1d6a80dfed126843103e831f77f1603e3371b2afc6
1f9d9.png	1F9D9.png	75a93fe19666e485bbfda800a6e4f763795f2b1bb245fde5cd2c751c67a126a3	75a93fe19666e485bbfda800a6e4f763795f2b1bb245fde5cd2c751c67a126a3
1f9d9-1f3fb.png	1F9D9-1F3FB.png	e5d50164cce3aecec3d07caec9647eabab63ae7a5523302f43621f2e564f43c7	e5d50164cce3aecec3d07caec9647eabab63ae7a5523302f43621f2e564f43c7
1f9d9-1f3fb-200d-2640.png	1F9D9-1F3FB-200D-2640-FE0F.png	5caf0303e6e063aa19f8347e47954737df61f2ac156c40564cf8bfaf61f1598c	5caf0303e6e063aa19f8347e47954737df61f2ac156c40564cf8bfaf61f1598c
1f9d9-1f3fb-200d-2642.png	1F9D9-1F3FB-200D-2642-FE0F.png	8452e359270189fb747d3ce912bd5fb80b0a681ee7f1e66dde11c28bb59263eb	8452e359270189fb747d3ce912bd5fb80b0a681ee7f1e66dde11c28bb59263eb
1f9d9-1f3fc.png	1F9D9-1F3FC.png	c0e140aeddd3b11f60247324cecbe6657d3714a4516875c1034e146da348fb74	c0e140aeddd3b11f60247324cecbe6657d3714a4516875c1034e146da348fb74
1f9d9-1f3fc-200d-2640.png	1F9D9-1F3FC-200D-2640-FE0F.png	5680b8da552acf5820c97819e45fe999bb9374ee35d08d026ea5cc83c0b25015	5680b8da552acf5820c97819e45fe999bb9374ee35d08d026ea5cc83c0b25015
1f9d9-1f3fc-200d-2642.png	1F9D9-1F3FC-200D-2642-FE0F.png	6ee1b060d32e5da2ffc9e00200630530c5916cd5395a933bfce1004ed7aaee1c	6ee1b060d32e5da2ffc9e00200630530c5916cd5395a933bfce1004ed7aaee1c
1f9d9-1f3fd.png	1F9D9-1F3FD.png	e01f38340bbe10a088f69a6f1f885670ca42bee67f776d036ee43125ce8d6471	e01f38340bbe10a088f69a6f1f885670ca42bee67f776d036ee43125ce8d6471
1f9d9-1f3fd-200d-2640.png	1F9D9-1F3FD-200D-2640-FE0F.png	c45375ec84cc17fe058dc05e4430b1896df6b0a7971b95dbed5cd1348413bd5a	c45375ec84cc17fe058dc05e4430b1896df6b0a7971b95dbed5cd1348413bd5a
1f9d9-1f3fd-200d-2642.png	1F9D9-1F3FD-200D-2642-FE0F.png	3989029215bbedefea5e7ed92a90557f7a2fdcf5c8e6e799a087204cb456a447	3989029215bbedefea5e7ed92a90557f7a2fdcf5c8e6e799a087204cb456a447
1f9d9-1f3fe.png	1F9D9-1F3FE.png	ca43c30eb775f7a6dac5443cdb1820d3daf7d05f73cf9d5398312e5584f82863	ca43c30eb775f7a6dac5443cdb1820d3daf7d05f73cf9d5398312e5584f82863
1f9d9-1f3fe-200d-2640.png	1F9D9-1F3FE-200D-2640-FE0F.png	2a785d6506befe63ef38c5aa57d2d42fa4ae5fe5c7ede62f50fb237a58953e44	2a785d6506befe63ef38c5aa57d2d42fa4ae5fe5c7ede62f50fb237a58953e44
1f9d9-1f3fe-200d-2642.png	1F9D9-1F3FE-200D-2642-FE0F.png	9318fc243bd533c625a7326f19c43dace10fa18814f7dba702528fffa0a20794	9318fc243bd533c625a7326f19c43dace10fa18814f7dba702528fffa0a20794
1f9d9-1f3ff.png	1F9D9-1F3FF.png	c4f397cebe08df5d6ba8de88dcc4d0a8bb883e52c02716e2e38ae8b4e0fe23ea	c4f397cebe08df5d6ba8de88dcc4d0a8bb883e52c02716e2e38ae8b4e0fe23ea
1f9d9-1f3ff-200d-2640.png	1F9D9-1F3FF-200D-2640-FE0F.png	8f9a40c580fb9d58c959f49486903cd2a9a2b7690760647d0609599f2ce71829	8f9a40c580fb9d58c959f49486903cd2a9a2b7690760647d0609599f2ce71829
1f9d9-1f3ff-200d-2642.png	1F9D9-1F3FF-200D-2642-FE0F.png	93d4211eac637b178e526a789b7b97d99db1b4451cd1624bf4237b0da66ba96a	93d4211eac637b178e526a789b7b97d99db1b4451cd1624bf4237b0da66ba96a
1f9d9-200d-2640.png	1F9D9-200D-2640-FE0F.png	148e58512094e54306b2c5a4822b510b89d853650e738852ffa919d4305d5b2b	148e58512094e54306b2c5a4822b510b89d853650e738852ffa919d4305d5b2b
1f9d9-200d-2642.png	1F9D9-200D-2642-FE0F.png	28e97ecd05f8231d955d7cfc627233757e1aad3ec3180da82ff6294af0fc169c	28e97ecd05f8231d955d7cfc627233757e1aad3ec3180da82ff6294af0fc169c
1f9da.png	1F9DA.png	84ab8f003c1b8fe8fc92687dc52a15dd1cc97ea9c8280e58fabc566dcfabdd6f	84ab8f003c1b8fe8fc92687dc52a15dd1cc97ea9c8280e58fabc566dcfabdd6f
1f9da-1f3fb.png	1F9DA-1F3FB.png	99f362fd76bc7ff810b7297472edeb052514807e13c070b150340a9a09e99e8e	99f362fd76bc7ff810b7297472edeb052514807e13c070b150340a9a09e99e8e
1f9da-1f3fb-200d-2640.png	1F9DA-1F3FB-200D-2640-FE0F.png	f2860cc8f90f26dfd0002f433b8098615c8a07a45aa3e2be8337b403da1ea349	f2860cc8f90f26dfd0002f433b8098615c8a07a45aa3e2be8337b403da1ea349
1f9da-1f3fb-200d-2642.png	1F9DA-1F3FB-200D-2642-FE0F.png	27965b31ff6a08d769eb58a951e6617f0b668a3149c44bc975bbb9e9cea8120e	27965b31ff6a08d769eb58a951e6617f0b668a3149c44bc975bbb9e9cea8120e
1f9da-1f3fc.png	1F9DA-1F3FC.png	83176546b194a6eb2b1fa4b561f5532c1b144f29f64671a4aaf93ce2709c247d	83176546b194a6eb2b1fa4b561f5532c1b144f29f64671a4aaf93ce2709c247d
1f9da-1f3fc-200d-2640.png	1F9DA-1F3FC-200D-2640-FE0F.png	f5eba1c44d95c98d19d12a81f1fec603460e618cde6deaf912f3e3ea4450afcf	f5eba1c44d95c98d19d12a81f1fec603460e618cde6deaf912f3e3ea4450afcf
1f9da-1f3fc-200d-2642.png	1F9DA-1F3FC-200D-2642-FE0F.png	069adbc9f44baeecb88dd4ef20ce73bd7bda0c7b2898af9c60f97c6a57586be2	069adbc9f44baeecb88dd4ef20ce73bd7bda0c7b2898af9c60f97c6a57586be2
1f9da-1f3fd.png	1F9DA-1F3FD.png	00ca169a98b0cb4b5e9f2ce22e4b48f2211f6842e1b6a5aade84e3dc92c776fe	00ca169a98b0cb4b5e9f2ce22e4b48f2211f6842e1b6a5aade84e3dc92c776fe
1f9da-1f3fd-200d-2640.png	1F9DA-1F3FD-200D-2640-FE0F.png	60d089d1eb23d19abde5c29916b1532a0fb55c91a59e981f0f06eab2941ab8a1	60d089d1eb23d19abde5c29916b1532a0fb55c91a59e981f0f06eab2941ab8a1
1f9da-1f3fd-200d-2642.png	1F9DA-1F3FD-200D-2642-FE0F.png	0c06cf68294707df75c912d3846f7e97b177fd77abff7431c97a94bdbc4d6b73	0c06cf68294707df75c912d3846f7e97b177fd77abff7431c97a94bdbc4d6b73
1f9da-1f3fe.png	1F9DA-1F3FE.png	bfb901040c200f48213396e9e63bf66af62e54016d439a8a9766b3637c44ba5b	bfb901040c200f48213396e9e63bf66af62e54016d439a8a9766b3637c44ba5b
1f9da-1f3fe-200d-2640.png	1F9DA-1F3FE-200D-2640-FE0F.png	a8136852f0e1ad8bd0fe820ae161ee91d9c7aa56e3507c80646333a9f1827a4b	a8136852f0e1ad8bd0fe820ae161ee91d9c7aa56e3507c80646333a9f1827a4b
1f9da-1f3fe-200d-2642.png	1F9DA-1F3FE-200D-2642-FE0F.png	9113428616449a458bdb2f9b34dbd66e447f92ef7579053d3344021e5e07124b	9113428616449a458bdb2f9b34dbd66e447f92ef7579053d3344021e5e07124b
1f9da-1f3ff.png	1F9DA-1F3FF.png	4feadf66c476579f1f61e97ca4f962c68f4b4d226f8d87fdce4f6fd78884c0be	4feadf66c476579f1f61e97ca4f962c68f4b4d226f8d87fdce4f6fd78884c0be
1f9da-1f3ff-200d-2640.png	1F9DA-1F3FF-200D-2640-FE0F.png	b3a6aee31c55cd01b85cf571f5b338b482974fe94f29deb296299b2442e23fd0	b3a6aee31c55cd01b85cf571f5b338b482974fe94f29deb296299b2442e23fd0
1f9da-1f3ff-200d-2642.png	1F9DA-1F3FF-200D-2642-FE0F.png	72842af5036e23592e8864c483b7908270e2383975ce5aa83ef109cd69dc836f	72842af5036e23592e8864c483b7908270e2383975ce5aa83ef109cd69dc836f
1f9da-200d-2640.png	1F9DA-200D-2640-FE0F.png	788be3ff00cd0503050209a57074ddb810f74bf72e5e8ebd3d1c13266d9c65f8	788be3ff00cd0503050209a57074ddb810f74bf72e5e8ebd3d1c13266d9c65f8
1f9da-200d-2642.png	1F9DA-200D-2642-FE0F.png	79d5952df586a3f0322cd6cfe22753b07a26f95aacb6b4fd1b832f3700e13c7a	79d5952df586a3f0322cd6cfe22753b07a26f95aacb6b4fd1b832f3700e13c7a
1f9db.png	1F9DB.png	24ada75d08d1686ee5cbf61232293ae55a95a6e720fdc2f7e0673fbb0b15262d	24ada75d08d1686ee5cbf61232293ae55a95a6e720fdc2f7e0673fbb0b15262d
1f9db-1f3fb.png	1F9DB-1F3FB.png	25705bbe9e1ac0f9da048ca18bb1236b314321f5f271ad83e652eb92c7a14470	25705bbe9e1ac0f9da048ca18bb1236b314321f5f271ad83e652eb92c7a14470
1f9db-1f3fb-200d-2640.png	1F9DB-1F3FB-200D-2640-FE0F.png	9873f7c681d1cf58b4933fd750bc94d577a75915dbe9d0ef9495c5e4ab206a65	9873f7c681d1cf58b4933fd750bc94d577a75915dbe9d0ef9495c5e4ab206a65
1f9db-1f3fb-200d-2642.png	1F9DB-1F3FB-200D-2642-FE0F.png	459c204019a42bff4ae63605d1f8c1bc5b7957cf07d094e348fced1a32b1a404	459c204019a42bff4ae63605d1f8c1bc5b7957cf07d094e348fced1a32b1a404
1f9db-1f3fc.png	1F9DB-1F3FC.png	a97d5c8370fd6596e415ac5c3d33e957a5ebc3f742af110c4e84b1c7d3854736	a97d5c8370fd6596e415ac5c3d33e957a5ebc3f742af110c4e84b1c7d3854736
1f9db-1f3fc-200d-2640.png	1F9DB-1F3FC-200D-2640-FE0F.png	23518b38beaa2bc5b9b9bcc39eca67246df4c96fb2afa8b31ffce497dae4c1bb	23518b38beaa2bc5b9b9bcc39eca67246df4c96fb2afa8b31ffce497dae4c1bb
1f9db-1f3fc-200d-2642.png	1F9DB-1F3FC-200D-2642-FE0F.png	204527aaa77a4bbe137e1de22b7d9a67f0d2fb3b654a9e07e950a69bbd59a21b	204527aaa77a4bbe137e1de22b7d9a67f0d2fb3b654a9e07e950a69bbd59a21b
1f9db-1f3fd.png	1F9DB-1F3FD.png	56fc2e19b51f0d5a6eb30c7ea0ad50bf8de6db4f7c4c531cb820b8f359f0f1ec	56fc2e19b51f0d5a6eb30c7ea0ad50bf8de6db4f7c4c531cb820b8f359f0f1ec
1f9db-1f3fd-200d-2640.png	1F9DB-1F3FD-200D-2640-FE0F.png	dd74f7b41c6bb470d0025fba70946915d32e08d3c30020abfbca74f32a331f0a	dd74f7b41c6bb470d0025fba70946915d32e08d3c30020abfbca74f32a331f0a
1f9db-1f3fd-200d-2642.png	1F9DB-1F3FD-200D-2642-FE0F.png	9ae639b167e35b106e86f61ee2fd267dbfa77b3cde28c3032b6c75284443131f	9ae639b167e35b106e86f61ee2fd267dbfa77b3cde28c3032b6c75284443131f
1f9db-1f3fe.png	1F9DB-1F3FE.png	8406e57e4ff711d803cac938e78b604ebe20b31e9f9b8333f5cde5349725559e	8406e57e4ff711d803cac938e78b604ebe20b31e9f9b8333f5cde5349725559e
1f9db-1f3fe-200d-2640.png	1F9DB-1F3FE-200D-2640-FE0F.png	8db338739ff6b22ddaae401eecbf501cd03249121222cc076d6e5053fbe4e182	8db338739ff6b22ddaae401eecbf501cd03249121222cc076d6e5053fbe4e182
1f9db-1f3fe-200d-2642.png	1F9DB-1F3FE-200D-2642-FE0F.png	d1eea3b1fb0d6291e27345703ff8817f89a4231087f49705d595d4459e8ee729	d1eea3b1fb0d6291e27345703ff8817f89a4231087f49705d595d4459e8ee729
1f9db-1f3ff.png	1F9DB-1F3FF.png	d15109fcb2461b1ab7d1a0575876a5f0936fe5bfd3d89ea3475fc1ca0e512b72	d15109fcb2461b1ab7d1a0575876a5f0936fe5bfd3d89ea3475fc1ca0e512b72
1f9db-1f3ff-200d-2640.png	1F9DB-1F3FF-200D-2640-FE0F.png	4e480c2bd711e60a1f3274b97e02ebb54e6b47942e164942fc5522b72da58902	4e480c2bd711e60a1f3274b97e02ebb54e6b47942e164942fc5522b72da58902
1f9db-1f3ff-200d-2642.png	1F9DB-1F3FF-200D-2642-FE0F.png	3ec68a72d2ea934fc0e7ce818751b9ed62ac6b2563ef68858e4fdfae1f42583e	3ec68a72d2ea934fc0e7ce818751b9ed62ac6b2563ef68858e4fdfae1f42583e
1f9db-200d-2640.png	1F9DB-200D-2640-FE0F.png	285168b7eeb4bafc82c846b7fe59a96e8a4af43c1f8b9dfff4ae663485470247	285168b7eeb4bafc82c846b7fe59a96e8a4af43c1f8b9dfff4ae663485470247
1f9db-200d-2642.png	1F9DB-200D-2642-FE0F.png	57189f41b7132c7ccff25e87a21ff827d248bfc0ee22e5acca8836a41a341def	57189f41b7132c7ccff25e87a21ff827d248bfc0ee22e5acca8836a41a341def
1f9dc.png	1F9DC.png	c67345e9b2dcf6a8bf91fdbe5a27d983381c8b5dd7f32b3f458b609ba791763e	c67345e9b2dcf6a8bf91fdbe5a27d983381c8b5dd7f32b3f458b609ba791763e
1f9dc-1f3fb.png	1F9DC-1F3FB.png	4b3afb35cb41497372b2766db1ce459976bf29819ed8f2f3601ad4cdab6b6270	4b3afb35cb41497372b2766db1ce459976bf29819ed8f2f3601ad4cdab6b6270
1f9dc-1f3fb-200d-2640.png	1F9DC-1F3FB-200D-2640-FE0F.png	7c7830b6d71e022269d0b1d162c483eccb88093b783ceaae75684e5f1cd8a2a4	7c7830b6d71e022269d0b1d162c483eccb88093b783ceaae75684e5f1cd8a2a4
1f9dc-1f3fb-200d-2642.png	1F9DC-1F3FB-200D-2642-FE0F.png	135054c81e073accf3ccb51ac05ff258902d2f48aff617733befd1bce8340e62	135054c81e073accf3ccb51ac05ff258902d2f48aff617733befd1bce8340e62
1f9dc-1f3fc.png	1F9DC-1F3FC.png	63a1ee0fe074b5d47e8921607625ac72e0fca70543fdf57108c4aae6221f29ca	63a1ee0fe074b5d47e8921607625ac72e0fca70543fdf57108c4aae6221f29ca
1f9dc-1f3fc-200d-2640.png	1F9DC-1F3FC-200D-2640-FE0F.png	6ed5b798b99a25910934ef5bc25faa2c27ee86eee4d6e0f28e3b5266a758111e	6ed5b798b99a25910934ef5bc25faa2c27ee86eee4d6e0f28e3b5266a758111e
1f9dc-1f3fc-200d-2642.png	1F9DC-1F3FC-200D-2642-FE0F.png	82c001d58068f818953dcb9f0e87d25d76f9d7157f10c1e620f1f37c649c2120	82c001d58068f818953dcb9f0e87d25d76f9d7157f10c1e620f1f37c649c2120
1f9dc-1f3fd.png	1F9DC-1F3FD.png	7ba01be2984a5db7302d00e2a58a420b86a9cba28b78615800c3d8fc6d765fe0	7ba01be2984a5db7302d00e2a58a420b86a9cba28b78615800c3d8fc6d765fe0
1f9dc-1f3fd-200d-2640.png	1F9DC-1F3FD-200D-2640-FE0F.png	ecb14ef4bb322a1aba5312100481f79665abb3b5afcc391d7dfa60e1296d7e19	ecb14ef4bb322a1aba5312100481f79665abb3b5afcc391d7dfa60e1296d7e19
1f9dc-1f3fd-200d-2642.png	1F9DC-1F3FD-200D-2642-FE0F.png	0340fe266df2196a047b17ba51e94b105064ba84939e2bab65a0801a1e5e4dcb	0340fe266df2196a047b17ba51e94b105064ba84939e2bab65a0801a1e5e4dcb
1f9dc-1f3fe.png	1F9DC-1F3FE.png	867dd21bc186f57045a82a77fb7f2252d384cb6ad805abbc76bcedcfbdd15080	867dd21bc186f57045a82a77fb7f2252d384cb6ad805abbc76bcedcfbdd15080
1f9dc-1f3fe-200d-2640.png	1F9DC-1F3FE-200D-2640-FE0F.png	7cd2bb5ea48b2e429385dd5fdd6797be85e272fbac94e7bc91080fa4cd2bce70	7cd2bb5ea48b2e429385dd5fdd6797be85e272fbac94e7bc91080fa4cd2bce70
1f9dc-1f3fe-200d-2642.png	1F9DC-1F3FE-200D-2642-FE0F.png	48081da11d5772bf7aeb1b67af1b1a585a765bfb8d5fe34edbcefee1dae17bfd	48081da11d5772bf7aeb1b67af1b1a585a765bfb8d5fe34edbcefee1dae17bfd
1f9dc-1f3ff.png	1F9DC-1F3FF.png	2b1e8e1cdc85ea66cfe9e014dfd4d41a0cd01e81073ed890f0dc7c3401265229	2b1e8e1cdc85ea66cfe9e014dfd4d41a0cd01e81073ed890f0dc7c3401265229
1f9dc-1f3ff-200d-2640.png	1F9DC-1F3FF-200D-2640-FE0F.png	c250c0dd37cae3b4e447a2f2c267a4cf0b8d0f355280c1fa2f2acf898f7ea466	c250c0dd37cae3b4e447a2f2c267a4cf0b8d0f355280c1fa2f2acf898f7ea466
1f9dc-1f3ff-200d-2642.png	1F9DC-1F3FF-200D-2642-FE0F.png	19357f9b11556a0905ef2afed2917025ac1245d1c2b0f27976aa9ed80e044640	19357f9b11556a0905ef2afed2917025ac1245d1c2b0f27976aa9ed80e044640
1f9dc-200d-2640.png	1F9DC-200D-2640-FE0F.png	abf51e971576de1b3e255dbef00807e99bd9b991d77386c347f030acbfa7ae86	abf51e971576de1b3e255dbef00807e99bd9b991d77386c347f030acbfa7ae86
1f9dc-200d-2642.png	1F9DC-200D-2642-FE0F.png	986e43b91a557095f9ada5e3cc2770b6ab94b197cbaa077ab2b92d461f644800	986e43b91a557095f9ada5e3cc2770b6ab94b197cbaa077ab2b92d461f644800
1f9dd.png	1F9DD.png	0b5c97a29abfbc89d674735a075158f9affaa9b2632c7a30d7d9ef0ba66f983f	0b5c97a29abfbc89d674735a075158f9affaa9b2632c7a30d7d9ef0ba66f983f
1f9dd-1f3fb.png	1F9DD-1F3FB.png	4dc6f985670d4327b5f30882cb79e50597cbf5fcf423a2f8045087eb3aeba3c2	4dc6f985670d4327b5f30882cb79e50597cbf5fcf423a2f8045087eb3aeba3c2
1f9dd-1f3fb-200d-2640.png	1F9DD-1F3FB-200D-2640-FE0F.png	3df71568b5018dde6da65042308b38a79766bd2c647a909f2d46d0db6f8247da	3df71568b5018dde6da65042308b38a79766bd2c647a909f2d46d0db6f8247da
1f9dd-1f3fb-200d-2642.png	1F9DD-1F3FB-200D-2642-FE0F.png	043f3d03547d32b84f997766d0f3b4e60cc84eeced00f6952b29c41bf112b6cf	043f3d03547d32b84f997766d0f3b4e60cc84eeced00f6952b29c41bf112b6cf
1f9dd-1f3fc.png	1F9DD-1F3FC.png	43114e00a1bbc2d3bad8733742ef7bfd4768094a071747f56a6daab442a3ae65	43114e00a1bbc2d3bad8733742ef7bfd4768094a071747f56a6daab442a3ae65
1f9dd-1f3fc-200d-2640.png	1F9DD-1F3FC-200D-2640-FE0F.png	ff9468b0a6c89cfe472f1c00beb67b97936edb3fd54b5a608f3bf403b0d041a7	ff9468b0a6c89cfe472f1c00beb67b97936edb3fd54b5a608f3bf403b0d041a7
1f9dd-1f3fc-200d-2642.png	1F9DD-1F3FC-200D-2642-FE0F.png	d920c7e734177642e1ed3759f1a75ff0e842e00e2f23c9601a18c176c9b524ff	d920c7e734177642e1ed3759f1a75ff0e842e00e2f23c9601a18c176c9b524ff
1f9dd-1f3fd.png	1F9DD-1F3FD.png	42bd7f2663f97a46c54c7f62358f94d43b0d8877e6c848e920a76657586ce355	42bd7f2663f97a46c54c7f62358f94d43b0d8877e6c848e920a76657586ce355
1f9dd-1f3fd-200d-2640.png	1F9DD-1F3FD-200D-2640-FE0F.png	df028e02de16dec204994d9aa7cb6e8cb13c81dbcbdbb1f6b7abdd0f643f5e6f	df028e02de16dec204994d9aa7cb6e8cb13c81dbcbdbb1f6b7abdd0f643f5e6f
1f9dd-1f3fd-200d-2642.png	1F9DD-1F3FD-200D-2642-FE0F.png	5427e0974a97267d16c0fb854b9bd36da0d777831a471d98ac05925798a3b339	5427e0974a97267d16c0fb854b9bd36da0d777831a471d98ac05925798a3b339
1f9dd-1f3fe.png	1F9DD-1F3FE.png	5868d95b591e67af9fc26d90c83076a2156a2d13dd8fd865e0d821c54260e38d	5868d95b591e67af9fc26d90c83076a2156a2d13dd8fd865e0d821c54260e38d
1f9dd-1f3fe-200d-2640.png	1F9DD-1F3FE-200D-2640-FE0F.png	f7aec8887a8317d902ef1940693dd505dce0b320558180cc03fe4ba44b36c345	f7aec8887a8317d902ef1940693dd505dce0b320558180cc03fe4ba44b36c345
1f9dd-1f3fe-200d-2642.png	1F9DD-1F3FE-200D-2642-FE0F.png	f4ec3828b336c74dde3914551a011e5f7ade01b7c8e449ee2af7123897021aec	f4ec3828b336c74dde3914551a011e5f7ade01b7c8e449ee2af7123897021aec
1f9dd-1f3ff.png	1F9DD-1F3FF.png	e226557af6c6c4d5aed6087f5068191d8bd64bdd51aaf3ded6802728d37343e7	e226557af6c6c4d5aed6087f5068191d8bd64bdd51aaf3ded6802728d37343e7
1f9dd-1f3ff-200d-2640.png	1F9DD-1F3FF-200D-2640-FE0F.png	aa6a5ace22bd2a58a90cbd8386d0e1ba8343ef4910aa7a0fd7a1a45a6bc6c10e	aa6a5ace22bd2a58a90cbd8386d0e1ba8343ef4910aa7a0fd7a1a45a6bc6c10e
1f9dd-1f3ff-200d-2642.png	1F9DD-1F3FF-200D-2642-FE0F.png	f26161396f7dd548f9a05ed66cc618fea021c5c75f472b8a9214129358a21354	f26161396f7dd548f9a05ed66cc618fea021c5c75f472b8a9214129358a21354
1f9dd-200d-2640.png	1F9DD-200D-2640-FE0F.png	e693375df2d9c9e820f7250563440ebfe720c2ac3c45e1dd7ed039e7bdfa3a27	e693375df2d9c9e820f7250563440ebfe720c2ac3c45e1dd7ed039e7bdfa3a27
1f9dd-200d-2642.png	1F9DD-200D-2642-FE0F.png	519ff8440fef621983f720ea2ee4d6c0b70b9c884da0192640b5bbc25d376270	519ff8440fef621983f720ea2ee4d6c0b70b9c884da0192640b5bbc25d376270
1f9de.png	1F9DE.png	80a983ae62e9b140554e72dfb2d2c31d83851136fa7b8282f39ba32cb2780780	80a983ae62e9b140554e72dfb2d2c31d83851136fa7b8282f39ba32cb2780780
1f9de-200d-2640.png	1F9DE-200D-2640-FE0F.png	85432861b9e6ecb79f71346be80834ae2671dfde65f7dd8b94024e553f2fae68	85432861b9e6ecb79f71346be80834ae2671dfde65f7dd8b94024e553f2fae68
1f9de-200d-2642.png	1F9DE-200D-2642-FE0F.png	39838e9b249077c7a39bc52bb0efa65172b4bbb3ab79233958b0be262a420930	39838e9b249077c7a39bc52bb0efa65172b4bbb3ab79233958b0be262a420930
1f9df.png	1F9DF.png	86d7ff618b06d7da9bedcf9e110d1253055eb77010038bf43499af900863f1c5	86d7ff618b06d7da9bedcf9e110d1253055eb77010038bf43499af900863f1c5
1f9df-200d-2640.png	1F9DF-200D-2640-FE0F.png	4a88106a286be396c7f65264e6736786d09c611826e8bda21bc132b7595a6958	4a88106a286be396c7f65264e6736786d09c611826e8bda21bc132b7595a6958
1f9df-200d-2642.png	1F9DF-200D-2642-FE0F.png	57557ec1105416a3ad55dc9bbbabe7e1613784e348b91912b4acf1e5d469f1b4	57557ec1105416a3ad55dc9bbbabe7e1613784e348b91912b4acf1e5d469f1b4
1f9e0.png	1F9E0.png	03a1bc57b8b7fd07bccd45dada2c353643cc19763f5e7296f15ead928d035450	03a1bc57b8b7fd07bccd45dada2c353643cc19763f5e7296f15ead928d035450
1f9e1.png	1F9E1.png	67c4d5bce5f9fd3c688996df78c1087908a40887016c3822b09183a859b272a6	67c4d5bce5f9fd3c688996df78c1087908a40887016c3822b09183a859b272a6
1f9e2.png	1F9E2.png	2a654ed7568fcaf8ebcf2e45ff0a7ee7e277b5509a554eece03c3f1f5f7fc60c	2a654ed7568fcaf8ebcf2e45ff0a7ee7e277b5509a554eece03c3f1f5f7fc60c
1f9e3.png	1F9E3.png	d7e061d095503f1d4dbd10d1307c26f81fc39b68f1db9b364c6226008736ba53	d7e061d095503f1d4dbd10d1307c26f81fc39b68f1db9b364c6226008736ba53
1f9e4.png	1F9E4.png	a78dbb0a4d3244f64600394cc0a99693a194c34de54cc9f9f465058937f5a177	a78dbb0a4d3244f64600394cc0a99693a194c34de54cc9f9f465058937f5a177
1f9e5.png	1F9E5.png	52c31c101ae072019f01aa1ad42a04aacab987ae4db55a8095721f0d042d173b	52c31c101ae072019f01aa1ad42a04aacab987ae4db55a8095721f0d042d173b
1f9e6.png	1F9E6.png	fc0f5cec1ef2e3a8bd4c7932f6184e9991c83a6782db02a8759a10abdc178665	fc0f5cec1ef2e3a8bd4c7932f6184e9991c83a6782db02a8759a10abdc178665
1f9e7.png	1F9E7.png	a5bc42821a55133fa195defdb3fc188e41323e34068f056b4fccaa6b1d9b5c60	a5bc42821a55133fa195defdb3fc188e41323e34068f056b4fccaa6b1d9b5c60
1f9e8.png	1F9E8.png	b6678b8f0cf196a0b17b9d0e8fac610091dade1878ba600ef06b6ffb6682c416	b6678b8f0cf196a0b17b9d0e8fac610091dade1878ba600ef06b6ffb6682c416
1f9e9.png	1F9E9.png	38b1327458f23387a0891f097cc33cdc791af926be0b5795846645aa5c9936c2	38b1327458f23387a0891f097cc33cdc791af926be0b5795846645aa5c9936c2
1f9ea.png	1F9EA.png	4cf472f04774274452c06829d2a8a380b4a69b7c0c590987f83602ae500bc6c8	4cf472f04774274452c06829d2a8a380b4a69b7c0c590987f83602ae500bc6c8
1f9eb.png	1F9EB.png	02944a46054e6fa9c8be68f17b239ad85b8456072be559e30a6d004430483e22	02944a46054e6fa9c8be68f17b239ad85b8456072be559e30a6d004430483e22
1f9ec.png	1F9EC.png	114ee806ec466ee3313470f8fa8e8934ae029a3968864fcd18830e7702ad6986	114ee806ec466ee3313470f8fa8e8934ae029a3968864fcd18830e7702ad6986
1f9ed.png	1F9ED.png	41c390debfee36ea9f657acd9fae86c831d62968ce0d90c187a05a6b99642dd3	41c390debfee36ea9f657acd9fae86c831d62968ce0d90c187a05a6b99642dd3
1f9ee.png	1F9EE.png	7d56b7a596d593ba526bbccbfb701d567dc3fd8bba8e790c2c7fd6e7390e779d	7d56b7a596d593ba526bbccbfb701d567dc3fd8bba8e790c2c7fd6e7390e779d
1f9ef.png	1F9EF.png	74984f468bbcfefac70474ab066aed7805f871e14381dc601fd813a76e9b1cf7	74984f468bbcfefac70474ab066aed7805f871e14381dc601fd813a76e9b1cf7
1f9f0.png	1F9F0.png	c3888bd7b6aa2e34994bca9df5f801ad30fd156327384a023c44752578a9963c	c3888bd7b6aa2e34994bca9df5f801ad30fd156327384a023c44752578a9963c
1f9f1.png	1F9F1.png	d327d1b1ef0822d8641230c00b66d74c1927517dd9d2b0a5a7eeb0c562dab635	d327d1b1ef0822d8641230c00b66d74c1927517dd9d2b0a5a7eeb0c562dab635
1f9f2.png	1F9F2.png	a7721b15aa5e0bacb42e606beba9944add7c067d350cc6f4313fc4302c201baf	a7721b15aa5e0bacb42e606beba9944add7c067d350cc6f4313fc4302c201baf
1f9f3.png	1F9F3.png	0915984a76ee090cba5d115b2e8ef451e4374dba9790084362ba0bbd342ed6e5	0915984a76ee090cba5d115b2e8ef451e4374dba9790084362ba0bbd342ed6e5
1f9f4.png	1F9F4.png	cd3b8e8b7bf32b4ccb6a9f490b49a094387a672318ba6b17cb3e68ae8aa5ca6b	cd3b8e8b7bf32b4ccb6a9f490b49a094387a672318ba6b17cb3e68ae8aa5ca6b
1f9f5.png	1F9F5.png	9025f0768ce49102733ca7772c57f5f3905a1d46d85b32b8f1d436aab264596d	9025f0768ce49102733ca7772c57f5f3905a1d46d85b32b8f1d436aab264596d
1f9f6.png	1F9F6.png	843aabbd0da40f988944d992da48877905f74e63d3bb1d30d635bbaea80b1ee6	843aabbd0da40f988944d992da48877905f74e63d3bb1d30d635bbaea80b1ee6
1f9f7.png	1F9F7.png	4168ab1c80bed94649550e616cbd32c8a95a6167535c7108ec2be1c96cc017e4	4168ab1c80bed94649550e616cbd32c8a95a6167535c7108ec2be1c96cc017e4
1f9f8.png	1F9F8.png	8e99526bf0134a0a3be348433f7bd40cca4fc027592c1a1af3674064ebb8bf7f	8e99526bf0134a0a3be348433f7bd40cca4fc027592c1a1af3674064ebb8bf7f
1f9f9.png	1F9F9.png	3fbaf7ccf7a598826760a55e2ab65698ce853cb6b97dde685d35a63c0344a193	3fbaf7ccf7a598826760a55e2ab65698ce853cb6b97dde685d35a63c0344a193
1f9fa.png	1F9FA.png	91a2c8511459f46e0af3e43c8762f76692d18d972f44688dae68a59028c5e25e	91a2c8511459f46e0af3e43c8762f76692d18d972f44688dae68a59028c5e25e
1f9fb.png	1F9FB.png	07d10a2ad24951f9352799c0f6788d2e14dc0747b092db965a47d4c7ad7ea565	07d10a2ad24951f9352799c0f6788d2e14dc0747b092db965a47d4c7ad7ea565
1f9fc.png	1F9FC.png	95d96f688cb5c3067daf3c157269a4d59564a6b7791c71b52dc45173492d3c07	95d96f688cb5c3067daf3c157269a4d59564a6b7791c71b52dc45173492d3c07
1f9fd.png	1F9FD.png	5280a3049d135c80ee22bf54bffcee8917d78a3b6ab80fee1f2d3d9f402152af	5280a3049d135c80ee22bf54bffcee8917d78a3b6ab80fee1f2d3d9f402152af
1f9fe.png	1F9FE.png	159ac1fd29d68cfbd7811c83689b4ec5e71fbab0f6e2110a8446fe4fc29566f4	159ac1fd29d68cfbd7811c83689b4ec5e71fbab0f6e2110a8446fe4fc29566f4
1f9ff.png	1F9FF.png	504f52f0bf8b3a2816786859e8c0d145ca8e336dbd3bc8e2c377cb312f37cb24	504f52f0bf8b3a2816786859e8c0d145ca8e336dbd3bc8e2c377cb312f37cb24
1fa70.png	1FA70.png	95958a5e26abb40eb593e4cbb417feff1706dc77f015ed591f0762654c48f9fa	95958a5e26abb40eb593e4cbb417feff1706dc77f015ed591f0762654c48f9fa
1fa71.png	1FA71.png	c67cc356ef43c163c6c81fcd7b65386bcc84eba90f78b85faf2200bdd0343c1d	c67cc356ef43c163c6c81fcd7b65386bcc84eba90f78b85faf2200bdd0343c1d
1fa72.png	1FA72.png	092a5d9203c59bbf0a8de8695818fa98f331ff357f0db6303c717e1f712171e6	092a5d9203c59bbf0a8de8695818fa98f331ff357f0db6303c717e1f712171e6
1fa73.png	1FA73.png	786b8bf9590c4ba9b1e312f8d9086c21885fe6fa7ab50a4dbb439194393ac8e0	786b8bf9590c4ba9b1e312f8d9086c21885fe6fa7ab50a4dbb439194393ac8e0
1fa74.png	1FA74.png	c8f93ffbd1dc52f139e03f78e06f2d64294656a59336af2da10d70f5c86808f8	c8f93ffbd1dc52f139e03f78e06f2d64294656a59336af2da10d70f5c86808f8
1fa75.png	1FA75.png	186603931ae003837fee1dec7489fe676793a0a8a7bc799e22583e3e3b6cd5a8	186603931ae003837fee1dec7489fe676793a0a8a7bc799e22583e3e3b6cd5a8
1fa76.png	1FA76.png	62e3c91b24a399f2703d6b503c2e3205775524ef7a563b5c922171487ddb5595	62e3c91b24a399f2703d6b503c2e3205775524ef7a563b5c922171487ddb5595
1fa77.png	1FA77.png	4a318fc4057f77c295111d6a1c6e3d7122c6115291192e3a1235a6b8c950ab02	4a318fc4057f77c295111d6a1c6e3d7122c6115291192e3a1235a6b8c950ab02
1fa78.png	1FA78.png	f306064d9d76a3d9586af203b19e32950960bf6138c5cc54ed238a0582615895	f306064d9d76a3d9586af203b19e32950960bf6138c5cc54ed238a0582615895
1fa79.png	1FA79.png	5ef354a8c79d8e0c7491118ab7fb0326b44f70080bc491ee135b7b8aadf3fc58	5ef354a8c79d8e0c7491118ab7fb0326b44f70080bc491ee135b7b8aadf3fc58
1fa7a.png	1FA7A.png	02318bc16dff637e5206137ca1f230a64ab75272ab63f61e79393017bb66a9c2	02318bc16dff637e5206137ca1f230a64ab75272ab63f61e79393017bb66a9c2
1fa7b.png	1FA7B.png	0af30fc24662952d94d005eacbccb92459f18555bb2c7f49d35b13fe52002dfb	0af30fc24662952d94d005eacbccb92459f18555bb2c7f49d35b13fe52002dfb
1fa7c.png	1FA7C.png	8e9886b437f7e2b7da9408393af960a1f17590b17742b5bb1d68c191489d8425	8e9886b437f7e2b7da9408393af960a1f17590b17742b5bb1d68c191489d8425
1fa80.png	1FA80.png	e3e9085db73d1d9f63491dbaa3c519065191aff0398a244cd3664e5d148d2ac0	e3e9085db73d1d9f63491dbaa3c519065191aff0398a244cd3664e5d148d2ac0
1fa81.png	1FA81.png	ce072adb27b598ac0de7632d25236c6ca17078648ba2d3d08b7171b4721992d6	ce072adb27b598ac0de7632d25236c6ca17078648ba2d3d08b7171b4721992d6
1fa82.png	1FA82.png	63032ebe1ad11dba136ae688a52bc2f1e4d8dc3c6a251fafed601255f6c985b9	63032ebe1ad11dba136ae688a52bc2f1e4d8dc3c6a251fafed601255f6c985b9
1fa83.png	1FA83.png	6af3e373304fee55d83dd76002adfcbc0bd31fb22014ed15490d75688a2122a2	6af3e373304fee55d83dd76002adfcbc0bd31fb22014ed15490d75688a2122a2
1fa84.png	1FA84.png	eb9faed7dfe6e9ddca4de3e2dc4f4e9033d3f344a198ce8ba71edb84bc65d803	eb9faed7dfe6e9ddca4de3e2dc4f4e9033d3f344a198ce8ba71edb84bc65d803
1fa85.png	1FA85.png	9869acd2593c31d0dc643b44b2d5a24ff14e7fa8caf43b226c12ba5e0de73ed5	9869acd2593c31d0dc643b44b2d5a24ff14e7fa8caf43b226c12ba5e0de73ed5
1fa86.png	1FA86.png	afea3e823ec7301ee40c31a0c776e7b8147afc6fa4383512e1c112a651e0e975	afea3e823ec7301ee40c31a0c776e7b8147afc6fa4383512e1c112a651e0e975
1fa87.png	1FA87.png	c67e1632d92021714db43fb008d4af28dbef394d51b236e8628e935b0211b6f3	c67e1632d92021714db43fb008d4af28dbef394d51b236e8628e935b0211b6f3
1fa88.png	1FA88.png	d547cef00b3042030daa4bcac5dcccbfaa986d8d95d0274ebeff078509ff2677	d547cef00b3042030daa4bcac5dcccbfaa986d8d95d0274ebeff078509ff2677
1fa89.png	1FA89.png	8d163f93c7cac75c4d1c07a98cb68b9958fa364c0d23e924a1768327ef28f8b2	8d163f93c7cac75c4d1c07a98cb68b9958fa364c0d23e924a1768327ef28f8b2
1fa8a.png	1FA8A.png	e39fcf299348e0d6a936132b9ab4c67e9e614d0076bc1f2def4ac01bf41723a5	e39fcf299348e0d6a936132b9ab4c67e9e614d0076bc1f2def4ac01bf41723a5
1fa8e.png	1FA8E.png	d3cc33b5a6993ef55a1424bb226b68fbda22030bb252a60a123cee4d08a357fb	d3cc33b5a6993ef55a1424bb226b68fbda22030bb252a60a123cee4d08a357fb
1fa8f.png	1FA8F.png	47bb08627558a314e07d9673324ab85c1ea57306c326e6287fb1b38fbe6ccf6b	47bb08627558a314e07d9673324ab85c1ea57306c326e6287fb1b38fbe6ccf6b
1fa90.png	1FA90.png	4e1bd2d79a894d5df213cbbb343c123557b7dfb98704d07a1c03f46de1c3eaad	4e1bd2d79a894d5df213cbbb343c123557b7dfb98704d07a1c03f46de1c3eaad
1fa91.png	1FA91.png	e245b50db4f277b88187cd7ab24aff4a5d37b564240fdbd831dc81d88ad729c0	e245b50db4f277b88187cd7ab24aff4a5d37b564240fdbd831dc81d88ad729c0
1fa92.png	1FA92.png	21dcf583bd5ba23bc20820593cd60b472a78d87ca48ab24ea3bbeb0c6a6af011	21dcf583bd5ba23bc20820593cd60b472a78d87ca48ab24ea3bbeb0c6a6af011
1fa93.png	1FA93.png	49eec5bcaa317541dd0381bf0b3df8156be4b1da2bebd715697052d2c5c20977	49eec5bcaa317541dd0381bf0b3df8156be4b1da2bebd715697052d2c5c20977
1fa94.png	1FA94.png	755a3858fa797af2d96e59c7a6a68e7a1f47d6a3832c90b7820af22c254a72d3	755a3858fa797af2d96e59c7a6a68e7a1f47d6a3832c90b7820af22c254a72d3
1fa95.png	1FA95.png	0b577c89ad97dc98c84cc2637081ab299b3d096b1b068383dfb8b58f4579a23f	0b577c89ad97dc98c84cc2637081ab299b3d096b1b068383dfb8b58f4579a23f
1fa96.png	1FA96.png	8691296117da2c65c395ce2c3ecb21e38b3fac02b48d5b38f09e0d2c7336dd52	8691296117da2c65c395ce2c3ecb21e38b3fac02b48d5b38f09e0d2c7336dd52
1fa97.png	1FA97.png	72f4bece39e744ad37b1c0d12114539b97f9fbaf3bfc2ee4ae7935056c3743ac	72f4bece39e744ad37b1c0d12114539b97f9fbaf3bfc2ee4ae7935056c3743ac
1fa98.png	1FA98.png	c7a9f52b400d2e1f125db55f745f2820b8a6beeaad65bb3a78aab69064ca14d8	c7a9f52b400d2e1f125db55f745f2820b8a6beeaad65bb3a78aab69064ca14d8
1fa99.png	1FA99.png	5dc3dc931155a1cdd7c141d6cc2b955d86ccf17ca05ecc0778587a0d9fefc6c0	5dc3dc931155a1cdd7c141d6cc2b955d86ccf17ca05ecc0778587a0d9fefc6c0
1fa9a.png	1FA9A.png	5f8a529fc872c7319d6f062d87156b0e114003383c6bf066a2648d9d7a77ae2d	5f8a529fc872c7319d6f062d87156b0e114003383c6bf066a2648d9d7a77ae2d
1fa9b.png	1FA9B.png	c555a629286e8073546cb7a749730421cc3584f1940471b2a3b51d889382e5f3	c555a629286e8073546cb7a749730421cc3584f1940471b2a3b51d889382e5f3
1fa9c.png	1FA9C.png	49790b96bec0071752ca01de91bfe12723f5d5aa9c8d628ba53538fa23344990	49790b96bec0071752ca01de91bfe12723f5d5aa9c8d628ba53538fa23344990
1fa9d.png	1FA9D.png	38a3ce2bc23c84b714f310a1f84c44c5d5ac95fd5bf343f76d809f1b90543210	38a3ce2bc23c84b714f310a1f84c44c5d5ac95fd5bf343f76d809f1b90543210
1fa9e.png	1FA9E.png	d60c0558cd8cea9b7681a44559b49fe88b3cc8819515d5e66dc490486b4baedf	d60c0558cd8cea9b7681a44559b49fe88b3cc8819515d5e66dc490486b4baedf
1fa9f.png	1FA9F.png	d6cf73fd9b9c620fb37fc222c576366f99eba23957f7b5865f4b96c536bd1e8b	d6cf73fd9b9c620fb37fc222c576366f99eba23957f7b5865f4b96c536bd1e8b
1faa0.png	1FAA0.png	40fe2c55591aacf4ff90bf9b615d5e8a72bd489676d0a5d48173a46227c3dca6	40fe2c55591aacf4ff90bf9b615d5e8a72bd489676d0a5d48173a46227c3dca6
1faa1.png	1FAA1.png	07ab66d47bc881376d32df84bae823186fd005238eaa048102a1f8c4ff71f2ad	07ab66d47bc881376d32df84bae823186fd005238eaa048102a1f8c4ff71f2ad
1faa2.png	1FAA2.png	e9fead595f6794dcf8d6a10c04b6217fe9360d7f3ed1effde0e5a0bd644491b4	e9fead595f6794dcf8d6a10c04b6217fe9360d7f3ed1effde0e5a0bd644491b4
1faa3.png	1FAA3.png	2ae6484530cebc5fc1d53e1608f38165ead6dcc08a4b426da6a2adf7603545b0	2ae6484530cebc5fc1d53e1608f38165ead6dcc08a4b426da6a2adf7603545b0
1faa4.png	1FAA4.png	585a98d01bd9eaf41c9e278464fd606bb6000fbdecf063621501dab9b105b593	585a98d01bd9eaf41c9e278464fd606bb6000fbdecf063621501dab9b105b593
1faa5.png	1FAA5.png	56de28575d9806a274aa78df0e33f883f44c6391cfec64054aff178c23e2c3b6	56de28575d9806a274aa78df0e33f883f44c6391cfec64054aff178c23e2c3b6
1faa6.png	1FAA6.png	8ea4ad224f2fdad26b61694178b615e8260bdbda415aa92a2e068e5c1c4ea257	8ea4ad224f2fdad26b61694178b615e8260bdbda415aa92a2e068e5c1c4ea257
1faa7.png	1FAA7.png	d74980787f26c5522bb8a5ff30a8c85ec7744cd11b891365cc596f2d99408a31	d74980787f26c5522bb8a5ff30a8c85ec7744cd11b891365cc596f2d99408a31
1faa8.png	1FAA8.png	9e31233e3dc32bc40d27205f9f4226e7956ba1372e5eb7281ddc14cff765c59e	9e31233e3dc32bc40d27205f9f4226e7956ba1372e5eb7281ddc14cff765c59e
1faa9.png	1FAA9.png	75107de306d65ad709a1bd69dc2323eb4d8520bc56fd7d18561dabff9556bbce	75107de306d65ad709a1bd69dc2323eb4d8520bc56fd7d18561dabff9556bbce
1faaa.png	1FAAA.png	3203cb4a6bdeee5d490bcaa0965fc8cad593a1674ea24c2b7d362478b872af1c	3203cb4a6bdeee5d490bcaa0965fc8cad593a1674ea24c2b7d362478b872af1c
1faab.png	1FAAB.png	6d1940c43471cdc1c290ce9287a4e725ebb57fe09152251dbd575c4d9bdcaae1	6d1940c43471cdc1c290ce9287a4e725ebb57fe09152251dbd575c4d9bdcaae1
1faac.png	1FAAC.png	bec2365acc700cb01cf35582e7dd6a08e5272d685f7593567ec8da28453add69	bec2365acc700cb01cf35582e7dd6a08e5272d685f7593567ec8da28453add69
1faad.png	1FAAD.png	3198e64fadfbf0687ddbbbf5c94edd91044cabfc39dfd8d46001b6e0c0bc417f	3198e64fadfbf0687ddbbbf5c94edd91044cabfc39dfd8d46001b6e0c0bc417f
1faae.png	1FAAE.png	689597c1cc1d563ea1e6f7e8ead35b5c7ef31c98c10cb18bbf4b898aa5ee8d43	689597c1cc1d563ea1e6f7e8ead35b5c7ef31c98c10cb18bbf4b898aa5ee8d43
1faaf.png	1FAAF.png	c5075ca09a81b81886268f5e9ff5108e4d59355894df6c2938b369f3ded4e6d0	c5075ca09a81b81886268f5e9ff5108e4d59355894df6c2938b369f3ded4e6d0
1fab0.png	1FAB0.png	e9f2b2ab9c96965f597b4ebc8ca41e955f298f2abe78b78fad8ab30d9422a63e	e9f2b2ab9c96965f597b4ebc8ca41e955f298f2abe78b78fad8ab30d9422a63e
1fab1.png	1FAB1.png	967a6037be344e0da1b9014b2dbcd15148c8eb1a3ee8d1c5c11660dfbd901205	967a6037be344e0da1b9014b2dbcd15148c8eb1a3ee8d1c5c11660dfbd901205
1fab2.png	1FAB2.png	9e9654717f7725bacd28cbaf69e71dd5fe95fd5bce6f2e0556f8df9bebfa0026	9e9654717f7725bacd28cbaf69e71dd5fe95fd5bce6f2e0556f8df9bebfa0026
1fab3.png	1FAB3.png	fbcfe87024aabe0ebd5aeddb25fb7d27c296a1116a16882ac950398a337e9ed4	fbcfe87024aabe0ebd5aeddb25fb7d27c296a1116a16882ac950398a337e9ed4
1fab4.png	1FAB4.png	5cba94ec008e47e4247a14b8a08e11a22f830991d881aeac22a16758b9fb2cf5	5cba94ec008e47e4247a14b8a08e11a22f830991d881aeac22a16758b9fb2cf5
1fab5.png	1FAB5.png	a380e3c6ab23318202f033c2a4c7f5cf1571440bc1a320d1f006478a33a04d47	a380e3c6ab23318202f033c2a4c7f5cf1571440bc1a320d1f006478a33a04d47
1fab6.png	1FAB6.png	b47c3167a529b564d589c9e3855ecc27d645b94d50f1264c32c7bae3b9e5cd71	b47c3167a529b564d589c9e3855ecc27d645b94d50f1264c32c7bae3b9e5cd71
1fab7.png	1FAB7.png	30463f5e3fc635ab3740d16973ded56434b7a30af92431643056fe02db1a8872	30463f5e3fc635ab3740d16973ded56434b7a30af92431643056fe02db1a8872
1fab8.png	1FAB8.png	10bdc6efa16b4503ff876e91d06369a8150588c13de7ec5fb259cf58142a8ebe	10bdc6efa16b4503ff876e91d06369a8150588c13de7ec5fb259cf58142a8ebe
1fab9.png	1FAB9.png	00ec5d27d05e322403fb588a15ee85b0122ef726cd029a49997b90d9bc7a16af	00ec5d27d05e322403fb588a15ee85b0122ef726cd029a49997b90d9bc7a16af
1faba.png	1FABA.png	86236cb3df2db820fa355a6f3ac6d1127d8f9575b6abd58bc1b9eff2c5f81e48	86236cb3df2db820fa355a6f3ac6d1127d8f9575b6abd58bc1b9eff2c5f81e48
1fabb.png	1FABB.png	9aec6d0711c058efe3fb37606974472996a96082d4c77c63d8732fe90b847814	9aec6d0711c058efe3fb37606974472996a96082d4c77c63d8732fe90b847814
1fabc.png	1FABC.png	ee29df9e88682a66b8ffe72e8c67c57a0f6f232a62e6e12bb246f9da6e95db6b	ee29df9e88682a66b8ffe72e8c67c57a0f6f232a62e6e12bb246f9da6e95db6b
1fabd.png	1FABD.png	d2c9814afa223232ad3f6807d95f5620d3bbafcc6c0d1e8531d85988a9fcc44d	d2c9814afa223232ad3f6807d95f5620d3bbafcc6c0d1e8531d85988a9fcc44d
1fabe.png	1FABE.png	902b9fb50052a935ffc5e74f294e54f6ec76e2ef582011efddf4a815488ee2a5	902b9fb50052a935ffc5e74f294e54f6ec76e2ef582011efddf4a815488ee2a5
1fabf.png	1FABF.png	1a200d205aa34494d7ea453f9e04a3d27df183874bdabfde21b34eb30edca0af	1a200d205aa34494d7ea453f9e04a3d27df183874bdabfde21b34eb30edca0af
1fac0.png	1FAC0.png	19942cd8b440208b9d1a864932f1fa9549023ea9cdaa975f4370aa3ec8cedec0	19942cd8b440208b9d1a864932f1fa9549023ea9cdaa975f4370aa3ec8cedec0
1fac1.png	1FAC1.png	6c02282c0619c0b8710b982712835b0d9b7c8ae7562eef997b547bbd934b4e99	6c02282c0619c0b8710b982712835b0d9b7c8ae7562eef997b547bbd934b4e99
1fac2.png	1FAC2.png	f77c59c476acc5677a7cfc32690b299787607943eeb185279d8523f64aff7149	f77c59c476acc5677a7cfc32690b299787607943eeb185279d8523f64aff7149
1fac3.png	1FAC3.png	0d8f58c44a2a3560d8940cac4cc26829a01be526c09246056e232a5c0fa7d349	0d8f58c44a2a3560d8940cac4cc26829a01be526c09246056e232a5c0fa7d349
1fac3-1f3fb.png	1FAC3-1F3FB.png	8f8eb5b7ae11d83ca829e5b9a31090566e963b6b2dfbec8c0fcd46628f4fa09d	8f8eb5b7ae11d83ca829e5b9a31090566e963b6b2dfbec8c0fcd46628f4fa09d
1fac3-1f3fc.png	1FAC3-1F3FC.png	0730502f588cc84099efcb13e68b1e191745aa0005c231123bac059f77fb6021	0730502f588cc84099efcb13e68b1e191745aa0005c231123bac059f77fb6021
1fac3-1f3fd.png	1FAC3-1F3FD.png	e7a5ae76d430427bfeaa47c0757c2036efe94a4f699ec32470d6caf4b2e77ead	e7a5ae76d430427bfeaa47c0757c2036efe94a4f699ec32470d6caf4b2e77ead
1fac3-1f3fe.png	1FAC3-1F3FE.png	e93762019d75d586e998e78d4af0194c7649ca5806e1218734656900edb06db7	e93762019d75d586e998e78d4af0194c7649ca5806e1218734656900edb06db7
1fac3-1f3ff.png	1FAC3-1F3FF.png	61944b05e4260a7341ab86616411e4435b2c0802fd6d9bd9ec1f60c65af6b5d3	61944b05e4260a7341ab86616411e4435b2c0802fd6d9bd9ec1f60c65af6b5d3
1fac4.png	1FAC4.png	5033891074d523c4efdbe1e5f2382313daca59e2cf700a77f4edc303a51f86c5	5033891074d523c4efdbe1e5f2382313daca59e2cf700a77f4edc303a51f86c5
1fac4-1f3fb.png	1FAC4-1F3FB.png	0d33acdb9dda8447e5d8828260cf5b187a861b7b52c3f7d91f4282c932fba570	0d33acdb9dda8447e5d8828260cf5b187a861b7b52c3f7d91f4282c932fba570
1fac4-1f3fc.png	1FAC4-1F3FC.png	615422d2325700c2cbed8ac0a617575a422a0c5c6249a79ef20d0955377b31a0	615422d2325700c2cbed8ac0a617575a422a0c5c6249a79ef20d0955377b31a0
1fac4-1f3fd.png	1FAC4-1F3FD.png	910eb22ff6874bc21dcde78d1fe9b5f3922e91b809baa47aa4e6a2c91f7d6d65	910eb22ff6874bc21dcde78d1fe9b5f3922e91b809baa47aa4e6a2c91f7d6d65
1fac4-1f3fe.png	1FAC4-1F3FE.png	0019946982d05b87cc5c85316b572ecd53c81eae10337f3835a49e7ee4f6b492	0019946982d05b87cc5c85316b572ecd53c81eae10337f3835a49e7ee4f6b492
1fac4-1f3ff.png	1FAC4-1F3FF.png	52b9e3410124a6da6b2a8170020b11e3bc78cc0d2e36c3c7f77c7b413fd40f1d	52b9e3410124a6da6b2a8170020b11e3bc78cc0d2e36c3c7f77c7b413fd40f1d
1fac5.png	1FAC5.png	dd17efd31da06e44bfafd92d8aa9b6d1b8c332fca392e37e313b4dc7d8f60133	dd17efd31da06e44bfafd92d8aa9b6d1b8c332fca392e37e313b4dc7d8f60133
1fac5-1f3fb.png	1FAC5-1F3FB.png	606425d241c228f30b4f9dfadcb24c65959ecae1a9d2c16783e513a7abfd2d81	606425d241c228f30b4f9dfadcb24c65959ecae1a9d2c16783e513a7abfd2d81
1fac5-1f3fc.png	1FAC5-1F3FC.png	818894e77a7cb5c1b2063a92e0974e3038c3bc5f4a7ec05cac86f3c80533a62f	818894e77a7cb5c1b2063a92e0974e3038c3bc5f4a7ec05cac86f3c80533a62f
1fac5-1f3fd.png	1FAC5-1F3FD.png	acced61adb331e358bfa5c88c7338eb85231326fdac0ae7507d7778a18204820	acced61adb331e358bfa5c88c7338eb85231326fdac0ae7507d7778a18204820
1fac5-1f3fe.png	1FAC5-1F3FE.png	772d583ca4fbc143b6f4bb36cc55286d4b9f4b7782d15258fa441b3867741a10	772d583ca4fbc143b6f4bb36cc55286d4b9f4b7782d15258fa441b3867741a10
1fac5-1f3ff.png	1FAC5-1F3FF.png	7dec89ac28f1b32d9f65ff1533084b64ad2cf39b21614f0cdf5b18c30e0973f9	7dec89ac28f1b32d9f65ff1533084b64ad2cf39b21614f0cdf5b18c30e0973f9
1fac6.png	1FAC6.png	c118e453be407276f8e87c399b6d8a1f86a10d96d1d29a52da72689c8f66b6ee	c118e453be407276f8e87c399b6d8a1f86a10d96d1d29a52da72689c8f66b6ee
1fac8.png	1FAC8.png	08daf663dad099e2ec7ca19e0a027fd0cde48542e215d137966f57e91ea12590	08daf663dad099e2ec7ca19e0a027fd0cde48542e215d137966f57e91ea12590
1facd.png	1FACD.png	07360bd7b1c5406f2ee8cccecbcce3c896cddfa6b13243a9fb297f23fcd10713	07360bd7b1c5406f2ee8cccecbcce3c896cddfa6b13243a9fb297f23fcd10713
1face.png	1FACE.png	b91af0d9c3baf48256bfcd8c076ac1cd6a0aeddbad90e1d55889052f5c196a17	b91af0d9c3baf48256bfcd8c076ac1cd6a0aeddbad90e1d55889052f5c196a17
1facf.png	1FACF.png	a533fd703896033944b2606e14721fca0d6f421bf0b7a9a4dc9ad2778b803360	a533fd703896033944b2606e14721fca0d6f421bf0b7a9a4dc9ad2778b803360
1fad0.png	1FAD0.png	0a4193b06834bd28a92079a6c2b52d3ef06efebf964a3461ccec15effe97930f	0a4193b06834bd28a92079a6c2b52d3ef06efebf964a3461ccec15effe97930f
1fad1.png	1FAD1.png	78825aeb2279feda3b1fcc659becd68ac0997a8221e52d4a2422fe4385209254	78825aeb2279feda3b1fcc659becd68ac0997a8221e52d4a2422fe4385209254
1fad2.png	1FAD2.png	c3b5eea76fe4a8518501c4b4a794227475b767840a84235982adbaf66307f01e	c3b5eea76fe4a8518501c4b4a794227475b767840a84235982adbaf66307f01e
1fad3.png	1FAD3.png	cb119a346e10066cf1ecf23c77dffc373fa0aaebd16e03e6b5b2d53e23d201d2	cb119a346e10066cf1ecf23c77dffc373fa0aaebd16e03e6b5b2d53e23d201d2
1fad4.png	1FAD4.png	e74aeaed8b4364ef41a4c873110729594d3febdeb46fb4a2542944cb3848b6a8	e74aeaed8b4364ef41a4c873110729594d3febdeb46fb4a2542944cb3848b6a8
1fad5.png	1FAD5.png	05a8f91d76e127d0dadc818389ff9c8587f48e9ee3dd5a53a9cb791cc600b25f	05a8f91d76e127d0dadc818389ff9c8587f48e9ee3dd5a53a9cb791cc600b25f
1fad6.png	1FAD6.png	adbc590bde0ddfd81bdce6f6743fcff79a445dcfda50a36d0867cdaa082a5328	adbc590bde0ddfd81bdce6f6743fcff79a445dcfda50a36d0867cdaa082a5328
1fad7.png	1FAD7.png	4628f7df95aed0cf910e8f9d009f1b5c7b927db07a84f980f52cdf588b92acf9	4628f7df95aed0cf910e8f9d009f1b5c7b927db07a84f980f52cdf588b92acf9
1fad8.png	1FAD8.png	aab4ddd3384068e169159e6e9f4808418d417e77aa475d90aad3fb9aa5c80fc5	aab4ddd3384068e169159e6e9f4808418d417e77aa475d90aad3fb9aa5c80fc5
1fad9.png	1FAD9.png	e28b08261c8ed6ec6a44fecbd4319b5f19d0d073b9d5962789e168dc3e727149	e28b08261c8ed6ec6a44fecbd4319b5f19d0d073b9d5962789e168dc3e727149
1fada.png	1FADA.png	252825e483c379557d6482cc68540164291730e7b0ed4f86a410b77592bbb8fa	252825e483c379557d6482cc68540164291730e7b0ed4f86a410b77592bbb8fa
1fadb.png	1FADB.png	714555d2a51ef9efefab665e1fcedb2b0f52ecb5a596130b4f6f2118cad11fc1	714555d2a51ef9efefab665e1fcedb2b0f52ecb5a596130b4f6f2118cad11fc1
1fadc.png	1FADC.png	da6d58a064155b9740b3e3385abf33314cb118e5a2c487949865847cfcea613f	da6d58a064155b9740b3e3385abf33314cb118e5a2c487949865847cfcea613f
1fadf.png	1FADF.png	edd2d12d571d59e2651c91c220ae51adf3612d271dd2ca90da5c0dfdb80acf01	edd2d12d571d59e2651c91c220ae51adf3612d271dd2ca90da5c0dfdb80acf01
1fae0.png	1FAE0.png	0e0be9ca9f8135c078dbc6384c4191a4c53b6387e0a671d5da5886edc06a8e32	0e0be9ca9f8135c078dbc6384c4191a4c53b6387e0a671d5da5886edc06a8e32
1fae1.png	1FAE1.png	55b64f66434baae6efc55753ec6c2414aaf5cf2def57296dc21280fbadb16cb6	55b64f66434baae6efc55753ec6c2414aaf5cf2def57296dc21280fbadb16cb6
1fae2.png	1FAE2.png	c56651024a70692da24957dd21cf0c571a4d293dc060e2882d457cdefd90eda5	c56651024a70692da24957dd21cf0c571a4d293dc060e2882d457cdefd90eda5
1fae3.png	1FAE3.png	44f2a3b53c3b84d1a66a958bc4ffa1fa90c6650091b36cc71412e17d9da41d16	44f2a3b53c3b84d1a66a958bc4ffa1fa90c6650091b36cc71412e17d9da41d16
1fae4.png	1FAE4.png	be4ea6a8506f45d61f8c3bce26ff9d33d9535e2c7abf079013e90eca3a6ebd10	be4ea6a8506f45d61f8c3bce26ff9d33d9535e2c7abf079013e90eca3a6ebd10
1fae5.png	1FAE5.png	909e520747831917293d9d68d5e5f21bb35430f5d2b924c8a4f1ab5e2551c050	909e520747831917293d9d68d5e5f21bb35430f5d2b924c8a4f1ab5e2551c050
1fae6.png	1FAE6.png	d27426b8eed5fb136b5da3cd5b6cc4db9c9f154e19f0f766f66f748e12113ffa	d27426b8eed5fb136b5da3cd5b6cc4db9c9f154e19f0f766f66f748e12113ffa
1fae7.png	1FAE7.png	61e584a002278a73e935ce7d17609277b854ec9d55da9245144b7ec01a43fc95	61e584a002278a73e935ce7d17609277b854ec9d55da9245144b7ec01a43fc95
1fae8.png	1FAE8.png	3f123f520d92ddba63f8a3fec5a7832daaafd68d790a81e32d85f263e901958a	3f123f520d92ddba63f8a3fec5a7832daaafd68d790a81e32d85f263e901958a
1fae9.png	1FAE9.png	ee7395e2fab3420833811def600dcd62017b954ebb470fc301dcf43d5aeb55df	ee7395e2fab3420833811def600dcd62017b954ebb470fc301dcf43d5aeb55df
1faea.png	1FAEA.png	5022a7637643dcd85f451d6b63e3b5cdd57bf0783290b1185fe061cb2e45d7b4	5022a7637643dcd85f451d6b63e3b5cdd57bf0783290b1185fe061cb2e45d7b4
1faef.png	1FAEF.png	bc612c66dd71807f68de5570a44796c37fd2ae0530de2199a4e6cdf7e892b34f	bc612c66dd71807f68de5570a44796c37fd2ae0530de2199a4e6cdf7e892b34f
1faf0.png	1FAF0.png	2d2d508ebcede545d9d90e8eaa798022033529f2a710e089b9f85841cac292f3	2d2d508ebcede545d9d90e8eaa798022033529f2a710e089b9f85841cac292f3
1faf0-1f3fb.png	1FAF0-1F3FB.png	e7627ce35cc2584c16afdf560b07e7fdf0b5783652f9730850d9008feb278aba	e7627ce35cc2584c16afdf560b07e7fdf0b5783652f9730850d9008feb278aba
1faf0-1f3fc.png	1FAF0-1F3FC.png	fa0bf14861462d74da41fc74698fc6671894e642fb797b93034442c513e7df38	fa0bf14861462d74da41fc74698fc6671894e642fb797b93034442c513e7df38
1faf0-1f3fd.png	1FAF0-1F3FD.png	6683927d7d38ebd9031b3bcf98a62962aaba5621083a30f62f03fd367502a061	6683927d7d38ebd9031b3bcf98a62962aaba5621083a30f62f03fd367502a061
1faf0-1f3fe.png	1FAF0-1F3FE.png	4a1f75b75300f82af0d888270ef49dd76cb04019ff586e74b44317d0b05e4673	4a1f75b75300f82af0d888270ef49dd76cb04019ff586e74b44317d0b05e4673
1faf0-1f3ff.png	1FAF0-1F3FF.png	3b73804ff2b598cec3f78ac59c76251c18169a6c6a8041eecced2e481a3b4f28	3b73804ff2b598cec3f78ac59c76251c18169a6c6a8041eecced2e481a3b4f28
1faf1.png	1FAF1.png	9ba9398d68e8a8df8b988c337d57b5bdcf259a25fa95cd399d501a437ee74ae3	9ba9398d68e8a8df8b988c337d57b5bdcf259a25fa95cd399d501a437ee74ae3
1faf1-1f3fb.png	1FAF1-1F3FB.png	b173b8d33d5c09b555ff511de1f9b28d8f22096e6b8691272eda655c692a3111	b173b8d33d5c09b555ff511de1f9b28d8f22096e6b8691272eda655c692a3111
1faf1-1f3fb-200d-1faf2-1f3fc.png	1FAF1-1F3FB-200D-1FAF2-1F3FC.png	4813e400d9761a0455c8b8edaece469c7b745ce49d8bc4af07759a5be939a72b	4813e400d9761a0455c8b8edaece469c7b745ce49d8bc4af07759a5be939a72b
1faf1-1f3fb-200d-1faf2-1f3fd.png	1FAF1-1F3FB-200D-1FAF2-1F3FD.png	fd6b5f9ec1cd84bdc23480dbc061ef941abe3a78a8d0f22075cfc5bd1c85327a	fd6b5f9ec1cd84bdc23480dbc061ef941abe3a78a8d0f22075cfc5bd1c85327a
1faf1-1f3fb-200d-1faf2-1f3fe.png	1FAF1-1F3FB-200D-1FAF2-1F3FE.png	95990d56c9ceee3fe34a0ddd405366fa8f9556644d7ea7e8ffa1e04391e451db	95990d56c9ceee3fe34a0ddd405366fa8f9556644d7ea7e8ffa1e04391e451db
1faf1-1f3fb-200d-1faf2-1f3ff.png	1FAF1-1F3FB-200D-1FAF2-1F3FF.png	a3d86baf7eef5efcd4626d1475ee55a53bf2a429b5a25ee20b83093f3a2042b6	a3d86baf7eef5efcd4626d1475ee55a53bf2a429b5a25ee20b83093f3a2042b6
1faf1-1f3fc.png	1FAF1-1F3FC.png	07b27fc1c999bcf7724ce45fa075d43b939ae5b2986ff1ea4317791a28378a9a	07b27fc1c999bcf7724ce45fa075d43b939ae5b2986ff1ea4317791a28378a9a
1faf1-1f3fc-200d-1faf2-1f3fb.png	1FAF1-1F3FC-200D-1FAF2-1F3FB.png	40d1f8f6abfdc3281081c7259fd60858fcd99d092fa63a23293574fdc664a9bb	40d1f8f6abfdc3281081c7259fd60858fcd99d092fa63a23293574fdc664a9bb
1faf1-1f3fc-200d-1faf2-1f3fd.png	1FAF1-1F3FC-200D-1FAF2-1F3FD.png	2cb683fe03c7b0a1a0d275b3fa1d81ed30dd231af4bc78be7b048f527c97320b	2cb683fe03c7b0a1a0d275b3fa1d81ed30dd231af4bc78be7b048f527c97320b
1faf1-1f3fc-200d-1faf2-1f3fe.png	1FAF1-1F3FC-200D-1FAF2-1F3FE.png	a267160153f90dff95844e8d62cf117d0760ee6a2cd994fb7ff90d5c746a2ed0	a267160153f90dff95844e8d62cf117d0760ee6a2cd994fb7ff90d5c746a2ed0
1faf1-1f3fc-200d-1faf2-1f3ff.png	1FAF1-1F3FC-200D-1FAF2-1F3FF.png	20aaa4d487e49e7e1330e330f06773f8c2709a6479a269c4d4d134898dbf6480	20aaa4d487e49e7e1330e330f06773f8c2709a6479a269c4d4d134898dbf6480
1faf1-1f3fd.png	1FAF1-1F3FD.png	c6b49589737618b9e4c68e8992476156af4ccb50f7e329fcaa685ab5dea12e1f	c6b49589737618b9e4c68e8992476156af4ccb50f7e329fcaa685ab5dea12e1f
1faf1-1f3fd-200d-1faf2-1f3fb.png	1FAF1-1F3FD-200D-1FAF2-1F3FB.png	5aca229336365db9993e47c4cc9e090cb599c56aa56739f91c1b5075dbcc0c72	5aca229336365db9993e47c4cc9e090cb599c56aa56739f91c1b5075dbcc0c72
1faf1-1f3fd-200d-1faf2-1f3fc.png	1FAF1-1F3FD-200D-1FAF2-1F3FC.png	56e7354f85e5a491d7b1af5a3edadbd351a172b7c166712515a52922b6c32dc4	56e7354f85e5a491d7b1af5a3edadbd351a172b7c166712515a52922b6c32dc4
1faf1-1f3fd-200d-1faf2-1f3fe.png	1FAF1-1F3FD-200D-1FAF2-1F3FE.png	211b3b8ea1b5246c6052839dfa9648260a08e2058aabdf5eeed3f80330460c27	211b3b8ea1b5246c6052839dfa9648260a08e2058aabdf5eeed3f80330460c27
1faf1-1f3fd-200d-1faf2-1f3ff.png	1FAF1-1F3FD-200D-1FAF2-1F3FF.png	660204035506056a4e9c1eb943ae1408f2f83f9fa7b64d0ec580b3ee01c1996f	660204035506056a4e9c1eb943ae1408f2f83f9fa7b64d0ec580b3ee01c1996f
1faf1-1f3fe.png	1FAF1-1F3FE.png	7c0835d35313409ea362fd9c0f16a402611582a321ad13f23a53d22276cbbb57	7c0835d35313409ea362fd9c0f16a402611582a321ad13f23a53d22276cbbb57
1faf1-1f3fe-200d-1faf2-1f3fb.png	1FAF1-1F3FE-200D-1FAF2-1F3FB.png	c0588e4b6c78ae854317d4079e68923251749539454d45fe93a36c5572a8b72a	c0588e4b6c78ae854317d4079e68923251749539454d45fe93a36c5572a8b72a
1faf1-1f3fe-200d-1faf2-1f3fc.png	1FAF1-1F3FE-200D-1FAF2-1F3FC.png	6900c4f84401b77315b747aa38379db77f3f12176f2e293184f9f84a478ebfab	6900c4f84401b77315b747aa38379db77f3f12176f2e293184f9f84a478ebfab
1faf1-1f3fe-200d-1faf2-1f3fd.png	1FAF1-1F3FE-200D-1FAF2-1F3FD.png	04738d94baa55baf145dd0a30c06ced227180c7768857aee26c7ab8f8ce7465b	04738d94baa55baf145dd0a30c06ced227180c7768857aee26c7ab8f8ce7465b
1faf1-1f3fe-200d-1faf2-1f3ff.png	1FAF1-1F3FE-200D-1FAF2-1F3FF.png	bd5390c588cfd6fe8b5ee8c78f793cbfeee9139b5c91032befd4c41511ecc35e	bd5390c588cfd6fe8b5ee8c78f793cbfeee9139b5c91032befd4c41511ecc35e
1faf1-1f3ff.png	1FAF1-1F3FF.png	435a2135e275886a1c0b74a4c7c094b571c43f32d098f26a934a4454ba186400	435a2135e275886a1c0b74a4c7c094b571c43f32d098f26a934a4454ba186400
1faf1-1f3ff-200d-1faf2-1f3fb.png	1FAF1-1F3FF-200D-1FAF2-1F3FB.png	80550843652d58c194d9042e8aac07b1ab22d5d1ca5e72e81517efff323b4c08	80550843652d58c194d9042e8aac07b1ab22d5d1ca5e72e81517efff323b4c08
1faf1-1f3ff-200d-1faf2-1f3fc.png	1FAF1-1F3FF-200D-1FAF2-1F3FC.png	a5685feb68789418155187322192209d5ae2452695bbb7db28f0c9f47a24616d	a5685feb68789418155187322192209d5ae2452695bbb7db28f0c9f47a24616d
1faf1-1f3ff-200d-1faf2-1f3fd.png	1FAF1-1F3FF-200D-1FAF2-1F3FD.png	daf87f969edf4eb10222cfbfccabc7a04e40b04c08e8da4a4f8d4c9fe5538edb	daf87f969edf4eb10222cfbfccabc7a04e40b04c08e8da4a4f8d4c9fe5538edb
1faf1-1f3ff-200d-1faf2-1f3fe.png	1FAF1-1F3FF-200D-1FAF2-1F3FE.png	cb4a811410a6b397fc86ebeb100ad45dc43a7485509357729742a3236fb53de9	cb4a811410a6b397fc86ebeb100ad45dc43a7485509357729742a3236fb53de9
1faf2.png	1FAF2.png	925502ea0bffb5b86a6c0b97ff4d93c93aabefee7f5541b3c10c39f5c18edbb0	925502ea0bffb5b86a6c0b97ff4d93c93aabefee7f5541b3c10c39f5c18edbb0
1faf2-1f3fb.png	1FAF2-1F3FB.png	299dc7fa29303fa58eb82e2e40acbb22832e7fc2271daec8d8b7c3e41568afe7	299dc7fa29303fa58eb82e2e40acbb22832e7fc2271daec8d8b7c3e41568afe7
1faf2-1f3fc.png	1FAF2-1F3FC.png	9f9394db84fec936a462984c26aa86d3159626a81199d2d3f4efa2929dfed665	9f9394db84fec936a462984c26aa86d3159626a81199d2d3f4efa2929dfed665
1faf2-1f3fd.png	1FAF2-1F3FD.png	dcdff817724bf75b91b8cbf6fa22e05547388ad99084ff07616af144ee16ee47	dcdff817724bf75b91b8cbf6fa22e05547388ad99084ff07616af144ee16ee47
1faf2-1f3fe.png	1FAF2-1F3FE.png	08fa8cbcdb7d447b4e2bb5e1f6409ca73e58c577ba1fa8c3c1c181667ffdd566	08fa8cbcdb7d447b4e2bb5e1f6409ca73e58c577ba1fa8c3c1c181667ffdd566
1faf2-1f3ff.png	1FAF2-1F3FF.png	a2169ed3c346beaa06bc233ef6f4f4ea64f8726f4d933474aee6789bfdb5d499	a2169ed3c346beaa06bc233ef6f4f4ea64f8726f4d933474aee6789bfdb5d499
1faf3.png	1FAF3.png	d88ba2c9e1948cd2dff29fb0386e1beb3c6b801141131e9d58581c4b0116e7cb	d88ba2c9e1948cd2dff29fb0386e1beb3c6b801141131e9d58581c4b0116e7cb
1faf3-1f3fb.png	1FAF3-1F3FB.png	df7015ac710ebce680730a652a4d404079648be366203c85872949fc1bf1f594	df7015ac710ebce680730a652a4d404079648be366203c85872949fc1bf1f594
1faf3-1f3fc.png	1FAF3-1F3FC.png	0517d79cf56994f813c8291e3d1b4f09b14617cf0c0873d88dcb9aca40895bdd	0517d79cf56994f813c8291e3d1b4f09b14617cf0c0873d88dcb9aca40895bdd
1faf3-1f3fd.png	1FAF3-1F3FD.png	15d31d9bf7e08a060794ca8e93d6f106e8401549dd0690f9687b89be0e114b8e	15d31d9bf7e08a060794ca8e93d6f106e8401549dd0690f9687b89be0e114b8e
1faf3-1f3fe.png	1FAF3-1F3FE.png	6a3639b4d2eb8593771c5769c40d674e5111d59c40eb5450b70ef24a672dc221	6a3639b4d2eb8593771c5769c40d674e5111d59c40eb5450b70ef24a672dc221
1faf3-1f3ff.png	1FAF3-1F3FF.png	38af9d124549c762659371fe103f4cb7334042475f1dd9c032cfbedbf91005e4	38af9d124549c762659371fe103f4cb7334042475f1dd9c032cfbedbf91005e4
1faf4.png	1FAF4.png	ee6c655be23f9cdcb275da886030d90c70dd657080d4059e2439c7ced73a39d1	ee6c655be23f9cdcb275da886030d90c70dd657080d4059e2439c7ced73a39d1
1faf4-1f3fb.png	1FAF4-1F3FB.png	4b57d98ef051f602f3abdaa6a36ae7548e437bd2d4a2a11e0a9a605c9c6aa985	4b57d98ef051f602f3abdaa6a36ae7548e437bd2d4a2a11e0a9a605c9c6aa985
1faf4-1f3fc.png	1FAF4-1F3FC.png	80aa27d70c555ec0182932e710e0b80db29d2b68fd805b2d7e57b0e1a83fdca2	80aa27d70c555ec0182932e710e0b80db29d2b68fd805b2d7e57b0e1a83fdca2
1faf4-1f3fd.png	1FAF4-1F3FD.png	82ca0370868daea961f65cd0303629518474f3815e39995e61d7c6e555cbb564	82ca0370868daea961f65cd0303629518474f3815e39995e61d7c6e555cbb564
1faf4-1f3fe.png	1FAF4-1F3FE.png	302da666feb20569c8a5b51583a4fd6555358ce6c7a40a1a6a65eb92cbc542b2	302da666feb20569c8a5b51583a4fd6555358ce6c7a40a1a6a65eb92cbc542b2
1faf4-1f3ff.png	1FAF4-1F3FF.png	66be0e0a2d79007bec48e50dd682b55b3adf90173111a5393ed454b8b5d61319	66be0e0a2d79007bec48e50dd682b55b3adf90173111a5393ed454b8b5d61319
1faf5.png	1FAF5.png	9fec50f56497c80599dccecd7874ff6b37fca53d42a040d4d710ed58b13a1a1d	9fec50f56497c80599dccecd7874ff6b37fca53d42a040d4d710ed58b13a1a1d
1faf5-1f3fb.png	1FAF5-1F3FB.png	2b86bc49758455e53b569fdd3cf1bbec018cdec562423bdecc730b29ce44ab8e	2b86bc49758455e53b569fdd3cf1bbec018cdec562423bdecc730b29ce44ab8e
1faf5-1f3fc.png	1FAF5-1F3FC.png	7bced5b13f8d6e9ed516878b1084568927ff47492011b578c6b050ca1ccc6f9d	7bced5b13f8d6e9ed516878b1084568927ff47492011b578c6b050ca1ccc6f9d
1faf5-1f3fd.png	1FAF5-1F3FD.png	622e6660ce6c2a9d1d738812db86c3d42642db7c5a8c096d3dcef4176c28353f	622e6660ce6c2a9d1d738812db86c3d42642db7c5a8c096d3dcef4176c28353f
1faf5-1f3fe.png	1FAF5-1F3FE.png	282ba48a233b00e6818d1f50c6c566279803afb563b7b5bcd8ccbd470e376784	282ba48a233b00e6818d1f50c6c566279803afb563b7b5bcd8ccbd470e376784
1faf5-1f3ff.png	1FAF5-1F3FF.png	e99ecd03b83f2d6c6fcd573688d26e1f809791f6e9f4acf879cecafc5f54a8a3	e99ecd03b83f2d6c6fcd573688d26e1f809791f6e9f4acf879cecafc5f54a8a3
1faf6.png	1FAF6.png	a1cbf09d3f4a00077c674c4a93b9e2ffa93bde2c510ded67acc898d1cfe63793	a1cbf09d3f4a00077c674c4a93b9e2ffa93bde2c510ded67acc898d1cfe63793
1faf6-1f3fb.png	1FAF6-1F3FB.png	792ccce04ecde611cbcdf71fe7ea9093d58bf014eedef6668223f29cb29f013c	792ccce04ecde611cbcdf71fe7ea9093d58bf014eedef6668223f29cb29f013c
1faf6-1f3fc.png	1FAF6-1F3FC.png	aa1cfb4688890937f8e1e060bd00847bc099f7876d50f360a679c7fa60c96dab	aa1cfb4688890937f8e1e060bd00847bc099f7876d50f360a679c7fa60c96dab
1faf6-1f3fd.png	1FAF6-1F3FD.png	21f215c1460eff1d5e56d7f0ad85a90106fc71d37c4bb508ab1aaf8dd01f1bf6	21f215c1460eff1d5e56d7f0ad85a90106fc71d37c4bb508ab1aaf8dd01f1bf6
1faf6-1f3fe.png	1FAF6-1F3FE.png	f317fd8135ee674177258f247562d9fb70d34b19764cf0a779c6d77015cc901b	f317fd8135ee674177258f247562d9fb70d34b19764cf0a779c6d77015cc901b
1faf6-1f3ff.png	1FAF6-1F3FF.png	b82a86e171f3ee10cfe627100fb7685e8c1701f8d23220bcdf839a4d672fceba	b82a86e171f3ee10cfe627100fb7685e8c1701f8d23220bcdf839a4d672fceba
1faf7.png	1FAF7.png	c414cae059ebfabcf50255aaf87728fc054d8ecbcd2d3064d9310f1b1dbeeb4a	c414cae059ebfabcf50255aaf87728fc054d8ecbcd2d3064d9310f1b1dbeeb4a
1faf7-1f3fb.png	1FAF7-1F3FB.png	2b220154512b858a6412a7ef2031606d56e35ec366e563e939f490b96c9db30f	2b220154512b858a6412a7ef2031606d56e35ec366e563e939f490b96c9db30f
1faf7-1f3fc.png	1FAF7-1F3FC.png	e9212365b28e3c1dc76bfc83eac56ef4bebf878f06cccb51a0ff330dd794dc70	e9212365b28e3c1dc76bfc83eac56ef4bebf878f06cccb51a0ff330dd794dc70
1faf7-1f3fd.png	1FAF7-1F3FD.png	921845baf20d424123850cababeb07c40e758dc8efa72712241d6ca276538783	921845baf20d424123850cababeb07c40e758dc8efa72712241d6ca276538783
1faf7-1f3fe.png	1FAF7-1F3FE.png	4dfd4c04bfac439f2f6d57c2b91b95068db0fda980534579a97c1b67d3292867	4dfd4c04bfac439f2f6d57c2b91b95068db0fda980534579a97c1b67d3292867
1faf7-1f3ff.png	1FAF7-1F3FF.png	159508859c4c2c3b8dbfd6c6aed81a18d2d08712ada5996b7422d99640634605	159508859c4c2c3b8dbfd6c6aed81a18d2d08712ada5996b7422d99640634605
1faf8.png	1FAF8.png	907b363460873dbe80f59c5d5f88d6ab0a37d5ec27a0771ac8c9b4b76501cfc1	907b363460873dbe80f59c5d5f88d6ab0a37d5ec27a0771ac8c9b4b76501cfc1
1faf8-1f3fb.png	1FAF8-1F3FB.png	8067fd26810d3cce0f1d89a52f6273ca6efae1a56aadd492f7aa304af1693f12	8067fd26810d3cce0f1d89a52f6273ca6efae1a56aadd492f7aa304af1693f12
1faf8-1f3fc.png	1FAF8-1F3FC.png	a64d8078a78c98b9238acf11a425d0dd756bb27034760756e77135d2bed2cd4b	a64d8078a78c98b9238acf11a425d0dd756bb27034760756e77135d2bed2cd4b
1faf8-1f3fd.png	1FAF8-1F3FD.png	d2949f7842d44e3aedd0ccf46c524491e73e9c5b54398bd998716586b82b8bd9	d2949f7842d44e3aedd0ccf46c524491e73e9c5b54398bd998716586b82b8bd9
1faf8-1f3fe.png	1FAF8-1F3FE.png	ba6504f436d6bbe3037de442e0c69524ab9be86311b4275fa6133684abc1ad84	ba6504f436d6bbe3037de442e0c69524ab9be86311b4275fa6133684abc1ad84
1faf8-1f3ff.png	1FAF8-1F3FF.png	fafa58cfd5b4d4829769bf07e4d2eb257a6543f3fbcc0c381463db018ff8e732	fafa58cfd5b4d4829769bf07e4d2eb257a6543f3fbcc0c381463db018ff8e732
203c.png	203C.png	1efdb85864705e7952b853845f3b7a77486dc3a795ab3a5b290e774be5980fd2	1efdb85864705e7952b853845f3b7a77486dc3a795ab3a5b290e774be5980fd2
2049.png	2049.png	21854c3fa93f8c321a5e972bf36bbfca45caf4f053b2b8d8cb3970d3784588fe	21854c3fa93f8c321a5e972bf36bbfca45caf4f053b2b8d8cb3970d3784588fe
2122.png	2122.png	0193681889e54b30fe94af3a150c418c5e5d29a63d167014a1429845c9472453	0193681889e54b30fe94af3a150c418c5e5d29a63d167014a1429845c9472453
2139.png	2139.png	f69c949cef7aaa7172f5b1e13d4cf3e3b5c6d430af05fc065b289a27b9075fbb	f69c949cef7aaa7172f5b1e13d4cf3e3b5c6d430af05fc065b289a27b9075fbb
2194.png	2194.png	2b941fe43253839c3136221f8a0d82fd7432d5235c212097bd8c21d732e72f74	2b941fe43253839c3136221f8a0d82fd7432d5235c212097bd8c21d732e72f74
2195.png	2195.png	bcdc2728fddcae5c19dfea3e2852304432e4f92d7b06ad222cb7db18da32582a	bcdc2728fddcae5c19dfea3e2852304432e4f92d7b06ad222cb7db18da32582a
2196.png	2196.png	f7dc57447e9d1605592a7ee0a9c17b15b650ea608540269fa79593a1f6230089	f7dc57447e9d1605592a7ee0a9c17b15b650ea608540269fa79593a1f6230089
2197.png	2197.png	3419e8281baa3f6ef845108e66a32c3076ee725d23db1ef735d7c8b77ebd4c85	3419e8281baa3f6ef845108e66a32c3076ee725d23db1ef735d7c8b77ebd4c85
2198.png	2198.png	daa88dd0c7faf50a3da08356798986cd35275ab8d6e03feaf890e203f9ba8e1c	daa88dd0c7faf50a3da08356798986cd35275ab8d6e03feaf890e203f9ba8e1c
2199.png	2199.png	341151d0ffc7d3da5166b388455ad8ad18dfe324c8f6e71e03642c1c5634aef2	341151d0ffc7d3da5166b388455ad8ad18dfe324c8f6e71e03642c1c5634aef2
21a9.png	21A9.png	e0cd7c468147fe48a88942c4961a099c20cc034302db346e369764636e5bcc47	e0cd7c468147fe48a88942c4961a099c20cc034302db346e369764636e5bcc47
21aa.png	21AA.png	c963054be604ba9689cc874235f465f92126a1207bb036dcfbdcaecf7b6ec73c	c963054be604ba9689cc874235f465f92126a1207bb036dcfbdcaecf7b6ec73c
23-20e3.png	0023-FE0F-20E3.png	2c7c7b84edbb0b08f301dc06456e688c9bb1f32539c1ca2c5e9d72f5a02b9e52	2c7c7b84edbb0b08f301dc06456e688c9bb1f32539c1ca2c5e9d72f5a02b9e52
231a.png	231A.png	97f4ff69871ad9a8413af3a8e40e19440e00f55b79491e33596bc775e5e22580	97f4ff69871ad9a8413af3a8e40e19440e00f55b79491e33596bc775e5e22580
231b.png	231B.png	2651a87de2ba22354fc0e0e3e0c69d833a8cf2aa63e5e3c675c8e56afb880566	2651a87de2ba22354fc0e0e3e0c69d833a8cf2aa63e5e3c675c8e56afb880566
2328.png	2328.png	24bb339dce39494a96df3143d641a46a86970665a326606e3449c04d2abe3de3	24bb339dce39494a96df3143d641a46a86970665a326606e3449c04d2abe3de3
23cf.png	23CF.png	d50448f8b2c6abfd7223baa5c50637af40317ba224e60282f2130e672ba627d1	d50448f8b2c6abfd7223baa5c50637af40317ba224e60282f2130e672ba627d1
23e9.png	23E9.png	0c6c2176ecb3fbabb467d1695334977254801e40dfae2d44cbde8b2ca235bed4	0c6c2176ecb3fbabb467d1695334977254801e40dfae2d44cbde8b2ca235bed4
23ea.png	23EA.png	1a8acfd02175e181863ac23c69b6e74f7dc4b32b162a006f90acae8a89389b6b	1a8acfd02175e181863ac23c69b6e74f7dc4b32b162a006f90acae8a89389b6b
23eb.png	23EB.png	34dde65105974d1dc886efefdd9de384b02adb491c9d17c85e632700c9b8c534	34dde65105974d1dc886efefdd9de384b02adb491c9d17c85e632700c9b8c534
23ec.png	23EC.png	c7063a77817a964aab6f8de2ba3d036ca319977ed67803cdff0183467033da4e	c7063a77817a964aab6f8de2ba3d036ca319977ed67803cdff0183467033da4e
23ed.png	23ED.png	2929ffd1bda29889985b37124a6ddf75f05ca80f83324e04938a35b4e20b4944	2929ffd1bda29889985b37124a6ddf75f05ca80f83324e04938a35b4e20b4944
23ee.png	23EE.png	2c89399b8cde40dc020880f5d88358b16a28f546533a48a34f5c701fef58763e	2c89399b8cde40dc020880f5d88358b16a28f546533a48a34f5c701fef58763e
23ef.png	23EF.png	2be3000cc71465eeecbbadfd2067035e21508b355be82f5874d758f3eb22cbf9	2be3000cc71465eeecbbadfd2067035e21508b355be82f5874d758f3eb22cbf9
23f0.png	23F0.png	97747bab5e5550fb8be0a06be0b7af4f8bd31ce45ff998f9461749497921bfa9	97747bab5e5550fb8be0a06be0b7af4f8bd31ce45ff998f9461749497921bfa9
23f1.png	23F1.png	d3c125ea664618875dbffd7f7395927deaf70f5e192879466ba0f9445db3dac4	d3c125ea664618875dbffd7f7395927deaf70f5e192879466ba0f9445db3dac4
23f2.png	23F2.png	8e095886865145bd33553b1ee521cb0fc6d0c86db069715a8ca5235ceba541d9	8e095886865145bd33553b1ee521cb0fc6d0c86db069715a8ca5235ceba541d9
23f3.png	23F3.png	c1dc1215e7354f5fd8b8399bb9b97bb4a243063ff21aeac2a6bf7496a80d2970	c1dc1215e7354f5fd8b8399bb9b97bb4a243063ff21aeac2a6bf7496a80d2970
23f8.png	23F8.png	eef98fa0d4b2b9be578601873b555798ebc7d2d9e7c7d705591c2aafb433bc16	eef98fa0d4b2b9be578601873b555798ebc7d2d9e7c7d705591c2aafb433bc16
23f9.png	23F9.png	4d6a1e0b8b6ce3da5831e3543bd3919780613537e5c40d655b3bd3414877724c	4d6a1e0b8b6ce3da5831e3543bd3919780613537e5c40d655b3bd3414877724c
23fa.png	23FA.png	9e60cbfdde4258fcfca819e5a00003a5da5e75be894f7f6447956e57b9a4bd5c	9e60cbfdde4258fcfca819e5a00003a5da5e75be894f7f6447956e57b9a4bd5c
24c2.png	24C2.png	7b66aeea49a37bd2c59f3f99b6d1cc56408f0573610ac1165a6bc0f056356f95	7b66aeea49a37bd2c59f3f99b6d1cc56408f0573610ac1165a6bc0f056356f95
25aa.png	25AA.png	f0d3d1e6a4bd43690b77880e3ad4be92b1ee63c6ca7826369944cb54f8d91eca	f0d3d1e6a4bd43690b77880e3ad4be92b1ee63c6ca7826369944cb54f8d91eca
25ab.png	25AB.png	02baf937e013d541f33d062fc5de15afa8bb3c44f6fb3c596cece488effa340f	02baf937e013d541f33d062fc5de15afa8bb3c44f6fb3c596cece488effa340f
25b6.png	25B6.png	12592174eee63218704f779f0a3b38ed2b3a9f5234e80f5cba22fc05f2765de4	12592174eee63218704f779f0a3b38ed2b3a9f5234e80f5cba22fc05f2765de4
25c0.png	25C0.png	8a190d93f6958b973640180f1bc427db1c3d2b739322554b56bae7b5cd6ba425	8a190d93f6958b973640180f1bc427db1c3d2b739322554b56bae7b5cd6ba425
25fb.png	25FB.png	20cb56d5f1bb102d5f67bc4fb7e79d7aec8f3d3312fd35a018616038f46d6d38	20cb56d5f1bb102d5f67bc4fb7e79d7aec8f3d3312fd35a018616038f46d6d38
25fc.png	25FC.png	3e0bb65f74bc7ef4a9cabba85e5bb395d535f8e665f450c1c91fbe061d4eb18a	3e0bb65f74bc7ef4a9cabba85e5bb395d535f8e665f450c1c91fbe061d4eb18a
25fd.png	25FD.png	9ade566135a7ae6e3d67f4b41b0a82f6deb55c21334ceca3ec5016a3c7495b6c	9ade566135a7ae6e3d67f4b41b0a82f6deb55c21334ceca3ec5016a3c7495b6c
25fe.png	25FE.png	fed3f902107e3f20435cd8097fa6334f7221b5de43c116e410afc8c691aa2371	fed3f902107e3f20435cd8097fa6334f7221b5de43c116e410afc8c691aa2371
2600.png	2600.png	d2b237f3f185f5e55a92aadda3960dd06ad1228cd0957893fad3e3b8829420e9	d2b237f3f185f5e55a92aadda3960dd06ad1228cd0957893fad3e3b8829420e9
2601.png	2601.png	e854078540e3e5d7e039a4cd08369097bc138fb60698ee0fe8e97bcbe4f605bc	e854078540e3e5d7e039a4cd08369097bc138fb60698ee0fe8e97bcbe4f605bc
2602.png	2602.png	e4fb81811d622d614da71c70d8681dd606dc392627aad90e009e9bce82b1ecba	e4fb81811d622d614da71c70d8681dd606dc392627aad90e009e9bce82b1ecba
2603.png	2603.png	524470db457b1d092d809a31f1dc1cf049455b0d94c9a87eb76d22b82e01cb43	524470db457b1d092d809a31f1dc1cf049455b0d94c9a87eb76d22b82e01cb43
2604.png	2604.png	12b1a9e6814d84c7efa12113ad2bdfaf65997971e2679b08da3ae261ba69fb7f	12b1a9e6814d84c7efa12113ad2bdfaf65997971e2679b08da3ae261ba69fb7f
260e.png	260E.png	960ab24937d25a06f2d9ae1e8daacc87c9e96d310c9f13314e0b93daf8cb3471	960ab24937d25a06f2d9ae1e8daacc87c9e96d310c9f13314e0b93daf8cb3471
2611.png	2611.png	40258c33e0db9e2cb57c3654e872436ed2466787c13a07e9e4521a6f4341ad54	40258c33e0db9e2cb57c3654e872436ed2466787c13a07e9e4521a6f4341ad54
2614.png	2614.png	0f4c2be053319992fe27e3aa098f294f1a50d03d5e0aa6258bc308d3f7148a9e	0f4c2be053319992fe27e3aa098f294f1a50d03d5e0aa6258bc308d3f7148a9e
2615.png	2615.png	13903323556df039dfebdca8b85e44ce3f39f4ad2758eeb2a46ddccaf5c0385f	13903323556df039dfebdca8b85e44ce3f39f4ad2758eeb2a46ddccaf5c0385f
2618.png	2618.png	7832acfa5967bedafe8b6e4acafa6b76863c458887bc3529a5b8a250dc53524c	7832acfa5967bedafe8b6e4acafa6b76863c458887bc3529a5b8a250dc53524c
261d.png	261D.png	dbe5943212250c23606335f59dcf839782ae4cbeab65c9e9b2ad1e1ef195595b	dbe5943212250c23606335f59dcf839782ae4cbeab65c9e9b2ad1e1ef195595b
261d-1f3fb.png	261D-1F3FB.png	80b1f291e99c35280241241551637e6c8fdef1a1276053bd74f5c14e98d05971	80b1f291e99c35280241241551637e6c8fdef1a1276053bd74f5c14e98d05971
261d-1f3fc.png	261D-1F3FC.png	ec9ecf2000b0be0849606397fdd4d1968a9bd4d93f0adebba16faa3e04cd8859	ec9ecf2000b0be0849606397fdd4d1968a9bd4d93f0adebba16faa3e04cd8859
261d-1f3fd.png	261D-1F3FD.png	5f84ef8359db041184ddb3ae5de4e4dbfee601ff523afc5605beabb247a00280	5f84ef8359db041184ddb3ae5de4e4dbfee601ff523afc5605beabb247a00280
261d-1f3fe.png	261D-1F3FE.png	5827c3aed2e00ffabc5284c766760856686bd9cb2f7e538bb2e9e5910a1e882d	5827c3aed2e00ffabc5284c766760856686bd9cb2f7e538bb2e9e5910a1e882d
261d-1f3ff.png	261D-1F3FF.png	1db3b30bf76ed0224839ed7a2d19ea12dcd39c2521467602687071c2db8f3f70	1db3b30bf76ed0224839ed7a2d19ea12dcd39c2521467602687071c2db8f3f70
2620.png	2620.png	3a70b8eb287b28dd1a7d6cee258f0aaee6423002dd9172cd3431c07a10109350	3a70b8eb287b28dd1a7d6cee258f0aaee6423002dd9172cd3431c07a10109350
2622.png	2622.png	8838e850cec8dd96aeda0180e1f026679f889a02a94b14ca974f7e79a2a178ec	8838e850cec8dd96aeda0180e1f026679f889a02a94b14ca974f7e79a2a178ec
2623.png	2623.png	8747b5ae85881040dc488e3fb8c29189e1bc9a7750f0500ad049be7e2800c545	8747b5ae85881040dc488e3fb8c29189e1bc9a7750f0500ad049be7e2800c545
2626.png	2626.png	39f6a7174829eca251ebd73f630f978040f4d760eede38ebf5547b524a9ed0c1	39f6a7174829eca251ebd73f630f978040f4d760eede38ebf5547b524a9ed0c1
262a.png	262A.png	eb3173643efd07ee5077b5704a796604b2ba7a6c58e242e81029f2ced5c05b82	eb3173643efd07ee5077b5704a796604b2ba7a6c58e242e81029f2ced5c05b82
262e.png	262E.png	11fb7c3899dd5d96f76f748e352c131429663cf171956a0e28d76e5f034842e6	11fb7c3899dd5d96f76f748e352c131429663cf171956a0e28d76e5f034842e6
262f.png	262F.png	ea2571ccca49bf692b4fe935568b32756e3f58132b43d2feea3acd2ea32648fb	ea2571ccca49bf692b4fe935568b32756e3f58132b43d2feea3acd2ea32648fb
2638.png	2638.png	a9ffd329d9042b30108b28d29071c556a2831eb0cde73020a6320d427add7be7	a9ffd329d9042b30108b28d29071c556a2831eb0cde73020a6320d427add7be7
2639.png	2639.png	9a4f68efa84232a99fa2ac32b615f42278892bf7facd75ec057e7417ea65d702	9a4f68efa84232a99fa2ac32b615f42278892bf7facd75ec057e7417ea65d702
263a.png	263A.png	b26f579246eee4844fa88ea882084331ee52d0f1b1c4cf30ee564e76e09e577d	b26f579246eee4844fa88ea882084331ee52d0f1b1c4cf30ee564e76e09e577d
2640.png	2640.png	55af12e248e039e5922b862fd8d499a3328bebe34f4c7bc1b38bac55f4a40099	55af12e248e039e5922b862fd8d499a3328bebe34f4c7bc1b38bac55f4a40099
2642.png	2642.png	05b10cad326ca0578480c11f5c7127b89dbda30faa683cb823e926377b295c7b	05b10cad326ca0578480c11f5c7127b89dbda30faa683cb823e926377b295c7b
2648.png	2648.png	d0b1166590cf9df6bf2e23f255a4238c662f7990d6abe44c7488f4f7f718b605	d0b1166590cf9df6bf2e23f255a4238c662f7990d6abe44c7488f4f7f718b605
2649.png	2649.png	6b18954723476eba25ad131b5a669487174d28c8b454f9850d408e7106dbc602	6b18954723476eba25ad131b5a669487174d28c8b454f9850d408e7106dbc602
264a.png	264A.png	e54aff83eaad391e87afbbccce159a86840b1640ef51bbbb993bdd95276e1075	e54aff83eaad391e87afbbccce159a86840b1640ef51bbbb993bdd95276e1075
264b.png	264B.png	611a43f115381e1a3f4cde978b6db3a18f1076e1ccf0960f6508ad4287473df1	611a43f115381e1a3f4cde978b6db3a18f1076e1ccf0960f6508ad4287473df1
264c.png	264C.png	53373a1e1a8d6bfeb9cf3895f1a6d3d5cbaac2b04613a5604883278d0f277cf9	53373a1e1a8d6bfeb9cf3895f1a6d3d5cbaac2b04613a5604883278d0f277cf9
264d.png	264D.png	30339e4a54270c5bd867b038a7bfde4f41d3b3c3a7ef0697b9ad862ddd9c7e89	30339e4a54270c5bd867b038a7bfde4f41d3b3c3a7ef0697b9ad862ddd9c7e89
264e.png	264E.png	dc6727432024429430241f5f879af099d38ed74df6fcdb12d75555aeb9570cbc	dc6727432024429430241f5f879af099d38ed74df6fcdb12d75555aeb9570cbc
264f.png	264F.png	a47427dd6e2df302c15495a7a3dcdbf9dc815cb402b273d9e8981257291312d2	a47427dd6e2df302c15495a7a3dcdbf9dc815cb402b273d9e8981257291312d2
2650.png	2650.png	931f4516728a01400882b669b930fce3f67fde227b7e0197c2b6ec5a0c3b493c	931f4516728a01400882b669b930fce3f67fde227b7e0197c2b6ec5a0c3b493c
2651.png	2651.png	954be0f549f1600fedc8038df3cf254ec2b7033bab4a5283bd2d1a44f120c2ce	954be0f549f1600fedc8038df3cf254ec2b7033bab4a5283bd2d1a44f120c2ce
2652.png	2652.png	a2663cce0aa3b550d9b6d79e1e28278e03a1909f2fa69de2e3c551bc60ef8a29	a2663cce0aa3b550d9b6d79e1e28278e03a1909f2fa69de2e3c551bc60ef8a29
2653.png	2653.png	498e98089b0e6ceef08a6ad7482ca461833ae987d403d0ad15c36e8a9ce0f064	498e98089b0e6ceef08a6ad7482ca461833ae987d403d0ad15c36e8a9ce0f064
265f.png	265F.png	f32c1fff9972ef57257ed471f71eaceef2dc08c70dfe26e851f60470026d0ec9	f32c1fff9972ef57257ed471f71eaceef2dc08c70dfe26e851f60470026d0ec9
2660.png	2660.png	a1784c3b87ba6c327aa1d6a47251dd45ba2827001510a466ae756af2dac8d43f	a1784c3b87ba6c327aa1d6a47251dd45ba2827001510a466ae756af2dac8d43f
2663.png	2663.png	ec5b550913407c6760a6dc5aeaa837091a3dc72320425cfa664d24e4e9c668e6	ec5b550913407c6760a6dc5aeaa837091a3dc72320425cfa664d24e4e9c668e6
2665.png	2665.png	ef9245318d066cb0692efec5352d9f09985eb46fa138e918eb9d4a76a25ca7af	ef9245318d066cb0692efec5352d9f09985eb46fa138e918eb9d4a76a25ca7af
2666.png	2666.png	7896864ea05d6eba4237b2350064b871b02ee54114723c29841a15bc8e7b6953	7896864ea05d6eba4237b2350064b871b02ee54114723c29841a15bc8e7b6953
2668.png	2668.png	f1b5588c9ef36707614172592d5a6baf7f19f67a78d79e2dbc7e51ba45b0f190	f1b5588c9ef36707614172592d5a6baf7f19f67a78d79e2dbc7e51ba45b0f190
267b.png	267B.png	c6145900c441403cafb4bf9ed7531189c427f9ad16cb4f44391b888b9e89aedb	c6145900c441403cafb4bf9ed7531189c427f9ad16cb4f44391b888b9e89aedb
267e.png	267E.png	cf622ef82b0b0ed3ff5dced1777a6c8be6e037fc62d73dd3f1160febc9099b7e	cf622ef82b0b0ed3ff5dced1777a6c8be6e037fc62d73dd3f1160febc9099b7e
267f.png	267F.png	beff0bd17b072f3c1bfa96226dc4a4c3d559175c6ea16c1b2b3e596207d8e925	beff0bd17b072f3c1bfa96226dc4a4c3d559175c6ea16c1b2b3e596207d8e925
2692.png	2692.png	25692fcc8c1634e59fa81ea5de4ae49c5b7fe7754316c9fbcfc0ab5477247734	25692fcc8c1634e59fa81ea5de4ae49c5b7fe7754316c9fbcfc0ab5477247734
2693.png	2693.png	9ac264627e50c004cd401f612596dc8bb04dc238e53021f46693a9c8671aced0	9ac264627e50c004cd401f612596dc8bb04dc238e53021f46693a9c8671aced0
2694.png	2694.png	b0edfd5ad31a11de288477f238e12ee5c86c39c07dd425392093db5b65a06938	b0edfd5ad31a11de288477f238e12ee5c86c39c07dd425392093db5b65a06938
2695.png	2695.png	ea24ad910c330299dd1a97dec7b12d403742348f47f5f2eaa2d958fa7c100b9e	ea24ad910c330299dd1a97dec7b12d403742348f47f5f2eaa2d958fa7c100b9e
2696.png	2696.png	b9e3228bc52646620b6a3be1f81d4d1eea94dff9392987b58c23760b859499ad	b9e3228bc52646620b6a3be1f81d4d1eea94dff9392987b58c23760b859499ad
2697.png	2697.png	3179da7a554e67352320b861e5be7c46a52db3e35953612681240a72251ca0a0	3179da7a554e67352320b861e5be7c46a52db3e35953612681240a72251ca0a0
2699.png	2699.png	e41d20bd54bf717475a283b9c503bf1b810d514269b8458a7ef1204919e8cdbf	e41d20bd54bf717475a283b9c503bf1b810d514269b8458a7ef1204919e8cdbf
269b.png	269B.png	37da3e1c14c7b680ffa87f99946121af51334b3ede2eb06894e1260254085cae	37da3e1c14c7b680ffa87f99946121af51334b3ede2eb06894e1260254085cae
269c.png	269C.png	c9aeed789075ac71026270b4c88d868db280770a4ca7aa0066e9d7f677af4ea5	c9aeed789075ac71026270b4c88d868db280770a4ca7aa0066e9d7f677af4ea5
26a0.png	26A0.png	6febc195e46e4e197c2a96a2fa1bd9f8cbb26c11f93034037d28524ac909b8bc	6febc195e46e4e197c2a96a2fa1bd9f8cbb26c11f93034037d28524ac909b8bc
26a1.png	26A1.png	5eba8d873127b0acb7e463ef453036d95ac374ba891e4fd3f8fb87196d7b1aa4	5eba8d873127b0acb7e463ef453036d95ac374ba891e4fd3f8fb87196d7b1aa4
26a7.png	26A7.png	7d43d8ea1921eaed03172989ee635cdef4e36ea12e6d84caeac733dfb55bc64b	7d43d8ea1921eaed03172989ee635cdef4e36ea12e6d84caeac733dfb55bc64b
26aa.png	26AA.png	e7c4153fb2388356a5ebc1b9004b9e506c6c18d8190ce3373a9808859016894a	e7c4153fb2388356a5ebc1b9004b9e506c6c18d8190ce3373a9808859016894a
26ab.png	26AB.png	15495cc7cbd795a7a76d4e0bf3c4d7cab53264a89ce69fe861373c37b800ba57	15495cc7cbd795a7a76d4e0bf3c4d7cab53264a89ce69fe861373c37b800ba57
26b0.png	26B0.png	6237dbcc6f977afe9465f72d93ae80d5c4ec8e800c019bc00887a289a9410e79	6237dbcc6f977afe9465f72d93ae80d5c4ec8e800c019bc00887a289a9410e79
26b1.png	26B1.png	db3000163aaaecfc43cfd2f725cadcc873cb422a4fe46afcfd7424caaa3787f9	db3000163aaaecfc43cfd2f725cadcc873cb422a4fe46afcfd7424caaa3787f9
26bd.png	26BD.png	1fa1d623b66bc596f82e9775d31550def0f28b07593417790af0ac546d650a7b	1fa1d623b66bc596f82e9775d31550def0f28b07593417790af0ac546d650a7b
26be.png	26BE.png	b3f836484e55086c47f6e35cfd6c974668246bb8cfebd3dc6e9d973d51d9994e	b3f836484e55086c47f6e35cfd6c974668246bb8cfebd3dc6e9d973d51d9994e
26c4.png	26C4.png	9414e08a07d2ddd4848519d2c3e776e3f1bc1381668522f0156f3045ed0bc866	9414e08a07d2ddd4848519d2c3e776e3f1bc1381668522f0156f3045ed0bc866
26c5.png	26C5.png	1e97ef16f2107ceed0190d9ab5aa54eb631c142e0c1ed865e7b42adb4b950f7d	1e97ef16f2107ceed0190d9ab5aa54eb631c142e0c1ed865e7b42adb4b950f7d
26c8.png	26C8.png	fbfa2df63991b5a3a40e4cb2f7cdb5965079729dacc12bdd20e6859657415eba	fbfa2df63991b5a3a40e4cb2f7cdb5965079729dacc12bdd20e6859657415eba
26ce.png	26CE.png	8aa7782d1b50a8ec2a8270cbc4d5e0dafafff3f96cdc449e89b84080e94cfa60	8aa7782d1b50a8ec2a8270cbc4d5e0dafafff3f96cdc449e89b84080e94cfa60
26cf.png	26CF.png	19b6e886caf801d5f400dc4687216385c96ce0b6ce8789e7340d05b99c8b8a90	19b6e886caf801d5f400dc4687216385c96ce0b6ce8789e7340d05b99c8b8a90
26d1.png	26D1.png	63042462e2d40eafadef6149e1ce3642ff58b190dcfbdbf9401ef5d4c8093420	63042462e2d40eafadef6149e1ce3642ff58b190dcfbdbf9401ef5d4c8093420
26d3.png	26D3.png	52d0c1075736e7d1f57ffc4a9451c1d9defbb7b2f8b7f3073bec038a7138518d	52d0c1075736e7d1f57ffc4a9451c1d9defbb7b2f8b7f3073bec038a7138518d
26d3-200d-1f4a5.png	26D3-FE0F-200D-1F4A5.png	872077377e6be7b434bdc22cff83d9acfacf024d98860a0f5da741776eb532ee	872077377e6be7b434bdc22cff83d9acfacf024d98860a0f5da741776eb532ee
26d4.png	26D4.png	f98d575322b0e9bf3f8dd9f16f5191d8d604cc6a58b09b565650be6327eae8d1	f98d575322b0e9bf3f8dd9f16f5191d8d604cc6a58b09b565650be6327eae8d1
26e9.png	26E9.png	3e7b05903fa719096fd8667f5f5215172c591263f0d7382787967ae76ab74d53	3e7b05903fa719096fd8667f5f5215172c591263f0d7382787967ae76ab74d53
26ea.png	26EA.png	82eca76754c1ac45cc398907e5d87a633a8bf1561708585ca65271c84d4a3dba	82eca76754c1ac45cc398907e5d87a633a8bf1561708585ca65271c84d4a3dba
26f0.png	26F0.png	586cb995d317a99e00c8b2f391ff9fd868b0e53167d759a8af06ba8c0a04bcd7	586cb995d317a99e00c8b2f391ff9fd868b0e53167d759a8af06ba8c0a04bcd7
26f1.png	26F1.png	a159dfbd8789ab000ccb852bd4fb73840423a1180e108f24ef30c901ff656737	a159dfbd8789ab000ccb852bd4fb73840423a1180e108f24ef30c901ff656737
26f2.png	26F2.png	62d7bb690d55bebe0788ba9ef6e91b37bd12632cfdb11d2f175cad3d3a255b01	62d7bb690d55bebe0788ba9ef6e91b37bd12632cfdb11d2f175cad3d3a255b01
26f3.png	26F3.png	abfa5b52607d5c9a28ec99326786a1c2898521596d9f98c029e23122e0eec22c	abfa5b52607d5c9a28ec99326786a1c2898521596d9f98c029e23122e0eec22c
26f4.png	26F4.png	07df0cb9cdc6b4ef2cb68768ee236b21db5546451422da7ff4860af89bb92917	07df0cb9cdc6b4ef2cb68768ee236b21db5546451422da7ff4860af89bb92917
26f5.png	26F5.png	acc8ee8a9031c5a24fca469080d93d3fd7a830b73416412ecc5054555b48ee98	acc8ee8a9031c5a24fca469080d93d3fd7a830b73416412ecc5054555b48ee98
26f7.png	26F7.png	b2b609177d062ddce58589c36564b1cae997612d706a7d82112992c0c622045e	b2b609177d062ddce58589c36564b1cae997612d706a7d82112992c0c622045e
26f8.png	26F8.png	7f0e4af1c89702f16782c32eebe4014b043876edba787a927caa101a49fedc3f	7f0e4af1c89702f16782c32eebe4014b043876edba787a927caa101a49fedc3f
26f9.png	26F9.png	d4f905c1aa0ddba163c7a52328c5ad73b9daa99a254a4f26d293c2788c9d882e	d4f905c1aa0ddba163c7a52328c5ad73b9daa99a254a4f26d293c2788c9d882e
26f9-1f3fb.png	26F9-1F3FB.png	22810f980b65c9890b5ab81a5bca6ab9c8e148c45c478a0cd7d14f6318aa74d5	22810f980b65c9890b5ab81a5bca6ab9c8e148c45c478a0cd7d14f6318aa74d5
26f9-1f3fb-200d-2640.png	26F9-1F3FB-200D-2640-FE0F.png	dc3c16781e9dce787b42c0538fa003c9632078f677e57d058f331494b20bc19a	dc3c16781e9dce787b42c0538fa003c9632078f677e57d058f331494b20bc19a
26f9-1f3fb-200d-2642.png	26F9-1F3FB-200D-2642-FE0F.png	154bcd90e123fbe50abdc41e6e7e7a1e7baad8c813ef147633fa178ae194e742	154bcd90e123fbe50abdc41e6e7e7a1e7baad8c813ef147633fa178ae194e742
26f9-1f3fc.png	26F9-1F3FC.png	aad4fc36b65083c7ecb60ad477f3b33b830f3f42c86ee8753ffc57b2a8f2252b	aad4fc36b65083c7ecb60ad477f3b33b830f3f42c86ee8753ffc57b2a8f2252b
26f9-1f3fc-200d-2640.png	26F9-1F3FC-200D-2640-FE0F.png	442d4a90da82a9d60c0db58cb6b45bf1287657c6cabd2142c9761de93d851570	442d4a90da82a9d60c0db58cb6b45bf1287657c6cabd2142c9761de93d851570
26f9-1f3fc-200d-2642.png	26F9-1F3FC-200D-2642-FE0F.png	edb81b176204a7f0f67653b95dd4e7e28a2ffc16653711992dcef2a2f9ce4d10	edb81b176204a7f0f67653b95dd4e7e28a2ffc16653711992dcef2a2f9ce4d10
26f9-1f3fd.png	26F9-1F3FD.png	af2f8240d151b035f755b25fc668e4dc39904e0dcdf024eb2ca84bfb54474134	af2f8240d151b035f755b25fc668e4dc39904e0dcdf024eb2ca84bfb54474134
26f9-1f3fd-200d-2640.png	26F9-1F3FD-200D-2640-FE0F.png	64f0961a36210a5abcec50e5b19c89540005def99e6e26beadd7d812f11d07e9	64f0961a36210a5abcec50e5b19c89540005def99e6e26beadd7d812f11d07e9
26f9-1f3fd-200d-2642.png	26F9-1F3FD-200D-2642-FE0F.png	91ebd047b397dfcceaaa7df30838f85521b5cf21a4b3bd269a803093341a2682	91ebd047b397dfcceaaa7df30838f85521b5cf21a4b3bd269a803093341a2682
26f9-1f3fe.png	26F9-1F3FE.png	edb63c249b7adbfda3daf96cf8baba343679f8ffb386ed6171cd9ee67d47a178	edb63c249b7adbfda3daf96cf8baba343679f8ffb386ed6171cd9ee67d47a178
26f9-1f3fe-200d-2640.png	26F9-1F3FE-200D-2640-FE0F.png	e1826a8737c3e17ac2b3a79489e4a243e77f204f21c13d412aedeaa0902bcf58	e1826a8737c3e17ac2b3a79489e4a243e77f204f21c13d412aedeaa0902bcf58
26f9-1f3fe-200d-2642.png	26F9-1F3FE-200D-2642-FE0F.png	4e7ada5c7ed60e229c353a1b9d18a26aec84f79eb9f9a862d48c7eb9fb3c4bf2	4e7ada5c7ed60e229c353a1b9d18a26aec84f79eb9f9a862d48c7eb9fb3c4bf2
26f9-1f3ff.png	26F9-1F3FF.png	35cc322d8b3e06cb243f31f18f7c5806bb369dba8c458b4648fe72ef91f5945f	35cc322d8b3e06cb243f31f18f7c5806bb369dba8c458b4648fe72ef91f5945f
26f9-1f3ff-200d-2640.png	26F9-1F3FF-200D-2640-FE0F.png	c569f35de584e7d1015877d5953506f159a5b21ae0241f8bb9716392f8b34e76	c569f35de584e7d1015877d5953506f159a5b21ae0241f8bb9716392f8b34e76
26f9-1f3ff-200d-2642.png	26F9-1F3FF-200D-2642-FE0F.png	98b50fafb5c5be4189179d16d005529b72b6a77e4c6e74124675bb734cc0656e	98b50fafb5c5be4189179d16d005529b72b6a77e4c6e74124675bb734cc0656e
26f9-200d-2640.png	26F9-FE0F-200D-2640-FE0F.png	ce5f8b6eb31876adab5fd96f0a62b41da1890dbcae8ec1ddf1c1576fc7bba71b	ce5f8b6eb31876adab5fd96f0a62b41da1890dbcae8ec1ddf1c1576fc7bba71b
26f9-200d-2642.png	26F9-FE0F-200D-2642-FE0F.png	32e9202b677805dc0c502d067cdf10fae60b63ac326130531a256d086e743aaf	32e9202b677805dc0c502d067cdf10fae60b63ac326130531a256d086e743aaf
26fa.png	26FA.png	2ac543f1f053e8d19e8dee1cf6805ac635dba43e8c100024cdb193db881d4f7a	2ac543f1f053e8d19e8dee1cf6805ac635dba43e8c100024cdb193db881d4f7a
26fd.png	26FD.png	116e04b4d1e1d5bd031b54fbc9052b44596e4f6976e37f758ae02b0277e04266	116e04b4d1e1d5bd031b54fbc9052b44596e4f6976e37f758ae02b0277e04266
2702.png	2702.png	4b489ec58dc9a4a8c5315ad328ab0e938d338ae772fb8c576f8a696aca22fb05	4b489ec58dc9a4a8c5315ad328ab0e938d338ae772fb8c576f8a696aca22fb05
2705.png	2705.png	8110bb6e0435faab6855e8544075e2f01964eb75d9174e76d5d9f14fb3aa7513	8110bb6e0435faab6855e8544075e2f01964eb75d9174e76d5d9f14fb3aa7513
2708.png	2708.png	1bc8529b8b2a7e004a012daf97c3665ce5a24b21d830aaf54de11f6b95a7c68e	1bc8529b8b2a7e004a012daf97c3665ce5a24b21d830aaf54de11f6b95a7c68e
2709.png	2709.png	39213636c25c62f5677f0e296963b5e8286c7dcf6e5ef5f806efffd0aca1f8b5	39213636c25c62f5677f0e296963b5e8286c7dcf6e5ef5f806efffd0aca1f8b5
270a.png	270A.png	7f71f3086328a35d0450c2e77b9dd95d1f5fb78a47dd6e89432d7c0946b76a26	7f71f3086328a35d0450c2e77b9dd95d1f5fb78a47dd6e89432d7c0946b76a26
270a-1f3fb.png	270A-1F3FB.png	c8df8761a4053c7326c8228f6bfbfa17f8b7fef7713c14b97ebf159b9f84b86f	c8df8761a4053c7326c8228f6bfbfa17f8b7fef7713c14b97ebf159b9f84b86f
270a-1f3fc.png	270A-1F3FC.png	2ef3cd5a0d17dbc37695f7600178d4fdd368d34f43a7fe37b183d1c3b9c70459	2ef3cd5a0d17dbc37695f7600178d4fdd368d34f43a7fe37b183d1c3b9c70459
270a-1f3fd.png	270A-1F3FD.png	9a600357927e0fbdb145c6734586743e42c3178b7c991256e9e390be6d1e2867	9a600357927e0fbdb145c6734586743e42c3178b7c991256e9e390be6d1e2867
270a-1f3fe.png	270A-1F3FE.png	07a19e4dca07265673ebcf68187dcaa32108ea4c3939843be76c40955f084b1a	07a19e4dca07265673ebcf68187dcaa32108ea4c3939843be76c40955f084b1a
270a-1f3ff.png	270A-1F3FF.png	af9c36448b5bc481b204f8aeaae8175508fc704ce6fb9c0c1461f8ef1e50f50f	af9c36448b5bc481b204f8aeaae8175508fc704ce6fb9c0c1461f8ef1e50f50f
270b.png	270B.png	14a890688e59557ba746c803b52c88b30f6688e69854c2da53daa1e6146407d8	14a890688e59557ba746c803b52c88b30f6688e69854c2da53daa1e6146407d8
270b-1f3fb.png	270B-1F3FB.png	9376f5c66ef4f5736ea0014e30048b298872b6ccbc4a32a07998db8b7fb8c82f	9376f5c66ef4f5736ea0014e30048b298872b6ccbc4a32a07998db8b7fb8c82f
270b-1f3fc.png	270B-1F3FC.png	716fb6e0b2db27af71919474a94d10267648b459d4a066b90f5589aaa47d1afe	716fb6e0b2db27af71919474a94d10267648b459d4a066b90f5589aaa47d1afe
270b-1f3fd.png	270B-1F3FD.png	4b951a7cf102d7898f467befe16d38cf9d980fce01bf573d45322c80a78ec300	4b951a7cf102d7898f467befe16d38cf9d980fce01bf573d45322c80a78ec300
270b-1f3fe.png	270B-1F3FE.png	3850a04391f4e9cd22b54ea9bf82a4c73f92dcdff985f266857c1a846af1d0da	3850a04391f4e9cd22b54ea9bf82a4c73f92dcdff985f266857c1a846af1d0da
270b-1f3ff.png	270B-1F3FF.png	624908de7d62e2b3b52f64ca5661fb8969d0452217ead915a3ff5bbf221c2fa8	624908de7d62e2b3b52f64ca5661fb8969d0452217ead915a3ff5bbf221c2fa8
270c.png	270C.png	134b0badc26c753c3b8a6a02a29b3486cb354acb7a189b39acbfc1811c97bd1c	134b0badc26c753c3b8a6a02a29b3486cb354acb7a189b39acbfc1811c97bd1c
270c-1f3fb.png	270C-1F3FB.png	e6f7d91977b5fe2acf02b3f3de86b5089a177ab50d5a08b4d597eec154769b88	e6f7d91977b5fe2acf02b3f3de86b5089a177ab50d5a08b4d597eec154769b88
270c-1f3fc.png	270C-1F3FC.png	8a6f88c9bac92692e2612b94fe816cea5bd89b1fc2b6fa4f6409b1ccf682c864	8a6f88c9bac92692e2612b94fe816cea5bd89b1fc2b6fa4f6409b1ccf682c864
270c-1f3fd.png	270C-1F3FD.png	6f095a14b8f74dbafec3bdbe75de9fef1232e83b5802ca6380ca12dabe8a5326	6f095a14b8f74dbafec3bdbe75de9fef1232e83b5802ca6380ca12dabe8a5326
270c-1f3fe.png	270C-1F3FE.png	d6ab0be367fb85207b26b166a8f866e644516ebb758bb6deeced4c839d09882c	d6ab0be367fb85207b26b166a8f866e644516ebb758bb6deeced4c839d09882c
270c-1f3ff.png	270C-1F3FF.png	fc9bc9c7beb4c092c8b5c3f1c3c6cdbf4ffe8370b6abd672b22b48a61a82c215	fc9bc9c7beb4c092c8b5c3f1c3c6cdbf4ffe8370b6abd672b22b48a61a82c215
270d.png	270D.png	e8b6f7d065bcb141dcf5831efe87da432634e5dae7467f09177c05441f0c7ff9	e8b6f7d065bcb141dcf5831efe87da432634e5dae7467f09177c05441f0c7ff9
270d-1f3fb.png	270D-1F3FB.png	473c7ead4a46c931acb190ea3eaa44d709317be3526f3c867ba41a4a7fa291ea	473c7ead4a46c931acb190ea3eaa44d709317be3526f3c867ba41a4a7fa291ea
270d-1f3fc.png	270D-1F3FC.png	c92d3640e4a711b020f094ba9331dda1adf2b93665bdc86f4c651f8d1defae6d	c92d3640e4a711b020f094ba9331dda1adf2b93665bdc86f4c651f8d1defae6d
270d-1f3fd.png	270D-1F3FD.png	ccc757ce2665da7769291caac98ed9fef4d8d96fba9a4e291e75964e05e57efe	ccc757ce2665da7769291caac98ed9fef4d8d96fba9a4e291e75964e05e57efe
270d-1f3fe.png	270D-1F3FE.png	6c09f80028da248ea3d1cedb6ea491f3ab88a24f8004272ab02e1f5437dbb8f8	6c09f80028da248ea3d1cedb6ea491f3ab88a24f8004272ab02e1f5437dbb8f8
270d-1f3ff.png	270D-1F3FF.png	d6d77f3e4872b9ec93a9f7c29d07ed42d59d91dc52f11905c1e9f73b44fb1260	d6d77f3e4872b9ec93a9f7c29d07ed42d59d91dc52f11905c1e9f73b44fb1260
270f.png	270F.png	078ac8284301778d9174481714f65d8cab85e1ae59cff64fda93babce2e9f41e	078ac8284301778d9174481714f65d8cab85e1ae59cff64fda93babce2e9f41e
2712.png	2712.png	d904eabffd75b8a8c56247580ebf630f136e18f78e7e9b9d8d76ec5037aecb93	d904eabffd75b8a8c56247580ebf630f136e18f78e7e9b9d8d76ec5037aecb93
2714.png	2714.png	8876073c7aa869afc562767bbd883e5d053d6600705c37403ecf956c2432f674	8876073c7aa869afc562767bbd883e5d053d6600705c37403ecf956c2432f674
2716.png	2716.png	484b30454da93d72275f8460b2e7284254c81982f0f95dfb5824c8a02f79c3a0	484b30454da93d72275f8460b2e7284254c81982f0f95dfb5824c8a02f79c3a0
271d.png	271D.png	35d94b0af6ed33a0ecb673288b14432f8852bbab4d7ebabfdb81bf341e6689c1	35d94b0af6ed33a0ecb673288b14432f8852bbab4d7ebabfdb81bf341e6689c1
2721.png	2721.png	14e57298bd5de6ea201eeeeb8f590fa03fcab9aa20993a3cc8333ee7cbe16a95	14e57298bd5de6ea201eeeeb8f590fa03fcab9aa20993a3cc8333ee7cbe16a95
2728.png	2728.png	677e8b60cd91b518425f4fa5dff4f73ea6e3d463c8718cafc579270f480fece8	677e8b60cd91b518425f4fa5dff4f73ea6e3d463c8718cafc579270f480fece8
2733.png	2733.png	c02736468bc8c122a71f973fb553cba61c2dce5fac51cefeaec8bf419847c847	c02736468bc8c122a71f973fb553cba61c2dce5fac51cefeaec8bf419847c847
2734.png	2734.png	bbdc3c66cdcc2b9e52aaff3cda2d9faf9797f6286569d997ad54747493d1e1dd	bbdc3c66cdcc2b9e52aaff3cda2d9faf9797f6286569d997ad54747493d1e1dd
2744.png	2744.png	a2f3d235bfe43c76ab43bc2889a33cc05d1cc108efd4018d23e41abf3d66ac1b	a2f3d235bfe43c76ab43bc2889a33cc05d1cc108efd4018d23e41abf3d66ac1b
2747.png	2747.png	ccec5867154384fd3ab1511d8216b859d8e4796d9ab71542b5bfc6be78536338	ccec5867154384fd3ab1511d8216b859d8e4796d9ab71542b5bfc6be78536338
274c.png	274C.png	e0255acce08f02513b588849ebde0b3e0d9420d1fee41fbb3573264603be66ee	e0255acce08f02513b588849ebde0b3e0d9420d1fee41fbb3573264603be66ee
274e.png	274E.png	ca002225e84598f88d84c9660f0806433ead1f3f5ac17c0fb72a9fe8e50f9a4e	ca002225e84598f88d84c9660f0806433ead1f3f5ac17c0fb72a9fe8e50f9a4e
2753.png	2753.png	c874733c068a2f82d56121233c5a27b55e58792329ade9a9b3329d8c63eaf241	c874733c068a2f82d56121233c5a27b55e58792329ade9a9b3329d8c63eaf241
2754.png	2754.png	3be83b80ad5d0f4c66b50def8eb15ee535d84d9ef05aa6c005ea44dfb4580877	3be83b80ad5d0f4c66b50def8eb15ee535d84d9ef05aa6c005ea44dfb4580877
2755.png	2755.png	21ecab4431dd897c7ca9870c713e815aecd86d8422e8943cd9e750f28ac5d2ba	21ecab4431dd897c7ca9870c713e815aecd86d8422e8943cd9e750f28ac5d2ba
2757.png	2757.png	04dbac06930afc72443bafbeb931217793dfe9f00574bcd5c05de5ce779d1144	04dbac06930afc72443bafbeb931217793dfe9f00574bcd5c05de5ce779d1144
2763.png	2763.png	50db786a14d918ec6b953b7af6f8963a7119067483502eda1abd3decf478f5fb	50db786a14d918ec6b953b7af6f8963a7119067483502eda1abd3decf478f5fb
2764.png	2764.png	6e39cce43f111ed5489b73301b2f04ecce0e2450639a03df940734a2dd2d8046	6e39cce43f111ed5489b73301b2f04ecce0e2450639a03df940734a2dd2d8046
2764-200d-1f525.png	2764-FE0F-200D-1F525.png	2af782f6c3f99a38a0f852288e6dc650aa02b3dc3b463980539181138a5cc3fd	2af782f6c3f99a38a0f852288e6dc650aa02b3dc3b463980539181138a5cc3fd
2764-200d-1fa79.png	2764-FE0F-200D-1FA79.png	64a8c2a55badfbcc9ce33ba74f798e281e50be9095a91fbad849c83c74fb835c	64a8c2a55badfbcc9ce33ba74f798e281e50be9095a91fbad849c83c74fb835c
2795.png	2795.png	258778d1f01be07df7a11353a52c17a86d4bde6eecddc376248d7843ed5e4ede	258778d1f01be07df7a11353a52c17a86d4bde6eecddc376248d7843ed5e4ede
2796.png	2796.png	e7ccf007cddb5efb5539ac5bf2144dd8968a7d710186a6ccdab64b75958bb36c	e7ccf007cddb5efb5539ac5bf2144dd8968a7d710186a6ccdab64b75958bb36c
2797.png	2797.png	38cad80b02a5616caa5a32c76d7996cd0e76e65678d793cc963d5d1421a65b34	38cad80b02a5616caa5a32c76d7996cd0e76e65678d793cc963d5d1421a65b34
27a1.png	27A1.png	5aeae5325d99aacb99f18132028afb99663cc778fb37a5616a3c0a831716eda6	5aeae5325d99aacb99f18132028afb99663cc778fb37a5616a3c0a831716eda6
27b0.png	27B0.png	1680bb36c682255bf58ccd1775d0067faf73973c4a63f5a5a341f04dd01cd24e	1680bb36c682255bf58ccd1775d0067faf73973c4a63f5a5a341f04dd01cd24e
27bf.png	27BF.png	334cab61f895dc36c68d58e7ba7234dbfcac487a08e5b4a0ee4dfde8576181de	334cab61f895dc36c68d58e7ba7234dbfcac487a08e5b4a0ee4dfde8576181de
2934.png	2934.png	dfed7994b546b62b10ff365d4baa104b687c2dfb4f2683cd11606c405870a255	dfed7994b546b62b10ff365d4baa104b687c2dfb4f2683cd11606c405870a255
2935.png	2935.png	fbac4bfec54d3430505ff994ccc1276842faf1bafcb67da6d2f78adabeed78d4	fbac4bfec54d3430505ff994ccc1276842faf1bafcb67da6d2f78adabeed78d4
2a-20e3.png	002A-FE0F-20E3.png	624b3e1c75cd86fd5b6ba0e7a2b1ca72419b1c50f26ba0241d8b99ac37e458d0	624b3e1c75cd86fd5b6ba0e7a2b1ca72419b1c50f26ba0241d8b99ac37e458d0
2b05.png	2B05.png	4fd8a79cabff3af2d96fdf4e9b2e314739a49f9d5cb18ca7c77f7cc56a15fd39	4fd8a79cabff3af2d96fdf4e9b2e314739a49f9d5cb18ca7c77f7cc56a15fd39
2b06.png	2B06.png	3a0b0079c772d1968462f6cb3dac410eb7ecdd94572d301b2b280ce09659854f	3a0b0079c772d1968462f6cb3dac410eb7ecdd94572d301b2b280ce09659854f
2b07.png	2B07.png	69a73edafdef8d642e1f6bd23189a1d13b96b44ff3c10f0a08e956ad72a86a81	69a73edafdef8d642e1f6bd23189a1d13b96b44ff3c10f0a08e956ad72a86a81
2b1b.png	2B1B.png	2be3e15adfecfb635b32ce06be4a661f47b8e845ad3e1826d17658d64a52e046	2be3e15adfecfb635b32ce06be4a661f47b8e845ad3e1826d17658d64a52e046
2b1c.png	2B1C.png	38fe2da9ecd812c77485cc1d54e375eb616aa5349a0a12c2ca2fea2c052c33d4	38fe2da9ecd812c77485cc1d54e375eb616aa5349a0a12c2ca2fea2c052c33d4
2b50.png	2B50.png	63a2caf87a636f80b08c37d882fff3af6749a897c18b3be6a99ad488ca8da211	63a2caf87a636f80b08c37d882fff3af6749a897c18b3be6a99ad488ca8da211
2b55.png	2B55.png	52605ae0dccb058f2aff5159c2a33524246870f240aebf6b597d05e688549680	52605ae0dccb058f2aff5159c2a33524246870f240aebf6b597d05e688549680
30-20e3.png	0030-FE0F-20E3.png	65f0d1d32e1b7a0e432cf1a14a5fecd0547c8f9ea3264cb5bc4705c5033b44f5	65f0d1d32e1b7a0e432cf1a14a5fecd0547c8f9ea3264cb5bc4705c5033b44f5
3030.png	3030.png	e6eab6827b600c92f8d07a95702d1bd7f1c76a441c9147830e9d94402a374e31	e6eab6827b600c92f8d07a95702d1bd7f1c76a441c9147830e9d94402a374e31
303d.png	303D.png	d776ae05caa4a9c34a9ae9be8a6169e69ffedc4fc4134526dc31b98eed0757b1	d776ae05caa4a9c34a9ae9be8a6169e69ffedc4fc4134526dc31b98eed0757b1
31-20e3.png	0031-FE0F-20E3.png	2447c8b45be78869494a8e1a6d653962582c3f89a6440bfc4b8743ada0ecbf54	2447c8b45be78869494a8e1a6d653962582c3f89a6440bfc4b8743ada0ecbf54
32-20e3.png	0032-FE0F-20E3.png	c1234875bdd4b8780e5eff280efaa8eb0b6d7c9c1f9e0365f153746c5a2a1c22	c1234875bdd4b8780e5eff280efaa8eb0b6d7c9c1f9e0365f153746c5a2a1c22
3297.png	3297.png	eb18775b627a3d35dcf86294a0e5b5c5b320f39bccbb89be9c0caa7bcd4288b6	eb18775b627a3d35dcf86294a0e5b5c5b320f39bccbb89be9c0caa7bcd4288b6
3299.png	3299.png	d55ece62b6cdc3791220a69889b1588feed8d3650e0fa267fbffde325a5155dd	d55ece62b6cdc3791220a69889b1588feed8d3650e0fa267fbffde325a5155dd
33-20e3.png	0033-FE0F-20E3.png	f48c4383e4db9775fdb64a8457222198b510859be457983dcf081791e207a7a2	f48c4383e4db9775fdb64a8457222198b510859be457983dcf081791e207a7a2
34-20e3.png	0034-FE0F-20E3.png	81c91ea22a1b30c5126b366afc31405217616a2cfddeeeba3b95571b481dda91	81c91ea22a1b30c5126b366afc31405217616a2cfddeeeba3b95571b481dda91
35-20e3.png	0035-FE0F-20E3.png	2b1a261f39a1a451aeb4d8c1ecf4fdceb85898c873fb316307ccc8f1080d9e31	2b1a261f39a1a451aeb4d8c1ecf4fdceb85898c873fb316307ccc8f1080d9e31
36-20e3.png	0036-FE0F-20E3.png	2eeb3fea19ad403ef95392bbd3db548bb6dc4e6356cb8c11a1a3ca7316f243db	2eeb3fea19ad403ef95392bbd3db548bb6dc4e6356cb8c11a1a3ca7316f243db
37-20e3.png	0037-FE0F-20E3.png	2e0e9048816b57721359f2be7e3ff39ff14b4da5faec09d87615cd4699bb32d2	2e0e9048816b57721359f2be7e3ff39ff14b4da5faec09d87615cd4699bb32d2
38-20e3.png	0038-FE0F-20E3.png	5b8c2ea109478efff66b0da8dbfc4c238ac96f90d506e10b4fb0646c14fa8964	5b8c2ea109478efff66b0da8dbfc4c238ac96f90d506e10b4fb0646c14fa8964
39-20e3.png	0039-FE0F-20E3.png	a89eed067008cfa6057ae1d4cfe0291404f2576309936a05b8202b236499cd43	a89eed067008cfa6057ae1d4cfe0291404f2576309936a05b8202b236499cd43
a9.png	00A9.png	984f0c19259f2ccae36a1f878b628510b9466405327c341eee79655f103080bc	984f0c19259f2ccae36a1f878b628510b9466405327c341eee79655f103080bc
ae.png	00AE.png	28d6005c2b54517c35d3f51f9da8e5468d3d56d8a38a0dafa6543d15e757420e	28d6005c2b54517c35d3f51f9da8e5468d3d56d8a38a0dafa6543d15e757420e
