# Normalized code points	PNG filename
1F004	1f004.png
1F0CF	1f0cf.png
1F170	1f170.png
1F171	1f171.png
1F17E	1f17e.png
1F17F	1f17f.png
1F18E	1f18e.png
1F191	1f191.png
1F192	1f192.png
1F193	1f193.png
1F194	1f194.png
1F195	1f195.png
1F196	1f196.png
1F197	1f197.png
1F198	1f198.png
1F199	1f199.png
1F19A	1f19a.png
1F1E6 1F1E8	1f1e6-1f1e8.png
1F1E6 1F1E9	1f1e6-1f1e9.png
1F1E6 1F1EA	1f1e6-1f1ea.png
1F1E6 1F1EB	1f1e6-1f1eb.png
1F1E6 1F1EC	1f1e6-1f1ec.png
1F1E6 1F1EE	1f1e6-1f1ee.png
1F1E6 1F1F1	1f1e6-1f1f1.png
1F1E6 1F1F2	1f1e6-1f1f2.png
1F1E6 1F1F4	1f1e6-1f1f4.png
1F1E6 1F1F6	1f1e6-1f1f6.png
1F1E6 1F1F7	1f1e6-1f1f7.png
1F1E6 1F1F8	1f1e6-1f1f8.png
1F1E6 1F1F9	1f1e6-1f1f9.png
1F1E6 1F1FA	1f1e6-1f1fa.png
1F1E6 1F1FC	1f1e6-1f1fc.png
1F1E6 1F1FD	1f1e6-1f1fd.png
1F1E6 1F1FF	1f1e6-1f1ff.png
1F1E7 1F1E6	1f1e7-1f1e6.png
1F1E7 1F1E7	1f1e7-1f1e7.png
1F1E7 1F1E9	1f1e7-1f1e9.png
1F1E7 1F1EA	1f1e7-1f1ea.png
1F1E7 1F1EB	1f1e7-1f1eb.png
1F1E7 1F1EC	1f1e7-1f1ec.png
1F1E7 1F1ED	1f1e7-1f1ed.png
1F1E7 1F1EE	1f1e7-1f1ee.png
1F1E7 1F1EF	1f1e7-1f1ef.png
1F1E7 1F1F1	1f1e7-1f1f1.png
1F1E7 1F1F2	1f1e7-1f1f2.png
1F1E7 1F1F3	1f1e7-1f1f3.png
1F1E7 1F1F4	1f1e7-1f1f4.png
1F1E7 1F1F6	1f1e7-1f1f6.png
1F1E7 1F1F7	1f1e7-1f1f7.png
1F1E7 1F1F8	1f1e7-1f1f8.png
1F1E7 1F1F9	1f1e7-1f1f9.png
1F1E7 1F1FB	1f1e7-1f1fb.png
1F1E7 1F1FC	1f1e7-1f1fc.png
1F1E7 1F1FE	1f1e7-1f1fe.png
1F1E7 1F1FF	1f1e7-1f1ff.png
1F1E8 1F1E6	1f1e8-1f1e6.png
1F1E8 1F1E8	1f1e8-1f1e8.png
1F1E8 1F1E9	1f1e8-1f1e9.png
1F1E8 1F1EB	1f1e8-1f1eb.png
1F1E8 1F1EC	1f1e8-1f1ec.png
1F1E8 1F1ED	1f1e8-1f1ed.png
1F1E8 1F1EE	1f1e8-1f1ee.png
1F1E8 1F1F0	1f1e8-1f1f0.png
1F1E8 1F1F1	1f1e8-1f1f1.png
1F1E8 1F1F2	1f1e8-1f1f2.png
1F1E8 1F1F3	1f1e8-1f1f3.png
1F1E8 1F1F4	1f1e8-1f1f4.png
1F1E8 1F1F5	1f1e8-1f1f5.png
1F1E8 1F1F6	1f1e8-1f1f6.png
1F1E8 1F1F7	1f1e8-1f1f7.png
1F1E8 1F1FA	1f1e8-1f1fa.png
1F1E8 1F1FB	1f1e8-1f1fb.png
1F1E8 1F1FC	1f1e8-1f1fc.png
1F1E8 1F1FD	1f1e8-1f1fd.png
1F1E8 1F1FE	1f1e8-1f1fe.png
1F1E8 1F1FF	1f1e8-1f1ff.png
1F1E9 1F1EA	1f1e9-1f1ea.png
1F1E9 1F1EC	1f1e9-1f1ec.png
1F1E9 1F1EF	1f1e9-1f1ef.png
1F1E9 1F1F0	1f1e9-1f1f0.png
1F1E9 1F1F2	1f1e9-1f1f2.png
1F1E9 1F1F4	1f1e9-1f1f4.png
1F1E9 1F1FF	1f1e9-1f1ff.png
1F1EA 1F1E6	1f1ea-1f1e6.png
1F1EA 1F1E8	1f1ea-1f1e8.png
1F1EA 1F1EA	1f1ea-1f1ea.png
1F1EA 1F1EC	1f1ea-1f1ec.png
1F1EA 1F1ED	1f1ea-1f1ed.png
1F1EA 1F1F7	1f1ea-1f1f7.png
1F1EA 1F1F8	1f1ea-1f1f8.png
1F1EA 1F1F9	1f1ea-1f1f9.png
1F1EA 1F1FA	1f1ea-1f1fa.png
1F1EB 1F1EE	1f1eb-1f1ee.png
1F1EB 1F1EF	1f1eb-1f1ef.png
1F1EB 1F1F0	1f1eb-1f1f0.png
1F1EB 1F1F2	1f1eb-1f1f2.png
1F1EB 1F1F4	1f1eb-1f1f4.png
1F1EB 1F1F7	1f1eb-1f1f7.png
1F1EC 1F1E6	1f1ec-1f1e6.png
1F1EC 1F1E7	1f1ec-1f1e7.png
1F1EC 1F1E9	1f1ec-1f1e9.png
1F1EC 1F1EA	1f1ec-1f1ea.png
1F1EC 1F1EB	1f1ec-1f1eb.png
1F1EC 1F1EC	1f1ec-1f1ec.png
1F1EC 1F1ED	1f1ec-1f1ed.png
1F1EC 1F1EE	1f1ec-1f1ee.png
1F1EC 1F1F1	1f1ec-1f1f1.png
1F1EC 1F1F2	1f1ec-1f1f2.png
1F1EC 1F1F3	1f1ec-1f1f3.png
1F1EC 1F1F5	1f1ec-1f1f5.png
1F1EC 1F1F6	1f1ec-1f1f6.png
1F1EC 1F1F7	1f1ec-1f1f7.png
1F1EC 1F1F8	1f1ec-1f1f8.png
1F1EC 1F1F9	1f1ec-1f1f9.png
1F1EC 1F1FA	1f1ec-1f1fa.png
1F1EC 1F1FC	1f1ec-1f1fc.png
1F1EC 1F1FE	1f1ec-1f1fe.png
1F1ED 1F1F0	1f1ed-1f1f0.png
1F1ED 1F1F2	1f1ed-1f1f2.png
1F1ED 1F1F3	1f1ed-1f1f3.png
1F1ED 1F1F7	1f1ed-1f1f7.png
1F1ED 1F1F9	1f1ed-1f1f9.png
1F1ED 1F1FA	1f1ed-1f1fa.png
1F1EE 1F1E8	1f1ee-1f1e8.png
1F1EE 1F1E9	1f1ee-1f1e9.png
1F1EE 1F1EA	1f1ee-1f1ea.png
1F1EE 1F1F1	1f1ee-1f1f1.png
1F1EE 1F1F2	1f1ee-1f1f2.png
1F1EE 1F1F3	1f1ee-1f1f3.png
1F1EE 1F1F4	1f1ee-1f1f4.png
1F1EE 1F1F6	1f1ee-1f1f6.png
1F1EE 1F1F7	1f1ee-1f1f7.png
1F1EE 1F1F8	1f1ee-1f1f8.png
1F1EE 1F1F9	1f1ee-1f1f9.png
1F1EF 1F1EA	1f1ef-1f1ea.png
1F1EF 1F1F2	1f1ef-1f1f2.png
1F1EF 1F1F4	1f1ef-1f1f4.png
1F1EF 1F1F5	1f1ef-1f1f5.png
1F1F0 1F1EA	1f1f0-1f1ea.png
1F1F0 1F1EC	1f1f0-1f1ec.png
1F1F0 1F1ED	1f1f0-1f1ed.png
1F1F0 1F1EE	1f1f0-1f1ee.png
1F1F0 1F1F2	1f1f0-1f1f2.png
1F1F0 1F1F3	1f1f0-1f1f3.png
1F1F0 1F1F5	1f1f0-1f1f5.png
1F1F0 1F1F7	1f1f0-1f1f7.png
1F1F0 1F1FC	1f1f0-1f1fc.png
1F1F0 1F1FE	1f1f0-1f1fe.png
1F1F0 1F1FF	1f1f0-1f1ff.png
1F1F1 1F1E6	1f1f1-1f1e6.png
1F1F1 1F1E7	1f1f1-1f1e7.png
1F1F1 1F1E8	1f1f1-1f1e8.png
1F1F1 1F1EE	1f1f1-1f1ee.png
1F1F1 1F1F0	1f1f1-1f1f0.png
1F1F1 1F1F7	1f1f1-1f1f7.png
1F1F1 1F1F8	1f1f1-1f1f8.png
1F1F1 1F1F9	1f1f1-1f1f9.png
1F1F1 1F1FA	1f1f1-1f1fa.png
1F1F1 1F1FB	1f1f1-1f1fb.png
1F1F1 1F1FE	1f1f1-1f1fe.png
1F1F2 1F1E6	1f1f2-1f1e6.png
1F1F2 1F1E8	1f1f2-1f1e8.png
1F1F2 1F1E9	1f1f2-1f1e9.png
1F1F2 1F1EA	1f1f2-1f1ea.png
1F1F2 1F1EB	1f1f2-1f1eb.png
1F1F2 1F1EC	1f1f2-1f1ec.png
1F1F2 1F1ED	1f1f2-1f1ed.png
1F1F2 1F1F0	1f1f2-1f1f0.png
1F1F2 1F1F1	1f1f2-1f1f1.png
1F1F2 1F1F2	1f1f2-1f1f2.png
1F1F2 1F1F3	1f1f2-1f1f3.png
1F1F2 1F1F4	1f1f2-1f1f4.png
1F1F2 1F1F5	1f1f2-1f1f5.png
1F1F2 1F1F6	1f1f2-1f1f6.png
1F1F2 1F1F7	1f1f2-1f1f7.png
1F1F2 1F1F8	1f1f2-1f1f8.png
1F1F2 1F1F9	1f1f2-1f1f9.png
1F1F2 1F1FA	1f1f2-1f1fa.png
1F1F2 1F1FB	1f1f2-1f1fb.png
1F1F2 1F1FC	1f1f2-1f1fc.png
1F1F2 1F1FD	1f1f2-1f1fd.png
1F1F2 1F1FE	1f1f2-1f1fe.png
1F1F2 1F1FF	1f1f2-1f1ff.png
1F1F3 1F1E6	1f1f3-1f1e6.png
1F1F3 1F1E8	1f1f3-1f1e8.png
1F1F3 1F1EA	1f1f3-1f1ea.png
1F1F3 1F1EB	1f1f3-1f1eb.png
1F1F3 1F1EC	1f1f3-1f1ec.png
1F1F3 1F1EE	1f1f3-1f1ee.png
1F1F3 1F1F1	1f1f3-1f1f1.png
1F1F3 1F1F4	1f1f3-1f1f4.png
1F1F3 1F1F5	1f1f3-1f1f5.png
1F1F3 1F1F7	1f1f3-1f1f7.png
1F1F3 1F1FA	1f1f3-1f1fa.png
1F1F3 1F1FF	1f1f3-1f1ff.png
1F1F4 1F1F2	1f1f4-1f1f2.png
1F1F5 1F1E6	1f1f5-1f1e6.png
1F1F5 1F1EA	1f1f5-1f1ea.png
1F1F5 1F1EB	1f1f5-1f1eb.png
1F1F5 1F1EC	1f1f5-1f1ec.png
1F1F5 1F1ED	1f1f5-1f1ed.png
1F1F5 1F1F0	1f1f5-1f1f0.png
1F1F5 1F1F1	1f1f5-1f1f1.png
1F1F5 1F1F2	1f1f5-1f1f2.png
1F1F5 1F1F3	1f1f5-1f1f3.png
1F1F5 1F1F7	1f1f5-1f1f7.png
1F1F5 1F1F8	1f1f5-1f1f8.png
1F1F5 1F1F9	1f1f5-1f1f9.png
1F1F5 1F1FC	1f1f5-1f1fc.png
1F1F5 1F1FE	1f1f5-1f1fe.png
1F1F6 1F1E6	1f1f6-1f1e6.png
1F1F7 1F1EA	1f1f7-1f1ea.png
1F1F7 1F1F4	1f1f7-1f1f4.png
1F1F7 1F1F8	1f1f7-1f1f8.png
1F1F7 1F1FA	1f1f7-1f1fa.png
1F1F7 1F1FC	1f1f7-1f1fc.png
1F1F8 1F1E6	1f1f8-1f1e6.png
1F1F8 1F1E7	1f1f8-1f1e7.png
1F1F8 1F1E8	1f1f8-1f1e8.png
1F1F8 1F1E9	1f1f8-1f1e9.png
1F1F8 1F1EA	1f1f8-1f1ea.png
1F1F8 1F1EC	1f1f8-1f1ec.png
1F1F8 1F1ED	1f1f8-1f1ed.png
1F1F8 1F1EE	1f1f8-1f1ee.png
1F1F8 1F1EF	1f1f8-1f1ef.png
1F1F8 1F1F0	1f1f8-1f1f0.png
1F1F8 1F1F1	1f1f8-1f1f1.png
1F1F8 1F1F2	1f1f8-1f1f2.png
1F1F8 1F1F3	1f1f8-1f1f3.png
1F1F8 1F1F4	1f1f8-1f1f4.png
1F1F8 1F1F7	1f1f8-1f1f7.png
1F1F8 1F1F8	1f1f8-1f1f8.png
1F1F8 1F1F9	1f1f8-1f1f9.png
1F1F8 1F1FB	1f1f8-1f1fb.png
1F1F8 1F1FD	1f1f8-1f1fd.png
1F1F8 1F1FE	1f1f8-1f1fe.png
1F1F8 1F1FF	1f1f8-1f1ff.png
1F1F9 1F1E6	1f1f9-1f1e6.png
1F1F9 1F1E8	1f1f9-1f1e8.png
1F1F9 1F1E9	1f1f9-1f1e9.png
1F1F9 1F1EB	1f1f9-1f1eb.png
1F1F9 1F1EC	1f1f9-1f1ec.png
1F1F9 1F1ED	1f1f9-1f1ed.png
1F1F9 1F1EF	1f1f9-1f1ef.png
1F1F9 1F1F0	1f1f9-1f1f0.png
1F1F9 1F1F1	1f1f9-1f1f1.png
1F1F9 1F1F2	1f1f9-1f1f2.png
1F1F9 1F1F3	1f1f9-1f1f3.png
1F1F9 1F1F4	1f1f9-1f1f4.png
1F1F9 1F1F7	1f1f9-1f1f7.png
1F1F9 1F1F9	1f1f9-1f1f9.png
1F1F9 1F1FB	1f1f9-1f1fb.png
1F1F9 1F1FC	1f1f9-1f1fc.png
1F1F9 1F1FF	1f1f9-1f1ff.png
1F1FA 1F1E6	1f1fa-1f1e6.png
1F1FA 1F1EC	1f1fa-1f1ec.png
1F1FA 1F1F2	1f1fa-1f1f2.png
1F1FA 1F1F3	1f1fa-1f1f3.png
1F1FA 1F1F8	1f1fa-1f1f8.png
1F1FA 1F1FE	1f1fa-1f1fe.png
1F1FA 1F1FF	1f1fa-1f1ff.png
1F1FB 1F1E6	1f1fb-1f1e6.png
1F1FB 1F1E8	1f1fb-1f1e8.png
1F1FB 1F1EA	1f1fb-1f1ea.png
1F1FB 1F1EC	1f1fb-1f1ec.png
1F1FB 1F1EE	1f1fb-1f1ee.png
1F1FB 1F1F3	1f1fb-1f1f3.png
1F1FB 1F1FA	1f1fb-1f1fa.png
1F1FC 1F1EB	1f1fc-1f1eb.png
1F1FC 1F1F8	1f1fc-1f1f8.png
1F1FD 1F1F0	1f1fd-1f1f0.png
1F1FE 1F1EA	1f1fe-1f1ea.png
1F1FE 1F1F9	1f1fe-1f1f9.png
1F1FF 1F1E6	1f1ff-1f1e6.png
1F1FF 1F1F2	1f1ff-1f1f2.png
1F1FF 1F1FC	1f1ff-1f1fc.png
1F201	1f201.png
1F202	1f202.png
1F21A	1f21a.png
1F22F	1f22f.png
1F232	1f232.png
1F233	1f233.png
1F234	1f234.png
1F235	1f235.png
1F236	1f236.png
1F237	1f237.png
1F238	1f238.png
1F239	1f239.png
1F23A	1f23a.png
1F250	1f250.png
1F251	1f251.png
1F300	1f300.png
1F301	1f301.png
1F302	1f302.png
1F303	1f303.png
1F304	1f304.png
1F305	1f305.png
1F306	1f306.png
1F307	1f307.png
1F308	1f308.png
1F309	1f309.png
1F30A	1f30a.png
1F30B	1f30b.png
1F30C	1f30c.png
1F30D	1f30d.png
1F30E	1f30e.png
1F30F	1f30f.png
1F310	1f310.png
1F311	1f311.png
1F312	1f312.png
1F313	1f313.png
1F314	1f314.png
1F315	1f315.png
1F316	1f316.png
1F317	1f317.png
1F318	1f318.png
1F319	1f319.png
1F31A	1f31a.png
1F31B	1f31b.png
1F31C	1f31c.png
1F31D	1f31d.png
1F31E	1f31e.png
1F31F	1f31f.png
1F320	1f320.png
1F321	1f321.png
1F324	1f324.png
1F325	1f325.png
1F326	1f326.png
1F327	1f327.png
1F328	1f328.png
1F329	1f329.png
1F32A	1f32a.png
1F32B	1f32b.png
1F32C	1f32c.png
1F32D	1f32d.png
1F32E	1f32e.png
1F32F	1f32f.png
1F330	1f330.png
1F331	1f331.png
1F332	1f332.png
1F333	1f333.png
1F334	1f334.png
1F335	1f335.png
1F336	1f336.png
1F337	1f337.png
1F338	1f338.png
1F339	1f339.png
1F33A	1f33a.png
1F33B	1f33b.png
1F33C	1f33c.png
1F33D	1f33d.png
1F33E	1f33e.png
1F33F	1f33f.png
1F340	1f340.png
1F341	1f341.png
1F342	1f342.png
1F343	1f343.png
1F344	1f344.png
1F344 200D 1F7EB	1f344-200d-1f7eb.png
1F345	1f345.png
1F346	1f346.png
1F347	1f347.png
1F348	1f348.png
1F349	1f349.png
1F34A	1f34a.png
1F34B	1f34b.png
1F34B 200D 1F7E9	1f34b-200d-1f7e9.png
1F34C	1f34c.png
1F34D	1f34d.png
1F34E	1f34e.png
1F34F	1f34f.png
1F350	1f350.png
1F351	1f351.png
1F352	1f352.png
1F353	1f353.png
1F354	1f354.png
1F355	1f355.png
1F356	1f356.png
1F357	1f357.png
1F358	1f358.png
1F359	1f359.png
1F35A	1f35a.png
1F35B	1f35b.png
1F35C	1f35c.png
1F35D	1f35d.png
1F35E	1f35e.png
1F35F	1f35f.png
1F360	1f360.png
1F361	1f361.png
1F362	1f362.png
1F363	1f363.png
1F364	1f364.png
1F365	1f365.png
1F366	1f366.png
1F367	1f367.png
1F368	1f368.png
1F369	1f369.png
1F36A	1f36a.png
1F36B	1f36b.png
1F36C	1f36c.png
1F36D	1f36d.png
1F36E	1f36e.png
1F36F	1f36f.png
1F370	1f370.png
1F371	1f371.png
1F372	1f372.png
1F373	1f373.png
1F374	1f374.png
1F375	1f375.png
1F376	1f376.png
1F377	1f377.png
1F378	1f378.png
1F379	1f379.png
1F37A	1f37a.png
1F37B	1f37b.png
1F37C	1f37c.png
1F37D	1f37d.png
1F37E	1f37e.png
1F37F	1f37f.png
1F380	1f380.png
1F381	1f381.png
1F382	1f382.png
1F383	1f383.png
1F384	1f384.png
1F385	1f385.png
1F385 1F3FB	1f385-1f3fb.png
1F385 1F3FC	1f385-1f3fc.png
1F385 1F3FD	1f385-1f3fd.png
1F385 1F3FE	1f385-1f3fe.png
1F385 1F3FF	1f385-1f3ff.png
1F386	1f386.png
1F387	1f387.png
1F388	1f388.png
1F389	1f389.png
1F38A	1f38a.png
1F38B	1f38b.png
1F38C	1f38c.png
1F38D	1f38d.png
1F38E	1f38e.png
1F38F	1f38f.png
1F390	1f390.png
1F391	1f391.png
1F392	1f392.png
1F393	1f393.png
1F396	1f396.png
1F397	1f397.png
1F399	1f399.png
1F39A	1f39a.png
1F39B	1f39b.png
1F39E	1f39e.png
1F39F	1f39f.png
1F3A0	1f3a0.png
1F3A1	1f3a1.png
1F3A2	1f3a2.png
1F3A3	1f3a3.png
1F3A4	1f3a4.png
1F3A5	1f3a5.png
1F3A6	1f3a6.png
1F3A7	1f3a7.png
1F3A8	1f3a8.png
1F3A9	1f3a9.png
1F3AA	1f3aa.png
1F3AB	1f3ab.png
1F3AC	1f3ac.png
1F3AD	1f3ad.png
1F3AE	1f3ae.png
1F3AF	1f3af.png
1F3B0	1f3b0.png
1F3B1	1f3b1.png
1F3B2	1f3b2.png
1F3B3	1f3b3.png
1F3B4	1f3b4.png
1F3B5	1f3b5.png
1F3B6	1f3b6.png
1F3B7	1f3b7.png
1F3B8	1f3b8.png
1F3B9	1f3b9.png
1F3BA	1f3ba.png
1F3BB	1f3bb.png
1F3BC	1f3bc.png
1F3BD	1f3bd.png
1F3BE	1f3be.png
1F3BF	1f3bf.png
1F3C0	1f3c0.png
1F3C1	1f3c1.png
1F3C2	1f3c2.png
1F3C2 1F3FB	1f3c2-1f3fb.png
1F3C2 1F3FC	1f3c2-1f3fc.png
1F3C2 1F3FD	1f3c2-1f3fd.png
1F3C2 1F3FE	1f3c2-1f3fe.png
1F3C2 1F3FF	1f3c2-1f3ff.png
1F3C3	1f3c3.png
1F3C3 1F3FB	1f3c3-1f3fb.png
1F3C3 1F3FB 200D 2640	1f3c3-1f3fb-200d-2640.png
1F3C3 1F3FB 200D 2640 200D 27A1	1f3c3-1f3fb-200d-2640-200d-27a1.png
1F3C3 1F3FB 200D 2642	1f3c3-1f3fb-200d-2642.png
1F3C3 1F3FB 200D 2642 200D 27A1	1f3c3-1f3fb-200d-2642-200d-27a1.png
1F3C3 1F3FB 200D 27A1	1f3c3-1f3fb-200d-27a1.png
1F3C3 1F3FC	1f3c3-1f3fc.png
1F3C3 1F3FC 200D 2640	1f3c3-1f3fc-200d-2640.png
1F3C3 1F3FC 200D 2640 200D 27A1	1f3c3-1f3fc-200d-2640-200d-27a1.png
1F3C3 1F3FC 200D 2642	1f3c3-1f3fc-200d-2642.png
1F3C3 1F3FC 200D 2642 200D 27A1	1f3c3-1f3fc-200d-2642-200d-27a1.png
1F3C3 1F3FC 200D 27A1	1f3c3-1f3fc-200d-27a1.png
1F3C3 1F3FD	1f3c3-1f3fd.png
1F3C3 1F3FD 200D 2640	1f3c3-1f3fd-200d-2640.png
1F3C3 1F3FD 200D 2640 200D 27A1	1f3c3-1f3fd-200d-2640-200d-27a1.png
1F3C3 1F3FD 200D 2642	1f3c3-1f3fd-200d-2642.png
1F3C3 1F3FD 200D 2642 200D 27A1	1f3c3-1f3fd-200d-2642-200d-27a1.png
1F3C3 1F3FD 200D 27A1	1f3c3-1f3fd-200d-27a1.png
1F3C3 1F3FE	1f3c3-1f3fe.png
1F3C3 1F3FE 200D 2640	1f3c3-1f3fe-200d-2640.png
1F3C3 1F3FE 200D 2640 200D 27A1	1f3c3-1f3fe-200d-2640-200d-27a1.png
1F3C3 1F3FE 200D 2642	1f3c3-1f3fe-200d-2642.png
1F3C3 1F3FE 200D 2642 200D 27A1	1f3c3-1f3fe-200d-2642-200d-27a1.png
1F3C3 1F3FE 200D 27A1	1f3c3-1f3fe-200d-27a1.png
1F3C3 1F3FF	1f3c3-1f3ff.png
1F3C3 1F3FF 200D 2640	1f3c3-1f3ff-200d-2640.png
1F3C3 1F3FF 200D 2640 200D 27A1	1f3c3-1f3ff-200d-2640-200d-27a1.png
1F3C3 1F3FF 200D 2642	1f3c3-1f3ff-200d-2642.png
1F3C3 1F3FF 200D 2642 200D 27A1	1f3c3-1f3ff-200d-2642-200d-27a1.png
1F3C3 1F3FF 200D 27A1	1f3c3-1f3ff-200d-27a1.png
1F3C3 200D 2640	1f3c3-200d-2640.png
1F3C3 200D 2640 200D 27A1	1f3c3-200d-2640-200d-27a1.png
1F3C3 200D 2642	1f3c3-200d-2642.png
1F3C3 200D 2642 200D 27A1	1f3c3-200d-2642-200d-27a1.png
1F3C3 200D 27A1	1f3c3-200d-27a1.png
1F3C4	1f3c4.png
1F3C4 1F3FB	1f3c4-1f3fb.png
1F3C4 1F3FB 200D 2640	1f3c4-1f3fb-200d-2640.png
1F3C4 1F3FB 200D 2642	1f3c4-1f3fb-200d-2642.png
1F3C4 1F3FC	1f3c4-1f3fc.png
1F3C4 1F3FC 200D 2640	1f3c4-1f3fc-200d-2640.png
1F3C4 1F3FC 200D 2642	1f3c4-1f3fc-200d-2642.png
1F3C4 1F3FD	1f3c4-1f3fd.png
1F3C4 1F3FD 200D 2640	1f3c4-1f3fd-200d-2640.png
1F3C4 1F3FD 200D 2642	1f3c4-1f3fd-200d-2642.png
1F3C4 1F3FE	1f3c4-1f3fe.png
1F3C4 1F3FE 200D 2640	1f3c4-1f3fe-200d-2640.png
1F3C4 1F3FE 200D 2642	1f3c4-1f3fe-200d-2642.png
1F3C4 1F3FF	1f3c4-1f3ff.png
1F3C4 1F3FF 200D 2640	1f3c4-1f3ff-200d-2640.png
1F3C4 1F3FF 200D 2642	1f3c4-1f3ff-200d-2642.png
1F3C4 200D 2640	1f3c4-200d-2640.png
1F3C4 200D 2642	1f3c4-200d-2642.png
1F3C5	1f3c5.png
1F3C6	1f3c6.png
1F3C7	1f3c7.png
1F3C7 1F3FB	1f3c7-1f3fb.png
1F3C7 1F3FC	1f3c7-1f3fc.png
1F3C7 1F3FD	1f3c7-1f3fd.png
1F3C7 1F3FE	1f3c7-1f3fe.png
1F3C7 1F3FF	1f3c7-1f3ff.png
1F3C8	1f3c8.png
1F3C9	1f3c9.png
1F3CA	1f3ca.png
1F3CA 1F3FB	1f3ca-1f3fb.png
1F3CA 1F3FB 200D 2640	1f3ca-1f3fb-200d-2640.png
1F3CA 1F3FB 200D 2642	1f3ca-1f3fb-200d-2642.png
1F3CA 1F3FC	1f3ca-1f3fc.png
1F3CA 1F3FC 200D 2640	1f3ca-1f3fc-200d-2640.png
1F3CA 1F3FC 200D 2642	1f3ca-1f3fc-200d-2642.png
1F3CA 1F3FD	1f3ca-1f3fd.png
1F3CA 1F3FD 200D 2640	1f3ca-1f3fd-200d-2640.png
1F3CA 1F3FD 200D 2642	1f3ca-1f3fd-200d-2642.png
1F3CA 1F3FE	1f3ca-1f3fe.png
1F3CA 1F3FE 200D 2640	1f3ca-1f3fe-200d-2640.png
1F3CA 1F3FE 200D 2642	1f3ca-1f3fe-200d-2642.png
1F3CA 1F3FF	1f3ca-1f3ff.png
1F3CA 1F3FF 200D 2640	1f3ca-1f3ff-200d-2640.png
1F3CA 1F3FF 200D 2642	1f3ca-1f3ff-200d-2642.png
1F3CA 200D 2640	1f3ca-200d-2640.png
1F3CA 200D 2642	1f3ca-200d-2642.png
1F3CB	1f3cb.png
1F3CB 1F3FB	1f3cb-1f3fb.png
1F3CB 1F3FB 200D 2640	1f3cb-1f3fb-200d-2640.png
1F3CB 1F3FB 200D 2642	1f3cb-1f3fb-200d-2642.png
1F3CB 1F3FC	1f3cb-1f3fc.png
1F3CB 1F3FC 200D 2640	1f3cb-1f3fc-200d-2640.png
1F3CB 1F3FC 200D 2642	1f3cb-1f3fc-200d-2642.png
1F3CB 1F3FD	1f3cb-1f3fd.png
1F3CB 1F3FD 200D 2640	1f3cb-1f3fd-200d-2640.png
1F3CB 1F3FD 200D 2642	1f3cb-1f3fd-200d-2642.png
1F3CB 1F3FE	1f3cb-1f3fe.png
1F3CB 1F3FE 200D 2640	1f3cb-1f3fe-200d-2640.png
1F3CB 1F3FE 200D 2642	1f3cb-1f3fe-200d-2642.png
1F3CB 1F3FF	1f3cb-1f3ff.png
1F3CB 1F3FF 200D 2640	1f3cb-1f3ff-200d-2640.png
1F3CB 1F3FF 200D 2642	1f3cb-1f3ff-200d-2642.png
1F3CB 200D 2640	1f3cb-200d-2640.png
1F3CB 200D 2642	1f3cb-200d-2642.png
1F3CC	1f3cc.png
1F3CC 1F3FB	1f3cc-1f3fb.png
1F3CC 1F3FB 200D 2640	1f3cc-1f3fb-200d-2640.png
1F3CC 1F3FB 200D 2642	1f3cc-1f3fb-200d-2642.png
1F3CC 1F3FC	1f3cc-1f3fc.png
1F3CC 1F3FC 200D 2640	1f3cc-1f3fc-200d-2640.png
1F3CC 1F3FC 200D 2642	1f3cc-1f3fc-200d-2642.png
1F3CC 1F3FD	1f3cc-1f3fd.png
1F3CC 1F3FD 200D 2640	1f3cc-1f3fd-200d-2640.png
1F3CC 1F3FD 200D 2642	1f3cc-1f3fd-200d-2642.png
1F3CC 1F3FE	1f3cc-1f3fe.png
1F3CC 1F3FE 200D 2640	1f3cc-1f3fe-200d-2640.png
1F3CC 1F3FE 200D 2642	1f3cc-1f3fe-200d-2642.png
1F3CC 1F3FF	1f3cc-1f3ff.png
1F3CC 1F3FF 200D 2640	1f3cc-1f3ff-200d-2640.png
1F3CC 1F3FF 200D 2642	1f3cc-1f3ff-200d-2642.png
1F3CC 200D 2640	1f3cc-200d-2640.png
1F3CC 200D 2642	1f3cc-200d-2642.png
1F3CD	1f3cd.png
1F3CE	1f3ce.png
1F3CF	1f3cf.png
1F3D0	1f3d0.png
1F3D1	1f3d1.png
1F3D2	1f3d2.png
1F3D3	1f3d3.png
1F3D4	1f3d4.png
1F3D5	1f3d5.png
1F3D6	1f3d6.png
1F3D7	1f3d7.png
1F3D8	1f3d8.png
1F3D9	1f3d9.png
1F3DA	1f3da.png
1F3DB	1f3db.png
1F3DC	1f3dc.png
1F3DD	1f3dd.png
1F3DE	1f3de.png
1F3DF	1f3df.png
1F3E0	1f3e0.png
1F3E1	1f3e1.png
1F3E2	1f3e2.png
1F3E3	1f3e3.png
1F3E4	1f3e4.png
1F3E5	1f3e5.png
1F3E6	1f3e6.png
1F3E7	1f3e7.png
1F3E8	1f3e8.png
1F3E9	1f3e9.png
1F3EA	1f3ea.png
1F3EB	1f3eb.png
1F3EC	1f3ec.png
1F3ED	1f3ed.png
1F3EE	1f3ee.png
1F3EF	1f3ef.png
1F3F0	1f3f0.png
1F3F3	1f3f3.png
1F3F3 200D 1F308	1f3f3-200d-1f308.png
1F3F3 200D 26A7	1f3f3-200d-26a7.png
1F3F4	1f3f4.png
1F3F4 200D 2620	1f3f4-200d-2620.png
1F3F4 E0067 E0062 E0065 E006E E0067 E007F	1f3f4-e0067-e0062-e0065-e006e-e0067-e007f.png
1F3F4 E0067 E0062 E0073 E0063 E0074 E007F	1f3f4-e0067-e0062-e0073-e0063-e0074-e007f.png
1F3F4 E0067 E0062 E0077 E006C E0073 E007F	1f3f4-e0067-e0062-e0077-e006c-e0073-e007f.png
1F3F5	1f3f5.png
1F3F7	1f3f7.png
1F3F8	1f3f8.png
1F3F9	1f3f9.png
1F3FA	1f3fa.png
1F3FB	1f3fb.png
1F3FC	1f3fc.png
1F3FD	1f3fd.png
1F3FE	1f3fe.png
1F3FF	1f3ff.png
1F400	1f400.png
1F401	1f401.png
1F402	1f402.png
1F403	1f403.png
1F404	1f404.png
1F405	1f405.png
1F406	1f406.png
1F407	1f407.png
1F408	1f408.png
1F408 200D 2B1B	1f408-200d-2b1b.png
1F409	1f409.png
1F40A	1f40a.png
1F40B	1f40b.png
1F40C	1f40c.png
1F40D	1f40d.png
1F40E	1f40e.png
1F40F	1f40f.png
1F410	1f410.png
1F411	1f411.png
1F412	1f412.png
1F413	1f413.png
1F414	1f414.png
1F415	1f415.png
1F415 200D 1F9BA	1f415-200d-1f9ba.png
1F416	1f416.png
1F417	1f417.png
1F418	1f418.png
1F419	1f419.png
1F41A	1f41a.png
1F41B	1f41b.png
1F41C	1f41c.png
1F41D	1f41d.png
1F41E	1f41e.png
1F41F	1f41f.png
1F420	1f420.png
1F421	1f421.png
1F422	1f422.png
1F423	1f423.png
1F424	1f424.png
1F425	1f425.png
1F426	1f426.png
1F426 200D 1F525	1f426-200d-1f525.png
1F426 200D 2B1B	1f426-200d-2b1b.png
1F427	1f427.png
1F428	1f428.png
1F429	1f429.png
1F42A	1f42a.png
1F42B	1f42b.png
1F42C	1f42c.png
1F42D	1f42d.png
1F42E	1f42e.png
1F42F	1f42f.png
1F430	1f430.png
1F431	1f431.png
1F432	1f432.png
1F433	1f433.png
1F434	1f434.png
1F435	1f435.png
1F436	1f436.png
1F437	1f437.png
1F438	1f438.png
1F439	1f439.png
1F43A	1f43a.png
1F43B	1f43b.png
1F43B 200D 2744	1f43b-200d-2744.png
1F43C	1f43c.png
1F43D	1f43d.png
1F43E	1f43e.png
1F43F	1f43f.png
1F440	1f440.png
1F441	1f441.png
1F441 200D 1F5E8	1f441-200d-1f5e8.png
1F442	1f442.png
1F442 1F3FB	1f442-1f3fb.png
1F442 1F3FC	1f442-1f3fc.png
1F442 1F3FD	1f442-1f3fd.png
1F442 1F3FE	1f442-1f3fe.png
1F442 1F3FF	1f442-1f3ff.png
1F443	1f443.png
1F443 1F3FB	1f443-1f3fb.png
1F443 1F3FC	1f443-1f3fc.png
1F443 1F3FD	1f443-1f3fd.png
1F443 1F3FE	1f443-1f3fe.png
1F443 1F3FF	1f443-1f3ff.png
1F444	1f444.png
1F445	1f445.png
1F446	1f446.png
1F446 1F3FB	1f446-1f3fb.png
1F446 1F3FC	1f446-1f3fc.png
1F446 1F3FD	1f446-1f3fd.png
1F446 1F3FE	1f446-1f3fe.png
1F446 1F3FF	1f446-1f3ff.png
1F447	1f447.png
1F447 1F3FB	1f447-1f3fb.png
1F447 1F3FC	1f447-1f3fc.png
1F447 1F3FD	1f447-1f3fd.png
1F447 1F3FE	1f447-1f3fe.png
1F447 1F3FF	1f447-1f3ff.png
1F448	1f448.png
1F448 1F3FB	1f448-1f3fb.png
1F448 1F3FC	1f448-1f3fc.png
1F448 1F3FD	1f448-1f3fd.png
1F448 1F3FE	1f448-1f3fe.png
1F448 1F3FF	1f448-1f3ff.png
1F449	1f449.png
1F449 1F3FB	1f449-1f3fb.png
1F449 1F3FC	1f449-1f3fc.png
1F449 1F3FD	1f449-1f3fd.png
1F449 1F3FE	1f449-1f3fe.png
1F449 1F3FF	1f449-1f3ff.png
1F44A	1f44a.png
1F44A 1F3FB	1f44a-1f3fb.png
1F44A 1F3FC	1f44a-1f3fc.png
1F44A 1F3FD	1f44a-1f3fd.png
1F44A 1F3FE	1f44a-1f3fe.png
1F44A 1F3FF	1f44a-1f3ff.png
1F44B	1f44b.png
1F44B 1F3FB	1f44b-1f3fb.png
1F44B 1F3FC	1f44b-1f3fc.png
1F44B 1F3FD	1f44b-1f3fd.png
1F44B 1F3FE	1f44b-1f3fe.png
1F44B 1F3FF	1f44b-1f3ff.png
1F44C	1f44c.png
1F44C 1F3FB	1f44c-1f3fb.png
1F44C 1F3FC	1f44c-1f3fc.png
1F44C 1F3FD	1f44c-1f3fd.png
1F44C 1F3FE	1f44c-1f3fe.png
1F44C 1F3FF	1f44c-1f3ff.png
1F44D	1f44d.png
1F44D 1F3FB	1f44d-1f3fb.png
1F44D 1F3FC	1f44d-1f3fc.png
1F44D 1F3FD	1f44d-1f3fd.png
1F44D 1F3FE	1f44d-1f3fe.png
1F44D 1F3FF	1f44d-1f3ff.png
1F44E	1f44e.png
1F44E 1F3FB	1f44e-1f3fb.png
1F44E 1F3FC	1f44e-1f3fc.png
1F44E 1F3FD	1f44e-1f3fd.png
1F44E 1F3FE	1f44e-1f3fe.png
1F44E 1F3FF	1f44e-1f3ff.png
1F44F	1f44f.png
1F44F 1F3FB	1f44f-1f3fb.png
1F44F 1F3FC	1f44f-1f3fc.png
1F44F 1F3FD	1f44f-1f3fd.png
1F44F 1F3FE	1f44f-1f3fe.png
1F44F 1F3FF	1f44f-1f3ff.png
1F450	1f450.png
1F450 1F3FB	1f450-1f3fb.png
1F450 1F3FC	1f450-1f3fc.png
1F450 1F3FD	1f450-1f3fd.png
1F450 1F3FE	1f450-1f3fe.png
1F450 1F3FF	1f450-1f3ff.png
1F451	1f451.png
1F452	1f452.png
1F453	1f453.png
1F454	1f454.png
1F455	1f455.png
1F456	1f456.png
1F457	1f457.png
1F458	1f458.png
1F459	1f459.png
1F45A	1f45a.png
1F45B	1f45b.png
1F45C	1f45c.png
1F45D	1f45d.png
1F45E	1f45e.png
1F45F	1f45f.png
1F460	1f460.png
1F461	1f461.png
1F462	1f462.png
1F463	1f463.png
1F464	1f464.png
1F465	1f465.png
1F466	1f466.png
1F466 1F3FB	1f466-1f3fb.png
1F466 1F3FC	1f466-1f3fc.png
1F466 1F3FD	1f466-1f3fd.png
1F466 1F3FE	1f466-1f3fe.png
1F466 1F3FF	1f466-1f3ff.png
1F467	1f467.png
1F467 1F3FB	1f467-1f3fb.png
1F467 1F3FC	1f467-1f3fc.png
1F467 1F3FD	1f467-1f3fd.png
1F467 1F3FE	1f467-1f3fe.png
1F467 1F3FF	1f467-1f3ff.png
1F468	1f468.png
1F468 1F3FB	1f468-1f3fb.png
1F468 1F3FB 200D 1F33E	1f468-1f3fb-200d-1f33e.png
1F468 1F3FB 200D 1F373	1f468-1f3fb-200d-1f373.png
1F468 1F3FB 200D 1F37C	1f468-1f3fb-200d-1f37c.png
1F468 1F3FB 200D 1F393	1f468-1f3fb-200d-1f393.png
1F468 1F3FB 200D 1F3A4	1f468-1f3fb-200d-1f3a4.png
1F468 1F3FB 200D 1F3A8	1f468-1f3fb-200d-1f3a8.png
1F468 1F3FB 200D 1F3EB	1f468-1f3fb-200d-1f3eb.png
1F468 1F3FB 200D 1F3ED	1f468-1f3fb-200d-1f3ed.png
1F468 1F3FB 200D 1F430 200D 1F468 1F3FC	1f468-1f3fb-200d-1f430-200d-1f468-1f3fc.png
1F468 1F3FB 200D 1F430 200D 1F468 1F3FD	1f468-1f3fb-200d-1f430-200d-1f468-1f3fd.png
1F468 1F3FB 200D 1F430 200D 1F468 1F3FE	1f468-1f3fb-200d-1f430-200d-1f468-1f3fe.png
1F468 1F3FB 200D 1F430 200D 1F468 1F3FF	1f468-1f3fb-200d-1f430-200d-1f468-1f3ff.png
1F468 1F3FB 200D 1F4BB	1f468-1f3fb-200d-1f4bb.png
1F468 1F3FB 200D 1F4BC	1f468-1f3fb-200d-1f4bc.png
1F468 1F3FB 200D 1F527	1f468-1f3fb-200d-1f527.png
1F468 1F3FB 200D 1F52C	1f468-1f3fb-200d-1f52c.png
1F468 1F3FB 200D 1F680	1f468-1f3fb-200d-1f680.png
1F468 1F3FB 200D 1F692	1f468-1f3fb-200d-1f692.png
1F468 1F3FB 200D 1F91D 200D 1F468 1F3FC	1f468-1f3fb-200d-1f91d-200d-1f468-1f3fc.png
1F468 1F3FB 200D 1F91D 200D 1F468 1F3FD	1f468-1f3fb-200d-1f91d-200d-1f468-1f3fd.png
1F468 1F3FB 200D 1F91D 200D 1F468 1F3FE	1f468-1f3fb-200d-1f91d-200d-1f468-1f3fe.png
1F468 1F3FB 200D 1F91D 200D 1F468 1F3FF	1f468-1f3fb-200d-1f91d-200d-1f468-1f3ff.png
1F468 1F3FB 200D 1F9AF	1f468-1f3fb-200d-1f9af.png
1F468 1F3FB 200D 1F9AF 200D 27A1	1f468-1f3fb-200d-1f9af-200d-27a1.png
1F468 1F3FB 200D 1F9B0	1f468-1f3fb-200d-1f9b0.png
1F468 1F3FB 200D 1F9B1	1f468-1f3fb-200d-1f9b1.png
1F468 1F3FB 200D 1F9B2	1f468-1f3fb-200d-1f9b2.png
1F468 1F3FB 200D 1F9B3	1f468-1f3fb-200d-1f9b3.png
1F468 1F3FB 200D 1F9BC	1f468-1f3fb-200d-1f9bc.png
1F468 1F3FB 200D 1F9BC 200D 27A1	1f468-1f3fb-200d-1f9bc-200d-27a1.png
1F468 1F3FB 200D 1F9BD	1f468-1f3fb-200d-1f9bd.png
1F468 1F3FB 200D 1F9BD 200D 27A1	1f468-1f3fb-200d-1f9bd-200d-27a1.png
1F468 1F3FB 200D 1FAEF 200D 1F468 1F3FC	1f468-1f3fb-200d-1faef-200d-1f468-1f3fc.png
1F468 1F3FB 200D 1FAEF 200D 1F468 1F3FD	1f468-1f3fb-200d-1faef-200d-1f468-1f3fd.png
1F468 1F3FB 200D 1FAEF 200D 1F468 1F3FE	1f468-1f3fb-200d-1faef-200d-1f468-1f3fe.png
1F468 1F3FB 200D 1FAEF 200D 1F468 1F3FF	1f468-1f3fb-200d-1faef-200d-1f468-1f3ff.png
1F468 1F3FB 200D 2695	1f468-1f3fb-200d-2695.png
1F468 1F3FB 200D 2696	1f468-1f3fb-200d-2696.png
1F468 1F3FB 200D 2708	1f468-1f3fb-200d-2708.png
1F468 1F3FB 200D 2764 200D 1F468 1F3FB	1f468-1f3fb-200d-2764-200d-1f468-1f3fb.png
1F468 1F3FB 200D 2764 200D 1F468 1F3FC	1f468-1f3fb-200d-2764-200d-1f468-1f3fc.png
1F468 1F3FB 200D 2764 200D 1F468 1F3FD	1f468-1f3fb-200d-2764-200d-1f468-1f3fd.png
1F468 1F3FB 200D 2764 200D 1F468 1F3FE	1f468-1f3fb-200d-2764-200d-1f468-1f3fe.png
1F468 1F3FB 200D 2764 200D 1F468 1F3FF	1f468-1f3fb-200d-2764-200d-1f468-1f3ff.png
1F468 1F3FB 200D 2764 200D 1F48B 200D 1F468 1F3FB	1f468-1f3fb-200d-2764-200d-1f48b-200d-1f468-1f3fb.png
1F468 1F3FB 200D 2764 200D 1F48B 200D 1F468 1F3FC	1f468-1f3fb-200d-2764-200d-1f48b-200d-1f468-1f3fc.png
1F468 1F3FB 200D 2764 200D 1F48B 200D 1F468 1F3FD	1f468-1f3fb-200d-2764-200d-1f48b-200d-1f468-1f3fd.png
1F468 1F3FB 200D 2764 200D 1F48B 200D 1F468 1F3FE	1f468-1f3fb-200d-2764-200d-1f48b-200d-1f468-1f3fe.png
1F468 1F3FB 200D 2764 200D 1F48B 200D 1F468 1F3FF	1f468-1f3fb-200d-2764-200d-1f48b-200d-1f468-1f3ff.png
1F468 1F3FC	1f468-1f3fc.png
1F468 1F3FC 200D 1F33E	1f468-1f3fc-200d-1f33e.png
1F468 1F3FC 200D 1F373	1f468-1f3fc-200d-1f373.png
1F468 1F3FC 200D 1F37C	1f468-1f3fc-200d-1f37c.png
1F468 1F3FC 200D 1F393	1f468-1f3fc-200d-1f393.png
1F468 1F3FC 200D 1F3A4	1f468-1f3fc-200d-1f3a4.png
1F468 1F3FC 200D 1F3A8	1f468-1f3fc-200d-1f3a8.png
1F468 1F3FC 200D 1F3EB	1f468-1f3fc-200d-1f3eb.png
1F468 1F3FC 200D 1F3ED	1f468-1f3fc-200d-1f3ed.png
1F468 1F3FC 200D 1F430 200D 1F468 1F3FB	1f468-1f3fc-200d-1f430-200d-1f468-1f3fb.png
1F468 1F3FC 200D 1F430 200D 1F468 1F3FD	1f468-1f3fc-200d-1f430-200d-1f468-1f3fd.png
1F468 1F3FC 200D 1F430 200D 1F468 1F3FE	1f468-1f3fc-200d-1f430-200d-1f468-1f3fe.png
1F468 1F3FC 200D 1F430 200D 1F468 1F3FF	1f468-1f3fc-200d-1f430-200d-1f468-1f3ff.png
1F468 1F3FC 200D 1F4BB	1f468-1f3fc-200d-1f4bb.png
1F468 1F3FC 200D 1F4BC	1f468-1f3fc-200d-1f4bc.png
1F468 1F3FC 200D 1F527	1f468-1f3fc-200d-1f527.png
1F468 1F3FC 200D 1F52C	1f468-1f3fc-200d-1f52c.png
1F468 1F3FC 200D 1F680	1f468-1f3fc-200d-1f680.png
1F468 1F3FC 200D 1F692	1f468-1f3fc-200d-1f692.png
1F468 1F3FC 200D 1F91D 200D 1F468 1F3FB	1f468-1f3fc-200d-1f91d-200d-1f468-1f3fb.png
1F468 1F3FC 200D 1F91D 200D 1F468 1F3FD	1f468-1f3fc-200d-1f91d-200d-1f468-1f3fd.png
1F468 1F3FC 200D 1F91D 200D 1F468 1F3FE	1f468-1f3fc-200d-1f91d-200d-1f468-1f3fe.png
1F468 1F3FC 200D 1F91D 200D 1F468 1F3FF	1f468-1f3fc-200d-1f91d-200d-1f468-1f3ff.png
1F468 1F3FC 200D 1F9AF	1f468-1f3fc-200d-1f9af.png
1F468 1F3FC 200D 1F9AF 200D 27A1	1f468-1f3fc-200d-1f9af-200d-27a1.png
1F468 1F3FC 200D 1F9B0	1f468-1f3fc-200d-1f9b0.png
1F468 1F3FC 200D 1F9B1	1f468-1f3fc-200d-1f9b1.png
1F468 1F3FC 200D 1F9B2	1f468-1f3fc-200d-1f9b2.png
1F468 1F3FC 200D 1F9B3	1f468-1f3fc-200d-1f9b3.png
1F468 1F3FC 200D 1F9BC	1f468-1f3fc-200d-1f9bc.png
1F468 1F3FC 200D 1F9BC 200D 27A1	1f468-1f3fc-200d-1f9bc-200d-27a1.png
1F468 1F3FC 200D 1F9BD	1f468-1f3fc-200d-1f9bd.png
1F468 1F3FC 200D 1F9BD 200D 27A1	1f468-1f3fc-200d-1f9bd-200d-27a1.png
1F468 1F3FC 200D 1FAEF 200D 1F468 1F3FB	1f468-1f3fc-200d-1faef-200d-1f468-1f3fb.png
1F468 1F3FC 200D 1FAEF 200D 1F468 1F3FD	1f468-1f3fc-200d-1faef-200d-1f468-1f3fd.png
1F468 1F3FC 200D 1FAEF 200D 1F468 1F3FE	1f468-1f3fc-200d-1faef-200d-1f468-1f3fe.png
1F468 1F3FC 200D 1FAEF 200D 1F468 1F3FF	1f468-1f3fc-200d-1faef-200d-1f468-1f3ff.png
1F468 1F3FC 200D 2695	1f468-1f3fc-200d-2695.png
1F468 1F3FC 200D 2696	1f468-1f3fc-200d-2696.png
1F468 1F3FC 200D 2708	1f468-1f3fc-200d-2708.png
1F468 1F3FC 200D 2764 200D 1F468 1F3FB	1f468-1f3fc-200d-2764-200d-1f468-1f3fb.png
1F468 1F3FC 200D 2764 200D 1F468 1F3FC	1f468-1f3fc-200d-2764-200d-1f468-1f3fc.png
1F468 1F3FC 200D 2764 200D 1F468 1F3FD	1f468-1f3fc-200d-2764-200d-1f468-1f3fd.png
1F468 1F3FC 200D 2764 200D 1F468 1F3FE	1f468-1f3fc-200d-2764-200d-1f468-1f3fe.png
1F468 1F3FC 200D 2764 200D 1F468 1F3FF	1f468-1f3fc-200d-2764-200d-1f468-1f3ff.png
1F468 1F3FC 200D 2764 200D 1F48B 200D 1F468 1F3FB	1f468-1f3fc-200d-2764-200d-1f48b-200d-1f468-1f3fb.png
1F468 1F3FC 200D 2764 200D 1F48B 200D 1F468 1F3FC	1f468-1f3fc-200d-2764-200d-1f48b-200d-1f468-1f3fc.png
1F468 1F3FC 200D 2764 200D 1F48B 200D 1F468 1F3FD	1f468-1f3fc-200d-2764-200d-1f48b-200d-1f468-1f3fd.png
1F468 1F3FC 200D 2764 200D 1F48B 200D 1F468 1F3FE	1f468-1f3fc-200d-2764-200d-1f48b-200d-1f468-1f3fe.png
1F468 1F3FC 200D 2764 200D 1F48B 200D 1F468 1F3FF	1f468-1f3fc-200d-2764-200d-1f48b-200d-1f468-1f3ff.png
1F468 1F3FD	1f468-1f3fd.png
1F468 1F3FD 200D 1F33E	1f468-1f3fd-200d-1f33e.png
1F468 1F3FD 200D 1F373	1f468-1f3fd-200d-1f373.png
1F468 1F3FD 200D 1F37C	1f468-1f3fd-200d-1f37c.png
1F468 1F3FD 200D 1F393	1f468-1f3fd-200d-1f393.png
1F468 1F3FD 200D 1F3A4	1f468-1f3fd-200d-1f3a4.png
1F468 1F3FD 200D 1F3A8	1f468-1f3fd-200d-1f3a8.png
1F468 1F3FD 200D 1F3EB	1f468-1f3fd-200d-1f3eb.png
1F468 1F3FD 200D 1F3ED	1f468-1f3fd-200d-1f3ed.png
1F468 1F3FD 200D 1F430 200D 1F468 1F3FB	1f468-1f3fd-200d-1f430-200d-1f468-1f3fb.png
1F468 1F3FD 200D 1F430 200D 1F468 1F3FC	1f468-1f3fd-200d-1f430-200d-1f468-1f3fc.png
1F468 1F3FD 200D 1F430 200D 1F468 1F3FE	1f468-1f3fd-200d-1f430-200d-1f468-1f3fe.png
1F468 1F3FD 200D 1F430 200D 1F468 1F3FF	1f468-1f3fd-200d-1f430-200d-1f468-1f3ff.png
1F468 1F3FD 200D 1F4BB	1f468-1f3fd-200d-1f4bb.png
1F468 1F3FD 200D 1F4BC	1f468-1f3fd-200d-1f4bc.png
1F468 1F3FD 200D 1F527	1f468-1f3fd-200d-1f527.png
1F468 1F3FD 200D 1F52C	1f468-1f3fd-200d-1f52c.png
1F468 1F3FD 200D 1F680	1f468-1f3fd-200d-1f680.png
1F468 1F3FD 200D 1F692	1f468-1f3fd-200d-1f692.png
1F468 1F3FD 200D 1F91D 200D 1F468 1F3FB	1f468-1f3fd-200d-1f91d-200d-1f468-1f3fb.png
1F468 1F3FD 200D 1F91D 200D 1F468 1F3FC	1f468-1f3fd-200d-1f91d-200d-1f468-1f3fc.png
1F468 1F3FD 200D 1F91D 200D 1F468 1F3FE	1f468-1f3fd-200d-1f91d-200d-1f468-1f3fe.png
1F468 1F3FD 200D 1F91D 200D 1F468 1F3FF	1f468-1f3fd-200d-1f91d-200d-1f468-1f3ff.png
1F468 1F3FD 200D 1F9AF	1f468-1f3fd-200d-1f9af.png
1F468 1F3FD 200D 1F9AF 200D 27A1	1f468-1f3fd-200d-1f9af-200d-27a1.png
1F468 1F3FD 200D 1F9B0	1f468-1f3fd-200d-1f9b0.png
1F468 1F3FD 200D 1F9B1	1f468-1f3fd-200d-1f9b1.png
1F468 1F3FD 200D 1F9B2	1f468-1f3fd-200d-1f9b2.png
1F468 1F3FD 200D 1F9B3	1f468-1f3fd-200d-1f9b3.png
1F468 1F3FD 200D 1F9BC	1f468-1f3fd-200d-1f9bc.png
1F468 1F3FD 200D 1F9BC 200D 27A1	1f468-1f3fd-200d-1f9bc-200d-27a1.png
1F468 1F3FD 200D 1F9BD	1f468-1f3fd-200d-1f9bd.png
1F468 1F3FD 200D 1F9BD 200D 27A1	1f468-1f3fd-200d-1f9bd-200d-27a1.png
1F468 1F3FD 200D 1FAEF 200D 1F468 1F3FB	1f468-1f3fd-200d-1faef-200d-1f468-1f3fb.png
1F468 1F3FD 200D 1FAEF 200D 1F468 1F3FC	1f468-1f3fd-200d-1faef-200d-1f468-1f3fc.png
1F468 1F3FD 200D 1FAEF 200D 1F468 1F3FE	1f468-1f3fd-200d-1faef-200d-1f468-1f3fe.png
1F468 1F3FD 200D 1FAEF 200D 1F468 1F3FF	1f468-1f3fd-200d-1faef-200d-1f468-1f3ff.png
1F468 1F3FD 200D 2695	1f468-1f3fd-200d-2695.png
1F468 1F3FD 200D 2696	1f468-1f3fd-200d-2696.png
1F468 1F3FD 200D 2708	1f468-1f3fd-200d-2708.png
1F468 1F3FD 200D 2764 200D 1F468 1F3FB	1f468-1f3fd-200d-2764-200d-1f468-1f3fb.png
1F468 1F3FD 200D 2764 200D 1F468 1F3FC	1f468-1f3fd-200d-2764-200d-1f468-1f3fc.png
1F468 1F3FD 200D 2764 200D 1F468 1F3FD	1f468-1f3fd-200d-2764-200d-1f468-1f3fd.png
1F468 1F3FD 200D 2764 200D 1F468 1F3FE	1f468-1f3fd-200d-2764-200d-1f468-1f3fe.png
1F468 1F3FD 200D 2764 200D 1F468 1F3FF	1f468-1f3fd-200d-2764-200d-1f468-1f3ff.png
1F468 1F3FD 200D 2764 200D 1F48B 200D 1F468 1F3FB	1f468-1f3fd-200d-2764-200d-1f48b-200d-1f468-1f3fb.png
1F468 1F3FD 200D 2764 200D 1F48B 200D 1F468 1F3FC	1f468-1f3fd-200d-2764-200d-1f48b-200d-1f468-1f3fc.png
1F468 1F3FD 200D 2764 200D 1F48B 200D 1F468 1F3FD	1f468-1f3fd-200d-2764-200d-1f48b-200d-1f468-1f3fd.png
1F468 1F3FD 200D 2764 200D 1F48B 200D 1F468 1F3FE	1f468-1f3fd-200d-2764-200d-1f48b-200d-1f468-1f3fe.png
1F468 1F3FD 200D 2764 200D 1F48B 200D 1F468 1F3FF	1f468-1f3fd-200d-2764-200d-1f48b-200d-1f468-1f3ff.png
1F468 1F3FE	1f468-1f3fe.png
1F468 1F3FE 200D 1F33E	1f468-1f3fe-200d-1f33e.png
1F468 1F3FE 200D 1F373	1f468-1f3fe-200d-1f373.png
1F468 1F3FE 200D 1F37C	1f468-1f3fe-200d-1f37c.png
1F468 1F3FE 200D 1F393	1f468-1f3fe-200d-1f393.png
1F468 1F3FE 200D 1F3A4	1f468-1f3fe-200d-1f3a4.png
1F468 1F3FE 200D 1F3A8	1f468-1f3fe-200d-1f3a8.png
1F468 1F3FE 200D 1F3EB	1f468-1f3fe-200d-1f3eb.png
1F468 1F3FE 200D 1F3ED	1f468-1f3fe-200d-1f3ed.png
1F468 1F3FE 200D 1F430 200D 1F468 1F3FB	1f468-1f3fe-200d-1f430-200d-1f468-1f3fb.png
1F468 1F3FE 200D 1F430 200D 1F468 1F3FC	1f468-1f3fe-200d-1f430-200d-1f468-1f3fc.png
1F468 1F3FE 200D 1F430 200D 1F468 1F3FD	1f468-1f3fe-200d-1f430-200d-1f468-1f3fd.png
1F468 1F3FE 200D 1F430 200D 1F468 1F3FF	1f468-1f3fe-200d-1f430-200d-1f468-1f3ff.png
1F468 1F3FE 200D 1F4BB	1f468-1f3fe-200d-1f4bb.png
1F468 1F3FE 200D 1F4BC	1f468-1f3fe-200d-1f4bc.png
1F468 1F3FE 200D 1F527	1f468-1f3fe-200d-1f527.png
1F468 1F3FE 200D 1F52C	1f468-1f3fe-200d-1f52c.png
1F468 1F3FE 200D 1F680	1f468-1f3fe-200d-1f680.png
1F468 1F3FE 200D 1F692	1f468-1f3fe-200d-1f692.png
1F468 1F3FE 200D 1F91D 200D 1F468 1F3FB	1f468-1f3fe-200d-1f91d-200d-1f468-1f3fb.png
1F468 1F3FE 200D 1F91D 200D 1F468 1F3FC	1f468-1f3fe-200d-1f91d-200d-1f468-1f3fc.png
1F468 1F3FE 200D 1F91D 200D 1F468 1F3FD	1f468-1f3fe-200d-1f91d-200d-1f468-1f3fd.png
1F468 1F3FE 200D 1F91D 200D 1F468 1F3FF	1f468-1f3fe-200d-1f91d-200d-1f468-1f3ff.png
1F468 1F3FE 200D 1F9AF	1f468-1f3fe-200d-1f9af.png
1F468 1F3FE 200D 1F9AF 200D 27A1	1f468-1f3fe-200d-1f9af-200d-27a1.png
1F468 1F3FE 200D 1F9B0	1f468-1f3fe-200d-1f9b0.png
1F468 1F3FE 200D 1F9B1	1f468-1f3fe-200d-1f9b1.png
1F468 1F3FE 200D 1F9B2	1f468-1f3fe-200d-1f9b2.png
1F468 1F3FE 200D 1F9B3	1f468-1f3fe-200d-1f9b3.png
1F468 1F3FE 200D 1F9BC	1f468-1f3fe-200d-1f9bc.png
1F468 1F3FE 200D 1F9BC 200D 27A1	1f468-1f3fe-200d-1f9bc-200d-27a1.png
1F468 1F3FE 200D 1F9BD	1f468-1f3fe-200d-1f9bd.png
1F468 1F3FE 200D 1F9BD 200D 27A1	1f468-1f3fe-200d-1f9bd-200d-27a1.png
1F468 1F3FE 200D 1FAEF 200D 1F468 1F3FB	1f468-1f3fe-200d-1faef-200d-1f468-1f3fb.png
1F468 1F3FE 200D 1FAEF 200D 1F468 1F3FC	1f468-1f3fe-200d-1faef-200d-1f468-1f3fc.png
1F468 1F3FE 200D 1FAEF 200D 1F468 1F3FD	1f468-1f3fe-200d-1faef-200d-1f468-1f3fd.png
1F468 1F3FE 200D 1FAEF 200D 1F468 1F3FF	1f468-1f3fe-200d-1faef-200d-1f468-1f3ff.png
1F468 1F3FE 200D 2695	1f468-1f3fe-200d-2695.png
1F468 1F3FE 200D 2696	1f468-1f3fe-200d-2696.png
1F468 1F3FE 200D 2708	1f468-1f3fe-200d-2708.png
1F468 1F3FE 200D 2764 200D 1F468 1F3FB	1f468-1f3fe-200d-2764-200d-1f468-1f3fb.png
1F468 1F3FE 200D 2764 200D 1F468 1F3FC	1f468-1f3fe-200d-2764-200d-1f468-1f3fc.png
1F468 1F3FE 200D 2764 200D 1F468 1F3FD	1f468-1f3fe-200d-2764-200d-1f468-1f3fd.png
1F468 1F3FE 200D 2764 200D 1F468 1F3FE	1f468-1f3fe-200d-2764-200d-1f468-1f3fe.png
1F468 1F3FE 200D 2764 200D 1F468 1F3FF	1f468-1f3fe-200d-2764-200d-1f468-1f3ff.png
1F468 1F3FE 200D 2764 200D 1F48B 200D 1F468 1F3FB	1f468-1f3fe-200d-2764-200d-1f48b-200d-1f468-1f3fb.png
1F468 1F3FE 200D 2764 200D 1F48B 200D 1F468 1F3FC	1f468-1f3fe-200d-2764-200d-1f48b-200d-1f468-1f3fc.png
1F468 1F3FE 200D 2764 200D 1F48B 200D 1F468 1F3FD	1f468-1f3fe-200d-2764-200d-1f48b-200d-1f468-1f3fd.png
1F468 1F3FE 200D 2764 200D 1F48B 200D 1F468 1F3FE	1f468-1f3fe-200d-2764-200d-1f48b-200d-1f468-1f3fe.png
1F468 1F3FE 200D 2764 200D 1F48B 200D 1F468 1F3FF	1f468-1f3fe-200d-2764-200d-1f48b-200d-1f468-1f3ff.png
1F468 1F3FF	1f468-1f3ff.png
1F468 1F3FF 200D 1F33E	1f468-1f3ff-200d-1f33e.png
1F468 1F3FF 200D 1F373	1f468-1f3ff-200d-1f373.png
1F468 1F3FF 200D 1F37C	1f468-1f3ff-200d-1f37c.png
1F468 1F3FF 200D 1F393	1f468-1f3ff-200d-1f393.png
1F468 1F3FF 200D 1F3A4	1f468-1f3ff-200d-1f3a4.png
1F468 1F3FF 200D 1F3A8	1f468-1f3ff-200d-1f3a8.png
1F468 1F3FF 200D 1F3EB	1f468-1f3ff-200d-1f3eb.png
1F468 1F3FF 200D 1F3ED	1f468-1f3ff-200d-1f3ed.png
1F468 1F3FF 200D 1F430 200D 1F468 1F3FB	1f468-1f3ff-200d-1f430-200d-1f468-1f3fb.png
1F468 1F3FF 200D 1F430 200D 1F468 1F3FC	1f468-1f3ff-200d-1f430-200d-1f468-1f3fc.png
1F468 1F3FF 200D 1F430 200D 1F468 1F3FD	1f468-1f3ff-200d-1f430-200d-1f468-1f3fd.png
1F468 1F3FF 200D 1F430 200D 1F468 1F3FE	1f468-1f3ff-200d-1f430-200d-1f468-1f3fe.png
1F468 1F3FF 200D 1F4BB	1f468-1f3ff-200d-1f4bb.png
1F468 1F3FF 200D 1F4BC	1f468-1f3ff-200d-1f4bc.png
1F468 1F3FF 200D 1F527	1f468-1f3ff-200d-1f527.png
1F468 1F3FF 200D 1F52C	1f468-1f3ff-200d-1f52c.png
1F468 1F3FF 200D 1F680	1f468-1f3ff-200d-1f680.png
1F468 1F3FF 200D 1F692	1f468-1f3ff-200d-1f692.png
1F468 1F3FF 200D 1F91D 200D 1F468 1F3FB	1f468-1f3ff-200d-1f91d-200d-1f468-1f3fb.png
1F468 1F3FF 200D 1F91D 200D 1F468 1F3FC	1f468-1f3ff-200d-1f91d-200d-1f468-1f3fc.png
1F468 1F3FF 200D 1F91D 200D 1F468 1F3FD	1f468-1f3ff-200d-1f91d-200d-1f468-1f3fd.png
1F468 1F3FF 200D 1F91D 200D 1F468 1F3FE	1f468-1f3ff-200d-1f91d-200d-1f468-1f3fe.png
1F468 1F3FF 200D 1F9AF	1f468-1f3ff-200d-1f9af.png
1F468 1F3FF 200D 1F9AF 200D 27A1	1f468-1f3ff-200d-1f9af-200d-27a1.png
1F468 1F3FF 200D 1F9B0	1f468-1f3ff-200d-1f9b0.png
1F468 1F3FF 200D 1F9B1	1f468-1f3ff-200d-1f9b1.png
1F468 1F3FF 200D 1F9B2	1f468-1f3ff-200d-1f9b2.png
1F468 1F3FF 200D 1F9B3	1f468-1f3ff-200d-1f9b3.png
1F468 1F3FF 200D 1F9BC	1f468-1f3ff-200d-1f9bc.png
1F468 1F3FF 200D 1F9BC 200D 27A1	1f468-1f3ff-200d-1f9bc-200d-27a1.png
1F468 1F3FF 200D 1F9BD	1f468-1f3ff-200d-1f9bd.png
1F468 1F3FF 200D 1F9BD 200D 27A1	1f468-1f3ff-200d-1f9bd-200d-27a1.png
1F468 1F3FF 200D 1FAEF 200D 1F468 1F3FB	1f468-1f3ff-200d-1faef-200d-1f468-1f3fb.png
1F468 1F3FF 200D 1FAEF 200D 1F468 1F3FC	1f468-1f3ff-200d-1faef-200d-1f468-1f3fc.png
1F468 1F3FF 200D 1FAEF 200D 1F468 1F3FD	1f468-1f3ff-200d-1faef-200d-1f468-1f3fd.png
1F468 1F3FF 200D 1FAEF 200D 1F468 1F3FE	1f468-1f3ff-200d-1faef-200d-1f468-1f3fe.png
1F468 1F3FF 200D 2695	1f468-1f3ff-200d-2695.png
1F468 1F3FF 200D 2696	1f468-1f3ff-200d-2696.png
1F468 1F3FF 200D 2708	1f468-1f3ff-200d-2708.png
1F468 1F3FF 200D 2764 200D 1F468 1F3FB	1f468-1f3ff-200d-2764-200d-1f468-1f3fb.png
1F468 1F3FF 200D 2764 200D 1F468 1F3FC	1f468-1f3ff-200d-2764-200d-1f468-1f3fc.png
1F468 1F3FF 200D 2764 200D 1F468 1F3FD	1f468-1f3ff-200d-2764-200d-1f468-1f3fd.png
1F468 1F3FF 200D 2764 200D 1F468 1F3FE	1f468-1f3ff-200d-2764-200d-1f468-1f3fe.png
1F468 1F3FF 200D 2764 200D 1F468 1F3FF	1f468-1f3ff-200d-2764-200d-1f468-1f3ff.png
1F468 1F3FF 200D 2764 200D 1F48B 200D 1F468 1F3FB	1f468-1f3ff-200d-2764-200d-1f48b-200d-1f468-1f3fb.png
1F468 1F3FF 200D 2764 200D 1F48B 200D 1F468 1F3FC	1f468-1f3ff-200d-2764-200d-1f48b-200d-1f468-1f3fc.png
1F468 1F3FF 200D 2764 200D 1F48B 200D 1F468 1F3FD	1f468-1f3ff-200d-2764-200d-1f48b-200d-1f468-1f3fd.png
1F468 1F3FF 200D 2764 200D 1F48B 200D 1F468 1F3FE	1f468-1f3ff-200d-2764-200d-1f48b-200d-1f468-1f3fe.png
1F468 1F3FF 200D 2764 200D 1F48B 200D 1F468 1F3FF	1f468-1f3ff-200d-2764-200d-1f48b-200d-1f468-1f3ff.png
1F468 200D 1F33E	1f468-200d-1f33e.png
1F468 200D 1F373	1f468-200d-1f373.png
1F468 200D 1F37C	1f468-200d-1f37c.png
1F468 200D 1F393	1f468-200d-1f393.png
1F468 200D 1F3A4	1f468-200d-1f3a4.png
1F468 200D 1F3A8	1f468-200d-1f3a8.png
1F468 200D 1F3EB	1f468-200d-1f3eb.png
1F468 200D 1F3ED	1f468-200d-1f3ed.png
1F468 200D 1F466	1f468-200d-1f466.png
1F468 200D 1F466 200D 1F466	1f468-200d-1f466-200d-1f466.png
1F468 200D 1F467	1f468-200d-1f467.png
1F468 200D 1F467 200D 1F466	1f468-200d-1f467-200d-1f466.png
1F468 200D 1F467 200D 1F467	1f468-200d-1f467-200d-1f467.png
1F468 200D 1F468 200D 1F466	1f468-200d-1f468-200d-1f466.png
1F468 200D 1F468 200D 1F466 200D 1F466	1f468-200d-1f468-200d-1f466-200d-1f466.png
1F468 200D 1F468 200D 1F467	1f468-200d-1f468-200d-1f467.png
1F468 200D 1F468 200D 1F467 200D 1F466	1f468-200d-1f468-200d-1f467-200d-1f466.png
1F468 200D 1F468 200D 1F467 200D 1F467	1f468-200d-1f468-200d-1f467-200d-1f467.png
1F468 200D 1F469 200D 1F466	1f468-200d-1f469-200d-1f466.png
1F468 200D 1F469 200D 1F466 200D 1F466	1f468-200d-1f469-200d-1f466-200d-1f466.png
1F468 200D 1F469 200D 1F467	1f468-200d-1f469-200d-1f467.png
1F468 200D 1F469 200D 1F467 200D 1F466	1f468-200d-1f469-200d-1f467-200d-1f466.png
1F468 200D 1F469 200D 1F467 200D 1F467	1f468-200d-1f469-200d-1f467-200d-1f467.png
1F468 200D 1F4BB	1f468-200d-1f4bb.png
1F468 200D 1F4BC	1f468-200d-1f4bc.png
1F468 200D 1F527	1f468-200d-1f527.png
1F468 200D 1F52C	1f468-200d-1f52c.png
1F468 200D 1F680	1f468-200d-1f680.png
1F468 200D 1F692	1f468-200d-1f692.png
1F468 200D 1F9AF	1f468-200d-1f9af.png
1F468 200D 1F9AF 200D 27A1	1f468-200d-1f9af-200d-27a1.png
1F468 200D 1F9B0	1f468-200d-1f9b0.png
1F468 200D 1F9B1	1f468-200d-1f9b1.png
1F468 200D 1F9B2	1f468-200d-1f9b2.png
1F468 200D 1F9B3	1f468-200d-1f9b3.png
1F468 200D 1F9BC	1f468-200d-1f9bc.png
1F468 200D 1F9BC 200D 27A1	1f468-200d-1f9bc-200d-27a1.png
1F468 200D 1F9BD	1f468-200d-1f9bd.png
1F468 200D 1F9BD 200D 27A1	1f468-200d-1f9bd-200d-27a1.png
1F468 200D 2695	1f468-200d-2695.png
1F468 200D 2696	1f468-200d-2696.png
1F468 200D 2708	1f468-200d-2708.png
1F468 200D 2764 200D 1F468	1f468-200d-2764-200d-1f468.png
1F468 200D 2764 200D 1F48B 200D 1F468	1f468-200d-2764-200d-1f48b-200d-1f468.png
1F469	1f469.png
1F469 1F3FB	1f469-1f3fb.png
1F469 1F3FB 200D 1F33E	1f469-1f3fb-200d-1f33e.png
1F469 1F3FB 200D 1F373	1f469-1f3fb-200d-1f373.png
1F469 1F3FB 200D 1F37C	1f469-1f3fb-200d-1f37c.png
1F469 1F3FB 200D 1F393	1f469-1f3fb-200d-1f393.png
1F469 1F3FB 200D 1F3A4	1f469-1f3fb-200d-1f3a4.png
1F469 1F3FB 200D 1F3A8	1f469-1f3fb-200d-1f3a8.png
1F469 1F3FB 200D 1F3EB	1f469-1f3fb-200d-1f3eb.png
1F469 1F3FB 200D 1F3ED	1f469-1f3fb-200d-1f3ed.png
1F469 1F3FB 200D 1F430 200D 1F469 1F3FC	1f469-1f3fb-200d-1f430-200d-1f469-1f3fc.png
1F469 1F3FB 200D 1F430 200D 1F469 1F3FD	1f469-1f3fb-200d-1f430-200d-1f469-1f3fd.png
1F469 1F3FB 200D 1F430 200D 1F469 1F3FE	1f469-1f3fb-200d-1f430-200d-1f469-1f3fe.png
1F469 1F3FB 200D 1F430 200D 1F469 1F3FF	1f469-1f3fb-200d-1f430-200d-1f469-1f3ff.png
1F469 1F3FB 200D 1F4BB	1f469-1f3fb-200d-1f4bb.png
1F469 1F3FB 200D 1F4BC	1f469-1f3fb-200d-1f4bc.png
1F469 1F3FB 200D 1F527	1f469-1f3fb-200d-1f527.png
1F469 1F3FB 200D 1F52C	1f469-1f3fb-200d-1f52c.png
1F469 1F3FB 200D 1F680	1f469-1f3fb-200d-1f680.png
1F469 1F3FB 200D 1F692	1f469-1f3fb-200d-1f692.png
1F469 1F3FB 200D 1F91D 200D 1F468 1F3FC	1f469-1f3fb-200d-1f91d-200d-1f468-1f3fc.png
1F469 1F3FB 200D 1F91D 200D 1F468 1F3FD	1f469-1f3fb-200d-1f91d-200d-1f468-1f3fd.png
1F469 1F3FB 200D 1F91D 200D 1F468 1F3FE	1f469-1f3fb-200d-1f91d-200d-1f468-1f3fe.png
1F469 1F3FB 200D 1F91D 200D 1F468 1F3FF	1f469-1f3fb-200d-1f91d-200d-1f468-1f3ff.png
1F469 1F3FB 200D 1F91D 200D 1F469 1F3FC	1f469-1f3fb-200d-1f91d-200d-1f469-1f3fc.png
1F469 1F3FB 200D 1F91D 200D 1F469 1F3FD	1f469-1f3fb-200d-1f91d-200d-1f469-1f3fd.png
1F469 1F3FB 200D 1F91D 200D 1F469 1F3FE	1f469-1f3fb-200d-1f91d-200d-1f469-1f3fe.png
1F469 1F3FB 200D 1F91D 200D 1F469 1F3FF	1f469-1f3fb-200d-1f91d-200d-1f469-1f3ff.png
1F469 1F3FB 200D 1F9AF	1f469-1f3fb-200d-1f9af.png
1F469 1F3FB 200D 1F9AF 200D 27A1	1f469-1f3fb-200d-1f9af-200d-27a1.png
1F469 1F3FB 200D 1F9B0	1f469-1f3fb-200d-1f9b0.png
1F469 1F3FB 200D 1F9B1	1f469-1f3fb-200d-1f9b1.png
1F469 1F3FB 200D 1F9B2	1f469-1f3fb-200d-1f9b2.png
1F469 1F3FB 200D 1F9B3	1f469-1f3fb-200d-1f9b3.png
1F469 1F3FB 200D 1F9BC	1f469-1f3fb-200d-1f9bc.png
1F469 1F3FB 200D 1F9BC 200D 27A1	1f469-1f3fb-200d-1f9bc-200d-27a1.png
1F469 1F3FB 200D 1F9BD	1f469-1f3fb-200d-1f9bd.png
1F469 1F3FB 200D 1F9BD 200D 27A1	1f469-1f3fb-200d-1f9bd-200d-27a1.png
1F469 1F3FB 200D 1FAEF 200D 1F469 1F3FC	1f469-1f3fb-200d-1faef-200d-1f469-1f3fc.png
1F469 1F3FB 200D 1FAEF 200D 1F469 1F3FD	1f469-1f3fb-200d-1faef-200d-1f469-1f3fd.png
1F469 1F3FB 200D 1FAEF 200D 1F469 1F3FE	1f469-1f3fb-200d-1faef-200d-1f469-1f3fe.png
1F469 1F3FB 200D 1FAEF 200D 1F469 1F3FF	1f469-1f3fb-200d-1faef-200d-1f469-1f3ff.png
1F469 1F3FB 200D 2695	1f469-1f3fb-200d-2695.png
1F469 1F3FB 200D 2696	1f469-1f3fb-200d-2696.png
1F469 1F3FB 200D 2708	1f469-1f3fb-200d-2708.png
1F469 1F3FB 200D 2764 200D 1F468 1F3FB	1f469-1f3fb-200d-2764-200d-1f468-1f3fb.png
1F469 1F3FB 200D 2764 200D 1F468 1F3FC	1f469-1f3fb-200d-2764-200d-1f468-1f3fc.png
1F469 1F3FB 200D 2764 200D 1F468 1F3FD	1f469-1f3fb-200d-2764-200d-1f468-1f3fd.png
1F469 1F3FB 200D 2764 200D 1F468 1F3FE	1f469-1f3fb-200d-2764-200d-1f468-1f3fe.png
1F469 1F3FB 200D 2764 200D 1F468 1F3FF	1f469-1f3fb-200d-2764-200d-1f468-1f3ff.png
1F469 1F3FB 200D 2764 200D 1F469 1F3FB	1f469-1f3fb-200d-2764-200d-1f469-1f3fb.png
1F469 1F3FB 200D 2764 200D 1F469 1F3FC	1f469-1f3fb-200d-2764-200d-1f469-1f3fc.png
1F469 1F3FB 200D 2764 200D 1F469 1F3FD	1f469-1f3fb-200d-2764-200d-1f469-1f3fd.png
1F469 1F3FB 200D 2764 200D 1F469 1F3FE	1f469-1f3fb-200d-2764-200d-1f469-1f3fe.png
1F469 1F3FB 200D 2764 200D 1F469 1F3FF	1f469-1f3fb-200d-2764-200d-1f469-1f3ff.png
1F469 1F3FB 200D 2764 200D 1F48B 200D 1F468 1F3FB	1f469-1f3fb-200d-2764-200d-1f48b-200d-1f468-1f3fb.png
1F469 1F3FB 200D 2764 200D 1F48B 200D 1F468 1F3FC	1f469-1f3fb-200d-2764-200d-1f48b-200d-1f468-1f3fc.png
1F469 1F3FB 200D 2764 200D 1F48B 200D 1F468 1F3FD	1f469-1f3fb-200d-2764-200d-1f48b-200d-1f468-1f3fd.png
1F469 1F3FB 200D 2764 200D 1F48B 200D 1F468 1F3FE	1f469-1f3fb-200d-2764-200d-1f48b-200d-1f468-1f3fe.png
1F469 1F3FB 200D 2764 200D 1F48B 200D 1F468 1F3FF	1f469-1f3fb-200d-2764-200d-1f48b-200d-1f468-1f3ff.png
1F469 1F3FB 200D 2764 200D 1F48B 200D 1F469 1F3FB	1f469-1f3fb-200d-2764-200d-1f48b-200d-1f469-1f3fb.png
1F469 1F3FB 200D 2764 200D 1F48B 200D 1F469 1F3FC	1f469-1f3fb-200d-2764-200d-1f48b-200d-1f469-1f3fc.png
1F469 1F3FB 200D 2764 200D 1F48B 200D 1F469 1F3FD	1f469-1f3fb-200d-2764-200d-1f48b-200d-1f469-1f3fd.png
1F469 1F3FB 200D 2764 200D 1F48B 200D 1F469 1F3FE	1f469-1f3fb-200d-2764-200d-1f48b-200d-1f469-1f3fe.png
1F469 1F3FB 200D 2764 200D 1F48B 200D 1F469 1F3FF	1f469-1f3fb-200d-2764-200d-1f48b-200d-1f469-1f3ff.png
1F469 1F3FC	1f469-1f3fc.png
1F469 1F3FC 200D 1F33E	1f469-1f3fc-200d-1f33e.png
1F469 1F3FC 200D 1F373	1f469-1f3fc-200d-1f373.png
1F469 1F3FC 200D 1F37C	1f469-1f3fc-200d-1f37c.png
1F469 1F3FC 200D 1F393	1f469-1f3fc-200d-1f393.png
1F469 1F3FC 200D 1F3A4	1f469-1f3fc-200d-1f3a4.png
1F469 1F3FC 200D 1F3A8	1f469-1f3fc-200d-1f3a8.png
1F469 1F3FC 200D 1F3EB	1f469-1f3fc-200d-1f3eb.png
1F469 1F3FC 200D 1F3ED	1f469-1f3fc-200d-1f3ed.png
1F469 1F3FC 200D 1F430 200D 1F469 1F3FB	1f469-1f3fc-200d-1f430-200d-1f469-1f3fb.png
1F469 1F3FC 200D 1F430 200D 1F469 1F3FD	1f469-1f3fc-200d-1f430-200d-1f469-1f3fd.png
1F469 1F3FC 200D 1F430 200D 1F469 1F3FE	1f469-1f3fc-200d-1f430-200d-1f469-1f3fe.png
1F469 1F3FC 200D 1F430 200D 1F469 1F3FF	1f469-1f3fc-200d-1f430-200d-1f469-1f3ff.png
1F469 1F3FC 200D 1F4BB	1f469-1f3fc-200d-1f4bb.png
1F469 1F3FC 200D 1F4BC	1f469-1f3fc-200d-1f4bc.png
1F469 1F3FC 200D 1F527	1f469-1f3fc-200d-1f527.png
1F469 1F3FC 200D 1F52C	1f469-1f3fc-200d-1f52c.png
1F469 1F3FC 200D 1F680	1f469-1f3fc-200d-1f680.png
1F469 1F3FC 200D 1F692	1f469-1f3fc-200d-1f692.png
1F469 1F3FC 200D 1F91D 200D 1F468 1F3FB	1f469-1f3fc-200d-1f91d-200d-1f468-1f3fb.png
1F469 1F3FC 200D 1F91D 200D 1F468 1F3FD	1f469-1f3fc-200d-1f91d-200d-1f468-1f3fd.png
1F469 1F3FC 200D 1F91D 200D 1F468 1F3FE	1f469-1f3fc-200d-1f91d-200d-1f468-1f3fe.png
1F469 1F3FC 200D 1F91D 200D 1F468 1F3FF	1f469-1f3fc-200d-1f91d-200d-1f468-1f3ff.png
1F469 1F3FC 200D 1F91D 200D 1F469 1F3FB	1f469-1f3fc-200d-1f91d-200d-1f469-1f3fb.png
1F469 1F3FC 200D 1F91D 200D 1F469 1F3FD	1f469-1f3fc-200d-1f91d-200d-1f469-1f3fd.png
1F469 1F3FC 200D 1F91D 200D 1F469 1F3FE	1f469-1f3fc-200d-1f91d-200d-1f469-1f3fe.png
1F469 1F3FC 200D 1F91D 200D 1F469 1F3FF	1f469-1f3fc-200d-1f91d-200d-1f469-1f3ff.png
1F469 1F3FC 200D 1F9AF	1f469-1f3fc-200d-1f9af.png
1F469 1F3FC 200D 1F9AF 200D 27A1	1f469-1f3fc-200d-1f9af-200d-27a1.png
1F469 1F3FC 200D 1F9B0	1f469-1f3fc-200d-1f9b0.png
1F469 1F3FC 200D 1F9B1	1f469-1f3fc-200d-1f9b1.png
1F469 1F3FC 200D 1F9B2	1f469-1f3fc-200d-1f9b2.png
1F469 1F3FC 200D 1F9B3	1f469-1f3fc-200d-1f9b3.png
1F469 1F3FC 200D 1F9BC	1f469-1f3fc-200d-1f9bc.png
1F469 1F3FC 200D 1F9BC 200D 27A1	1f469-1f3fc-200d-1f9bc-200d-27a1.png
1F469 1F3FC 200D 1F9BD	1f469-1f3fc-200d-1f9bd.png
1F469 1F3FC 200D 1F9BD 200D 27A1	1f469-1f3fc-200d-1f9bd-200d-27a1.png
1F469 1F3FC 200D 1FAEF 200D 1F469 1F3FB	1f469-1f3fc-200d-1faef-200d-1f469-1f3fb.png
1F469 1F3FC 200D 1FAEF 200D 1F469 1F3FD	1f469-1f3fc-200d-1faef-200d-1f469-1f3fd.png
1F469 1F3FC 200D 1FAEF 200D 1F469 1F3FE	1f469-1f3fc-200d-1faef-200d-1f469-1f3fe.png
1F469 1F3FC 200D 1FAEF 200D 1F469 1F3FF	1f469-1f3fc-200d-1faef-200d-1f469-1f3ff.png
1F469 1F3FC 200D 2695	1f469-1f3fc-200d-2695.png
1F469 1F3FC 200D 2696	1f469-1f3fc-200d-2696.png
1F469 1F3FC 200D 2708	1f469-1f3fc-200d-2708.png
1F469 1F3FC 200D 2764 200D 1F468 1F3FB	1f469-1f3fc-200d-2764-200d-1f468-1f3fb.png
1F469 1F3FC 200D 2764 200D 1F468 1F3FC	1f469-1f3fc-200d-2764-200d-1f468-1f3fc.png
1F469 1F3FC 200D 2764 200D 1F468 1F3FD	1f469-1f3fc-200d-2764-200d-1f468-1f3fd.png
1F469 1F3FC 200D 2764 200D 1F468 1F3FE	1f469-1f3fc-200d-2764-200d-1f468-1f3fe.png
1F469 1F3FC 200D 2764 200D 1F468 1F3FF	1f469-1f3fc-200d-2764-200d-1f468-1f3ff.png
1F469 1F3FC 200D 2764 200D 1F469 1F3FB	1f469-1f3fc-200d-2764-200d-1f469-1f3fb.png
1F469 1F3FC 200D 2764 200D 1F469 1F3FC	1f469-1f3fc-200d-2764-200d-1f469-1f3fc.png
1F469 1F3FC 200D 2764 200D 1F469 1F3FD	1f469-1f3fc-200d-2764-200d-1f469-1f3fd.png
1F469 1F3FC 200D 2764 200D 1F469 1F3FE	1f469-1f3fc-200d-2764-200d-1f469-1f3fe.png
1F469 1F3FC 200D 2764 200D 1F469 1F3FF	1f469-1f3fc-200d-2764-200d-1f469-1f3ff.png
1F469 1F3FC 200D 2764 200D 1F48B 200D 1F468 1F3FB	1f469-1f3fc-200d-2764-200d-1f48b-200d-1f468-1f3fb.png
1F469 1F3FC 200D 2764 200D 1F48B 200D 1F468 1F3FC	1f469-1f3fc-200d-2764-200d-1f48b-200d-1f468-1f3fc.png
1F469 1F3FC 200D 2764 200D 1F48B 200D 1F468 1F3FD	1f469-1f3fc-200d-2764-200d-1f48b-200d-1f468-1f3fd.png
1F469 1F3FC 200D 2764 200D 1F48B 200D 1F468 1F3FE	1f469-1f3fc-200d-2764-200d-1f48b-200d-1f468-1f3fe.png
1F469 1F3FC 200D 2764 200D 1F48B 200D 1F468 1F3FF	1f469-1f3fc-200d-2764-200d-1f48b-200d-1f468-1f3ff.png
1F469 1F3FC 200D 2764 200D 1F48B 200D 1F469 1F3FB	1f469-1f3fc-200d-2764-200d-1f48b-200d-1f469-1f3fb.png
1F469 1F3FC 200D 2764 200D 1F48B 200D 1F469 1F3FC	1f469-1f3fc-200d-2764-200d-1f48b-200d-1f469-1f3fc.png
1F469 1F3FC 200D 2764 200D 1F48B 200D 1F469 1F3FD	1f469-1f3fc-200d-2764-200d-1f48b-200d-1f469-1f3fd.png
1F469 1F3FC 200D 2764 200D 1F48B 200D 1F469 1F3FE	1f469-1f3fc-200d-2764-200d-1f48b-200d-1f469-1f3fe.png
1F469 1F3FC 200D 2764 200D 1F48B 200D 1F469 1F3FF	1f469-1f3fc-200d-2764-200d-1f48b-200d-1f469-1f3ff.png
1F469 1F3FD	1f469-1f3fd.png
1F469 1F3FD 200D 1F33E	1f469-1f3fd-200d-1f33e.png
1F469 1F3FD 200D 1F373	1f469-1f3fd-200d-1f373.png
1F469 1F3FD 200D 1F37C	1f469-1f3fd-200d-1f37c.png
1F469 1F3FD 200D 1F393	1f469-1f3fd-200d-1f393.png
1F469 1F3FD 200D 1F3A4	1f469-1f3fd-200d-1f3a4.png
1F469 1F3FD 200D 1F3A8	1f469-1f3fd-200d-1f3a8.png
1F469 1F3FD 200D 1F3EB	1f469-1f3fd-200d-1f3eb.png
1F469 1F3FD 200D 1F3ED	1f469-1f3fd-200d-1f3ed.png
1F469 1F3FD 200D 1F430 200D 1F469 1F3FB	1f469-1f3fd-200d-1f430-200d-1f469-1f3fb.png
1F469 1F3FD 200D 1F430 200D 1F469 1F3FC	1f469-1f3fd-200d-1f430-200d-1f469-1f3fc.png
1F469 1F3FD 200D 1F430 200D 1F469 1F3FE	1f469-1f3fd-200d-1f430-200d-1f469-1f3fe.png
1F469 1F3FD 200D 1F430 200D 1F469 1F3FF	1f469-1f3fd-200d-1f430-200d-1f469-1f3ff.png
1F469 1F3FD 200D 1F4BB	1f469-1f3fd-200d-1f4bb.png
1F469 1F3FD 200D 1F4BC	1f469-1f3fd-200d-1f4bc.png
1F469 1F3FD 200D 1F527	1f469-1f3fd-200d-1f527.png
1F469 1F3FD 200D 1F52C	1f469-1f3fd-200d-1f52c.png
1F469 1F3FD 200D 1F680	1f469-1f3fd-200d-1f680.png
1F469 1F3FD 200D 1F692	1f469-1f3fd-200d-1f692.png
1F469 1F3FD 200D 1F91D 200D 1F468 1F3FB	1f469-1f3fd-200d-1f91d-200d-1f468-1f3fb.png
1F469 1F3FD 200D 1F91D 200D 1F468 1F3FC	1f469-1f3fd-200d-1f91d-200d-1f468-1f3fc.png
1F469 1F3FD 200D 1F91D 200D 1F468 1F3FE	1f469-1f3fd-200d-1f91d-200d-1f468-1f3fe.png
1F469 1F3FD 200D 1F91D 200D 1F468 1F3FF	1f469-1f3fd-200d-1f91d-200d-1f468-1f3ff.png
1F469 1F3FD 200D 1F91D 200D 1F469 1F3FB	1f469-1f3fd-200d-1f91d-200d-1f469-1f3fb.png
1F469 1F3FD 200D 1F91D 200D 1F469 1F3FC	1f469-1f3fd-200d-1f91d-200d-1f469-1f3fc.png
1F469 1F3FD 200D 1F91D 200D 1F469 1F3FE	1f469-1f3fd-200d-1f91d-200d-1f469-1f3fe.png
1F469 1F3FD 200D 1F91D 200D 1F469 1F3FF	1f469-1f3fd-200d-1f91d-200d-1f469-1f3ff.png
1F469 1F3FD 200D 1F9AF	1f469-1f3fd-200d-1f9af.png
1F469 1F3FD 200D 1F9AF 200D 27A1	1f469-1f3fd-200d-1f9af-200d-27a1.png
1F469 1F3FD 200D 1F9B0	1f469-1f3fd-200d-1f9b0.png
1F469 1F3FD 200D 1F9B1	1f469-1f3fd-200d-1f9b1.png
1F469 1F3FD 200D 1F9B2	1f469-1f3fd-200d-1f9b2.png
1F469 1F3FD 200D 1F9B3	1f469-1f3fd-200d-1f9b3.png
1F469 1F3FD 200D 1F9BC	1f469-1f3fd-200d-1f9bc.png
1F469 1F3FD 200D 1F9BC 200D 27A1	1f469-1f3fd-200d-1f9bc-200d-27a1.png
1F469 1F3FD 200D 1F9BD	1f469-1f3fd-200d-1f9bd.png
1F469 1F3FD 200D 1F9BD 200D 27A1	1f469-1f3fd-200d-1f9bd-200d-27a1.png
1F469 1F3FD 200D 1FAEF 200D 1F469 1F3FB	1f469-1f3fd-200d-1faef-200d-1f469-1f3fb.png
1F469 1F3FD 200D 1FAEF 200D 1F469 1F3FC	1f469-1f3fd-200d-1faef-200d-1f469-1f3fc.png
1F469 1F3FD 200D 1FAEF 200D 1F469 1F3FE	1f469-1f3fd-200d-1faef-200d-1f469-1f3fe.png
1F469 1F3FD 200D 1FAEF 200D 1F469 1F3FF	1f469-1f3fd-200d-1faef-200d-1f469-1f3ff.png
1F469 1F3FD 200D 2695	1f469-1f3fd-200d-2695.png
1F469 1F3FD 200D 2696	1f469-1f3fd-200d-2696.png
1F469 1F3FD 200D 2708	1f469-1f3fd-200d-2708.png
1F469 1F3FD 200D 2764 200D 1F468 1F3FB	1f469-1f3fd-200d-2764-200d-1f468-1f3fb.png
1F469 1F3FD 200D 2764 200D 1F468 1F3FC	1f469-1f3fd-200d-2764-200d-1f468-1f3fc.png
1F469 1F3FD 200D 2764 200D 1F468 1F3FD	1f469-1f3fd-200d-2764-200d-1f468-1f3fd.png
1F469 1F3FD 200D 2764 200D 1F468 1F3FE	1f469-1f3fd-200d-2764-200d-1f468-1f3fe.png
1F469 1F3FD 200D 2764 200D 1F468 1F3FF	1f469-1f3fd-200d-2764-200d-1f468-1f3ff.png
1F469 1F3FD 200D 2764 200D 1F469 1F3FB	1f469-1f3fd-200d-2764-200d-1f469-1f3fb.png
1F469 1F3FD 200D 2764 200D 1F469 1F3FC	1f469-1f3fd-200d-2764-200d-1f469-1f3fc.png
1F469 1F3FD 200D 2764 200D 1F469 1F3FD	1f469-1f3fd-200d-2764-200d-1f469-1f3fd.png
1F469 1F3FD 200D 2764 200D 1F469 1F3FE	1f469-1f3fd-200d-2764-200d-1f469-1f3fe.png
1F469 1F3FD 200D 2764 200D 1F469 1F3FF	1f469-1f3fd-200d-2764-200d-1f469-1f3ff.png
1F469 1F3FD 200D 2764 200D 1F48B 200D 1F468 1F3FB	1f469-1f3fd-200d-2764-200d-1f48b-200d-1f468-1f3fb.png
1F469 1F3FD 200D 2764 200D 1F48B 200D 1F468 1F3FC	1f469-1f3fd-200d-2764-200d-1f48b-200d-1f468-1f3fc.png
1F469 1F3FD 200D 2764 200D 1F48B 200D 1F468 1F3FD	1f469-1f3fd-200d-2764-200d-1f48b-200d-1f468-1f3fd.png
1F469 1F3FD 200D 2764 200D 1F48B 200D 1F468 1F3FE	1f469-1f3fd-200d-2764-200d-1f48b-200d-1f468-1f3fe.png
1F469 1F3FD 200D 2764 200D 1F48B 200D 1F468 1F3FF	1f469-1f3fd-200d-2764-200d-1f48b-200d-1f468-1f3ff.png
1F469 1F3FD 200D 2764 200D 1F48B 200D 1F469 1F3FB	1f469-1f3fd-200d-2764-200d-1f48b-200d-1f469-1f3fb.png
1F469 1F3FD 200D 2764 200D 1F48B 200D 1F469 1F3FC	1f469-1f3fd-200d-2764-200d-1f48b-200d-1f469-1f3fc.png
1F469 1F3FD 200D 2764 200D 1F48B 200D 1F469 1F3FD	1f469-1f3fd-200d-2764-200d-1f48b-200d-1f469-1f3fd.png
1F469 1F3FD 200D 2764 200D 1F48B 200D 1F469 1F3FE	1f469-1f3fd-200d-2764-200d-1f48b-200d-1f469-1f3fe.png
1F469 1F3FD 200D 2764 200D 1F48B 200D 1F469 1F3FF	1f469-1f3fd-200d-2764-200d-1f48b-200d-1f469-1f3ff.png
1F469 1F3FE	1f469-1f3fe.png
1F469 1F3FE 200D 1F33E	1f469-1f3fe-200d-1f33e.png
1F469 1F3FE 200D 1F373	1f469-1f3fe-200d-1f373.png
1F469 1F3FE 200D 1F37C	1f469-1f3fe-200d-1f37c.png
1F469 1F3FE 200D 1F393	1f469-1f3fe-200d-1f393.png
1F469 1F3FE 200D 1F3A4	1f469-1f3fe-200d-1f3a4.png
1F469 1F3FE 200D 1F3A8	1f469-1f3fe-200d-1f3a8.png
1F469 1F3FE 200D 1F3EB	1f469-1f3fe-200d-1f3eb.png
1F469 1F3FE 200D 1F3ED	1f469-1f3fe-200d-1f3ed.png
1F469 1F3FE 200D 1F430 200D 1F469 1F3FB	1f469-1f3fe-200d-1f430-200d-1f469-1f3fb.png
1F469 1F3FE 200D 1F430 200D 1F469 1F3FC	1f469-1f3fe-200d-1f430-200d-1f469-1f3fc.png
1F469 1F3FE 200D 1F430 200D 1F469 1F3FD	1f469-1f3fe-200d-1f430-200d-1f469-1f3fd.png
1F469 1F3FE 200D 1F430 200D 1F469 1F3FF	1f469-1f3fe-200d-1f430-200d-1f469-1f3ff.png
1F469 1F3FE 200D 1F4BB	1f469-1f3fe-200d-1f4bb.png
1F469 1F3FE 200D 1F4BC	1f469-1f3fe-200d-1f4bc.png
1F469 1F3FE 200D 1F527	1f469-1f3fe-200d-1f527.png
1F469 1F3FE 200D 1F52C	1f469-1f3fe-200d-1f52c.png
1F469 1F3FE 200D 1F680	1f469-1f3fe-200d-1f680.png
1F469 1F3FE 200D 1F692	1f469-1f3fe-200d-1f692.png
1F469 1F3FE 200D 1F91D 200D 1F468 1F3FB	1f469-1f3fe-200d-1f91d-200d-1f468-1f3fb.png
1F469 1F3FE 200D 1F91D 200D 1F468 1F3FC	1f469-1f3fe-200d-1f91d-200d-1f468-1f3fc.png
1F469 1F3FE 200D 1F91D 200D 1F468 1F3FD	1f469-1f3fe-200d-1f91d-200d-1f468-1f3fd.png
1F469 1F3FE 200D 1F91D 200D 1F468 1F3FF	1f469-1f3fe-200d-1f91d-200d-1f468-1f3ff.png
1F469 1F3FE 200D 1F91D 200D 1F469 1F3FB	1f469-1f3fe-200d-1f91d-200d-1f469-1f3fb.png
1F469 1F3FE 200D 1F91D 200D 1F469 1F3FC	1f469-1f3fe-200d-1f91d-200d-1f469-1f3fc.png
1F469 1F3FE 200D 1F91D 200D 1F469 1F3FD	1f469-1f3fe-200d-1f91d-200d-1f469-1f3fd.png
1F469 1F3FE 200D 1F91D 200D 1F469 1F3FF	1f469-1f3fe-200d-1f91d-200d-1f469-1f3ff.png
1F469 1F3FE 200D 1F9AF	1f469-1f3fe-200d-1f9af.png
1F469 1F3FE 200D 1F9AF 200D 27A1	1f469-1f3fe-200d-1f9af-200d-27a1.png
1F469 1F3FE 200D 1F9B0	1f469-1f3fe-200d-1f9b0.png
1F469 1F3FE 200D 1F9B1	1f469-1f3fe-200d-1f9b1.png
1F469 1F3FE 200D 1F9B2	1f469-1f3fe-200d-1f9b2.png
1F469 1F3FE 200D 1F9B3	1f469-1f3fe-200d-1f9b3.png
1F469 1F3FE 200D 1F9BC	1f469-1f3fe-200d-1f9bc.png
1F469 1F3FE 200D 1F9BC 200D 27A1	1f469-1f3fe-200d-1f9bc-200d-27a1.png
1F469 1F3FE 200D 1F9BD	1f469-1f3fe-200d-1f9bd.png
1F469 1F3FE 200D 1F9BD 200D 27A1	1f469-1f3fe-200d-1f9bd-200d-27a1.png
1F469 1F3FE 200D 1FAEF 200D 1F469 1F3FB	1f469-1f3fe-200d-1faef-200d-1f469-1f3fb.png
1F469 1F3FE 200D 1FAEF 200D 1F469 1F3FC	1f469-1f3fe-200d-1faef-200d-1f469-1f3fc.png
1F469 1F3FE 200D 1FAEF 200D 1F469 1F3FD	1f469-1f3fe-200d-1faef-200d-1f469-1f3fd.png
1F469 1F3FE 200D 1FAEF 200D 1F469 1F3FF	1f469-1f3fe-200d-1faef-200d-1f469-1f3ff.png
1F469 1F3FE 200D 2695	1f469-1f3fe-200d-2695.png
1F469 1F3FE 200D 2696	1f469-1f3fe-200d-2696.png
1F469 1F3FE 200D 2708	1f469-1f3fe-200d-2708.png
1F469 1F3FE 200D 2764 200D 1F468 1F3FB	1f469-1f3fe-200d-2764-200d-1f468-1f3fb.png
1F469 1F3FE 200D 2764 200D 1F468 1F3FC	1f469-1f3fe-200d-2764-200d-1f468-1f3fc.png
1F469 1F3FE 200D 2764 200D 1F468 1F3FD	1f469-1f3fe-200d-2764-200d-1f468-1f3fd.png
1F469 1F3FE 200D 2764 200D 1F468 1F3FE	1f469-1f3fe-200d-2764-200d-1f468-1f3fe.png
1F469 1F3FE 200D 2764 200D 1F468 1F3FF	1f469-1f3fe-200d-2764-200d-1f468-1f3ff.png
1F469 1F3FE 200D 2764 200D 1F469 1F3FB	1f469-1f3fe-200d-2764-200d-1f469-1f3fb.png
1F469 1F3FE 200D 2764 200D 1F469 1F3FC	1f469-1f3fe-200d-2764-200d-1f469-1f3fc.png
1F469 1F3FE 200D 2764 200D 1F469 1F3FD	1f469-1f3fe-200d-2764-200d-1f469-1f3fd.png
1F469 1F3FE 200D 2764 200D 1F469 1F3FE	1f469-1f3fe-200d-2764-200d-1f469-1f3fe.png
1F469 1F3FE 200D 2764 200D 1F469 1F3FF	1f469-1f3fe-200d-2764-200d-1f469-1f3ff.png
1F469 1F3FE 200D 2764 200D 1F48B 200D 1F468 1F3FB	1f469-1f3fe-200d-2764-200d-1f48b-200d-1f468-1f3fb.png
1F469 1F3FE 200D 2764 200D 1F48B 200D 1F468 1F3FC	1f469-1f3fe-200d-2764-200d-1f48b-200d-1f468-1f3fc.png
1F469 1F3FE 200D 2764 200D 1F48B 200D 1F468 1F3FD	1f469-1f3fe-200d-2764-200d-1f48b-200d-1f468-1f3fd.png
1F469 1F3FE 200D 2764 200D 1F48B 200D 1F468 1F3FE	1f469-1f3fe-200d-2764-200d-1f48b-200d-1f468-1f3fe.png
1F469 1F3FE 200D 2764 200D 1F48B 200D 1F468 1F3FF	1f469-1f3fe-200d-2764-200d-1f48b-200d-1f468-1f3ff.png
1F469 1F3FE 200D 2764 200D 1F48B 200D 1F469 1F3FB	1f469-1f3fe-200d-2764-200d-1f48b-200d-1f469-1f3fb.png
1F469 1F3FE 200D 2764 200D 1F48B 200D 1F469 1F3FC	1f469-1f3fe-200d-2764-200d-1f48b-200d-1f469-1f3fc.png
1F469 1F3FE 200D 2764 200D 1F48B 200D 1F469 1F3FD	1f469-1f3fe-200d-2764-200d-1f48b-200d-1f469-1f3fd.png
1F469 1F3FE 200D 2764 200D 1F48B 200D 1F469 1F3FE	1f469-1f3fe-200d-2764-200d-1f48b-200d-1f469-1f3fe.png
1F469 1F3FE 200D 2764 200D 1F48B 200D 1F469 1F3FF	1f469-1f3fe-200d-2764-200d-1f48b-200d-1f469-1f3ff.png
1F469 1F3FF	1f469-1f3ff.png
1F469 1F3FF 200D 1F33E	1f469-1f3ff-200d-1f33e.png
1F469 1F3FF 200D 1F373	1f469-1f3ff-200d-1f373.png
1F469 1F3FF 200D 1F37C	1f469-1f3ff-200d-1f37c.png
1F469 1F3FF 200D 1F393	1f469-1f3ff-200d-1f393.png
1F469 1F3FF 200D 1F3A4	1f469-1f3ff-200d-1f3a4.png
1F469 1F3FF 200D 1F3A8	1f469-1f3ff-200d-1f3a8.png
1F469 1F3FF 200D 1F3EB	1f469-1f3ff-200d-1f3eb.png
1F469 1F3FF 200D 1F3ED	1f469-1f3ff-200d-1f3ed.png
1F469 1F3FF 200D 1F430 200D 1F469 1F3FB	1f469-1f3ff-200d-1f430-200d-1f469-1f3fb.png
1F469 1F3FF 200D 1F430 200D 1F469 1F3FC	1f469-1f3ff-200d-1f430-200d-1f469-1f3fc.png
1F469 1F3FF 200D 1F430 200D 1F469 1F3FD	1f469-1f3ff-200d-1f430-200d-1f469-1f3fd.png
1F469 1F3FF 200D 1F430 200D 1F469 1F3FE	1f469-1f3ff-200d-1f430-200d-1f469-1f3fe.png
1F469 1F3FF 200D 1F4BB	1f469-1f3ff-200d-1f4bb.png
1F469 1F3FF 200D 1F4BC	1f469-1f3ff-200d-1f4bc.png
1F469 1F3FF 200D 1F527	1f469-1f3ff-200d-1f527.png
1F469 1F3FF 200D 1F52C	1f469-1f3ff-200d-1f52c.png
1F469 1F3FF 200D 1F680	1f469-1f3ff-200d-1f680.png
1F469 1F3FF 200D 1F692	1f469-1f3ff-200d-1f692.png
1F469 1F3FF 200D 1F91D 200D 1F468 1F3FB	1f469-1f3ff-200d-1f91d-200d-1f468-1f3fb.png
1F469 1F3FF 200D 1F91D 200D 1F468 1F3FC	1f469-1f3ff-200d-1f91d-200d-1f468-1f3fc.png
1F469 1F3FF 200D 1F91D 200D 1F468 1F3FD	1f469-1f3ff-200d-1f91d-200d-1f468-1f3fd.png
1F469 1F3FF 200D 1F91D 200D 1F468 1F3FE	1f469-1f3ff-200d-1f91d-200d-1f468-1f3fe.png
1F469 1F3FF 200D 1F91D 200D 1F469 1F3FB	1f469-1f3ff-200d-1f91d-200d-1f469-1f3fb.png
1F469 1F3FF 200D 1F91D 200D 1F469 1F3FC	1f469-1f3ff-200d-1f91d-200d-1f469-1f3fc.png
1F469 1F3FF 200D 1F91D 200D 1F469 1F3FD	1f469-1f3ff-200d-1f91d-200d-1f469-1f3fd.png
1F469 1F3FF 200D 1F91D 200D 1F469 1F3FE	1f469-1f3ff-200d-1f91d-200d-1f469-1f3fe.png
1F469 1F3FF 200D 1F9AF	1f469-1f3ff-200d-1f9af.png
1F469 1F3FF 200D 1F9AF 200D 27A1	1f469-1f3ff-200d-1f9af-200d-27a1.png
1F469 1F3FF 200D 1F9B0	1f469-1f3ff-200d-1f9b0.png
1F469 1F3FF 200D 1F9B1	1f469-1f3ff-200d-1f9b1.png
1F469 1F3FF 200D 1F9B2	1f469-1f3ff-200d-1f9b2.png
1F469 1F3FF 200D 1F9B3	1f469-1f3ff-200d-1f9b3.png
1F469 1F3FF 200D 1F9BC	1f469-1f3ff-200d-1f9bc.png
1F469 1F3FF 200D 1F9BC 200D 27A1	1f469-1f3ff-200d-1f9bc-200d-27a1.png
1F469 1F3FF 200D 1F9BD	1f469-1f3ff-200d-1f9bd.png
1F469 1F3FF 200D 1F9BD 200D 27A1	1f469-1f3ff-200d-1f9bd-200d-27a1.png
1F469 1F3FF 200D 1FAEF 200D 1F469 1F3FB	1f469-1f3ff-200d-1faef-200d-1f469-1f3fb.png
1F469 1F3FF 200D 1FAEF 200D 1F469 1F3FC	1f469-1f3ff-200d-1faef-200d-1f469-1f3fc.png
1F469 1F3FF 200D 1FAEF 200D 1F469 1F3FD	1f469-1f3ff-200d-1faef-200d-1f469-1f3fd.png
1F469 1F3FF 200D 1FAEF 200D 1F469 1F3FE	1f469-1f3ff-200d-1faef-200d-1f469-1f3fe.png
1F469 1F3FF 200D 2695	1f469-1f3ff-200d-2695.png
1F469 1F3FF 200D 2696	1f469-1f3ff-200d-2696.png
1F469 1F3FF 200D 2708	1f469-1f3ff-200d-2708.png
1F469 1F3FF 200D 2764 200D 1F468 1F3FB	1f469-1f3ff-200d-2764-200d-1f468-1f3fb.png
1F469 1F3FF 200D 2764 200D 1F468 1F3FC	1f469-1f3ff-200d-2764-200d-1f468-1f3fc.png
1F469 1F3FF 200D 2764 200D 1F468 1F3FD	1f469-1f3ff-200d-2764-200d-1f468-1f3fd.png
1F469 1F3FF 200D 2764 200D 1F468 1F3FE	1f469-1f3ff-200d-2764-200d-1f468-1f3fe.png
1F469 1F3FF 200D 2764 200D 1F468 1F3FF	1f469-1f3ff-200d-2764-200d-1f468-1f3ff.png
1F469 1F3FF 200D 2764 200D 1F469 1F3FB	1f469-1f3ff-200d-2764-200d-1f469-1f3fb.png
1F469 1F3FF 200D 2764 200D 1F469 1F3FC	1f469-1f3ff-200d-2764-200d-1f469-1f3fc.png
1F469 1F3FF 200D 2764 200D 1F469 1F3FD	1f469-1f3ff-200d-2764-200d-1f469-1f3fd.png
1F469 1F3FF 200D 2764 200D 1F469 1F3FE	1f469-1f3ff-200d-2764-200d-1f469-1f3fe.png
1F469 1F3FF 200D 2764 200D 1F469 1F3FF	1f469-1f3ff-200d-2764-200d-1f469-1f3ff.png
1F469 1F3FF 200D 2764 200D 1F48B 200D 1F468 1F3FB	1f469-1f3ff-200d-2764-200d-1f48b-200d-1f468-1f3fb.png
1F469 1F3FF 200D 2764 200D 1F48B 200D 1F468 1F3FC	1f469-1f3ff-200d-2764-200d-1f48b-200d-1f468-1f3fc.png
1F469 1F3FF 200D 2764 200D 1F48B 200D 1F468 1F3FD	1f469-1f3ff-200d-2764-200d-1f48b-200d-1f468-1f3fd.png
1F469 1F3FF 200D 2764 200D 1F48B 200D 1F468 1F3FE	1f469-1f3ff-200d-2764-200d-1f48b-200d-1f468-1f3fe.png
1F469 1F3FF 200D 2764 200D 1F48B 200D 1F468 1F3FF	1f469-1f3ff-200d-2764-200d-1f48b-200d-1f468-1f3ff.png
1F469 1F3FF 200D 2764 200D 1F48B 200D 1F469 1F3FB	1f469-1f3ff-200d-2764-200d-1f48b-200d-1f469-1f3fb.png
1F469 1F3FF 200D 2764 200D 1F48B 200D 1F469 1F3FC	1f469-1f3ff-200d-2764-200d-1f48b-200d-1f469-1f3fc.png
1F469 1F3FF 200D 2764 200D 1F48B 200D 1F469 1F3FD	1f469-1f3ff-200d-2764-200d-1f48b-200d-1f469-1f3fd.png
1F469 1F3FF 200D 2764 200D 1F48B 200D 1F469 1F3FE	1f469-1f3ff-200d-2764-200d-1f48b-200d-1f469-1f3fe.png
1F469 1F3FF 200D 2764 200D 1F48B 200D 1F469 1F3FF	1f469-1f3ff-200d-2764-200d-1f48b-200d-1f469-1f3ff.png
1F469 200D 1F33E	1f469-200d-1f33e.png
1F469 200D 1F373	1f469-200d-1f373.png
1F469 200D 1F37C	1f469-200d-1f37c.png
1F469 200D 1F393	1f469-200d-1f393.png
1F469 200D 1F3A4	1f469-200d-1f3a4.png
1F469 200D 1F3A8	1f469-200d-1f3a8.png
1F469 200D 1F3EB	1f469-200d-1f3eb.png
1F469 200D 1F3ED	1f469-200d-1f3ed.png
1F469 200D 1F466	1f469-200d-1f466.png
1F469 200D 1F466 200D 1F466	1f469-200d-1f466-200d-1f466.png
1F469 200D 1F467	1f469-200d-1f467.png
1F469 200D 1F467 200D 1F466	1f469-200d-1f467-200d-1f466.png
1F469 200D 1F467 200D 1F467	1f469-200d-1f467-200d-1f467.png
1F469 200D 1F469 200D 1F466	1f469-200d-1f469-200d-1f466.png
1F469 200D 1F469 200D 1F466 200D 1F466	1f469-200d-1f469-200d-1f466-200d-1f466.png
1F469 200D 1F469 200D 1F467	1f469-200d-1f469-200d-1f467.png
1F469 200D 1F469 200D 1F467 200D 1F466	1f469-200d-1f469-200d-1f467-200d-1f466.png
1F469 200D 1F469 200D 1F467 200D 1F467	1f469-200d-1f469-200d-1f467-200d-1f467.png
1F469 200D 1F4BB	1f469-200d-1f4bb.png
1F469 200D 1F4BC	1f469-200d-1f4bc.png
1F469 200D 1F527	1f469-200d-1f527.png
1F469 200D 1F52C	1f469-200d-1f52c.png
1F469 200D 1F680	1f469-200d-1f680.png
1F469 200D 1F692	1f469-200d-1f692.png
1F469 200D 1F9AF	1f469-200d-1f9af.png
1F469 200D 1F9AF 200D 27A1	1f469-200d-1f9af-200d-27a1.png
1F469 200D 1F9B0	1f469-200d-1f9b0.png
1F469 200D 1F9B1	1f469-200d-1f9b1.png
1F469 200D 1F9B2	1f469-200d-1f9b2.png
1F469 200D 1F9B3	1f469-200d-1f9b3.png
1F469 200D 1F9BC	1f469-200d-1f9bc.png
1F469 200D 1F9BC 200D 27A1	1f469-200d-1f9bc-200d-27a1.png
1F469 200D 1F9BD	1f469-200d-1f9bd.png
1F469 200D 1F9BD 200D 27A1	1f469-200d-1f9bd-200d-27a1.png
1F469 200D 2695	1f469-200d-2695.png
1F469 200D 2696	1f469-200d-2696.png
1F469 200D 2708	1f469-200d-2708.png
1F469 200D 2764 200D 1F468	1f469-200d-2764-200d-1f468.png
1F469 200D 2764 200D 1F469	1f469-200d-2764-200d-1f469.png
1F469 200D 2764 200D 1F48B 200D 1F468	1f469-200d-2764-200d-1f48b-200d-1f468.png
1F469 200D 2764 200D 1F48B 200D 1F469	1f469-200d-2764-200d-1f48b-200d-1f469.png
1F46A	1f46a.png
1F46B	1f46b.png
1F46B 1F3FB	1f46b-1f3fb.png
1F46B 1F3FC	1f46b-1f3fc.png
1F46B 1F3FD	1f46b-1f3fd.png
1F46B 1F3FE	1f46b-1f3fe.png
1F46B 1F3FF	1f46b-1f3ff.png
1F46C	1f46c.png
1F46C 1F3FB	1f46c-1f3fb.png
1F46C 1F3FC	1f46c-1f3fc.png
1F46C 1F3FD	1f46c-1f3fd.png
1F46C 1F3FE	1f46c-1f3fe.png
1F46C 1F3FF	1f46c-1f3ff.png
1F46D	1f46d.png
1F46D 1F3FB	1f46d-1f3fb.png
1F46D 1F3FC	1f46d-1f3fc.png
1F46D 1F3FD	1f46d-1f3fd.png
1F46D 1F3FE	1f46d-1f3fe.png
1F46D 1F3FF	1f46d-1f3ff.png
1F46E	1f46e.png
1F46E 1F3FB	1f46e-1f3fb.png
1F46E 1F3FB 200D 2640	1f46e-1f3fb-200d-2640.png
1F46E 1F3FB 200D 2642	1f46e-1f3fb-200d-2642.png
1F46E 1F3FC	1f46e-1f3fc.png
1F46E 1F3FC 200D 2640	1f46e-1f3fc-200d-2640.png
1F46E 1F3FC 200D 2642	1f46e-1f3fc-200d-2642.png
1F46E 1F3FD	1f46e-1f3fd.png
1F46E 1F3FD 200D 2640	1f46e-1f3fd-200d-2640.png
1F46E 1F3FD 200D 2642	1f46e-1f3fd-200d-2642.png
1F46E 1F3FE	1f46e-1f3fe.png
1F46E 1F3FE 200D 2640	1f46e-1f3fe-200d-2640.png
1F46E 1F3FE 200D 2642	1f46e-1f3fe-200d-2642.png
1F46E 1F3FF	1f46e-1f3ff.png
1F46E 1F3FF 200D 2640	1f46e-1f3ff-200d-2640.png
1F46E 1F3FF 200D 2642	1f46e-1f3ff-200d-2642.png
1F46E 200D 2640	1f46e-200d-2640.png
1F46E 200D 2642	1f46e-200d-2642.png
1F46F	1f46f.png
1F46F 1F3FB	1f46f-1f3fb.png
1F46F 1F3FB 200D 2640	1f46f-1f3fb-200d-2640.png
1F46F 1F3FB 200D 2642	1f46f-1f3fb-200d-2642.png
1F46F 1F3FC	1f46f-1f3fc.png
1F46F 1F3FC 200D 2640	1f46f-1f3fc-200d-2640.png
1F46F 1F3FC 200D 2642	1f46f-1f3fc-200d-2642.png
1F46F 1F3FD	1f46f-1f3fd.png
1F46F 1F3FD 200D 2640	1f46f-1f3fd-200d-2640.png
1F46F 1F3FD 200D 2642	1f46f-1f3fd-200d-2642.png
1F46F 1F3FE	1f46f-1f3fe.png
1F46F 1F3FE 200D 2640	1f46f-1f3fe-200d-2640.png
1F46F 1F3FE 200D 2642	1f46f-1f3fe-200d-2642.png
1F46F 1F3FF	1f46f-1f3ff.png
1F46F 1F3FF 200D 2640	1f46f-1f3ff-200d-2640.png
1F46F 1F3FF 200D 2642	1f46f-1f3ff-200d-2642.png
1F46F 200D 2640	1f46f-200d-2640.png
1F46F 200D 2642	1f46f-200d-2642.png
1F470	1f470.png
1F470 1F3FB	1f470-1f3fb.png
1F470 1F3FB 200D 2640	1f470-1f3fb-200d-2640.png
1F470 1F3FB 200D 2642	1f470-1f3fb-200d-2642.png
1F470 1F3FC	1f470-1f3fc.png
1F470 1F3FC 200D 2640	1f470-1f3fc-200d-2640.png
1F470 1F3FC 200D 2642	1f470-1f3fc-200d-2642.png
1F470 1F3FD	1f470-1f3fd.png
1F470 1F3FD 200D 2640	1f470-1f3fd-200d-2640.png
1F470 1F3FD 200D 2642	1f470-1f3fd-200d-2642.png
1F470 1F3FE	1f470-1f3fe.png
1F470 1F3FE 200D 2640	1f470-1f3fe-200d-2640.png
1F470 1F3FE 200D 2642	1f470-1f3fe-200d-2642.png
1F470 1F3FF	1f470-1f3ff.png
1F470 1F3FF 200D 2640	1f470-1f3ff-200d-2640.png
1F470 1F3FF 200D 2642	1f470-1f3ff-200d-2642.png
1F470 200D 2640	1f470-200d-2640.png
1F470 200D 2642	1f470-200d-2642.png
1F471	1f471.png
1F471 1F3FB	1f471-1f3fb.png
1F471 1F3FB 200D 2640	1f471-1f3fb-200d-2640.png
1F471 1F3FB 200D 2642	1f471-1f3fb-200d-2642.png
1F471 1F3FC	1f471-1f3fc.png
1F471 1F3FC 200D 2640	1f471-1f3fc-200d-2640.png
1F471 1F3FC 200D 2642	1f471-1f3fc-200d-2642.png
1F471 1F3FD	1f471-1f3fd.png
1F471 1F3FD 200D 2640	1f471-1f3fd-200d-2640.png
1F471 1F3FD 200D 2642	1f471-1f3fd-200d-2642.png
1F471 1F3FE	1f471-1f3fe.png
1F471 1F3FE 200D 2640	1f471-1f3fe-200d-2640.png
1F471 1F3FE 200D 2642	1f471-1f3fe-200d-2642.png
1F471 1F3FF	1f471-1f3ff.png
1F471 1F3FF 200D 2640	1f471-1f3ff-200d-2640.png
1F471 1F3FF 200D 2642	1f471-1f3ff-200d-2642.png
1F471 200D 2640	1f471-200d-2640.png
1F471 200D 2642	1f471-200d-2642.png
1F472	1f472.png
1F472 1F3FB	1f472-1f3fb.png
1F472 1F3FC	1f472-1f3fc.png
1F472 1F3FD	1f472-1f3fd.png
1F472 1F3FE	1f472-1f3fe.png
1F472 1F3FF	1f472-1f3ff.png
1F473	1f473.png
1F473 1F3FB	1f473-1f3fb.png
1F473 1F3FB 200D 2640	1f473-1f3fb-200d-2640.png
1F473 1F3FB 200D 2642	1f473-1f3fb-200d-2642.png
1F473 1F3FC	1f473-1f3fc.png
1F473 1F3FC 200D 2640	1f473-1f3fc-200d-2640.png
1F473 1F3FC 200D 2642	1f473-1f3fc-200d-2642.png
1F473 1F3FD	1f473-1f3fd.png
1F473 1F3FD 200D 2640	1f473-1f3fd-200d-2640.png
1F473 1F3FD 200D 2642	1f473-1f3fd-200d-2642.png
1F473 1F3FE	1f473-1f3fe.png
1F473 1F3FE 200D 2640	1f473-1f3fe-200d-2640.png
1F473 1F3FE 200D 2642	1f473-1f3fe-200d-2642.png
1F473 1F3FF	1f473-1f3ff.png
1F473 1F3FF 200D 2640	1f473-1f3ff-200d-2640.png
1F473 1F3FF 200D 2642	1f473-1f3ff-200d-2642.png
1F473 200D 2640	1f473-200d-2640.png
1F473 200D 2642	1f473-200d-2642.png
1F474	1f474.png
1F474 1F3FB	1f474-1f3fb.png
1F474 1F3FC	1f474-1f3fc.png
1F474 1F3FD	1f474-1f3fd.png
1F474 1F3FE	1f474-1f3fe.png
1F474 1F3FF	1f474-1f3ff.png
1F475	1f475.png
1F475 1F3FB	1f475-1f3fb.png
1F475 1F3FC	1f475-1f3fc.png
1F475 1F3FD	1f475-1f3fd.png
1F475 1F3FE	1f475-1f3fe.png
1F475 1F3FF	1f475-1f3ff.png
1F476	1f476.png
1F476 1F3FB	1f476-1f3fb.png
1F476 1F3FC	1f476-1f3fc.png
1F476 1F3FD	1f476-1f3fd.png
1F476 1F3FE	1f476-1f3fe.png
1F476 1F3FF	1f476-1f3ff.png
1F477	1f477.png
1F477 1F3FB	1f477-1f3fb.png
1F477 1F3FB 200D 2640	1f477-1f3fb-200d-2640.png
1F477 1F3FB 200D 2642	1f477-1f3fb-200d-2642.png
1F477 1F3FC	1f477-1f3fc.png
1F477 1F3FC 200D 2640	1f477-1f3fc-200d-2640.png
1F477 1F3FC 200D 2642	1f477-1f3fc-200d-2642.png
1F477 1F3FD	1f477-1f3fd.png
1F477 1F3FD 200D 2640	1f477-1f3fd-200d-2640.png
1F477 1F3FD 200D 2642	1f477-1f3fd-200d-2642.png
1F477 1F3FE	1f477-1f3fe.png
1F477 1F3FE 200D 2640	1f477-1f3fe-200d-2640.png
1F477 1F3FE 200D 2642	1f477-1f3fe-200d-2642.png
1F477 1F3FF	1f477-1f3ff.png
1F477 1F3FF 200D 2640	1f477-1f3ff-200d-2640.png
1F477 1F3FF 200D 2642	1f477-1f3ff-200d-2642.png
1F477 200D 2640	1f477-200d-2640.png
1F477 200D 2642	1f477-200d-2642.png
1F478	1f478.png
1F478 1F3FB	1f478-1f3fb.png
1F478 1F3FC	1f478-1f3fc.png
1F478 1F3FD	1f478-1f3fd.png
1F478 1F3FE	1f478-1f3fe.png
1F478 1F3FF	1f478-1f3ff.png
1F479	1f479.png
1F47A	1f47a.png
1F47B	1f47b.png
1F47C	1f47c.png
1F47C 1F3FB	1f47c-1f3fb.png
1F47C 1F3FC	1f47c-1f3fc.png
1F47C 1F3FD	1f47c-1f3fd.png
1F47C 1F3FE	1f47c-1f3fe.png
1F47C 1F3FF	1f47c-1f3ff.png
1F47D	1f47d.png
1F47E	1f47e.png
1F47F	1f47f.png
1F480	1f480.png
1F481	1f481.png
1F481 1F3FB	1f481-1f3fb.png
1F481 1F3FB 200D 2640	1f481-1f3fb-200d-2640.png
1F481 1F3FB 200D 2642	1f481-1f3fb-200d-2642.png
1F481 1F3FC	1f481-1f3fc.png
1F481 1F3FC 200D 2640	1f481-1f3fc-200d-2640.png
1F481 1F3FC 200D 2642	1f481-1f3fc-200d-2642.png
1F481 1F3FD	1f481-1f3fd.png
1F481 1F3FD 200D 2640	1f481-1f3fd-200d-2640.png
1F481 1F3FD 200D 2642	1f481-1f3fd-200d-2642.png
1F481 1F3FE	1f481-1f3fe.png
1F481 1F3FE 200D 2640	1f481-1f3fe-200d-2640.png
1F481 1F3FE 200D 2642	1f481-1f3fe-200d-2642.png
1F481 1F3FF	1f481-1f3ff.png
1F481 1F3FF 200D 2640	1f481-1f3ff-200d-2640.png
1F481 1F3FF 200D 2642	1f481-1f3ff-200d-2642.png
1F481 200D 2640	1f481-200d-2640.png
1F481 200D 2642	1f481-200d-2642.png
1F482	1f482.png
1F482 1F3FB	1f482-1f3fb.png
1F482 1F3FB 200D 2640	1f482-1f3fb-200d-2640.png
1F482 1F3FB 200D 2642	1f482-1f3fb-200d-2642.png
1F482 1F3FC	1f482-1f3fc.png
1F482 1F3FC 200D 2640	1f482-1f3fc-200d-2640.png
1F482 1F3FC 200D 2642	1f482-1f3fc-200d-2642.png
1F482 1F3FD	1f482-1f3fd.png
1F482 1F3FD 200D 2640	1f482-1f3fd-200d-2640.png
1F482 1F3FD 200D 2642	1f482-1f3fd-200d-2642.png
1F482 1F3FE	1f482-1f3fe.png
1F482 1F3FE 200D 2640	1f482-1f3fe-200d-2640.png
1F482 1F3FE 200D 2642	1f482-1f3fe-200d-2642.png
1F482 1F3FF	1f482-1f3ff.png
1F482 1F3FF 200D 2640	1f482-1f3ff-200d-2640.png
1F482 1F3FF 200D 2642	1f482-1f3ff-200d-2642.png
1F482 200D 2640	1f482-200d-2640.png
1F482 200D 2642	1f482-200d-2642.png
1F483	1f483.png
1F483 1F3FB	1f483-1f3fb.png
1F483 1F3FC	1f483-1f3fc.png
1F483 1F3FD	1f483-1f3fd.png
1F483 1F3FE	1f483-1f3fe.png
1F483 1F3FF	1f483-1f3ff.png
1F484	1f484.png
1F485	1f485.png
1F485 1F3FB	1f485-1f3fb.png
1F485 1F3FC	1f485-1f3fc.png
1F485 1F3FD	1f485-1f3fd.png
1F485 1F3FE	1f485-1f3fe.png
1F485 1F3FF	1f485-1f3ff.png
1F486	1f486.png
1F486 1F3FB	1f486-1f3fb.png
1F486 1F3FB 200D 2640	1f486-1f3fb-200d-2640.png
1F486 1F3FB 200D 2642	1f486-1f3fb-200d-2642.png
1F486 1F3FC	1f486-1f3fc.png
1F486 1F3FC 200D 2640	1f486-1f3fc-200d-2640.png
1F486 1F3FC 200D 2642	1f486-1f3fc-200d-2642.png
1F486 1F3FD	1f486-1f3fd.png
1F486 1F3FD 200D 2640	1f486-1f3fd-200d-2640.png
1F486 1F3FD 200D 2642	1f486-1f3fd-200d-2642.png
1F486 1F3FE	1f486-1f3fe.png
1F486 1F3FE 200D 2640	1f486-1f3fe-200d-2640.png
1F486 1F3FE 200D 2642	1f486-1f3fe-200d-2642.png
1F486 1F3FF	1f486-1f3ff.png
1F486 1F3FF 200D 2640	1f486-1f3ff-200d-2640.png
1F486 1F3FF 200D 2642	1f486-1f3ff-200d-2642.png
1F486 200D 2640	1f486-200d-2640.png
1F486 200D 2642	1f486-200d-2642.png
1F487	1f487.png
1F487 1F3FB	1f487-1f3fb.png
1F487 1F3FB 200D 2640	1f487-1f3fb-200d-2640.png
1F487 1F3FB 200D 2642	1f487-1f3fb-200d-2642.png
1F487 1F3FC	1f487-1f3fc.png
1F487 1F3FC 200D 2640	1f487-1f3fc-200d-2640.png
1F487 1F3FC 200D 2642	1f487-1f3fc-200d-2642.png
1F487 1F3FD	1f487-1f3fd.png
1F487 1F3FD 200D 2640	1f487-1f3fd-200d-2640.png
1F487 1F3FD 200D 2642	1f487-1f3fd-200d-2642.png
1F487 1F3FE	1f487-1f3fe.png
1F487 1F3FE 200D 2640	1f487-1f3fe-200d-2640.png
1F487 1F3FE 200D 2642	1f487-1f3fe-200d-2642.png
1F487 1F3FF	1f487-1f3ff.png
1F487 1F3FF 200D 2640	1f487-1f3ff-200d-2640.png
1F487 1F3FF 200D 2642	1f487-1f3ff-200d-2642.png
1F487 200D 2640	1f487-200d-2640.png
1F487 200D 2642	1f487-200d-2642.png
1F488	1f488.png
1F489	1f489.png
1F48A	1f48a.png
1F48B	1f48b.png
1F48C	1f48c.png
1F48D	1f48d.png
1F48E	1f48e.png
1F48F	1f48f.png
1F48F 1F3FB	1f48f-1f3fb.png
1F48F 1F3FC	1f48f-1f3fc.png
1F48F 1F3FD	1f48f-1f3fd.png
1F48F 1F3FE	1f48f-1f3fe.png
1F48F 1F3FF	1f48f-1f3ff.png
1F490	1f490.png
1F491	1f491.png
1F491 1F3FB	1f491-1f3fb.png
1F491 1F3FC	1f491-1f3fc.png
1F491 1F3FD	1f491-1f3fd.png
1F491 1F3FE	1f491-1f3fe.png
1F491 1F3FF	1f491-1f3ff.png
1F492	1f492.png
1F493	1f493.png
1F494	1f494.png
1F495	1f495.png
1F496	1f496.png
1F497	1f497.png
1F498	1f498.png
1F499	1f499.png
1F49A	1f49a.png
1F49B	1f49b.png
1F49C	1f49c.png
1F49D	1f49d.png
1F49E	1f49e.png
1F49F	1f49f.png
1F4A0	1f4a0.png
1F4A1	1f4a1.png
1F4A2	1f4a2.png
1F4A3	1f4a3.png
1F4A4	1f4a4.png
1F4A5	1f4a5.png
1F4A6	1f4a6.png
1F4A7	1f4a7.png
1F4A8	1f4a8.png
1F4A9	1f4a9.png
1F4AA	1f4aa.png
1F4AA 1F3FB	1f4aa-1f3fb.png
1F4AA 1F3FC	1f4aa-1f3fc.png
1F4AA 1F3FD	1f4aa-1f3fd.png
1F4AA 1F3FE	1f4aa-1f3fe.png
1F4AA 1F3FF	1f4aa-1f3ff.png
1F4AB	1f4ab.png
1F4AC	1f4ac.png
1F4AD	1f4ad.png
1F4AE	1f4ae.png
1F4AF	1f4af.png
1F4B0	1f4b0.png
1F4B1	1f4b1.png
1F4B2	1f4b2.png
1F4B3	1f4b3.png
1F4B4	1f4b4.png
1F4B5	1f4b5.png
1F4B6	1f4b6.png
1F4B7	1f4b7.png
1F4B8	1f4b8.png
1F4B9	1f4b9.png
1F4BA	1f4ba.png
1F4BB	1f4bb.png
1F4BC	1f4bc.png
1F4BD	1f4bd.png
1F4BE	1f4be.png
1F4BF	1f4bf.png
1F4C0	1f4c0.png
1F4C1	1f4c1.png
1F4C2	1f4c2.png
1F4C3	1f4c3.png
1F4C4	1f4c4.png
1F4C5	1f4c5.png
1F4C6	1f4c6.png
1F4C7	1f4c7.png
1F4C8	1f4c8.png
1F4C9	1f4c9.png
1F4CA	1f4ca.png
1F4CB	1f4cb.png
1F4CC	1f4cc.png
1F4CD	1f4cd.png
1F4CE	1f4ce.png
1F4CF	1f4cf.png
1F4D0	1f4d0.png
1F4D1	1f4d1.png
1F4D2	1f4d2.png
1F4D3	1f4d3.png
1F4D4	1f4d4.png
1F4D5	1f4d5.png
1F4D6	1f4d6.png
1F4D7	1f4d7.png
1F4D8	1f4d8.png
1F4D9	1f4d9.png
1F4DA	1f4da.png
1F4DB	1f4db.png
1F4DC	1f4dc.png
1F4DD	1f4dd.png
1F4DE	1f4de.png
1F4DF	1f4df.png
1F4E0	1f4e0.png
1F4E1	1f4e1.png
1F4E2	1f4e2.png
1F4E3	1f4e3.png
1F4E4	1f4e4.png
1F4E5	1f4e5.png
1F4E6	1f4e6.png
1F4E7	1f4e7.png
1F4E8	1f4e8.png
1F4E9	1f4e9.png
1F4EA	1f4ea.png
1F4EB	1f4eb.png
1F4EC	1f4ec.png
1F4ED	1f4ed.png
1F4EE	1f4ee.png
1F4EF	1f4ef.png
1F4F0	1f4f0.png
1F4F1	1f4f1.png
1F4F2	1f4f2.png
1F4F3	1f4f3.png
1F4F4	1f4f4.png
1F4F5	1f4f5.png
1F4F6	1f4f6.png
1F4F7	1f4f7.png
1F4F8	1f4f8.png
1F4F9	1f4f9.png
1F4FA	1f4fa.png
1F4FB	1f4fb.png
1F4FC	1f4fc.png
1F4FD	1f4fd.png
1F4FF	1f4ff.png
1F500	1f500.png
1F501	1f501.png
1F502	1f502.png
1F503	1f503.png
1F504	1f504.png
1F505	1f505.png
1F506	1f506.png
1F507	1f507.png
1F508	1f508.png
1F509	1f509.png
1F50A	1f50a.png
1F50B	1f50b.png
1F50C	1f50c.png
1F50D	1f50d.png
1F50E	1f50e.png
1F50F	1f50f.png
1F510	1f510.png
1F511	1f511.png
1F512	1f512.png
1F513	1f513.png
1F514	1f514.png
1F515	1f515.png
1F516	1f516.png
1F517	1f517.png
1F518	1f518.png
1F519	1f519.png
1F51A	1f51a.png
1F51B	1f51b.png
1F51C	1f51c.png
1F51D	1f51d.png
1F51E	1f51e.png
1F51F	1f51f.png
1F520	1f520.png
1F521	1f521.png
1F522	1f522.png
1F523	1f523.png
1F524	1f524.png
1F525	1f525.png
1F526	1f526.png
1F527	1f527.png
1F528	1f528.png
1F529	1f529.png
1F52A	1f52a.png
1F52B	1f52b.png
1F52C	1f52c.png
1F52D	1f52d.png
1F52E	1f52e.png
1F52F	1f52f.png
1F530	1f530.png
1F531	1f531.png
1F532	1f532.png
1F533	1f533.png
1F534	1f534.png
1F535	1f535.png
1F536	1f536.png
1F537	1f537.png
1F538	1f538.png
1F539	1f539.png
1F53A	1f53a.png
1F53B	1f53b.png
1F53C	1f53c.png
1F53D	1f53d.png
1F549	1f549.png
1F54A	1f54a.png
1F54B	1f54b.png
1F54C	1f54c.png
1F54D	1f54d.png
1F54E	1f54e.png
1F550	1f550.png
1F551	1f551.png
1F552	1f552.png
1F553	1f553.png
1F554	1f554.png
1F555	1f555.png
1F556	1f556.png
1F557	1f557.png
1F558	1f558.png
1F559	1f559.png
1F55A	1f55a.png
1F55B	1f55b.png
1F55C	1f55c.png
1F55D	1f55d.png
1F55E	1f55e.png
1F55F	1f55f.png
1F560	1f560.png
1F561	1f561.png
1F562	1f562.png
1F563	1f563.png
1F564	1f564.png
1F565	1f565.png
1F566	1f566.png
1F567	1f567.png
1F56F	1f56f.png
1F570	1f570.png
1F573	1f573.png
1F574	1f574.png
1F574 1F3FB	1f574-1f3fb.png
1F574 1F3FC	1f574-1f3fc.png
1F574 1F3FD	1f574-1f3fd.png
1F574 1F3FE	1f574-1f3fe.png
1F574 1F3FF	1f574-1f3ff.png
1F575	1f575.png
1F575 1F3FB	1f575-1f3fb.png
1F575 1F3FB 200D 2640	1f575-1f3fb-200d-2640.png
1F575 1F3FB 200D 2642	1f575-1f3fb-200d-2642.png
1F575 1F3FC	1f575-1f3fc.png
1F575 1F3FC 200D 2640	1f575-1f3fc-200d-2640.png
1F575 1F3FC 200D 2642	1f575-1f3fc-200d-2642.png
1F575 1F3FD	1f575-1f3fd.png
1F575 1F3FD 200D 2640	1f575-1f3fd-200d-2640.png
1F575 1F3FD 200D 2642	1f575-1f3fd-200d-2642.png
1F575 1F3FE	1f575-1f3fe.png
1F575 1F3FE 200D 2640	1f575-1f3fe-200d-2640.png
1F575 1F3FE 200D 2642	1f575-1f3fe-200d-2642.png
1F575 1F3FF	1f575-1f3ff.png
1F575 1F3FF 200D 2640	1f575-1f3ff-200d-2640.png
1F575 1F3FF 200D 2642	1f575-1f3ff-200d-2642.png
1F575 200D 2640	1f575-200d-2640.png
1F575 200D 2642	1f575-200d-2642.png
1F576	1f576.png
1F577	1f577.png
1F578	1f578.png
1F579	1f579.png
1F57A	1f57a.png
1F57A 1F3FB	1f57a-1f3fb.png
1F57A 1F3FC	1f57a-1f3fc.png
1F57A 1F3FD	1f57a-1f3fd.png
1F57A 1F3FE	1f57a-1f3fe.png
1F57A 1F3FF	1f57a-1f3ff.png
1F587	1f587.png
1F58A	1f58a.png
1F58B	1f58b.png
1F58C	1f58c.png
1F58D	1f58d.png
1F590	1f590.png
1F590 1F3FB	1f590-1f3fb.png
1F590 1F3FC	1f590-1f3fc.png
1F590 1F3FD	1f590-1f3fd.png
1F590 1F3FE	1f590-1f3fe.png
1F590 1F3FF	1f590-1f3ff.png
1F595	1f595.png
1F595 1F3FB	1f595-1f3fb.png
1F595 1F3FC	1f595-1f3fc.png
1F595 1F3FD	1f595-1f3fd.png
1F595 1F3FE	1f595-1f3fe.png
1F595 1F3FF	1f595-1f3ff.png
1F596	1f596.png
1F596 1F3FB	1f596-1f3fb.png
1F596 1F3FC	1f596-1f3fc.png
1F596 1F3FD	1f596-1f3fd.png
1F596 1F3FE	1f596-1f3fe.png
1F596 1F3FF	1f596-1f3ff.png
1F5A4	1f5a4.png
1F5A5	1f5a5.png
1F5A8	1f5a8.png
1F5B1	1f5b1.png
1F5B2	1f5b2.png
1F5BC	1f5bc.png
1F5C2	1f5c2.png
1F5C3	1f5c3.png
1F5C4	1f5c4.png
1F5D1	1f5d1.png
1F5D2	1f5d2.png
1F5D3	1f5d3.png
1F5DC	1f5dc.png
1F5DD	1f5dd.png
1F5DE	1f5de.png
1F5E1	1f5e1.png
1F5E3	1f5e3.png
1F5E8	1f5e8.png
1F5EF	1f5ef.png
1F5F3	1f5f3.png
1F5FA	1f5fa.png
1F5FB	1f5fb.png
1F5FC	1f5fc.png
1F5FD	1f5fd.png
1F5FE	1f5fe.png
1F5FF	1f5ff.png
1F600	1f600.png
1F601	1f601.png
1F602	1f602.png
1F603	1f603.png
1F604	1f604.png
1F605	1f605.png
1F606	1f606.png
1F607	1f607.png
1F608	1f608.png
1F609	1f609.png
1F60A	1f60a.png
1F60B	1f60b.png
1F60C	1f60c.png
1F60D	1f60d.png
1F60E	1f60e.png
1F60F	1f60f.png
1F610	1f610.png
1F611	1f611.png
1F612	1f612.png
1F613	1f613.png
1F614	1f614.png
1F615	1f615.png
1F616	1f616.png
1F617	1f617.png
1F618	1f618.png
1F619	1f619.png
1F61A	1f61a.png
1F61B	1f61b.png
1F61C	1f61c.png
1F61D	1f61d.png
1F61E	1f61e.png
1F61F	1f61f.png
1F620	1f620.png
1F621	1f621.png
1F622	1f622.png
1F623	1f623.png
1F624	1f624.png
1F625	1f625.png
1F626	1f626.png
1F627	1f627.png
1F628	1f628.png
1F629	1f629.png
1F62A	1f62a.png
1F62B	1f62b.png
1F62C	1f62c.png
1F62D	1f62d.png
1F62E	1f62e.png
1F62E 200D 1F4A8	1f62e-200d-1f4a8.png
1F62F	1f62f.png
1F630	1f630.png
1F631	1f631.png
1F632	1f632.png
1F633	1f633.png
1F634	1f634.png
1F635	1f635.png
1F635 200D 1F4AB	1f635-200d-1f4ab.png
1F636	1f636.png
1F636 200D 1F32B	1f636-200d-1f32b.png
1F637	1f637.png
1F638	1f638.png
1F639	1f639.png
1F63A	1f63a.png
1F63B	1f63b.png
1F63C	1f63c.png
1F63D	1f63d.png
1F63E	1f63e.png
1F63F	1f63f.png
1F640	1f640.png
1F641	1f641.png
1F642	1f642.png
1F642 200D 2194	1f642-200d-2194.png
1F642 200D 2195	1f642-200d-2195.png
1F643	1f643.png
1F644	1f644.png
1F645	1f645.png
1F645 1F3FB	1f645-1f3fb.png
1F645 1F3FB 200D 2640	1f645-1f3fb-200d-2640.png
1F645 1F3FB 200D 2642	1f645-1f3fb-200d-2642.png
1F645 1F3FC	1f645-1f3fc.png
1F645 1F3FC 200D 2640	1f645-1f3fc-200d-2640.png
1F645 1F3FC 200D 2642	1f645-1f3fc-200d-2642.png
1F645 1F3FD	1f645-1f3fd.png
1F645 1F3FD 200D 2640	1f645-1f3fd-200d-2640.png
1F645 1F3FD 200D 2642	1f645-1f3fd-200d-2642.png
1F645 1F3FE	1f645-1f3fe.png
1F645 1F3FE 200D 2640	1f645-1f3fe-200d-2640.png
1F645 1F3FE 200D 2642	1f645-1f3fe-200d-2642.png
1F645 1F3FF	1f645-1f3ff.png
1F645 1F3FF 200D 2640	1f645-1f3ff-200d-2640.png
1F645 1F3FF 200D 2642	1f645-1f3ff-200d-2642.png
1F645 200D 2640	1f645-200d-2640.png
1F645 200D 2642	1f645-200d-2642.png
1F646	1f646.png
1F646 1F3FB	1f646-1f3fb.png
1F646 1F3FB 200D 2640	1f646-1f3fb-200d-2640.png
1F646 1F3FB 200D 2642	1f646-1f3fb-200d-2642.png
1F646 1F3FC	1f646-1f3fc.png
1F646 1F3FC 200D 2640	1f646-1f3fc-200d-2640.png
1F646 1F3FC 200D 2642	1f646-1f3fc-200d-2642.png
1F646 1F3FD	1f646-1f3fd.png
1F646 1F3FD 200D 2640	1f646-1f3fd-200d-2640.png
1F646 1F3FD 200D 2642	1f646-1f3fd-200d-2642.png
1F646 1F3FE	1f646-1f3fe.png
1F646 1F3FE 200D 2640	1f646-1f3fe-200d-2640.png
1F646 1F3FE 200D 2642	1f646-1f3fe-200d-2642.png
1F646 1F3FF	1f646-1f3ff.png
1F646 1F3FF 200D 2640	1f646-1f3ff-200d-2640.png
1F646 1F3FF 200D 2642	1f646-1f3ff-200d-2642.png
1F646 200D 2640	1f646-200d-2640.png
1F646 200D 2642	1f646-200d-2642.png
1F647	1f647.png
1F647 1F3FB	1f647-1f3fb.png
1F647 1F3FB 200D 2640	1f647-1f3fb-200d-2640.png
1F647 1F3FB 200D 2642	1f647-1f3fb-200d-2642.png
1F647 1F3FC	1f647-1f3fc.png
1F647 1F3FC 200D 2640	1f647-1f3fc-200d-2640.png
1F647 1F3FC 200D 2642	1f647-1f3fc-200d-2642.png
1F647 1F3FD	1f647-1f3fd.png
1F647 1F3FD 200D 2640	1f647-1f3fd-200d-2640.png
1F647 1F3FD 200D 2642	1f647-1f3fd-200d-2642.png
1F647 1F3FE	1f647-1f3fe.png
1F647 1F3FE 200D 2640	1f647-1f3fe-200d-2640.png
1F647 1F3FE 200D 2642	1f647-1f3fe-200d-2642.png
1F647 1F3FF	1f647-1f3ff.png
1F647 1F3FF 200D 2640	1f647-1f3ff-200d-2640.png
1F647 1F3FF 200D 2642	1f647-1f3ff-200d-2642.png
1F647 200D 2640	1f647-200d-2640.png
1F647 200D 2642	1f647-200d-2642.png
1F648	1f648.png
1F649	1f649.png
1F64A	1f64a.png
1F64B	1f64b.png
1F64B 1F3FB	1f64b-1f3fb.png
1F64B 1F3FB 200D 2640	1f64b-1f3fb-200d-2640.png
1F64B 1F3FB 200D 2642	1f64b-1f3fb-200d-2642.png
1F64B 1F3FC	1f64b-1f3fc.png
1F64B 1F3FC 200D 2640	1f64b-1f3fc-200d-2640.png
1F64B 1F3FC 200D 2642	1f64b-1f3fc-200d-2642.png
1F64B 1F3FD	1f64b-1f3fd.png
1F64B 1F3FD 200D 2640	1f64b-1f3fd-200d-2640.png
1F64B 1F3FD 200D 2642	1f64b-1f3fd-200d-2642.png
1F64B 1F3FE	1f64b-1f3fe.png
1F64B 1F3FE 200D 2640	1f64b-1f3fe-200d-2640.png
1F64B 1F3FE 200D 2642	1f64b-1f3fe-200d-2642.png
1F64B 1F3FF	1f64b-1f3ff.png
1F64B 1F3FF 200D 2640	1f64b-1f3ff-200d-2640.png
1F64B 1F3FF 200D 2642	1f64b-1f3ff-200d-2642.png
1F64B 200D 2640	1f64b-200d-2640.png
1F64B 200D 2642	1f64b-200d-2642.png
1F64C	1f64c.png
1F64C 1F3FB	1f64c-1f3fb.png
1F64C 1F3FC	1f64c-1f3fc.png
1F64C 1F3FD	1f64c-1f3fd.png
1F64C 1F3FE	1f64c-1f3fe.png
1F64C 1F3FF	1f64c-1f3ff.png
1F64D	1f64d.png
1F64D 1F3FB	1f64d-1f3fb.png
1F64D 1F3FB 200D 2640	1f64d-1f3fb-200d-2640.png
1F64D 1F3FB 200D 2642	1f64d-1f3fb-200d-2642.png
1F64D 1F3FC	1f64d-1f3fc.png
1F64D 1F3FC 200D 2640	1f64d-1f3fc-200d-2640.png
1F64D 1F3FC 200D 2642	1f64d-1f3fc-200d-2642.png
1F64D 1F3FD	1f64d-1f3fd.png
1F64D 1F3FD 200D 2640	1f64d-1f3fd-200d-2640.png
1F64D 1F3FD 200D 2642	1f64d-1f3fd-200d-2642.png
1F64D 1F3FE	1f64d-1f3fe.png
1F64D 1F3FE 200D 2640	1f64d-1f3fe-200d-2640.png
1F64D 1F3FE 200D 2642	1f64d-1f3fe-200d-2642.png
1F64D 1F3FF	1f64d-1f3ff.png
1F64D 1F3FF 200D 2640	1f64d-1f3ff-200d-2640.png
1F64D 1F3FF 200D 2642	1f64d-1f3ff-200d-2642.png
1F64D 200D 2640	1f64d-200d-2640.png
1F64D 200D 2642	1f64d-200d-2642.png
1F64E	1f64e.png
1F64E 1F3FB	1f64e-1f3fb.png
1F64E 1F3FB 200D 2640	1f64e-1f3fb-200d-2640.png
1F64E 1F3FB 200D 2642	1f64e-1f3fb-200d-2642.png
1F64E 1F3FC	1f64e-1f3fc.png
1F64E 1F3FC 200D 2640	1f64e-1f3fc-200d-2640.png
1F64E 1F3FC 200D 2642	1f64e-1f3fc-200d-2642.png
1F64E 1F3FD	1f64e-1f3fd.png
1F64E 1F3FD 200D 2640	1f64e-1f3fd-200d-2640.png
1F64E 1F3FD 200D 2642	1f64e-1f3fd-200d-2642.png
1F64E 1F3FE	1f64e-1f3fe.png
1F64E 1F3FE 200D 2640	1f64e-1f3fe-200d-2640.png
1F64E 1F3FE 200D 2642	1f64e-1f3fe-200d-2642.png
1F64E 1F3FF	1f64e-1f3ff.png
1F64E 1F3FF 200D 2640	1f64e-1f3ff-200d-2640.png
1F64E 1F3FF 200D 2642	1f64e-1f3ff-200d-2642.png
1F64E 200D 2640	1f64e-200d-2640.png
1F64E 200D 2642	1f64e-200d-2642.png
1F64F	1f64f.png
1F64F 1F3FB	1f64f-1f3fb.png
1F64F 1F3FC	1f64f-1f3fc.png
1F64F 1F3FD	1f64f-1f3fd.png
1F64F 1F3FE	1f64f-1f3fe.png
1F64F 1F3FF	1f64f-1f3ff.png
1F680	1f680.png
1F681	1f681.png
1F682	1f682.png
1F683	1f683.png
1F684	1f684.png
1F685	1f685.png
1F686	1f686.png
1F687	1f687.png
1F688	1f688.png
1F689	1f689.png
1F68A	1f68a.png
1F68B	1f68b.png
1F68C	1f68c.png
1F68D	1f68d.png
1F68E	1f68e.png
1F68F	1f68f.png
1F690	1f690.png
1F691	1f691.png
1F692	1f692.png
1F693	1f693.png
1F694	1f694.png
1F695	1f695.png
1F696	1f696.png
1F697	1f697.png
1F698	1f698.png
1F699	1f699.png
1F69A	1f69a.png
1F69B	1f69b.png
1F69C	1f69c.png
1F69D	1f69d.png
1F69E	1f69e.png
1F69F	1f69f.png
1F6A0	1f6a0.png
1F6A1	1f6a1.png
1F6A2	1f6a2.png
1F6A3	1f6a3.png
1F6A3 1F3FB	1f6a3-1f3fb.png
1F6A3 1F3FB 200D 2640	1f6a3-1f3fb-200d-2640.png
1F6A3 1F3FB 200D 2642	1f6a3-1f3fb-200d-2642.png
1F6A3 1F3FC	1f6a3-1f3fc.png
1F6A3 1F3FC 200D 2640	1f6a3-1f3fc-200d-2640.png
1F6A3 1F3FC 200D 2642	1f6a3-1f3fc-200d-2642.png
1F6A3 1F3FD	1f6a3-1f3fd.png
1F6A3 1F3FD 200D 2640	1f6a3-1f3fd-200d-2640.png
1F6A3 1F3FD 200D 2642	1f6a3-1f3fd-200d-2642.png
1F6A3 1F3FE	1f6a3-1f3fe.png
1F6A3 1F3FE 200D 2640	1f6a3-1f3fe-200d-2640.png
1F6A3 1F3FE 200D 2642	1f6a3-1f3fe-200d-2642.png
1F6A3 1F3FF	1f6a3-1f3ff.png
1F6A3 1F3FF 200D 2640	1f6a3-1f3ff-200d-2640.png
1F6A3 1F3FF 200D 2642	1f6a3-1f3ff-200d-2642.png
1F6A3 200D 2640	1f6a3-200d-2640.png
1F6A3 200D 2642	1f6a3-200d-2642.png
1F6A4	1f6a4.png
1F6A5	1f6a5.png
1F6A6	1f6a6.png
1F6A7	1f6a7.png
1F6A8	1f6a8.png
1F6A9	1f6a9.png
1F6AA	1f6aa.png
1F6AB	1f6ab.png
1F6AC	1f6ac.png
1F6AD	1f6ad.png
1F6AE	1f6ae.png
1F6AF	1f6af.png
1F6B0	1f6b0.png
1F6B1	1f6b1.png
1F6B2	1f6b2.png
1F6B3	1f6b3.png
1F6B4	1f6b4.png
1F6B4 1F3FB	1f6b4-1f3fb.png
1F6B4 1F3FB 200D 2640	1f6b4-1f3fb-200d-2640.png
1F6B4 1F3FB 200D 2642	1f6b4-1f3fb-200d-2642.png
1F6B4 1F3FC	1f6b4-1f3fc.png
1F6B4 1F3FC 200D 2640	1f6b4-1f3fc-200d-2640.png
1F6B4 1F3FC 200D 2642	1f6b4-1f3fc-200d-2642.png
1F6B4 1F3FD	1f6b4-1f3fd.png
1F6B4 1F3FD 200D 2640	1f6b4-1f3fd-200d-2640.png
1F6B4 1F3FD 200D 2642	1f6b4-1f3fd-200d-2642.png
1F6B4 1F3FE	1f6b4-1f3fe.png
1F6B4 1F3FE 200D 2640	1f6b4-1f3fe-200d-2640.png
1F6B4 1F3FE 200D 2642	1f6b4-1f3fe-200d-2642.png
1F6B4 1F3FF	1f6b4-1f3ff.png
1F6B4 1F3FF 200D 2640	1f6b4-1f3ff-200d-2640.png
1F6B4 1F3FF 200D 2642	1f6b4-1f3ff-200d-2642.png
1F6B4 200D 2640	1f6b4-200d-2640.png
1F6B4 200D 2642	1f6b4-200d-2642.png
1F6B5	1f6b5.png
1F6B5 1F3FB	1f6b5-1f3fb.png
1F6B5 1F3FB 200D 2640	1f6b5-1f3fb-200d-2640.png
1F6B5 1F3FB 200D 2642	1f6b5-1f3fb-200d-2642.png
1F6B5 1F3FC	1f6b5-1f3fc.png
1F6B5 1F3FC 200D 2640	1f6b5-1f3fc-200d-2640.png
1F6B5 1F3FC 200D 2642	1f6b5-1f3fc-200d-2642.png
1F6B5 1F3FD	1f6b5-1f3fd.png
1F6B5 1F3FD 200D 2640	1f6b5-1f3fd-200d-2640.png
1F6B5 1F3FD 200D 2642	1f6b5-1f3fd-200d-2642.png
1F6B5 1F3FE	1f6b5-1f3fe.png
1F6B5 1F3FE 200D 2640	1f6b5-1f3fe-200d-2640.png
1F6B5 1F3FE 200D 2642	1f6b5-1f3fe-200d-2642.png
1F6B5 1F3FF	1f6b5-1f3ff.png
1F6B5 1F3FF 200D 2640	1f6b5-1f3ff-200d-2640.png
1F6B5 1F3FF 200D 2642	1f6b5-1f3ff-200d-2642.png
1F6B5 200D 2640	1f6b5-200d-2640.png
1F6B5 200D 2642	1f6b5-200d-2642.png
1F6B6	1f6b6.png
1F6B6 1F3FB	1f6b6-1f3fb.png
1F6B6 1F3FB 200D 2640	1f6b6-1f3fb-200d-2640.png
1F6B6 1F3FB 200D 2640 200D 27A1	1f6b6-1f3fb-200d-2640-200d-27a1.png
1F6B6 1F3FB 200D 2642	1f6b6-1f3fb-200d-2642.png
1F6B6 1F3FB 200D 2642 200D 27A1	1f6b6-1f3fb-200d-2642-200d-27a1.png
1F6B6 1F3FB 200D 27A1	1f6b6-1f3fb-200d-27a1.png
1F6B6 1F3FC	1f6b6-1f3fc.png
1F6B6 1F3FC 200D 2640	1f6b6-1f3fc-200d-2640.png
1F6B6 1F3FC 200D 2640 200D 27A1	1f6b6-1f3fc-200d-2640-200d-27a1.png
1F6B6 1F3FC 200D 2642	1f6b6-1f3fc-200d-2642.png
1F6B6 1F3FC 200D 2642 200D 27A1	1f6b6-1f3fc-200d-2642-200d-27a1.png
1F6B6 1F3FC 200D 27A1	1f6b6-1f3fc-200d-27a1.png
1F6B6 1F3FD	1f6b6-1f3fd.png
1F6B6 1F3FD 200D 2640	1f6b6-1f3fd-200d-2640.png
1F6B6 1F3FD 200D 2640 200D 27A1	1f6b6-1f3fd-200d-2640-200d-27a1.png
1F6B6 1F3FD 200D 2642	1f6b6-1f3fd-200d-2642.png
1F6B6 1F3FD 200D 2642 200D 27A1	1f6b6-1f3fd-200d-2642-200d-27a1.png
1F6B6 1F3FD 200D 27A1	1f6b6-1f3fd-200d-27a1.png
1F6B6 1F3FE	1f6b6-1f3fe.png
1F6B6 1F3FE 200D 2640	1f6b6-1f3fe-200d-2640.png
1F6B6 1F3FE 200D 2640 200D 27A1	1f6b6-1f3fe-200d-2640-200d-27a1.png
1F6B6 1F3FE 200D 2642	1f6b6-1f3fe-200d-2642.png
1F6B6 1F3FE 200D 2642 200D 27A1	1f6b6-1f3fe-200d-2642-200d-27a1.png
1F6B6 1F3FE 200D 27A1	1f6b6-1f3fe-200d-27a1.png
1F6B6 1F3FF	1f6b6-1f3ff.png
1F6B6 1F3FF 200D 2640	1f6b6-1f3ff-200d-2640.png
1F6B6 1F3FF 200D 2640 200D 27A1	1f6b6-1f3ff-200d-2640-200d-27a1.png
1F6B6 1F3FF 200D 2642	1f6b6-1f3ff-200d-2642.png
1F6B6 1F3FF 200D 2642 200D 27A1	1f6b6-1f3ff-200d-2642-200d-27a1.png
1F6B6 1F3FF 200D 27A1	1f6b6-1f3ff-200d-27a1.png
1F6B6 200D 2640	1f6b6-200d-2640.png
1F6B6 200D 2640 200D 27A1	1f6b6-200d-2640-200d-27a1.png
1F6B6 200D 2642	1f6b6-200d-2642.png
1F6B6 200D 2642 200D 27A1	1f6b6-200d-2642-200d-27a1.png
1F6B6 200D 27A1	1f6b6-200d-27a1.png
1F6B7	1f6b7.png
1F6B8	1f6b8.png
1F6B9	1f6b9.png
1F6BA	1f6ba.png
1F6BB	1f6bb.png
1F6BC	1f6bc.png
1F6BD	1f6bd.png
1F6BE	1f6be.png
1F6BF	1f6bf.png
1F6C0	1f6c0.png
1F6C0 1F3FB	1f6c0-1f3fb.png
1F6C0 1F3FC	1f6c0-1f3fc.png
1F6C0 1F3FD	1f6c0-1f3fd.png
1F6C0 1F3FE	1f6c0-1f3fe.png
1F6C0 1F3FF	1f6c0-1f3ff.png
1F6C1	1f6c1.png
1F6C2	1f6c2.png
1F6C3	1f6c3.png
1F6C4	1f6c4.png
1F6C5	1f6c5.png
1F6CB	1f6cb.png
1F6CC	1f6cc.png
1F6CC 1F3FB	1f6cc-1f3fb.png
1F6CC 1F3FC	1f6cc-1f3fc.png
1F6CC 1F3FD	1f6cc-1f3fd.png
1F6CC 1F3FE	1f6cc-1f3fe.png
1F6CC 1F3FF	1f6cc-1f3ff.png
1F6CD	1f6cd.png
1F6CE	1f6ce.png
1F6CF	1f6cf.png
1F6D0	1f6d0.png
1F6D1	1f6d1.png
1F6D2	1f6d2.png
1F6D5	1f6d5.png
1F6D6	1f6d6.png
1F6D7	1f6d7.png
1F6D8	1f6d8.png
1F6DC	1f6dc.png
1F6DD	1f6dd.png
1F6DE	1f6de.png
1F6DF	1f6df.png
1F6E0	1f6e0.png
1F6E1	1f6e1.png
1F6E2	1f6e2.png
1F6E3	1f6e3.png
1F6E4	1f6e4.png
1F6E5	1f6e5.png
1F6E9	1f6e9.png
1F6EB	1f6eb.png
1F6EC	1f6ec.png
1F6F0	1f6f0.png
1F6F3	1f6f3.png
1F6F4	1f6f4.png
1F6F5	1f6f5.png
1F6F6	1f6f6.png
1F6F7	1f6f7.png
1F6F8	1f6f8.png
1F6F9	1f6f9.png
1F6FA	1f6fa.png
1F6FB	1f6fb.png
1F6FC	1f6fc.png
1F7E0	1f7e0.png
1F7E1	1f7e1.png
1F7E2	1f7e2.png
1F7E3	1f7e3.png
1F7E4	1f7e4.png
1F7E5	1f7e5.png
1F7E6	1f7e6.png
1F7E7	1f7e7.png
1F7E8	1f7e8.png
1F7E9	1f7e9.png
1F7EA	1f7ea.png
1F7EB	1f7eb.png
1F7F0	1f7f0.png
1F90C	1f90c.png
1F90C 1F3FB	1f90c-1f3fb.png
1F90C 1F3FC	1f90c-1f3fc.png
1F90C 1F3FD	1f90c-1f3fd.png
1F90C 1F3FE	1f90c-1f3fe.png
1F90C 1F3FF	1f90c-1f3ff.png
1F90D	1f90d.png
1F90E	1f90e.png
1F90F	1f90f.png
1F90F 1F3FB	1f90f-1f3fb.png
1F90F 1F3FC	1f90f-1f3fc.png
1F90F 1F3FD	1f90f-1f3fd.png
1F90F 1F3FE	1f90f-1f3fe.png
1F90F 1F3FF	1f90f-1f3ff.png
1F910	1f910.png
1F911	1f911.png
1F912	1f912.png
1F913	1f913.png
1F914	1f914.png
1F915	1f915.png
1F916	1f916.png
1F917	1f917.png
1F918	1f918.png
1F918 1F3FB	1f918-1f3fb.png
1F918 1F3FC	1f918-1f3fc.png
1F918 1F3FD	1f918-1f3fd.png
1F918 1F3FE	1f918-1f3fe.png
1F918 1F3FF	1f918-1f3ff.png
1F919	1f919.png
1F919 1F3FB	1f919-1f3fb.png
1F919 1F3FC	1f919-1f3fc.png
1F919 1F3FD	1f919-1f3fd.png
1F919 1F3FE	1f919-1f3fe.png
1F919 1F3FF	1f919-1f3ff.png
1F91A	1f91a.png
1F91A 1F3FB	1f91a-1f3fb.png
1F91A 1F3FC	1f91a-1f3fc.png
1F91A 1F3FD	1f91a-1f3fd.png
1F91A 1F3FE	1f91a-1f3fe.png
1F91A 1F3FF	1f91a-1f3ff.png
1F91B	1f91b.png
1F91B 1F3FB	1f91b-1f3fb.png
1F91B 1F3FC	1f91b-1f3fc.png
1F91B 1F3FD	1f91b-1f3fd.png
1F91B 1F3FE	1f91b-1f3fe.png
1F91B 1F3FF	1f91b-1f3ff.png
1F91C	1f91c.png
1F91C 1F3FB	1f91c-1f3fb.png
1F91C 1F3FC	1f91c-1f3fc.png
1F91C 1F3FD	1f91c-1f3fd.png
1F91C 1F3FE	1f91c-1f3fe.png
1F91C 1F3FF	1f91c-1f3ff.png
1F91D	1f91d.png
1F91D 1F3FB	1f91d-1f3fb.png
1F91D 1F3FC	1f91d-1f3fc.png
1F91D 1F3FD	1f91d-1f3fd.png
1F91D 1F3FE	1f91d-1f3fe.png
1F91D 1F3FF	1f91d-1f3ff.png
1F91E	1f91e.png
1F91E 1F3FB	1f91e-1f3fb.png
1F91E 1F3FC	1f91e-1f3fc.png
1F91E 1F3FD	1f91e-1f3fd.png
1F91E 1F3FE	1f91e-1f3fe.png
1F91E 1F3FF	1f91e-1f3ff.png
1F91F	1f91f.png
1F91F 1F3FB	1f91f-1f3fb.png
1F91F 1F3FC	1f91f-1f3fc.png
1F91F 1F3FD	1f91f-1f3fd.png
1F91F 1F3FE	1f91f-1f3fe.png
1F91F 1F3FF	1f91f-1f3ff.png
1F920	1f920.png
1F921	1f921.png
1F922	1f922.png
1F923	1f923.png
1F924	1f924.png
1F925	1f925.png
1F926	1f926.png
1F926 1F3FB	1f926-1f3fb.png
1F926 1F3FB 200D 2640	1f926-1f3fb-200d-2640.png
1F926 1F3FB 200D 2642	1f926-1f3fb-200d-2642.png
1F926 1F3FC	1f926-1f3fc.png
1F926 1F3FC 200D 2640	1f926-1f3fc-200d-2640.png
1F926 1F3FC 200D 2642	1f926-1f3fc-200d-2642.png
1F926 1F3FD	1f926-1f3fd.png
1F926 1F3FD 200D 2640	1f926-1f3fd-200d-2640.png
1F926 1F3FD 200D 2642	1f926-1f3fd-200d-2642.png
1F926 1F3FE	1f926-1f3fe.png
1F926 1F3FE 200D 2640	1f926-1f3fe-200d-2640.png
1F926 1F3FE 200D 2642	1f926-1f3fe-200d-2642.png
1F926 1F3FF	1f926-1f3ff.png
1F926 1F3FF 200D 2640	1f926-1f3ff-200d-2640.png
1F926 1F3FF 200D 2642	1f926-1f3ff-200d-2642.png
1F926 200D 2640	1f926-200d-2640.png
1F926 200D 2642	1f926-200d-2642.png
1F927	1f927.png
1F928	1f928.png
1F929	1f929.png
1F92A	1f92a.png
1F92B	1f92b.png
1F92C	1f92c.png
1F92D	1f92d.png
1F92E	1f92e.png
1F92F	1f92f.png
1F930	1f930.png
1F930 1F3FB	1f930-1f3fb.png
1F930 1F3FC	1f930-1f3fc.png
1F930 1F3FD	1f930-1f3fd.png
1F930 1F3FE	1f930-1f3fe.png
1F930 1F3FF	1f930-1f3ff.png
1F931	1f931.png
1F931 1F3FB	1f931-1f3fb.png
1F931 1F3FC	1f931-1f3fc.png
1F931 1F3FD	1f931-1f3fd.png
1F931 1F3FE	1f931-1f3fe.png
1F931 1F3FF	1f931-1f3ff.png
1F932	1f932.png
1F932 1F3FB	1f932-1f3fb.png
1F932 1F3FC	1f932-1f3fc.png
1F932 1F3FD	1f932-1f3fd.png
1F932 1F3FE	1f932-1f3fe.png
1F932 1F3FF	1f932-1f3ff.png
1F933	1f933.png
1F933 1F3FB	1f933-1f3fb.png
1F933 1F3FC	1f933-1f3fc.png
1F933 1F3FD	1f933-1f3fd.png
1F933 1F3FE	1f933-1f3fe.png
1F933 1F3FF	1f933-1f3ff.png
1F934	1f934.png
1F934 1F3FB	1f934-1f3fb.png
1F934 1F3FC	1f934-1f3fc.png
1F934 1F3FD	1f934-1f3fd.png
1F934 1F3FE	1f934-1f3fe.png
1F934 1F3FF	1f934-1f3ff.png
1F935	1f935.png
1F935 1F3FB	1f935-1f3fb.png
1F935 1F3FB 200D 2640	1f935-1f3fb-200d-2640.png
1F935 1F3FB 200D 2642	1f935-1f3fb-200d-2642.png
1F935 1F3FC	1f935-1f3fc.png
1F935 1F3FC 200D 2640	1f935-1f3fc-200d-2640.png
1F935 1F3FC 200D 2642	1f935-1f3fc-200d-2642.png
1F935 1F3FD	1f935-1f3fd.png
1F935 1F3FD 200D 2640	1f935-1f3fd-200d-2640.png
1F935 1F3FD 200D 2642	1f935-1f3fd-200d-2642.png
1F935 1F3FE	1f935-1f3fe.png
1F935 1F3FE 200D 2640	1f935-1f3fe-200d-2640.png
1F935 1F3FE 200D 2642	1f935-1f3fe-200d-2642.png
1F935 1F3FF	1f935-1f3ff.png
1F935 1F3FF 200D 2640	1f935-1f3ff-200d-2640.png
1F935 1F3FF 200D 2642	1f935-1f3ff-200d-2642.png
1F935 200D 2640	1f935-200d-2640.png
1F935 200D 2642	1f935-200d-2642.png
1F936	1f936.png
1F936 1F3FB	1f936-1f3fb.png
1F936 1F3FC	1f936-1f3fc.png
1F936 1F3FD	1f936-1f3fd.png
1F936 1F3FE	1f936-1f3fe.png
1F936 1F3FF	1f936-1f3ff.png
1F937	1f937.png
1F937 1F3FB	1f937-1f3fb.png
1F937 1F3FB 200D 2640	1f937-1f3fb-200d-2640.png
1F937 1F3FB 200D 2642	1f937-1f3fb-200d-2642.png
1F937 1F3FC	1f937-1f3fc.png
1F937 1F3FC 200D 2640	1f937-1f3fc-200d-2640.png
1F937 1F3FC 200D 2642	1f937-1f3fc-200d-2642.png
1F937 1F3FD	1f937-1f3fd.png
1F937 1F3FD 200D 2640	1f937-1f3fd-200d-2640.png
1F937 1F3FD 200D 2642	1f937-1f3fd-200d-2642.png
1F937 1F3FE	1f937-1f3fe.png
1F937 1F3FE 200D 2640	1f937-1f3fe-200d-2640.png
1F937 1F3FE 200D 2642	1f937-1f3fe-200d-2642.png
1F937 1F3FF	1f937-1f3ff.png
1F937 1F3FF 200D 2640	1f937-1f3ff-200d-2640.png
1F937 1F3FF 200D 2642	1f937-1f3ff-200d-2642.png
1F937 200D 2640	1f937-200d-2640.png
1F937 200D 2642	1f937-200d-2642.png
1F938	1f938.png
1F938 1F3FB	1f938-1f3fb.png
1F938 1F3FB 200D 2640	1f938-1f3fb-200d-2640.png
1F938 1F3FB 200D 2642	1f938-1f3fb-200d-2642.png
1F938 1F3FC	1f938-1f3fc.png
1F938 1F3FC 200D 2640	1f938-1f3fc-200d-2640.png
1F938 1F3FC 200D 2642	1f938-1f3fc-200d-2642.png
1F938 1F3FD	1f938-1f3fd.png
1F938 1F3FD 200D 2640	1f938-1f3fd-200d-2640.png
1F938 1F3FD 200D 2642	1f938-1f3fd-200d-2642.png
1F938 1F3FE	1f938-1f3fe.png
1F938 1F3FE 200D 2640	1f938-1f3fe-200d-2640.png
1F938 1F3FE 200D 2642	1f938-1f3fe-200d-2642.png
1F938 1F3FF	1f938-1f3ff.png
1F938 1F3FF 200D 2640	1f938-1f3ff-200d-2640.png
1F938 1F3FF 200D 2642	1f938-1f3ff-200d-2642.png
1F938 200D 2640	1f938-200d-2640.png
1F938 200D 2642	1f938-200d-2642.png
1F939	1f939.png
1F939 1F3FB	1f939-1f3fb.png
1F939 1F3FB 200D 2640	1f939-1f3fb-200d-2640.png
1F939 1F3FB 200D 2642	1f939-1f3fb-200d-2642.png
1F939 1F3FC	1f939-1f3fc.png
1F939 1F3FC 200D 2640	1f939-1f3fc-200d-2640.png
1F939 1F3FC 200D 2642	1f939-1f3fc-200d-2642.png
1F939 1F3FD	1f939-1f3fd.png
1F939 1F3FD 200D 2640	1f939-1f3fd-200d-2640.png
1F939 1F3FD 200D 2642	1f939-1f3fd-200d-2642.png
1F939 1F3FE	1f939-1f3fe.png
1F939 1F3FE 200D 2640	1f939-1f3fe-200d-2640.png
1F939 1F3FE 200D 2642	1f939-1f3fe-200d-2642.png
1F939 1F3FF	1f939-1f3ff.png
1F939 1F3FF 200D 2640	1f939-1f3ff-200d-2640.png
1F939 1F3FF 200D 2642	1f939-1f3ff-200d-2642.png
1F939 200D 2640	1f939-200d-2640.png
1F939 200D 2642	1f939-200d-2642.png
1F93A	1f93a.png
1F93C	1f93c.png
1F93C 1F3FB	1f93c-1f3fb.png
1F93C 1F3FB 200D 2640	1f93c-1f3fb-200d-2640.png
1F93C 1F3FB 200D 2642	1f93c-1f3fb-200d-2642.png
1F93C 1F3FC	1f93c-1f3fc.png
1F93C 1F3FC 200D 2640	1f93c-1f3fc-200d-2640.png
1F93C 1F3FC 200D 2642	1f93c-1f3fc-200d-2642.png
1F93C 1F3FD	1f93c-1f3fd.png
1F93C 1F3FD 200D 2640	1f93c-1f3fd-200d-2640.png
1F93C 1F3FD 200D 2642	1f93c-1f3fd-200d-2642.png
1F93C 1F3FE	1f93c-1f3fe.png
1F93C 1F3FE 200D 2640	1f93c-1f3fe-200d-2640.png
1F93C 1F3FE 200D 2642	1f93c-1f3fe-200d-2642.png
1F93C 1F3FF	1f93c-1f3ff.png
1F93C 1F3FF 200D 2640	1f93c-1f3ff-200d-2640.png
1F93C 1F3FF 200D 2642	1f93c-1f3ff-200d-2642.png
1F93C 200D 2640	1f93c-200d-2640.png
1F93C 200D 2642	1f93c-200d-2642.png
1F93D	1f93d.png
1F93D 1F3FB	1f93d-1f3fb.png
1F93D 1F3FB 200D 2640	1f93d-1f3fb-200d-2640.png
1F93D 1F3FB 200D 2642	1f93d-1f3fb-200d-2642.png
1F93D 1F3FC	1f93d-1f3fc.png
1F93D 1F3FC 200D 2640	1f93d-1f3fc-200d-2640.png
1F93D 1F3FC 200D 2642	1f93d-1f3fc-200d-2642.png
1F93D 1F3FD	1f93d-1f3fd.png
1F93D 1F3FD 200D 2640	1f93d-1f3fd-200d-2640.png
1F93D 1F3FD 200D 2642	1f93d-1f3fd-200d-2642.png
1F93D 1F3FE	1f93d-1f3fe.png
1F93D 1F3FE 200D 2640	1f93d-1f3fe-200d-2640.png
1F93D 1F3FE 200D 2642	1f93d-1f3fe-200d-2642.png
1F93D 1F3FF	1f93d-1f3ff.png
1F93D 1F3FF 200D 2640	1f93d-1f3ff-200d-2640.png
1F93D 1F3FF 200D 2642	1f93d-1f3ff-200d-2642.png
1F93D 200D 2640	1f93d-200d-2640.png
1F93D 200D 2642	1f93d-200d-2642.png
1F93E	1f93e.png
1F93E 1F3FB	1f93e-1f3fb.png
1F93E 1F3FB 200D 2640	1f93e-1f3fb-200d-2640.png
1F93E 1F3FB 200D 2642	1f93e-1f3fb-200d-2642.png
1F93E 1F3FC	1f93e-1f3fc.png
1F93E 1F3FC 200D 2640	1f93e-1f3fc-200d-2640.png
1F93E 1F3FC 200D 2642	1f93e-1f3fc-200d-2642.png
1F93E 1F3FD	1f93e-1f3fd.png
1F93E 1F3FD 200D 2640	1f93e-1f3fd-200d-2640.png
1F93E 1F3FD 200D 2642	1f93e-1f3fd-200d-2642.png
1F93E 1F3FE	1f93e-1f3fe.png
1F93E 1F3FE 200D 2640	1f93e-1f3fe-200d-2640.png
1F93E 1F3FE 200D 2642	1f93e-1f3fe-200d-2642.png
1F93E 1F3FF	1f93e-1f3ff.png
1F93E 1F3FF 200D 2640	1f93e-1f3ff-200d-2640.png
1F93E 1F3FF 200D 2642	1f93e-1f3ff-200d-2642.png
1F93E 200D 2640	1f93e-200d-2640.png
1F93E 200D 2642	1f93e-200d-2642.png
1F93F	1f93f.png
1F940	1f940.png
1F941	1f941.png
1F942	1f942.png
1F943	1f943.png
1F944	1f944.png
1F945	1f945.png
1F947	1f947.png
1F948	1f948.png
1F949	1f949.png
1F94A	1f94a.png
1F94B	1f94b.png
1F94C	1f94c.png
1F94D	1f94d.png
1F94E	1f94e.png
1F94F	1f94f.png
1F950	1f950.png
1F951	1f951.png
1F952	1f952.png
1F953	1f953.png
1F954	1f954.png
1F955	1f955.png
1F956	1f956.png
1F957	1f957.png
1F958	1f958.png
1F959	1f959.png
1F95A	1f95a.png
1F95B	1f95b.png
1F95C	1f95c.png
1F95D	1f95d.png
1F95E	1f95e.png
1F95F	1f95f.png
1F960	1f960.png
1F961	1f961.png
1F962	1f962.png
1F963	1f963.png
1F964	1f964.png
1F965	1f965.png
1F966	1f966.png
1F967	1f967.png
1F968	1f968.png
1F969	1f969.png
1F96A	1f96a.png
1F96B	1f96b.png
1F96C	1f96c.png
1F96D	1f96d.png
1F96E	1f96e.png
1F96F	1f96f.png
1F970	1f970.png
1F971	1f971.png
1F972	1f972.png
1F973	1f973.png
1F974	1f974.png
1F975	1f975.png
1F976	1f976.png
1F977	1f977.png
1F977 1F3FB	1f977-1f3fb.png
1F977 1F3FC	1f977-1f3fc.png
1F977 1F3FD	1f977-1f3fd.png
1F977 1F3FE	1f977-1f3fe.png
1F977 1F3FF	1f977-1f3ff.png
1F978	1f978.png
1F979	1f979.png
1F97A	1f97a.png
1F97B	1f97b.png
1F97C	1f97c.png
1F97D	1f97d.png
1F97E	1f97e.png
1F97F	1f97f.png
1F980	1f980.png
1F981	1f981.png
1F982	1f982.png
1F983	1f983.png
1F984	1f984.png
1F985	1f985.png
1F986	1f986.png
1F987	1f987.png
1F988	1f988.png
1F989	1f989.png
1F98A	1f98a.png
1F98B	1f98b.png
1F98C	1f98c.png
1F98D	1f98d.png
1F98E	1f98e.png
1F98F	1f98f.png
1F990	1f990.png
1F991	1f991.png
1F992	1f992.png
1F993	1f993.png
1F994	1f994.png
1F995	1f995.png
1F996	1f996.png
1F997	1f997.png
1F998	1f998.png
1F999	1f999.png
1F99A	1f99a.png
1F99B	1f99b.png
1F99C	1f99c.png
1F99D	1f99d.png
1F99E	1f99e.png
1F99F	1f99f.png
1F9A0	1f9a0.png
1F9A1	1f9a1.png
1F9A2	1f9a2.png
1F9A3	1f9a3.png
1F9A4	1f9a4.png
1F9A5	1f9a5.png
1F9A6	1f9a6.png
1F9A7	1f9a7.png
1F9A8	1f9a8.png
1F9A9	1f9a9.png
1F9AA	1f9aa.png
1F9AB	1f9ab.png
1F9AC	1f9ac.png
1F9AD	1f9ad.png
1F9AE	1f9ae.png
1F9AF	1f9af.png
1F9B0	1f9b0.png
1F9B1	1f9b1.png
1F9B2	1f9b2.png
1F9B3	1f9b3.png
1F9B4	1f9b4.png
1F9B5	1f9b5.png
1F9B5 1F3FB	1f9b5-1f3fb.png
1F9B5 1F3FC	1f9b5-1f3fc.png
1F9B5 1F3FD	1f9b5-1f3fd.png
1F9B5 1F3FE	1f9b5-1f3fe.png
1F9B5 1F3FF	1f9b5-1f3ff.png
1F9B6	1f9b6.png
1F9B6 1F3FB	1f9b6-1f3fb.png
1F9B6 1F3FC	1f9b6-1f3fc.png
1F9B6 1F3FD	1f9b6-1f3fd.png
1F9B6 1F3FE	1f9b6-1f3fe.png
1F9B6 1F3FF	1f9b6-1f3ff.png
1F9B7	1f9b7.png
1F9B8	1f9b8.png
1F9B8 1F3FB	1f9b8-1f3fb.png
1F9B8 1F3FB 200D 2640	1f9b8-1f3fb-200d-2640.png
1F9B8 1F3FB 200D 2642	1f9b8-1f3fb-200d-2642.png
1F9B8 1F3FC	1f9b8-1f3fc.png
1F9B8 1F3FC 200D 2640	1f9b8-1f3fc-200d-2640.png
1F9B8 1F3FC 200D 2642	1f9b8-1f3fc-200d-2642.png
1F9B8 1F3FD	1f9b8-1f3fd.png
1F9B8 1F3FD 200D 2640	1f9b8-1f3fd-200d-2640.png
1F9B8 1F3FD 200D 2642	1f9b8-1f3fd-200d-2642.png
1F9B8 1F3FE	1f9b8-1f3fe.png
1F9B8 1F3FE 200D 2640	1f9b8-1f3fe-200d-2640.png
1F9B8 1F3FE 200D 2642	1f9b8-1f3fe-200d-2642.png
1F9B8 1F3FF	1f9b8-1f3ff.png
1F9B8 1F3FF 200D 2640	1f9b8-1f3ff-200d-2640.png
1F9B8 1F3FF 200D 2642	1f9b8-1f3ff-200d-2642.png
1F9B8 200D 2640	1f9b8-200d-2640.png
1F9B8 200D 2642	1f9b8-200d-2642.png
1F9B9	1f9b9.png
1F9B9 1F3FB	1f9b9-1f3fb.png
1F9B9 1F3FB 200D 2640	1f9b9-1f3fb-200d-2640.png
1F9B9 1F3FB 200D 2642	1f9b9-1f3fb-200d-2642.png
1F9B9 1F3FC	1f9b9-1f3fc.png
1F9B9 1F3FC 200D 2640	1f9b9-1f3fc-200d-2640.png
1F9B9 1F3FC 200D 2642	1f9b9-1f3fc-200d-2642.png
1F9B9 1F3FD	1f9b9-1f3fd.png
1F9B9 1F3FD 200D 2640	1f9b9-1f3fd-200d-2640.png
1F9B9 1F3FD 200D 2642	1f9b9-1f3fd-200d-2642.png
1F9B9 1F3FE	1f9b9-1f3fe.png
1F9B9 1F3FE 200D 2640	1f9b9-1f3fe-200d-2640.png
1F9B9 1F3FE 200D 2642	1f9b9-1f3fe-200d-2642.png
1F9B9 1F3FF	1f9b9-1f3ff.png
1F9B9 1F3FF 200D 2640	1f9b9-1f3ff-200d-2640.png
1F9B9 1F3FF 200D 2642	1f9b9-1f3ff-200d-2642.png
1F9B9 200D 2640	1f9b9-200d-2640.png
1F9B9 200D 2642	1f9b9-200d-2642.png
1F9BA	1f9ba.png
1F9BB	1f9bb.png
1F9BB 1F3FB	1f9bb-1f3fb.png
1F9BB 1F3FC	1f9bb-1f3fc.png
1F9BB 1F3FD	1f9bb-1f3fd.png
1F9BB 1F3FE	1f9bb-1f3fe.png
1F9BB 1F3FF	1f9bb-1f3ff.png
1F9BC	1f9bc.png
1F9BD	1f9bd.png
1F9BE	1f9be.png
1F9BF	1f9bf.png
1F9C0	1f9c0.png
1F9C1	1f9c1.png
1F9C2	1f9c2.png
1F9C3	1f9c3.png
1F9C4	1f9c4.png
1F9C5	1f9c5.png
1F9C6	1f9c6.png
1F9C7	1f9c7.png
1F9C8	1f9c8.png
1F9C9	1f9c9.png
1F9CA	1f9ca.png
1F9CB	1f9cb.png
1F9CC	1f9cc.png
1F9CD	1f9cd.png
1F9CD 1F3FB	1f9cd-1f3fb.png
1F9CD 1F3FB 200D 2640	1f9cd-1f3fb-200d-2640.png
1F9CD 1F3FB 200D 2642	1f9cd-1f3fb-200d-2642.png
1F9CD 1F3FC	1f9cd-1f3fc.png
1F9CD 1F3FC 200D 2640	1f9cd-1f3fc-200d-2640.png
1F9CD 1F3FC 200D 2642	1f9cd-1f3fc-200d-2642.png
1F9CD 1F3FD	1f9cd-1f3fd.png
1F9CD 1F3FD 200D 2640	1f9cd-1f3fd-200d-2640.png
1F9CD 1F3FD 200D 2642	1f9cd-1f3fd-200d-2642.png
1F9CD 1F3FE	1f9cd-1f3fe.png
1F9CD 1F3FE 200D 2640	1f9cd-1f3fe-200d-2640.png
1F9CD 1F3FE 200D 2642	1f9cd-1f3fe-200d-2642.png
1F9CD 1F3FF	1f9cd-1f3ff.png
1F9CD 1F3FF 200D 2640	1f9cd-1f3ff-200d-2640.png
1F9CD 1F3FF 200D 2642	1f9cd-1f3ff-200d-2642.png
1F9CD 200D 2640	1f9cd-200d-2640.png
1F9CD 200D 2642	1f9cd-200d-2642.png
1F9CE	1f9ce.png
1F9CE 1F3FB	1f9ce-1f3fb.png
1F9CE 1F3FB 200D 2640	1f9ce-1f3fb-200d-2640.png
1F9CE 1F3FB 200D 2640 200D 27A1	1f9ce-1f3fb-200d-2640-200d-27a1.png
1F9CE 1F3FB 200D 2642	1f9ce-1f3fb-200d-2642.png
1F9CE 1F3FB 200D 2642 200D 27A1	1f9ce-1f3fb-200d-2642-200d-27a1.png
1F9CE 1F3FB 200D 27A1	1f9ce-1f3fb-200d-27a1.png
1F9CE 1F3FC	1f9ce-1f3fc.png
1F9CE 1F3FC 200D 2640	1f9ce-1f3fc-200d-2640.png
1F9CE 1F3FC 200D 2640 200D 27A1	1f9ce-1f3fc-200d-2640-200d-27a1.png
1F9CE 1F3FC 200D 2642	1f9ce-1f3fc-200d-2642.png
1F9CE 1F3FC 200D 2642 200D 27A1	1f9ce-1f3fc-200d-2642-200d-27a1.png
1F9CE 1F3FC 200D 27A1	1f9ce-1f3fc-200d-27a1.png
1F9CE 1F3FD	1f9ce-1f3fd.png
1F9CE 1F3FD 200D 2640	1f9ce-1f3fd-200d-2640.png
1F9CE 1F3FD 200D 2640 200D 27A1	1f9ce-1f3fd-200d-2640-200d-27a1.png
1F9CE 1F3FD 200D 2642	1f9ce-1f3fd-200d-2642.png
1F9CE 1F3FD 200D 2642 200D 27A1	1f9ce-1f3fd-200d-2642-200d-27a1.png
1F9CE 1F3FD 200D 27A1	1f9ce-1f3fd-200d-27a1.png
1F9CE 1F3FE	1f9ce-1f3fe.png
1F9CE 1F3FE 200D 2640	1f9ce-1f3fe-200d-2640.png
1F9CE 1F3FE 200D 2640 200D 27A1	1f9ce-1f3fe-200d-2640-200d-27a1.png
1F9CE 1F3FE 200D 2642	1f9ce-1f3fe-200d-2642.png
1F9CE 1F3FE 200D 2642 200D 27A1	1f9ce-1f3fe-200d-2642-200d-27a1.png
1F9CE 1F3FE 200D 27A1	1f9ce-1f3fe-200d-27a1.png
1F9CE 1F3FF	1f9ce-1f3ff.png
1F9CE 1F3FF 200D 2640	1f9ce-1f3ff-200d-2640.png
1F9CE 1F3FF 200D 2640 200D 27A1	1f9ce-1f3ff-200d-2640-200d-27a1.png
1F9CE 1F3FF 200D 2642	1f9ce-1f3ff-200d-2642.png
1F9CE 1F3FF 200D 2642 200D 27A1	1f9ce-1f3ff-200d-2642-200d-27a1.png
1F9CE 1F3FF 200D 27A1	1f9ce-1f3ff-200d-27a1.png
1F9CE 200D 2640	1f9ce-200d-2640.png
1F9CE 200D 2640 200D 27A1	1f9ce-200d-2640-200d-27a1.png
1F9CE 200D 2642	1f9ce-200d-2642.png
1F9CE 200D 2642 200D 27A1	1f9ce-200d-2642-200d-27a1.png
1F9CE 200D 27A1	1f9ce-200d-27a1.png
1F9CF	1f9cf.png
1F9CF 1F3FB	1f9cf-1f3fb.png
1F9CF 1F3FB 200D 2640	1f9cf-1f3fb-200d-2640.png
1F9CF 1F3FB 200D 2642	1f9cf-1f3fb-200d-2642.png
1F9CF 1F3FC	1f9cf-1f3fc.png
1F9CF 1F3FC 200D 2640	1f9cf-1f3fc-200d-2640.png
1F9CF 1F3FC 200D 2642	1f9cf-1f3fc-200d-2642.png
1F9CF 1F3FD	1f9cf-1f3fd.png
1F9CF 1F3FD 200D 2640	1f9cf-1f3fd-200d-2640.png
1F9CF 1F3FD 200D 2642	1f9cf-1f3fd-200d-2642.png
1F9CF 1F3FE	1f9cf-1f3fe.png
1F9CF 1F3FE 200D 2640	1f9cf-1f3fe-200d-2640.png
1F9CF 1F3FE 200D 2642	1f9cf-1f3fe-200d-2642.png
1F9CF 1F3FF	1f9cf-1f3ff.png
1F9CF 1F3FF 200D 2640	1f9cf-1f3ff-200d-2640.png
1F9CF 1F3FF 200D 2642	1f9cf-1f3ff-200d-2642.png
1F9CF 200D 2640	1f9cf-200d-2640.png
1F9CF 200D 2642	1f9cf-200d-2642.png
1F9D0	1f9d0.png
1F9D1	1f9d1.png
1F9D1 1F3FB	1f9d1-1f3fb.png
1F9D1 1F3FB 200D 1F33E	1f9d1-1f3fb-200d-1f33e.png
1F9D1 1F3FB 200D 1F373	1f9d1-1f3fb-200d-1f373.png
1F9D1 1F3FB 200D 1F37C	1f9d1-1f3fb-200d-1f37c.png
1F9D1 1F3FB 200D 1F384	1f9d1-1f3fb-200d-1f384.png
1F9D1 1F3FB 200D 1F393	1f9d1-1f3fb-200d-1f393.png
1F9D1 1F3FB 200D 1F3A4	1f9d1-1f3fb-200d-1f3a4.png
1F9D1 1F3FB 200D 1F3A8	1f9d1-1f3fb-200d-1f3a8.png
1F9D1 1F3FB 200D 1F3EB	1f9d1-1f3fb-200d-1f3eb.png
1F9D1 1F3FB 200D 1F3ED	1f9d1-1f3fb-200d-1f3ed.png
1F9D1 1F3FB 200D 1F430 200D 1F9D1 1F3FC	1f9d1-1f3fb-200d-1f430-200d-1f9d1-1f3fc.png
1F9D1 1F3FB 200D 1F430 200D 1F9D1 1F3FD	1f9d1-1f3fb-200d-1f430-200d-1f9d1-1f3fd.png
1F9D1 1F3FB 200D 1F430 200D 1F9D1 1F3FE	1f9d1-1f3fb-200d-1f430-200d-1f9d1-1f3fe.png
1F9D1 1F3FB 200D 1F430 200D 1F9D1 1F3FF	1f9d1-1f3fb-200d-1f430-200d-1f9d1-1f3ff.png
1F9D1 1F3FB 200D 1F4BB	1f9d1-1f3fb-200d-1f4bb.png
1F9D1 1F3FB 200D 1F4BC	1f9d1-1f3fb-200d-1f4bc.png
1F9D1 1F3FB 200D 1F527	1f9d1-1f3fb-200d-1f527.png
1F9D1 1F3FB 200D 1F52C	1f9d1-1f3fb-200d-1f52c.png
1F9D1 1F3FB 200D 1F680	1f9d1-1f3fb-200d-1f680.png
1F9D1 1F3FB 200D 1F692	1f9d1-1f3fb-200d-1f692.png
1F9D1 1F3FB 200D 1F91D 200D 1F9D1 1F3FB	1f9d1-1f3fb-200d-1f91d-200d-1f9d1-1f3fb.png
1F9D1 1F3FB 200D 1F91D 200D 1F9D1 1F3FC	1f9d1-1f3fb-200d-1f91d-200d-1f9d1-1f3fc.png
1F9D1 1F3FB 200D 1F91D 200D 1F9D1 1F3FD	1f9d1-1f3fb-200d-1f91d-200d-1f9d1-1f3fd.png
1F9D1 1F3FB 200D 1F91D 200D 1F9D1 1F3FE	1f9d1-1f3fb-200d-1f91d-200d-1f9d1-1f3fe.png
1F9D1 1F3FB 200D 1F91D 200D 1F9D1 1F3FF	1f9d1-1f3fb-200d-1f91d-200d-1f9d1-1f3ff.png
1F9D1 1F3FB 200D 1F9AF	1f9d1-1f3fb-200d-1f9af.png
1F9D1 1F3FB 200D 1F9AF 200D 27A1	1f9d1-1f3fb-200d-1f9af-200d-27a1.png
1F9D1 1F3FB 200D 1F9B0	1f9d1-1f3fb-200d-1f9b0.png
1F9D1 1F3FB 200D 1F9B1	1f9d1-1f3fb-200d-1f9b1.png
1F9D1 1F3FB 200D 1F9B2	1f9d1-1f3fb-200d-1f9b2.png
1F9D1 1F3FB 200D 1F9B3	1f9d1-1f3fb-200d-1f9b3.png
1F9D1 1F3FB 200D 1F9BC	1f9d1-1f3fb-200d-1f9bc.png
1F9D1 1F3FB 200D 1F9BC 200D 27A1	1f9d1-1f3fb-200d-1f9bc-200d-27a1.png
1F9D1 1F3FB 200D 1F9BD	1f9d1-1f3fb-200d-1f9bd.png
1F9D1 1F3FB 200D 1F9BD 200D 27A1	1f9d1-1f3fb-200d-1f9bd-200d-27a1.png
1F9D1 1F3FB 200D 1FA70	1f9d1-1f3fb-200d-1fa70.png
1F9D1 1F3FB 200D 1FAEF 200D 1F9D1 1F3FC	1f9d1-1f3fb-200d-1faef-200d-1f9d1-1f3fc.png
1F9D1 1F3FB 200D 1FAEF 200D 1F9D1 1F3FD	1f9d1-1f3fb-200d-1faef-200d-1f9d1-1f3fd.png
1F9D1 1F3FB 200D 1FAEF 200D 1F9D1 1F3FE	1f9d1-1f3fb-200d-1faef-200d-1f9d1-1f3fe.png
1F9D1 1F3FB 200D 1FAEF 200D 1F9D1 1F3FF	1f9d1-1f3fb-200d-1faef-200d-1f9d1-1f3ff.png
1F9D1 1F3FB 200D 2695	1f9d1-1f3fb-200d-2695.png
1F9D1 1F3FB 200D 2696	1f9d1-1f3fb-200d-2696.png
1F9D1 1F3FB 200D 2708	1f9d1-1f3fb-200d-2708.png
1F9D1 1F3FB 200D 2764 200D 1F48B 200D 1F9D1 1F3FC	1f9d1-1f3fb-200d-2764-200d-1f48b-200d-1f9d1-1f3fc.png
1F9D1 1F3FB 200D 2764 200D 1F48B 200D 1F9D1 1F3FD	1f9d1-1f3fb-200d-2764-200d-1f48b-200d-1f9d1-1f3fd.png
1F9D1 1F3FB 200D 2764 200D 1F48B 200D 1F9D1 1F3FE	1f9d1-1f3fb-200d-2764-200d-1f48b-200d-1f9d1-1f3fe.png
1F9D1 1F3FB 200D 2764 200D 1F48B 200D 1F9D1 1F3FF	1f9d1-1f3fb-200d-2764-200d-1f48b-200d-1f9d1-1f3ff.png
1F9D1 1F3FB 200D 2764 200D 1F9D1 1F3FC	1f9d1-1f3fb-200d-2764-200d-1f9d1-1f3fc.png
1F9D1 1F3FB 200D 2764 200D 1F9D1 1F3FD	1f9d1-1f3fb-200d-2764-200d-1f9d1-1f3fd.png
1F9D1 1F3FB 200D 2764 200D 1F9D1 1F3FE	1f9d1-1f3fb-200d-2764-200d-1f9d1-1f3fe.png
1F9D1 1F3FB 200D 2764 200D 1F9D1 1F3FF	1f9d1-1f3fb-200d-2764-200d-1f9d1-1f3ff.png
1F9D1 1F3FC	1f9d1-1f3fc.png
1F9D1 1F3FC 200D 1F33E	1f9d1-1f3fc-200d-1f33e.png
1F9D1 1F3FC 200D 1F373	1f9d1-1f3fc-200d-1f373.png
1F9D1 1F3FC 200D 1F37C	1f9d1-1f3fc-200d-1f37c.png
1F9D1 1F3FC 200D 1F384	1f9d1-1f3fc-200d-1f384.png
1F9D1 1F3FC 200D 1F393	1f9d1-1f3fc-200d-1f393.png
1F9D1 1F3FC 200D 1F3A4	1f9d1-1f3fc-200d-1f3a4.png
1F9D1 1F3FC 200D 1F3A8	1f9d1-1f3fc-200d-1f3a8.png
1F9D1 1F3FC 200D 1F3EB	1f9d1-1f3fc-200d-1f3eb.png
1F9D1 1F3FC 200D 1F3ED	1f9d1-1f3fc-200d-1f3ed.png
1F9D1 1F3FC 200D 1F430 200D 1F9D1 1F3FB	1f9d1-1f3fc-200d-1f430-200d-1f9d1-1f3fb.png
1F9D1 1F3FC 200D 1F430 200D 1F9D1 1F3FD	1f9d1-1f3fc-200d-1f430-200d-1f9d1-1f3fd.png
1F9D1 1F3FC 200D 1F430 200D 1F9D1 1F3FE	1f9d1-1f3fc-200d-1f430-200d-1f9d1-1f3fe.png
1F9D1 1F3FC 200D 1F430 200D 1F9D1 1F3FF	1f9d1-1f3fc-200d-1f430-200d-1f9d1-1f3ff.png
1F9D1 1F3FC 200D 1F4BB	1f9d1-1f3fc-200d-1f4bb.png
1F9D1 1F3FC 200D 1F4BC	1f9d1-1f3fc-200d-1f4bc.png
1F9D1 1F3FC 200D 1F527	1f9d1-1f3fc-200d-1f527.png
1F9D1 1F3FC 200D 1F52C	1f9d1-1f3fc-200d-1f52c.png
1F9D1 1F3FC 200D 1F680	1f9d1-1f3fc-200d-1f680.png
1F9D1 1F3FC 200D 1F692	1f9d1-1f3fc-200d-1f692.png
1F9D1 1F3FC 200D 1F91D 200D 1F9D1 1F3FB	1f9d1-1f3fc-200d-1f91d-200d-1f9d1-1f3fb.png
1F9D1 1F3FC 200D 1F91D 200D 1F9D1 1F3FC	1f9d1-1f3fc-200d-1f91d-200d-1f9d1-1f3fc.png
1F9D1 1F3FC 200D 1F91D 200D 1F9D1 1F3FD	1f9d1-1f3fc-200d-1f91d-200d-1f9d1-1f3fd.png
1F9D1 1F3FC 200D 1F91D 200D 1F9D1 1F3FE	1f9d1-1f3fc-200d-1f91d-200d-1f9d1-1f3fe.png
1F9D1 1F3FC 200D 1F91D 200D 1F9D1 1F3FF	1f9d1-1f3fc-200d-1f91d-200d-1f9d1-1f3ff.png
1F9D1 1F3FC 200D 1F9AF	1f9d1-1f3fc-200d-1f9af.png
1F9D1 1F3FC 200D 1F9AF 200D 27A1	1f9d1-1f3fc-200d-1f9af-200d-27a1.png
1F9D1 1F3FC 200D 1F9B0	1f9d1-1f3fc-200d-1f9b0.png
1F9D1 1F3FC 200D 1F9B1	1f9d1-1f3fc-200d-1f9b1.png
1F9D1 1F3FC 200D 1F9B2	1f9d1-1f3fc-200d-1f9b2.png
1F9D1 1F3FC 200D 1F9B3	1f9d1-1f3fc-200d-1f9b3.png
1F9D1 1F3FC 200D 1F9BC	1f9d1-1f3fc-200d-1f9bc.png
1F9D1 1F3FC 200D 1F9BC 200D 27A1	1f9d1-1f3fc-200d-1f9bc-200d-27a1.png
1F9D1 1F3FC 200D 1F9BD	1f9d1-1f3fc-200d-1f9bd.png
1F9D1 1F3FC 200D 1F9BD 200D 27A1	1f9d1-1f3fc-200d-1f9bd-200d-27a1.png
1F9D1 1F3FC 200D 1FA70	1f9d1-1f3fc-200d-1fa70.png
1F9D1 1F3FC 200D 1FAEF 200D 1F9D1 1F3FB	1f9d1-1f3fc-200d-1faef-200d-1f9d1-1f3fb.png
1F9D1 1F3FC 200D 1FAEF 200D 1F9D1 1F3FD	1f9d1-1f3fc-200d-1faef-200d-1f9d1-1f3fd.png
1F9D1 1F3FC 200D 1FAEF 200D 1F9D1 1F3FE	1f9d1-1f3fc-200d-1faef-200d-1f9d1-1f3fe.png
1F9D1 1F3FC 200D 1FAEF 200D 1F9D1 1F3FF	1f9d1-1f3fc-200d-1faef-200d-1f9d1-1f3ff.png
1F9D1 1F3FC 200D 2695	1f9d1-1f3fc-200d-2695.png
1F9D1 1F3FC 200D 2696	1f9d1-1f3fc-200d-2696.png
1F9D1 1F3FC 200D 2708	1f9d1-1f3fc-200d-2708.png
1F9D1 1F3FC 200D 2764 200D 1F48B 200D 1F9D1 1F3FB	1f9d1-1f3fc-200d-2764-200d-1f48b-200d-1f9d1-1f3fb.png
1F9D1 1F3FC 200D 2764 200D 1F48B 200D 1F9D1 1F3FD	1f9d1-1f3fc-200d-2764-200d-1f48b-200d-1f9d1-1f3fd.png
1F9D1 1F3FC 200D 2764 200D 1F48B 200D 1F9D1 1F3FE	1f9d1-1f3fc-200d-2764-200d-1f48b-200d-1f9d1-1f3fe.png
1F9D1 1F3FC 200D 2764 200D 1F48B 200D 1F9D1 1F3FF	1f9d1-1f3fc-200d-2764-200d-1f48b-200d-1f9d1-1f3ff.png
1F9D1 1F3FC 200D 2764 200D 1F9D1 1F3FB	1f9d1-1f3fc-200d-2764-200d-1f9d1-1f3fb.png
1F9D1 1F3FC 200D 2764 200D 1F9D1 1F3FD	1f9d1-1f3fc-200d-2764-200d-1f9d1-1f3fd.png
1F9D1 1F3FC 200D 2764 200D 1F9D1 1F3FE	1f9d1-1f3fc-200d-2764-200d-1f9d1-1f3fe.png
1F9D1 1F3FC 200D 2764 200D 1F9D1 1F3FF	1f9d1-1f3fc-200d-2764-200d-1f9d1-1f3ff.png
1F9D1 1F3FD	1f9d1-1f3fd.png
1F9D1 1F3FD 200D 1F33E	1f9d1-1f3fd-200d-1f33e.png
1F9D1 1F3FD 200D 1F373	1f9d1-1f3fd-200d-1f373.png
1F9D1 1F3FD 200D 1F37C	1f9d1-1f3fd-200d-1f37c.png
1F9D1 1F3FD 200D 1F384	1f9d1-1f3fd-200d-1f384.png
1F9D1 1F3FD 200D 1F393	1f9d1-1f3fd-200d-1f393.png
1F9D1 1F3FD 200D 1F3A4	1f9d1-1f3fd-200d-1f3a4.png
1F9D1 1F3FD 200D 1F3A8	1f9d1-1f3fd-200d-1f3a8.png
1F9D1 1F3FD 200D 1F3EB	1f9d1-1f3fd-200d-1f3eb.png
1F9D1 1F3FD 200D 1F3ED	1f9d1-1f3fd-200d-1f3ed.png
1F9D1 1F3FD 200D 1F430 200D 1F9D1 1F3FB	1f9d1-1f3fd-200d-1f430-200d-1f9d1-1f3fb.png
1F9D1 1F3FD 200D 1F430 200D 1F9D1 1F3FC	1f9d1-1f3fd-200d-1f430-200d-1f9d1-1f3fc.png
1F9D1 1F3FD 200D 1F430 200D 1F9D1 1F3FE	1f9d1-1f3fd-200d-1f430-200d-1f9d1-1f3fe.png
1F9D1 1F3FD 200D 1F430 200D 1F9D1 1F3FF	1f9d1-1f3fd-200d-1f430-200d-1f9d1-1f3ff.png
1F9D1 1F3FD 200D 1F4BB	1f9d1-1f3fd-200d-1f4bb.png
1F9D1 1F3FD 200D 1F4BC	1f9d1-1f3fd-200d-1f4bc.png
1F9D1 1F3FD 200D 1F527	1f9d1-1f3fd-200d-1f527.png
1F9D1 1F3FD 200D 1F52C	1f9d1-1f3fd-200d-1f52c.png
1F9D1 1F3FD 200D 1F680	1f9d1-1f3fd-200d-1f680.png
1F9D1 1F3FD 200D 1F692	1f9d1-1f3fd-200d-1f692.png
1F9D1 1F3FD 200D 1F91D 200D 1F9D1 1F3FB	1f9d1-1f3fd-200d-1f91d-200d-1f9d1-1f3fb.png
1F9D1 1F3FD 200D 1F91D 200D 1F9D1 1F3FC	1f9d1-1f3fd-200d-1f91d-200d-1f9d1-1f3fc.png
1F9D1 1F3FD 200D 1F91D 200D 1F9D1 1F3FD	1f9d1-1f3fd-200d-1f91d-200d-1f9d1-1f3fd.png
1F9D1 1F3FD 200D 1F91D 200D 1F9D1 1F3FE	1f9d1-1f3fd-200d-1f91d-200d-1f9d1-1f3fe.png
1F9D1 1F3FD 200D 1F91D 200D 1F9D1 1F3FF	1f9d1-1f3fd-200d-1f91d-200d-1f9d1-1f3ff.png
1F9D1 1F3FD 200D 1F9AF	1f9d1-1f3fd-200d-1f9af.png
1F9D1 1F3FD 200D 1F9AF 200D 27A1	1f9d1-1f3fd-200d-1f9af-200d-27a1.png
1F9D1 1F3FD 200D 1F9B0	1f9d1-1f3fd-200d-1f9b0.png
1F9D1 1F3FD 200D 1F9B1	1f9d1-1f3fd-200d-1f9b1.png
1F9D1 1F3FD 200D 1F9B2	1f9d1-1f3fd-200d-1f9b2.png
1F9D1 1F3FD 200D 1F9B3	1f9d1-1f3fd-200d-1f9b3.png
1F9D1 1F3FD 200D 1F9BC	1f9d1-1f3fd-200d-1f9bc.png
1F9D1 1F3FD 200D 1F9BC 200D 27A1	1f9d1-1f3fd-200d-1f9bc-200d-27a1.png
1F9D1 1F3FD 200D 1F9BD	1f9d1-1f3fd-200d-1f9bd.png
1F9D1 1F3FD 200D 1F9BD 200D 27A1	1f9d1-1f3fd-200d-1f9bd-200d-27a1.png
1F9D1 1F3FD 200D 1FA70	1f9d1-1f3fd-200d-1fa70.png
1F9D1 1F3FD 200D 1FAEF 200D 1F9D1 1F3FB	1f9d1-1f3fd-200d-1faef-200d-1f9d1-1f3fb.png
1F9D1 1F3FD 200D 1FAEF 200D 1F9D1 1F3FC	1f9d1-1f3fd-200d-1faef-200d-1f9d1-1f3fc.png
1F9D1 1F3FD 200D 1FAEF 200D 1F9D1 1F3FE	1f9d1-1f3fd-200d-1faef-200d-1f9d1-1f3fe.png
1F9D1 1F3FD 200D 1FAEF 200D 1F9D1 1F3FF	1f9d1-1f3fd-200d-1faef-200d-1f9d1-1f3ff.png
1F9D1 1F3FD 200D 2695	1f9d1-1f3fd-200d-2695.png
1F9D1 1F3FD 200D 2696	1f9d1-1f3fd-200d-2696.png
1F9D1 1F3FD 200D 2708	1f9d1-1f3fd-200d-2708.png
1F9D1 1F3FD 200D 2764 200D 1F48B 200D 1F9D1 1F3FB	1f9d1-1f3fd-200d-2764-200d-1f48b-200d-1f9d1-1f3fb.png
1F9D1 1F3FD 200D 2764 200D 1F48B 200D 1F9D1 1F3FC	1f9d1-1f3fd-200d-2764-200d-1f48b-200d-1f9d1-1f3fc.png
1F9D1 1F3FD 200D 2764 200D 1F48B 200D 1F9D1 1F3FE	1f9d1-1f3fd-200d-2764-200d-1f48b-200d-1f9d1-1f3fe.png
1F9D1 1F3FD 200D 2764 200D 1F48B 200D 1F9D1 1F3FF	1f9d1-1f3fd-200d-2764-200d-1f48b-200d-1f9d1-1f3ff.png
1F9D1 1F3FD 200D 2764 200D 1F9D1 1F3FB	1f9d1-1f3fd-200d-2764-200d-1f9d1-1f3fb.png
1F9D1 1F3FD 200D 2764 200D 1F9D1 1F3FC	1f9d1-1f3fd-200d-2764-200d-1f9d1-1f3fc.png
1F9D1 1F3FD 200D 2764 200D 1F9D1 1F3FE	1f9d1-1f3fd-200d-2764-200d-1f9d1-1f3fe.png
1F9D1 1F3FD 200D 2764 200D 1F9D1 1F3FF	1f9d1-1f3fd-200d-2764-200d-1f9d1-1f3ff.png
1F9D1 1F3FE	1f9d1-1f3fe.png
1F9D1 1F3FE 200D 1F33E	1f9d1-1f3fe-200d-1f33e.png
1F9D1 1F3FE 200D 1F373	1f9d1-1f3fe-200d-1f373.png
1F9D1 1F3FE 200D 1F37C	1f9d1-1f3fe-200d-1f37c.png
1F9D1 1F3FE 200D 1F384	1f9d1-1f3fe-200d-1f384.png
1F9D1 1F3FE 200D 1F393	1f9d1-1f3fe-200d-1f393.png
1F9D1 1F3FE 200D 1F3A4	1f9d1-1f3fe-200d-1f3a4.png
1F9D1 1F3FE 200D 1F3A8	1f9d1-1f3fe-200d-1f3a8.png
1F9D1 1F3FE 200D 1F3EB	1f9d1-1f3fe-200d-1f3eb.png
1F9D1 1F3FE 200D 1F3ED	1f9d1-1f3fe-200d-1f3ed.png
1F9D1 1F3FE 200D 1F430 200D 1F9D1 1F3FB	1f9d1-1f3fe-200d-1f430-200d-1f9d1-1f3fb.png
1F9D1 1F3FE 200D 1F430 200D 1F9D1 1F3FC	1f9d1-1f3fe-200d-1f430-200d-1f9d1-1f3fc.png
1F9D1 1F3FE 200D 1F430 200D 1F9D1 1F3FD	1f9d1-1f3fe-200d-1f430-200d-1f9d1-1f3fd.png
1F9D1 1F3FE 200D 1F430 200D 1F9D1 1F3FF	1f9d1-1f3fe-200d-1f430-200d-1f9d1-1f3ff.png
1F9D1 1F3FE 200D 1F4BB	1f9d1-1f3fe-200d-1f4bb.png
1F9D1 1F3FE 200D 1F4BC	1f9d1-1f3fe-200d-1f4bc.png
1F9D1 1F3FE 200D 1F527	1f9d1-1f3fe-200d-1f527.png
1F9D1 1F3FE 200D 1F52C	1f9d1-1f3fe-200d-1f52c.png
1F9D1 1F3FE 200D 1F680	1f9d1-1f3fe-200d-1f680.png
1F9D1 1F3FE 200D 1F692	1f9d1-1f3fe-200d-1f692.png
1F9D1 1F3FE 200D 1F91D 200D 1F9D1 1F3FB	1f9d1-1f3fe-200d-1f91d-200d-1f9d1-1f3fb.png
1F9D1 1F3FE 200D 1F91D 200D 1F9D1 1F3FC	1f9d1-1f3fe-200d-1f91d-200d-1f9d1-1f3fc.png
1F9D1 1F3FE 200D 1F91D 200D 1F9D1 1F3FD	1f9d1-1f3fe-200d-1f91d-200d-1f9d1-1f3fd.png
1F9D1 1F3FE 200D 1F91D 200D 1F9D1 1F3FE	1f9d1-1f3fe-200d-1f91d-200d-1f9d1-1f3fe.png
1F9D1 1F3FE 200D 1F91D 200D 1F9D1 1F3FF	1f9d1-1f3fe-200d-1f91d-200d-1f9d1-1f3ff.png
1F9D1 1F3FE 200D 1F9AF	1f9d1-1f3fe-200d-1f9af.png
1F9D1 1F3FE 200D 1F9AF 200D 27A1	1f9d1-1f3fe-200d-1f9af-200d-27a1.png
1F9D1 1F3FE 200D 1F9B0	1f9d1-1f3fe-200d-1f9b0.png
1F9D1 1F3FE 200D 1F9B1	1f9d1-1f3fe-200d-1f9b1.png
1F9D1 1F3FE 200D 1F9B2	1f9d1-1f3fe-200d-1f9b2.png
1F9D1 1F3FE 200D 1F9B3	1f9d1-1f3fe-200d-1f9b3.png
1F9D1 1F3FE 200D 1F9BC	1f9d1-1f3fe-200d-1f9bc.png
1F9D1 1F3FE 200D 1F9BC 200D 27A1	1f9d1-1f3fe-200d-1f9bc-200d-27a1.png
1F9D1 1F3FE 200D 1F9BD	1f9d1-1f3fe-200d-1f9bd.png
1F9D1 1F3FE 200D 1F9BD 200D 27A1	1f9d1-1f3fe-200d-1f9bd-200d-27a1.png
1F9D1 1F3FE 200D 1FA70	1f9d1-1f3fe-200d-1fa70.png
1F9D1 1F3FE 200D 1FAEF 200D 1F9D1 1F3FB	1f9d1-1f3fe-200d-1faef-200d-1f9d1-1f3fb.png
1F9D1 1F3FE 200D 1FAEF 200D 1F9D1 1F3FC	1f9d1-1f3fe-200d-1faef-200d-1f9d1-1f3fc.png
1F9D1 1F3FE 200D 1FAEF 200D 1F9D1 1F3FD	1f9d1-1f3fe-200d-1faef-200d-1f9d1-1f3fd.png
1F9D1 1F3FE 200D 1FAEF 200D 1F9D1 1F3FF	1f9d1-1f3fe-200d-1faef-200d-1f9d1-1f3ff.png
1F9D1 1F3FE 200D 2695	1f9d1-1f3fe-200d-2695.png
1F9D1 1F3FE 200D 2696	1f9d1-1f3fe-200d-2696.png
1F9D1 1F3FE 200D 2708	1f9d1-1f3fe-200d-2708.png
1F9D1 1F3FE 200D 2764 200D 1F48B 200D 1F9D1 1F3FB	1f9d1-1f3fe-200d-2764-200d-1f48b-200d-1f9d1-1f3fb.png
1F9D1 1F3FE 200D 2764 200D 1F48B 200D 1F9D1 1F3FC	1f9d1-1f3fe-200d-2764-200d-1f48b-200d-1f9d1-1f3fc.png
1F9D1 1F3FE 200D 2764 200D 1F48B 200D 1F9D1 1F3FD	1f9d1-1f3fe-200d-2764-200d-1f48b-200d-1f9d1-1f3fd.png
1F9D1 1F3FE 200D 2764 200D 1F48B 200D 1F9D1 1F3FF	1f9d1-1f3fe-200d-2764-200d-1f48b-200d-1f9d1-1f3ff.png
1F9D1 1F3FE 200D 2764 200D 1F9D1 1F3FB	1f9d1-1f3fe-200d-2764-200d-1f9d1-1f3fb.png
1F9D1 1F3FE 200D 2764 200D 1F9D1 1F3FC	1f9d1-1f3fe-200d-2764-200d-1f9d1-1f3fc.png
1F9D1 1F3FE 200D 2764 200D 1F9D1 1F3FD	1f9d1-1f3fe-200d-2764-200d-1f9d1-1f3fd.png
1F9D1 1F3FE 200D 2764 200D 1F9D1 1F3FF	1f9d1-1f3fe-200d-2764-200d-1f9d1-1f3ff.png
1F9D1 1F3FF	1f9d1-1f3ff.png
1F9D1 1F3FF 200D 1F33E	1f9d1-1f3ff-200d-1f33e.png
1F9D1 1F3FF 200D 1F373	1f9d1-1f3ff-200d-1f373.png
1F9D1 1F3FF 200D 1F37C	1f9d1-1f3ff-200d-1f37c.png
1F9D1 1F3FF 200D 1F384	1f9d1-1f3ff-200d-1f384.png
1F9D1 1F3FF 200D 1F393	1f9d1-1f3ff-200d-1f393.png
1F9D1 1F3FF 200D 1F3A4	1f9d1-1f3ff-200d-1f3a4.png
1F9D1 1F3FF 200D 1F3A8	1f9d1-1f3ff-200d-1f3a8.png
1F9D1 1F3FF 200D 1F3EB	1f9d1-1f3ff-200d-1f3eb.png
1F9D1 1F3FF 200D 1F3ED	1f9d1-1f3ff-200d-1f3ed.png
1F9D1 1F3FF 200D 1F430 200D 1F9D1 1F3FB	1f9d1-1f3ff-200d-1f430-200d-1f9d1-1f3fb.png
1F9D1 1F3FF 200D 1F430 200D 1F9D1 1F3FC	1f9d1-1f3ff-200d-1f430-200d-1f9d1-1f3fc.png
1F9D1 1F3FF 200D 1F430 200D 1F9D1 1F3FD	1f9d1-1f3ff-200d-1f430-200d-1f9d1-1f3fd.png
1F9D1 1F3FF 200D 1F430 200D 1F9D1 1F3FE	1f9d1-1f3ff-200d-1f430-200d-1f9d1-1f3fe.png
1F9D1 1F3FF 200D 1F4BB	1f9d1-1f3ff-200d-1f4bb.png
1F9D1 1F3FF 200D 1F4BC	1f9d1-1f3ff-200d-1f4bc.png
1F9D1 1F3FF 200D 1F527	1f9d1-1f3ff-200d-1f527.png
1F9D1 1F3FF 200D 1F52C	1f9d1-1f3ff-200d-1f52c.png
1F9D1 1F3FF 200D 1F680	1f9d1-1f3ff-200d-1f680.png
1F9D1 1F3FF 200D 1F692	1f9d1-1f3ff-200d-1f692.png
1F9D1 1F3FF 200D 1F91D 200D 1F9D1 1F3FB	1f9d1-1f3ff-200d-1f91d-200d-1f9d1-1f3fb.png
1F9D1 1F3FF 200D 1F91D 200D 1F9D1 1F3FC	1f9d1-1f3ff-200d-1f91d-200d-1f9d1-1f3fc.png
1F9D1 1F3FF 200D 1F91D 200D 1F9D1 1F3FD	1f9d1-1f3ff-200d-1f91d-200d-1f9d1-1f3fd.png
1F9D1 1F3FF 200D 1F91D 200D 1F9D1 1F3FE	1f9d1-1f3ff-200d-1f91d-200d-1f9d1-1f3fe.png
1F9D1 1F3FF 200D 1F91D 200D 1F9D1 1F3FF	1f9d1-1f3ff-200d-1f91d-200d-1f9d1-1f3ff.png
1F9D1 1F3FF 200D 1F9AF	1f9d1-1f3ff-200d-1f9af.png
1F9D1 1F3FF 200D 1F9AF 200D 27A1	1f9d1-1f3ff-200d-1f9af-200d-27a1.png
1F9D1 1F3FF 200D 1F9B0	1f9d1-1f3ff-200d-1f9b0.png
1F9D1 1F3FF 200D 1F9B1	1f9d1-1f3ff-200d-1f9b1.png
1F9D1 1F3FF 200D 1F9B2	1f9d1-1f3ff-200d-1f9b2.png
1F9D1 1F3FF 200D 1F9B3	1f9d1-1f3ff-200d-1f9b3.png
1F9D1 1F3FF 200D 1F9BC	1f9d1-1f3ff-200d-1f9bc.png
1F9D1 1F3FF 200D 1F9BC 200D 27A1	1f9d1-1f3ff-200d-1f9bc-200d-27a1.png
1F9D1 1F3FF 200D 1F9BD	1f9d1-1f3ff-200d-1f9bd.png
1F9D1 1F3FF 200D 1F9BD 200D 27A1	1f9d1-1f3ff-200d-1f9bd-200d-27a1.png
1F9D1 1F3FF 200D 1FA70	1f9d1-1f3ff-200d-1fa70.png
1F9D1 1F3FF 200D 1FAEF 200D 1F9D1 1F3FB	1f9d1-1f3ff-200d-1faef-200d-1f9d1-1f3fb.png
1F9D1 1F3FF 200D 1FAEF 200D 1F9D1 1F3FC	1f9d1-1f3ff-200d-1faef-200d-1f9d1-1f3fc.png
1F9D1 1F3FF 200D 1FAEF 200D 1F9D1 1F3FD	1f9d1-1f3ff-200d-1faef-200d-1f9d1-1f3fd.png
1F9D1 1F3FF 200D 1FAEF 200D 1F9D1 1F3FE	1f9d1-1f3ff-200d-1faef-200d-1f9d1-1f3fe.png
1F9D1 1F3FF 200D 2695	1f9d1-1f3ff-200d-2695.png
1F9D1 1F3FF 200D 2696	1f9d1-1f3ff-200d-2696.png
1F9D1 1F3FF 200D 2708	1f9d1-1f3ff-200d-2708.png
1F9D1 1F3FF 200D 2764 200D 1F48B 200D 1F9D1 1F3FB	1f9d1-1f3ff-200d-2764-200d-1f48b-200d-1f9d1-1f3fb.png
1F9D1 1F3FF 200D 2764 200D 1F48B 200D 1F9D1 1F3FC	1f9d1-1f3ff-200d-2764-200d-1f48b-200d-1f9d1-1f3fc.png
1F9D1 1F3FF 200D 2764 200D 1F48B 200D 1F9D1 1F3FD	1f9d1-1f3ff-200d-2764-200d-1f48b-200d-1f9d1-1f3fd.png
1F9D1 1F3FF 200D 2764 200D 1F48B 200D 1F9D1 1F3FE	1f9d1-1f3ff-200d-2764-200d-1f48b-200d-1f9d1-1f3fe.png
1F9D1 1F3FF 200D 2764 200D 1F9D1 1F3FB	1f9d1-1f3ff-200d-2764-200d-1f9d1-1f3fb.png
1F9D1 1F3FF 200D 2764 200D 1F9D1 1F3FC	1f9d1-1f3ff-200d-2764-200d-1f9d1-1f3fc.png
1F9D1 1F3FF 200D 2764 200D 1F9D1 1F3FD	1f9d1-1f3ff-200d-2764-200d-1f9d1-1f3fd.png
1F9D1 1F3FF 200D 2764 200D 1F9D1 1F3FE	1f9d1-1f3ff-200d-2764-200d-1f9d1-1f3fe.png
1F9D1 200D 1F33E	1f9d1-200d-1f33e.png
1F9D1 200D 1F373	1f9d1-200d-1f373.png
1F9D1 200D 1F37C	1f9d1-200d-1f37c.png
1F9D1 200D 1F384	1f9d1-200d-1f384.png
1F9D1 200D 1F393	1f9d1-200d-1f393.png
1F9D1 200D 1F3A4	1f9d1-200d-1f3a4.png
1F9D1 200D 1F3A8	1f9d1-200d-1f3a8.png
1F9D1 200D 1F3EB	1f9d1-200d-1f3eb.png
1F9D1 200D 1F3ED	1f9d1-200d-1f3ed.png
1F9D1 200D 1F4BB	1f9d1-200d-1f4bb.png
1F9D1 200D 1F4BC	1f9d1-200d-1f4bc.png
1F9D1 200D 1F527	1f9d1-200d-1f527.png
1F9D1 200D 1F52C	1f9d1-200d-1f52c.png
1F9D1 200D 1F680	1f9d1-200d-1f680.png
1F9D1 200D 1F692	1f9d1-200d-1f692.png
1F9D1 200D 1F91D 200D 1F9D1	1f9d1-200d-1f91d-200d-1f9d1.png
1F9D1 200D 1F9AF	1f9d1-200d-1f9af.png
1F9D1 200D 1F9AF 200D 27A1	1f9d1-200d-1f9af-200d-27a1.png
1F9D1 200D 1F9B0	1f9d1-200d-1f9b0.png
1F9D1 200D 1F9B1	1f9d1-200d-1f9b1.png
1F9D1 200D 1F9B2	1f9d1-200d-1f9b2.png
1F9D1 200D 1F9B3	1f9d1-200d-1f9b3.png
1F9D1 200D 1F9BC	1f9d1-200d-1f9bc.png
1F9D1 200D 1F9BC 200D 27A1	1f9d1-200d-1f9bc-200d-27a1.png
1F9D1 200D 1F9BD	1f9d1-200d-1f9bd.png
1F9D1 200D 1F9BD 200D 27A1	1f9d1-200d-1f9bd-200d-27a1.png
1F9D1 200D 1F9D1 200D 1F9D2	1f9d1-200d-1f9d1-200d-1f9d2.png
1F9D1 200D 1F9D1 200D 1F9D2 200D 1F9D2	1f9d1-200d-1f9d1-200d-1f9d2-200d-1f9d2.png
1F9D1 200D 1F9D2	1f9d1-200d-1f9d2.png
1F9D1 200D 1F9D2 200D 1F9D2	1f9d1-200d-1f9d2-200d-1f9d2.png
1F9D1 200D 1FA70	1f9d1-200d-1fa70.png
1F9D1 200D 2695	1f9d1-200d-2695.png
1F9D1 200D 2696	1f9d1-200d-2696.png
1F9D1 200D 2708	1f9d1-200d-2708.png
1F9D2	1f9d2.png
1F9D2 1F3FB	1f9d2-1f3fb.png
1F9D2 1F3FC	1f9d2-1f3fc.png
1F9D2 1F3FD	1f9d2-1f3fd.png
1F9D2 1F3FE	1f9d2-1f3fe.png
1F9D2 1F3FF	1f9d2-1f3ff.png
1F9D3	1f9d3.png
1F9D3 1F3FB	1f9d3-1f3fb.png
1F9D3 1F3FC	1f9d3-1f3fc.png
1F9D3 1F3FD	1f9d3-1f3fd.png
1F9D3 1F3FE	1f9d3-1f3fe.png
1F9D3 1F3FF	1f9d3-1f3ff.png
1F9D4	1f9d4.png
1F9D4 1F3FB	1f9d4-1f3fb.png
1F9D4 1F3FB 200D 2640	1f9d4-1f3fb-200d-2640.png
1F9D4 1F3FB 200D 2642	1f9d4-1f3fb-200d-2642.png
1F9D4 1F3FC	1f9d4-1f3fc.png
1F9D4 1F3FC 200D 2640	1f9d4-1f3fc-200d-2640.png
1F9D4 1F3FC 200D 2642	1f9d4-1f3fc-200d-2642.png
1F9D4 1F3FD	1f9d4-1f3fd.png
1F9D4 1F3FD 200D 2640	1f9d4-1f3fd-200d-2640.png
1F9D4 1F3FD 200D 2642	1f9d4-1f3fd-200d-2642.png
1F9D4 1F3FE	1f9d4-1f3fe.png
1F9D4 1F3FE 200D 2640	1f9d4-1f3fe-200d-2640.png
1F9D4 1F3FE 200D 2642	1f9d4-1f3fe-200d-2642.png
1F9D4 1F3FF	1f9d4-1f3ff.png
1F9D4 1F3FF 200D 2640	1f9d4-1f3ff-200d-2640.png
1F9D4 1F3FF 200D 2642	1f9d4-1f3ff-200d-2642.png
1F9D4 200D 2640	1f9d4-200d-2640.png
1F9D4 200D 2642	1f9d4-200d-2642.png
1F9D5	1f9d5.png
1F9D5 1F3FB	1f9d5-1f3fb.png
1F9D5 1F3FC	1f9d5-1f3fc.png
1F9D5 1F3FD	1f9d5-1f3fd.png
1F9D5 1F3FE	1f9d5-1f3fe.png
1F9D5 1F3FF	1f9d5-1f3ff.png
1F9D6	1f9d6.png
1F9D6 1F3FB	1f9d6-1f3fb.png
1F9D6 1F3FB 200D 2640	1f9d6-1f3fb-200d-2640.png
1F9D6 1F3FB 200D 2642	1f9d6-1f3fb-200d-2642.png
1F9D6 1F3FC	1f9d6-1f3fc.png
1F9D6 1F3FC 200D 2640	1f9d6-1f3fc-200d-2640.png
1F9D6 1F3FC 200D 2642	1f9d6-1f3fc-200d-2642.png
1F9D6 1F3FD	1f9d6-1f3fd.png
1F9D6 1F3FD 200D 2640	1f9d6-1f3fd-200d-2640.png
1F9D6 1F3FD 200D 2642	1f9d6-1f3fd-200d-2642.png
1F9D6 1F3FE	1f9d6-1f3fe.png
1F9D6 1F3FE 200D 2640	1f9d6-1f3fe-200d-2640.png
1F9D6 1F3FE 200D 2642	1f9d6-1f3fe-200d-2642.png
1F9D6 1F3FF	1f9d6-1f3ff.png
1F9D6 1F3FF 200D 2640	1f9d6-1f3ff-200d-2640.png
1F9D6 1F3FF 200D 2642	1f9d6-1f3ff-200d-2642.png
1F9D6 200D 2640	1f9d6-200d-2640.png
1F9D6 200D 2642	1f9d6-200d-2642.png
1F9D7	1f9d7.png
1F9D7 1F3FB	1f9d7-1f3fb.png
1F9D7 1F3FB 200D 2640	1f9d7-1f3fb-200d-2640.png
1F9D7 1F3FB 200D 2642	1f9d7-1f3fb-200d-2642.png
1F9D7 1F3FC	1f9d7-1f3fc.png
1F9D7 1F3FC 200D 2640	1f9d7-1f3fc-200d-2640.png
1F9D7 1F3FC 200D 2642	1f9d7-1f3fc-200d-2642.png
1F9D7 1F3FD	1f9d7-1f3fd.png
1F9D7 1F3FD 200D 2640	1f9d7-1f3fd-200d-2640.png
1F9D7 1F3FD 200D 2642	1f9d7-1f3fd-200d-2642.png
1F9D7 1F3FE	1f9d7-1f3fe.png
1F9D7 1F3FE 200D 2640	1f9d7-1f3fe-200d-2640.png
1F9D7 1F3FE 200D 2642	1f9d7-1f3fe-200d-2642.png
1F9D7 1F3FF	1f9d7-1f3ff.png
1F9D7 1F3FF 200D 2640	1f9d7-1f3ff-200d-2640.png
1F9D7 1F3FF 200D 2642	1f9d7-1f3ff-200d-2642.png
1F9D7 200D 2640	1f9d7-200d-2640.png
1F9D7 200D 2642	1f9d7-200d-2642.png
1F9D8	1f9d8.png
1F9D8 1F3FB	1f9d8-1f3fb.png
1F9D8 1F3FB 200D 2640	1f9d8-1f3fb-200d-2640.png
1F9D8 1F3FB 200D 2642	1f9d8-1f3fb-200d-2642.png
1F9D8 1F3FC	1f9d8-1f3fc.png
1F9D8 1F3FC 200D 2640	1f9d8-1f3fc-200d-2640.png
1F9D8 1F3FC 200D 2642	1f9d8-1f3fc-200d-2642.png
1F9D8 1F3FD	1f9d8-1f3fd.png
1F9D8 1F3FD 200D 2640	1f9d8-1f3fd-200d-2640.png
1F9D8 1F3FD 200D 2642	1f9d8-1f3fd-200d-2642.png
1F9D8 1F3FE	1f9d8-1f3fe.png
1F9D8 1F3FE 200D 2640	1f9d8-1f3fe-200d-2640.png
1F9D8 1F3FE 200D 2642	1f9d8-1f3fe-200d-2642.png
1F9D8 1F3FF	1f9d8-1f3ff.png
1F9D8 1F3FF 200D 2640	1f9d8-1f3ff-200d-2640.png
1F9D8 1F3FF 200D 2642	1f9d8-1f3ff-200d-2642.png
1F9D8 200D 2640	1f9d8-200d-2640.png
1F9D8 200D 2642	1f9d8-200d-2642.png
1F9D9	1f9d9.png
1F9D9 1F3FB	1f9d9-1f3fb.png
1F9D9 1F3FB 200D 2640	1f9d9-1f3fb-200d-2640.png
1F9D9 1F3FB 200D 2642	1f9d9-1f3fb-200d-2642.png
1F9D9 1F3FC	1f9d9-1f3fc.png
1F9D9 1F3FC 200D 2640	1f9d9-1f3fc-200d-2640.png
1F9D9 1F3FC 200D 2642	1f9d9-1f3fc-200d-2642.png
1F9D9 1F3FD	1f9d9-1f3fd.png
1F9D9 1F3FD 200D 2640	1f9d9-1f3fd-200d-2640.png
1F9D9 1F3FD 200D 2642	1f9d9-1f3fd-200d-2642.png
1F9D9 1F3FE	1f9d9-1f3fe.png
1F9D9 1F3FE 200D 2640	1f9d9-1f3fe-200d-2640.png
1F9D9 1F3FE 200D 2642	1f9d9-1f3fe-200d-2642.png
1F9D9 1F3FF	1f9d9-1f3ff.png
1F9D9 1F3FF 200D 2640	1f9d9-1f3ff-200d-2640.png
1F9D9 1F3FF 200D 2642	1f9d9-1f3ff-200d-2642.png
1F9D9 200D 2640	1f9d9-200d-2640.png
1F9D9 200D 2642	1f9d9-200d-2642.png
1F9DA	1f9da.png
1F9DA 1F3FB	1f9da-1f3fb.png
1F9DA 1F3FB 200D 2640	1f9da-1f3fb-200d-2640.png
1F9DA 1F3FB 200D 2642	1f9da-1f3fb-200d-2642.png
1F9DA 1F3FC	1f9da-1f3fc.png
1F9DA 1F3FC 200D 2640	1f9da-1f3fc-200d-2640.png
1F9DA 1F3FC 200D 2642	1f9da-1f3fc-200d-2642.png
1F9DA 1F3FD	1f9da-1f3fd.png
1F9DA 1F3FD 200D 2640	1f9da-1f3fd-200d-2640.png
1F9DA 1F3FD 200D 2642	1f9da-1f3fd-200d-2642.png
1F9DA 1F3FE	1f9da-1f3fe.png
1F9DA 1F3FE 200D 2640	1f9da-1f3fe-200d-2640.png
1F9DA 1F3FE 200D 2642	1f9da-1f3fe-200d-2642.png
1F9DA 1F3FF	1f9da-1f3ff.png
1F9DA 1F3FF 200D 2640	1f9da-1f3ff-200d-2640.png
1F9DA 1F3FF 200D 2642	1f9da-1f3ff-200d-2642.png
1F9DA 200D 2640	1f9da-200d-2640.png
1F9DA 200D 2642	1f9da-200d-2642.png
1F9DB	1f9db.png
1F9DB 1F3FB	1f9db-1f3fb.png
1F9DB 1F3FB 200D 2640	1f9db-1f3fb-200d-2640.png
1F9DB 1F3FB 200D 2642	1f9db-1f3fb-200d-2642.png
1F9DB 1F3FC	1f9db-1f3fc.png
1F9DB 1F3FC 200D 2640	1f9db-1f3fc-200d-2640.png
1F9DB 1F3FC 200D 2642	1f9db-1f3fc-200d-2642.png
1F9DB 1F3FD	1f9db-1f3fd.png
1F9DB 1F3FD 200D 2640	1f9db-1f3fd-200d-2640.png
1F9DB 1F3FD 200D 2642	1f9db-1f3fd-200d-2642.png
1F9DB 1F3FE	1f9db-1f3fe.png
1F9DB 1F3FE 200D 2640	1f9db-1f3fe-200d-2640.png
1F9DB 1F3FE 200D 2642	1f9db-1f3fe-200d-2642.png
1F9DB 1F3FF	1f9db-1f3ff.png
1F9DB 1F3FF 200D 2640	1f9db-1f3ff-200d-2640.png
1F9DB 1F3FF 200D 2642	1f9db-1f3ff-200d-2642.png
1F9DB 200D 2640	1f9db-200d-2640.png
1F9DB 200D 2642	1f9db-200d-2642.png
1F9DC	1f9dc.png
1F9DC 1F3FB	1f9dc-1f3fb.png
1F9DC 1F3FB 200D 2640	1f9dc-1f3fb-200d-2640.png
1F9DC 1F3FB 200D 2642	1f9dc-1f3fb-200d-2642.png
1F9DC 1F3FC	1f9dc-1f3fc.png
1F9DC 1F3FC 200D 2640	1f9dc-1f3fc-200d-2640.png
1F9DC 1F3FC 200D 2642	1f9dc-1f3fc-200d-2642.png
1F9DC 1F3FD	1f9dc-1f3fd.png
1F9DC 1F3FD 200D 2640	1f9dc-1f3fd-200d-2640.png
1F9DC 1F3FD 200D 2642	1f9dc-1f3fd-200d-2642.png
1F9DC 1F3FE	1f9dc-1f3fe.png
1F9DC 1F3FE 200D 2640	1f9dc-1f3fe-200d-2640.png
1F9DC 1F3FE 200D 2642	1f9dc-1f3fe-200d-2642.png
1F9DC 1F3FF	1f9dc-1f3ff.png
1F9DC 1F3FF 200D 2640	1f9dc-1f3ff-200d-2640.png
1F9DC 1F3FF 200D 2642	1f9dc-1f3ff-200d-2642.png
1F9DC 200D 2640	1f9dc-200d-2640.png
1F9DC 200D 2642	1f9dc-200d-2642.png
1F9DD	1f9dd.png
1F9DD 1F3FB	1f9dd-1f3fb.png
1F9DD 1F3FB 200D 2640	1f9dd-1f3fb-200d-2640.png
1F9DD 1F3FB 200D 2642	1f9dd-1f3fb-200d-2642.png
1F9DD 1F3FC	1f9dd-1f3fc.png
1F9DD 1F3FC 200D 2640	1f9dd-1f3fc-200d-2640.png
1F9DD 1F3FC 200D 2642	1f9dd-1f3fc-200d-2642.png
1F9DD 1F3FD	1f9dd-1f3fd.png
1F9DD 1F3FD 200D 2640	1f9dd-1f3fd-200d-2640.png
1F9DD 1F3FD 200D 2642	1f9dd-1f3fd-200d-2642.png
1F9DD 1F3FE	1f9dd-1f3fe.png
1F9DD 1F3FE 200D 2640	1f9dd-1f3fe-200d-2640.png
1F9DD 1F3FE 200D 2642	1f9dd-1f3fe-200d-2642.png
1F9DD 1F3FF	1f9dd-1f3ff.png
1F9DD 1F3FF 200D 2640	1f9dd-1f3ff-200d-2640.png
1F9DD 1F3FF 200D 2642	1f9dd-1f3ff-200d-2642.png
1F9DD 200D 2640	1f9dd-200d-2640.png
1F9DD 200D 2642	1f9dd-200d-2642.png
1F9DE	1f9de.png
1F9DE 200D 2640	1f9de-200d-2640.png
1F9DE 200D 2642	1f9de-200d-2642.png
1F9DF	1f9df.png
1F9DF 200D 2640	1f9df-200d-2640.png
1F9DF 200D 2642	1f9df-200d-2642.png
1F9E0	1f9e0.png
1F9E1	1f9e1.png
1F9E2	1f9e2.png
1F9E3	1f9e3.png
1F9E4	1f9e4.png
1F9E5	1f9e5.png
1F9E6	1f9e6.png
1F9E7	1f9e7.png
1F9E8	1f9e8.png
1F9E9	1f9e9.png
1F9EA	1f9ea.png
1F9EB	1f9eb.png
1F9EC	1f9ec.png
1F9ED	1f9ed.png
1F9EE	1f9ee.png
1F9EF	1f9ef.png
1F9F0	1f9f0.png
1F9F1	1f9f1.png
1F9F2	1f9f2.png
1F9F3	1f9f3.png
1F9F4	1f9f4.png
1F9F5	1f9f5.png
1F9F6	1f9f6.png
1F9F7	1f9f7.png
1F9F8	1f9f8.png
1F9F9	1f9f9.png
1F9FA	1f9fa.png
1F9FB	1f9fb.png
1F9FC	1f9fc.png
1F9FD	1f9fd.png
1F9FE	1f9fe.png
1F9FF	1f9ff.png
1FA70	1fa70.png
1FA71	1fa71.png
1FA72	1fa72.png
1FA73	1fa73.png
1FA74	1fa74.png
1FA75	1fa75.png
1FA76	1fa76.png
1FA77	1fa77.png
1FA78	1fa78.png
1FA79	1fa79.png
1FA7A	1fa7a.png
1FA7B	1fa7b.png
1FA7C	1fa7c.png
1FA80	1fa80.png
1FA81	1fa81.png
1FA82	1fa82.png
1FA83	1fa83.png
1FA84	1fa84.png
1FA85	1fa85.png
1FA86	1fa86.png
1FA87	1fa87.png
1FA88	1fa88.png
1FA89	1fa89.png
1FA8A	1fa8a.png
1FA8E	1fa8e.png
1FA8F	1fa8f.png
1FA90	1fa90.png
1FA91	1fa91.png
1FA92	1fa92.png
1FA93	1fa93.png
1FA94	1fa94.png
1FA95	1fa95.png
1FA96	1fa96.png
1FA97	1fa97.png
1FA98	1fa98.png
1FA99	1fa99.png
1FA9A	1fa9a.png
1FA9B	1fa9b.png
1FA9C	1fa9c.png
1FA9D	1fa9d.png
1FA9E	1fa9e.png
1FA9F	1fa9f.png
1FAA0	1faa0.png
1FAA1	1faa1.png
1FAA2	1faa2.png
1FAA3	1faa3.png
1FAA4	1faa4.png
1FAA5	1faa5.png
1FAA6	1faa6.png
1FAA7	1faa7.png
1FAA8	1faa8.png
1FAA9	1faa9.png
1FAAA	1faaa.png
1FAAB	1faab.png
1FAAC	1faac.png
1FAAD	1faad.png
1FAAE	1faae.png
1FAAF	1faaf.png
1FAB0	1fab0.png
1FAB1	1fab1.png
1FAB2	1fab2.png
1FAB3	1fab3.png
1FAB4	1fab4.png
1FAB5	1fab5.png
1FAB6	1fab6.png
1FAB7	1fab7.png
1FAB8	1fab8.png
1FAB9	1fab9.png
1FABA	1faba.png
1FABB	1fabb.png
1FABC	1fabc.png
1FABD	1fabd.png
1FABE	1fabe.png
1FABF	1fabf.png
1FAC0	1fac0.png
1FAC1	1fac1.png
1FAC2	1fac2.png
1FAC3	1fac3.png
1FAC3 1F3FB	1fac3-1f3fb.png
1FAC3 1F3FC	1fac3-1f3fc.png
1FAC3 1F3FD	1fac3-1f3fd.png
1FAC3 1F3FE	1fac3-1f3fe.png
1FAC3 1F3FF	1fac3-1f3ff.png
1FAC4	1fac4.png
1FAC4 1F3FB	1fac4-1f3fb.png
1FAC4 1F3FC	1fac4-1f3fc.png
1FAC4 1F3FD	1fac4-1f3fd.png
1FAC4 1F3FE	1fac4-1f3fe.png
1FAC4 1F3FF	1fac4-1f3ff.png
1FAC5	1fac5.png
1FAC5 1F3FB	1fac5-1f3fb.png
1FAC5 1F3FC	1fac5-1f3fc.png
1FAC5 1F3FD	1fac5-1f3fd.png
1FAC5 1F3FE	1fac5-1f3fe.png
1FAC5 1F3FF	1fac5-1f3ff.png
1FAC6	1fac6.png
1FAC8	1fac8.png
1FACD	1facd.png
1FACE	1face.png
1FACF	1facf.png
1FAD0	1fad0.png
1FAD1	1fad1.png
1FAD2	1fad2.png
1FAD3	1fad3.png
1FAD4	1fad4.png
1FAD5	1fad5.png
1FAD6	1fad6.png
1FAD7	1fad7.png
1FAD8	1fad8.png
1FAD9	1fad9.png
1FADA	1fada.png
1FADB	1fadb.png
1FADC	1fadc.png
1FADF	1fadf.png
1FAE0	1fae0.png
1FAE1	1fae1.png
1FAE2	1fae2.png
1FAE3	1fae3.png
1FAE4	1fae4.png
1FAE5	1fae5.png
1FAE6	1fae6.png
1FAE7	1fae7.png
1FAE8	1fae8.png
1FAE9	1fae9.png
1FAEA	1faea.png
1FAEF	1faef.png
1FAF0	1faf0.png
1FAF0 1F3FB	1faf0-1f3fb.png
1FAF0 1F3FC	1faf0-1f3fc.png
1FAF0 1F3FD	1faf0-1f3fd.png
1FAF0 1F3FE	1faf0-1f3fe.png
1FAF0 1F3FF	1faf0-1f3ff.png
1FAF1	1faf1.png
1FAF1 1F3FB	1faf1-1f3fb.png
1FAF1 1F3FB 200D 1FAF2 1F3FC	1faf1-1f3fb-200d-1faf2-1f3fc.png
1FAF1 1F3FB 200D 1FAF2 1F3FD	1faf1-1f3fb-200d-1faf2-1f3fd.png
1FAF1 1F3FB 200D 1FAF2 1F3FE	1faf1-1f3fb-200d-1faf2-1f3fe.png
1FAF1 1F3FB 200D 1FAF2 1F3FF	1faf1-1f3fb-200d-1faf2-1f3ff.png
1FAF1 1F3FC	1faf1-1f3fc.png
1FAF1 1F3FC 200D 1FAF2 1F3FB	1faf1-1f3fc-200d-1faf2-1f3fb.png
1FAF1 1F3FC 200D 1FAF2 1F3FD	1faf1-1f3fc-200d-1faf2-1f3fd.png
1FAF1 1F3FC 200D 1FAF2 1F3FE	1faf1-1f3fc-200d-1faf2-1f3fe.png
1FAF1 1F3FC 200D 1FAF2 1F3FF	1faf1-1f3fc-200d-1faf2-1f3ff.png
1FAF1 1F3FD	1faf1-1f3fd.png
1FAF1 1F3FD 200D 1FAF2 1F3FB	1faf1-1f3fd-200d-1faf2-1f3fb.png
1FAF1 1F3FD 200D 1FAF2 1F3FC	1faf1-1f3fd-200d-1faf2-1f3fc.png
1FAF1 1F3FD 200D 1FAF2 1F3FE	1faf1-1f3fd-200d-1faf2-1f3fe.png
1FAF1 1F3FD 200D 1FAF2 1F3FF	1faf1-1f3fd-200d-1faf2-1f3ff.png
1FAF1 1F3FE	1faf1-1f3fe.png
1FAF1 1F3FE 200D 1FAF2 1F3FB	1faf1-1f3fe-200d-1faf2-1f3fb.png
1FAF1 1F3FE 200D 1FAF2 1F3FC	1faf1-1f3fe-200d-1faf2-1f3fc.png
1FAF1 1F3FE 200D 1FAF2 1F3FD	1faf1-1f3fe-200d-1faf2-1f3fd.png
1FAF1 1F3FE 200D 1FAF2 1F3FF	1faf1-1f3fe-200d-1faf2-1f3ff.png
1FAF1 1F3FF	1faf1-1f3ff.png
1FAF1 1F3FF 200D 1FAF2 1F3FB	1faf1-1f3ff-200d-1faf2-1f3fb.png
1FAF1 1F3FF 200D 1FAF2 1F3FC	1faf1-1f3ff-200d-1faf2-1f3fc.png
1FAF1 1F3FF 200D 1FAF2 1F3FD	1faf1-1f3ff-200d-1faf2-1f3fd.png
1FAF1 1F3FF 200D 1FAF2 1F3FE	1faf1-1f3ff-200d-1faf2-1f3fe.png
1FAF2	1faf2.png
1FAF2 1F3FB	1faf2-1f3fb.png
1FAF2 1F3FC	1faf2-1f3fc.png
1FAF2 1F3FD	1faf2-1f3fd.png
1FAF2 1F3FE	1faf2-1f3fe.png
1FAF2 1F3FF	1faf2-1f3ff.png
1FAF3	1faf3.png
1FAF3 1F3FB	1faf3-1f3fb.png
1FAF3 1F3FC	1faf3-1f3fc.png
1FAF3 1F3FD	1faf3-1f3fd.png
1FAF3 1F3FE	1faf3-1f3fe.png
1FAF3 1F3FF	1faf3-1f3ff.png
1FAF4	1faf4.png
1FAF4 1F3FB	1faf4-1f3fb.png
1FAF4 1F3FC	1faf4-1f3fc.png
1FAF4 1F3FD	1faf4-1f3fd.png
1FAF4 1F3FE	1faf4-1f3fe.png
1FAF4 1F3FF	1faf4-1f3ff.png
1FAF5	1faf5.png
1FAF5 1F3FB	1faf5-1f3fb.png
1FAF5 1F3FC	1faf5-1f3fc.png
1FAF5 1F3FD	1faf5-1f3fd.png
1FAF5 1F3FE	1faf5-1f3fe.png
1FAF5 1F3FF	1faf5-1f3ff.png
1FAF6	1faf6.png
1FAF6 1F3FB	1faf6-1f3fb.png
1FAF6 1F3FC	1faf6-1f3fc.png
1FAF6 1F3FD	1faf6-1f3fd.png
1FAF6 1F3FE	1faf6-1f3fe.png
1FAF6 1F3FF	1faf6-1f3ff.png
1FAF7	1faf7.png
1FAF7 1F3FB	1faf7-1f3fb.png
1FAF7 1F3FC	1faf7-1f3fc.png
1FAF7 1F3FD	1faf7-1f3fd.png
1FAF7 1F3FE	1faf7-1f3fe.png
1FAF7 1F3FF	1faf7-1f3ff.png
1FAF8	1faf8.png
1FAF8 1F3FB	1faf8-1f3fb.png
1FAF8 1F3FC	1faf8-1f3fc.png
1FAF8 1F3FD	1faf8-1f3fd.png
1FAF8 1F3FE	1faf8-1f3fe.png
1FAF8 1F3FF	1faf8-1f3ff.png
203C	203c.png
2049	2049.png
2122	2122.png
2139	2139.png
2194	2194.png
2195	2195.png
2196	2196.png
2197	2197.png
2198	2198.png
2199	2199.png
21A9	21a9.png
21AA	21aa.png
23 20E3	23-20e3.png
231A	231a.png
231B	231b.png
2328	2328.png
23CF	23cf.png
23E9	23e9.png
23EA	23ea.png
23EB	23eb.png
23EC	23ec.png
23ED	23ed.png
23EE	23ee.png
23EF	23ef.png
23F0	23f0.png
23F1	23f1.png
23F2	23f2.png
23F3	23f3.png
23F8	23f8.png
23F9	23f9.png
23FA	23fa.png
24C2	24c2.png
25AA	25aa.png
25AB	25ab.png
25B6	25b6.png
25C0	25c0.png
25FB	25fb.png
25FC	25fc.png
25FD	25fd.png
25FE	25fe.png
2600	2600.png
2601	2601.png
2602	2602.png
2603	2603.png
2604	2604.png
260E	260e.png
2611	2611.png
2614	2614.png
2615	2615.png
2618	2618.png
261D	261d.png
261D 1F3FB	261d-1f3fb.png
261D 1F3FC	261d-1f3fc.png
261D 1F3FD	261d-1f3fd.png
261D 1F3FE	261d-1f3fe.png
261D 1F3FF	261d-1f3ff.png
2620	2620.png
2622	2622.png
2623	2623.png
2626	2626.png
262A	262a.png
262E	262e.png
262F	262f.png
2638	2638.png
2639	2639.png
263A	263a.png
2640	2640.png
2642	2642.png
2648	2648.png
2649	2649.png
264A	264a.png
264B	264b.png
264C	264c.png
264D	264d.png
264E	264e.png
264F	264f.png
2650	2650.png
2651	2651.png
2652	2652.png
2653	2653.png
265F	265f.png
2660	2660.png
2663	2663.png
2665	2665.png
2666	2666.png
2668	2668.png
267B	267b.png
267E	267e.png
267F	267f.png
2692	2692.png
2693	2693.png
2694	2694.png
2695	2695.png
2696	2696.png
2697	2697.png
2699	2699.png
269B	269b.png
269C	269c.png
26A0	26a0.png
26A1	26a1.png
26A7	26a7.png
26AA	26aa.png
26AB	26ab.png
26B0	26b0.png
26B1	26b1.png
26BD	26bd.png
26BE	26be.png
26C4	26c4.png
26C5	26c5.png
26C8	26c8.png
26CE	26ce.png
26CF	26cf.png
26D1	26d1.png
26D3	26d3.png
26D3 200D 1F4A5	26d3-200d-1f4a5.png
26D4	26d4.png
26E9	26e9.png
26EA	26ea.png
26F0	26f0.png
26F1	26f1.png
26F2	26f2.png
26F3	26f3.png
26F4	26f4.png
26F5	26f5.png
26F7	26f7.png
26F8	26f8.png
26F9	26f9.png
26F9 1F3FB	26f9-1f3fb.png
26F9 1F3FB 200D 2640	26f9-1f3fb-200d-2640.png
26F9 1F3FB 200D 2642	26f9-1f3fb-200d-2642.png
26F9 1F3FC	26f9-1f3fc.png
26F9 1F3FC 200D 2640	26f9-1f3fc-200d-2640.png
26F9 1F3FC 200D 2642	26f9-1f3fc-200d-2642.png
26F9 1F3FD	26f9-1f3fd.png
26F9 1F3FD 200D 2640	26f9-1f3fd-200d-2640.png
26F9 1F3FD 200D 2642	26f9-1f3fd-200d-2642.png
26F9 1F3FE	26f9-1f3fe.png
26F9 1F3FE 200D 2640	26f9-1f3fe-200d-2640.png
26F9 1F3FE 200D 2642	26f9-1f3fe-200d-2642.png
26F9 1F3FF	26f9-1f3ff.png
26F9 1F3FF 200D 2640	26f9-1f3ff-200d-2640.png
26F9 1F3FF 200D 2642	26f9-1f3ff-200d-2642.png
26F9 200D 2640	26f9-200d-2640.png
26F9 200D 2642	26f9-200d-2642.png
26FA	26fa.png
26FD	26fd.png
2702	2702.png
2705	2705.png
2708	2708.png
2709	2709.png
270A	270a.png
270A 1F3FB	270a-1f3fb.png
270A 1F3FC	270a-1f3fc.png
270A 1F3FD	270a-1f3fd.png
270A 1F3FE	270a-1f3fe.png
270A 1F3FF	270a-1f3ff.png
270B	270b.png
270B 1F3FB	270b-1f3fb.png
270B 1F3FC	270b-1f3fc.png
270B 1F3FD	270b-1f3fd.png
270B 1F3FE	270b-1f3fe.png
270B 1F3FF	270b-1f3ff.png
270C	270c.png
270C 1F3FB	270c-1f3fb.png
270C 1F3FC	270c-1f3fc.png
270C 1F3FD	270c-1f3fd.png
270C 1F3FE	270c-1f3fe.png
270C 1F3FF	270c-1f3ff.png
270D	270d.png
270D 1F3FB	270d-1f3fb.png
270D 1F3FC	270d-1f3fc.png
270D 1F3FD	270d-1f3fd.png
270D 1F3FE	270d-1f3fe.png
270D 1F3FF	270d-1f3ff.png
270F	270f.png
2712	2712.png
2714	2714.png
2716	2716.png
271D	271d.png
2721	2721.png
2728	2728.png
2733	2733.png
2734	2734.png
2744	2744.png
2747	2747.png
274C	274c.png
274E	274e.png
2753	2753.png
2754	2754.png
2755	2755.png
2757	2757.png
2763	2763.png
2764	2764.png
2764 200D 1F525	2764-200d-1f525.png
2764 200D 1FA79	2764-200d-1fa79.png
2795	2795.png
2796	2796.png
2797	2797.png
27A1	27a1.png
27B0	27b0.png
27BF	27bf.png
2934	2934.png
2935	2935.png
2A 20E3	2a-20e3.png
2B05	2b05.png
2B06	2b06.png
2B07	2b07.png
2B1B	2b1b.png
2B1C	2b1c.png
2B50	2b50.png
2B55	2b55.png
30 20E3	30-20e3.png
3030	3030.png
303D	303d.png
31 20E3	31-20e3.png
32 20E3	32-20e3.png
3297	3297.png
3299	3299.png
33 20E3	33-20e3.png
34 20E3	34-20e3.png
35 20E3	35-20e3.png
36 20E3	36-20e3.png
37 20E3	37-20e3.png
38 20E3	38-20e3.png
39 20E3	39-20e3.png
A9	a9.png
AE	ae.png
