# File	Original source path	Original SHA256	Bundled SHA256
1f004.png	2D/png/128/emoji_u1f004.png	7e6b93b74b8db491ddadf203b0520ab0951550e3976ee56f5c12aad2d4905058	1c4543682828fb67a6afdcf9049bff77b14121ee88df688da221573392d854b4
1f0cf.png	2D/png/128/emoji_u1f0cf.png	47cc5a6f9fbfcd46f9792b7f7af8c6df925540318d37f1c11ef57900d5a0c7af	e383d1a1b87985afffc48215aaf2b22016c565e7ce6d770f09c3e9cd392c05df
1f170.png	2D/png/128/emoji_u1f170.png	28eb3fc2a1dc93119a366ba798966650081a9f2ebf116cd5c6c74a34ef1afc92	6e709d51348f89b73e62c820e4af39aa63dfa086a416ded98f1e2d2bf2566de5
1f171.png	2D/png/128/emoji_u1f171.png	0833dec3af67b7c7625bd1cafedfb19e596807c29cf5933d14e5bf4dbc02db77	5407ed560648e3251b3cd999ebdf6614e65867414578a06afa8f00fd8be07b9e
1f17e.png	2D/png/128/emoji_u1f17e.png	b6fdd277b7de682fe5b6251e95db7d4ac281672e8a183c72465153265cc798b8	07290a2f44aa416c2cf63262f1f035491962fab7c6f128d42d61f1d761370914
1f17f.png	2D/png/128/emoji_u1f17f.png	cf208941f7ea9942f9bf0ad195e26d3c060db50896afcd580c92c0c62524de77	4318a2efdc7a05cbe5c0e03a2791cd8e5983c17e76987c08310e5e6288daace8
1f18e.png	2D/png/128/emoji_u1f18e.png	31836f78c0e7843b1ca0c6a9cb7ec4f99b0837ee4b0243d03be427fa41f43c41	4ab3b3b0d3fbed462b41405423904a33a8ac1118b657cb9e912629753900072b
1f191.png	2D/png/128/emoji_u1f191.png	2862c8fbfe25ed4d60f671846ae570ad1abfd4da84fad7ead35d83cad3bddbb2	f44cdf4b9fc10e938611a13f3fa0c7051eca463da88d1ed42025b754c4bf0eec
1f192.png	2D/png/128/emoji_u1f192.png	7da26ac7495826aee42711e269796acec9ec9618aa0b84781227570367e79154	da06d6084098db04846222fa2db2fbe4e62a3af26bfc081c368a680cd80a81df
1f193.png	2D/png/128/emoji_u1f193.png	0d46272836ded2a8b15c5a1677f7b359b9948c97741adef9921e1744ecd3d444	e73996319cad67987ed0e532c21407a4f484b7b7e05ffa4756e91b7a14c4d3a6
1f194.png	2D/png/128/emoji_u1f194.png	26633de40fb9ee61ad0f65d153fd16c84dec56563e897902e98177051f7f6546	bd0de76449b50b1d0a3358deeaad9f6e9e9b4f2a7c543486a85644fa8f30d600
1f195.png	2D/png/128/emoji_u1f195.png	92951aa515d6e7a0dedca94cc6e8570e9f00f1c3f777b89316ea98cdcf48c14b	936693008198c8e5487e7b00781aa4393fcce9d77cec45922b6fcb7a667c329c
1f196.png	2D/png/128/emoji_u1f196.png	7fd8231c568a8713b09ad1b87dfc2dfd3c25e51851b277479fa86a971b7a2ae7	9bb6b604b9d324e80b9bb6c3e2517a7d50e87bf11fbe047bee62e38f178b6d64
1f197.png	2D/png/128/emoji_u1f197.png	62327942b73ca912b0e2acf3e6c3759415d13efb4e85b898e52962e5995acfab	02e8363ba42fd64bea17d4f5ac894c335668f5384ccb4ae493c8f23b0c969079
1f198.png	2D/png/128/emoji_u1f198.png	217a82d24ef1f36baccef6ace3aa01b56647ae4d126c41a97f6e0defb939e03b	455d40d43dfdc4ab84b91064f56242e747f17c9386ba51a46a73c1ab46afeccb
1f199.png	2D/png/128/emoji_u1f199.png	cb2793bcba2e1c966796c1bc3d5a24c1230e3f23e9ca15e77226da76f885a64b	a359bd6668ea72774d01a0f477a2ad1ed9ea8c4f498f829abeaf7b9c56f6f6ac
1f19a.png	2D/png/128/emoji_u1f19a.png	f9540360c1653879ae8f0a6e2a34097a7e4d305a95a1b4b4e14d8aa01d3a0f9b	b6496cf355901384bb9f0b9cb62dde081d7c73068779337cce9b98b80d9382e4
1f201.png	2D/png/128/emoji_u1f201.png	86e2989952903fd891839bdfbc65dadd26ca72e5b7e237e7e09fda302399f577	15a55ed13939710cfbc7d53da6173f8827bb4f8511096a91dfab1c1ba65a9627
1f202.png	2D/png/128/emoji_u1f202.png	7762dee6f26661ddbbd24cb0a4c71e5c628e30c0e30a56705735d47f777d5c51	dffe6da930da3af199742df953c6b973fcf5648b34961c37eebacf1ecb7df747
1f21a.png	2D/png/128/emoji_u1f21a.png	e5a60e2d232f0d39d9658d698fe85f0fbf391d215c13dbafd47889aa580f8ebe	6f64587e662c28710d390e3714fdfaae79e79967c78c644e2ece5bf1965eab2e
1f22f.png	2D/png/128/emoji_u1f22f.png	60a5e8ce21906ef3272605bfa0262284d2c614755e444243009c4cad3e163bfe	d062eb28efbe2ae00ac3c68f4b23362cb9a56e820a3459153ac23e2a14c04ac0
1f232.png	2D/png/128/emoji_u1f232.png	0e47d03da9c088cb15f268c31377ef461b0eb5a38a104cc81f6ec1dd07ecf75e	9f9348e4125ab5e8a2628a7d2ff91184ce9f074e69406afee3b5dcd8e1bd8561
1f233.png	2D/png/128/emoji_u1f233.png	3b8712e252dc92a0744cbd3cdf5697a9b99e29c6d16e58b945fe5441792e1ea2	fd436935719320804a41514f8996a9c47be0102d662e98b98d9669dbbe293adf
1f234.png	2D/png/128/emoji_u1f234.png	bc71b98d74be6359fb163e5bdd5a16b22a199bdc2849087065921ddc9e29d189	7d0065ebeaa3567b4ce8fd36d5ef10fa8d11721d47f24cd9b77b565b55d5ca9e
1f235.png	2D/png/128/emoji_u1f235.png	aeaa3af0ba4a967ba6fbf1228dc9a325d396a884b52af9b5a9e2586da27e1261	494314b6e050803bf6e243def3c14d54d867bf935c0079f5f4aa1b65f525a5b0
1f236.png	2D/png/128/emoji_u1f236.png	5c1579ed1306e1eb4eebb22189eecafecd9c0431cb17551f09d999fe39e95432	788b60cc32fcc15c872cacee61c9e770553c062ed73b950a4f289469e3a988d7
1f237.png	2D/png/128/emoji_u1f237.png	534fa4731ed7fcdd5bcb98d17251f1e1b3aa5d51347d3c887fa3548cfccdccab	1523cfde0b515c4fe75c485c0e53f78397f3b2fb1db61c820b5e65f42fab98da
1f238.png	2D/png/128/emoji_u1f238.png	3ba428b9f42d622dfc0e4043adf58674cf00cf36c8919682df217a4e48076c6f	ff1f27b6f7551f9c809a2e48277f896d0ce11d8b95e1d57155587bf218ca692d
1f239.png	2D/png/128/emoji_u1f239.png	8307c18275f5857bb76ce1848f8caf45a87ca67bde509d1c20486399ec0116ef	02ee077f9a9420d64d69e92d90dde36b94c52e0a840a6fce4778a35e9bb9c649
1f23a.png	2D/png/128/emoji_u1f23a.png	82ee9174278ef8107d0f4f5273eb3adf3d846f8d03c15ed8adcd7f1fd38bb0bc	8f46f1d107f9299c27099a2ef90f670ecf9911e89d03e56fa75d76c583a8a046
1f250.png	2D/png/128/emoji_u1f250.png	7fefd9cc886228460c6ac02744531f5fa6d9d91b458f29140f089d4b607b502b	ee9e527f51303130d800c7960b3b70eb29398e9d76cca5336cf0aaa69b66a7fd
1f251.png	2D/png/128/emoji_u1f251.png	91a693fcfd42e38dc38d5603076f0ce0d4b071885c956b5036349144f130e8de	3475d729e8bedd46d61fe8a094451f7b76aa62215076844ad36a69d3d8907cab
1f300.png	2D/png/128/emoji_u1f300.png	377871826bd2e744530d6a43d85cb09a4fcbfef3b77604d5f3dc70a4629350a9	0da3c5bf9ee822c5f6a57609641e76d3a8c68a6a11d1cd4029ebf517cfe9b025
1f301.png	2D/png/128/emoji_u1f301.png	93d73fc21091716cfb63329b1eafca2aeb5924bdcd1c6db4aea8e474bc0ca3d9	b895899b5ca8d2dbd16d78dfb8d1e132f0f3201e40f1ccf543762c94ca5a03b9
1f302.png	2D/png/128/emoji_u1f302.png	8e32efdf724682527983352ea1b85643ff0968305188120ee94e501bfa316784	b8601e76f97b7efa481b9d9566074f17190a96eab225d0c84cefb19131eac180
1f303.png	2D/png/128/emoji_u1f303.png	70b6b1ba1dbff31e4d6e0952b0de7a8dae2a3e8130a2202bd729ba589eec3741	b6dd5d3f15c684b35a7d46e91489e3fb25e913b49812d3739f6d7f8b909011e4
1f304.png	2D/png/128/emoji_u1f304.png	7138b9554f2f19c834ae05d6b441313dd763f3b5714ffae7dff9ae1a48288d52	a5ee5453fc2efeaf99660d1d57a8583de8e1efc06cbc09fbe9168bb5a7379d0a
1f305.png	2D/png/128/emoji_u1f305.png	85c2d60da0e1c9857e9922cd8847ed995586e291479aa4b0fbc0403ab70de43d	88a5bcfc4eaf1c475b0058bf5791f71382a1be07240edf07654a45d0037baec0
1f306.png	2D/png/128/emoji_u1f306.png	fe313e525bbfb9a268282fa87494bf1c12dcec08bd53d7df8242fee973e79845	e9687ac5d02d0c9aa1c6d67900f6dca50eb96ffcb7a2517bf7578d3926277906
1f307.png	2D/png/128/emoji_u1f307.png	e0dd323630af3d38bc62901b96c2260f70ea16f03bb270a43ac2572a9cba5c0b	e01cd57c619ef97b977ef1137f74156aa5a57a1433388f3bd90fa67f972a6564
1f308.png	2D/png/128/emoji_u1f308.png	7c9ad249dd1257d312821fed49babbb95c2656709e335dadbbff15a682c82465	406785639be356d434483b9acf89acb2a725dac8a09308d6f155663e36e09301
1f309.png	2D/png/128/emoji_u1f309.png	7f0c5d8fd25daeb05f3ce45fcf125b2ac736b9b33485adadfb9f0677a68d9101	d0a5538b2df079925f65ced7fc694f975e61d3e12cb491d2ee2058c851af2b6c
1f30a.png	2D/png/128/emoji_u1f30a.png	846d2c1f5c7bc12bfa5019edffcf1f35a9cc5a5f242d5287705e0aeb1eea6c41	4426bbfeab0ff3cbc2d025ea7fb37995e61a562ead25d825669c3331c44e01ba
1f30b.png	2D/png/128/emoji_u1f30b.png	b74e3d55bc462dfbb4a2cff26daba585dba367f82c7ab664584f29fad0b81090	6d66afd9e12742f9bab26113a33a2b921b94c9c17ed781b9830d2738f6817e2f
1f30c.png	2D/png/128/emoji_u1f30c.png	11213699f564a0c133e43531520825800ac4601395bbaf06df358aadeeef79c2	3ce4ef83a740cf9859918c5839687dc08af1e81612be5aa7b40bb2e9d957bb5f
1f30d.png	2D/png/128/emoji_u1f30d.png	3aef04d64546df36f2e6efaf220372ea6d84d75589e1c612b621f70e69311cf6	fa5f1a14c95236003483d563a5e1a2af48fca8b16ede3c3180bbe187f32827f4
1f30e.png	2D/png/128/emoji_u1f30e.png	58601e5a6c69356ff8eb206ad06876ba5e140931122a2c54604acf3708402eaf	3946e6e17303ff0130fdc3be31b77aefeb8532caed82779edf241904bfe0d569
1f30f.png	2D/png/128/emoji_u1f30f.png	11870b68ff34849546c4278d78edac67c5cf768c9d68d5c11a280f71666e50f1	5df1053ee5225eed90cb3fd79f16e0cbf2de920186f0a5c588463ac8d7bc170a
1f310.png	2D/png/128/emoji_u1f310.png	e4b4f7e601fd143eebb42d4039c20b22722a8eb896a9f59cead643e7cc89e2e3	896778924f7141567f50c9ed13a4ac49565f50f45f4718224624d419bd921937
1f311.png	2D/png/128/emoji_u1f311.png	49d5c430c1a38eef2b880adff1e11df93d64ec684958dc300086675d50706a72	72f9527f48d449c91680b83a3aef188a386d9a69d92d8259ca04e67e91a81099
1f312.png	2D/png/128/emoji_u1f312.png	ea9ddc57416b4781e21da8d417c0d261920ac84ed70eaa41766af1f2dcffaae2	42d5658621ad91d5cd146c26dfa8e5ffabb45069d083eac645c1e08e5c668a17
1f313.png	2D/png/128/emoji_u1f313.png	2230001ed4d9e2a677800002e56c2bce7b3ecc50d4614805ff7c575ce7a1905e	a9405205979b8805acf3f756b2ead96a02709823606e9415b2bcf79b5fc8a51c
1f314.png	2D/png/128/emoji_u1f314.png	6207b46865c8d376488b4b9f4a5b9b221ed440c021e0dc02cb2604e662fad50d	7133427b763debc4dc955dc86979da9cda7ced108ab950cfc8b17e4e4635fb4c
1f315.png	2D/png/128/emoji_u1f315.png	4d531afd11c17bb544eec5fc791767f602e983f77a143e6e0788e87a05ee565a	ccd9182265342394d5b1c1703db81a38c1957ef14d58798eeaaf63c87120cccb
1f316.png	2D/png/128/emoji_u1f316.png	2903a218767800383348cbd91cbf132604bc0a7bc4e75f870f2ba2c38d8ce6bf	3c44f3bd78afcd212ce91ef3da49132a9a6346a111cdd901bcca5576ef7040ec
1f317.png	2D/png/128/emoji_u1f317.png	ab92d979277175a31c2b8554839fef6479d1ffdb6ae29e8c2cc6360f361c868f	08fb1cd963dea9a9412c34033a7037cd939000fc0cf7ff4678b9addfeb36c91e
1f318.png	2D/png/128/emoji_u1f318.png	d001c6fbcc4503122ec4e115499022f8a18825b9e46f35936c426166b3342f8c	680514cb205b9dc1d027f0848fc95c16441f346db69dad9cf7abfe7d780dfec4
1f319.png	2D/png/128/emoji_u1f319.png	1f8c7b12f29e745e72f8c90cf1cedcc3dad3176ce840e899affb7507f6b233ff	e3389c81870c7811271f7bec7fc69f9b2df57e9c1fb189fbb0700ae41815ee71
1f31a.png	2D/png/128/emoji_u1f31a.png	dd165d06894b093bbd44d5ff2a4ffb017b43edec9416b17368d6b4c3df4838a0	a6ccba93369010c7214e1d8c32d4818771eca51abe934cc17bdccab1295b6491
1f31b.png	2D/png/128/emoji_u1f31b.png	0be5a3fe897274ad3253ee9cb8eebac0074443cdcfc4c13695c3eccedcee9853	76bfecd1a57e3181e6e08a7558c2ec08ad7b00862a1c87548853b76e56a3c33a
1f31c.png	2D/png/128/emoji_u1f31c.png	d1f6ea11ab0c4532a225d9e06fd43a76b0836a08d5e41353655f99cfde1dcc24	1726f85b043723e6a0a70bd906636845e8001c28818ff04fb6fcca5f0a196c74
1f31d.png	2D/png/128/emoji_u1f31d.png	d5a0f60ba5c37864c08d3befffd7a3dae61fe30ae4a7fc4cc87834bbf05ff473	a95563b9339132fe565d6f7f96b7054c963920ea42bf33cade7d8b458e2aecb4
1f31e.png	2D/png/128/emoji_u1f31e.png	2ceb75dab2d70ff34b16fafa5d181398da65f6c215dcf253a86aeb9b03ec9074	d5fcbd1bdc69e68bb54e551913c633ebafae815a9940335264a90cf9b252a3ae
1f31f.png	2D/png/128/emoji_u1f31f.png	593eae0fdb268a3d1bcbcb4f0152445de91f80e2ce2a9b8810c43912ad458778	ca12c212df1de02d9d1badb48ee10f82009623e3310d7c81796695066fe06c63
1f320.png	2D/png/128/emoji_u1f320.png	836f24393a95e77b6cbe2e76b7d90f3eec6a6b44bd78e220ce1be163a9ffebad	ef228896710443dc5403b3808cef090a78a34e650df4e8b33134fa26d35d4bf0
1f321.png	2D/png/128/emoji_u1f321.png	5c9728a3d76be97eb9c9933afb105f2eefdcd142e8280ed65e3022e1410266b1	3287adbffa337c9cdfaa39fc54f7cf8ebb1b700cd64469580719342452dd28e3
1f324.png	2D/png/128/emoji_u1f324.png	6dcf782085d29a0dbe94dc079071dcbaac94cc1e331c1a4a9201247713a2997e	40cbd8d18777ad9a242c631129f14aeaefb21ceb51153b0bd74b1ea12e6d76d4
1f325.png	2D/png/128/emoji_u1f325.png	a2a29e6e01b18d377fe7ce05ec90224ab183345f81e3ace9034fa19a8c04e237	afeb5eed1e5492bb53b3a479d61b0d92418cb33ba200ce8b41fca9893032a479
1f326.png	2D/png/128/emoji_u1f326.png	890159059d4592a056564475973a1eacb07024acf4988bc46de2ebe60d9c435b	7d22ec2a4cb24d8addbdd8197871749d8c2f3e8865b7262e8845f1c1691ceb92
1f327.png	2D/png/128/emoji_u1f327.png	de44a2d817f31341085a3c51b09ff4f5f9e9d6dbb8867db8c059a04f5516e10b	6f10f468f5d982969069ee4d0979504ff230943feeaccbd3901aec930b2dcc69
1f328.png	2D/png/128/emoji_u1f328.png	d9590c2bca9a5779f21aa7c02e2b5e4905ea7ecc127496334834f20f4c95d3e5	3757b2e550728dfb85aea3d5143c41dce09515931fee87cfb050fce40e745716
1f329.png	2D/png/128/emoji_u1f329.png	8e3228663b61fe3216ab3c34a6dec721a9a21fba05af9073919b3c509cb713d0	28225d5722ef3f7a3a3e08b5fe560a2f053aec0b50837512c7b79f6c67da0981
1f32a.png	2D/png/128/emoji_u1f32a.png	b1808e4757bf1d1331e554c57043d57c9442cd17f52a5e11161b7f50ee1d8b52	b815596d07e167aa382bd499f642195102020a6ee88704c240555106aae37670
1f32b.png	2D/png/128/emoji_u1f32b.png	a15a1d3cc301682f6f056f36cbab4a16c6d80d8ad48499936dd571dba9a3dc00	333e944b5d2b044459de62cbdf1d49a7086c442fbc6602bfa9448a8e243de200
1f32c.png	2D/png/128/emoji_u1f32c.png	872a4fffaa43b1805f09006f599c520be09daf565508586eedffe182d595fbed	f75192b67b5cc888b3796389602953a4790a71a3d3e14ca435a1e2c8ac799844
1f32d.png	2D/png/128/emoji_u1f32d.png	b73f04b7f7398f36b445f4acf9682946769cd35776faded308b7de06cc1be295	585b0ab2f6da9394937ae81fe4b9f2e8232c4bf09cc28a84a95b5c7346bc8bf6
1f32e.png	2D/png/128/emoji_u1f32e.png	1a79cef9a506ec8300ca0752ed5ee759a1afafcd9d31e1aeabbef8faff4975b9	a92fe32165342d76f4f84ed11591146834102c72c89a511714755cbfc57b4957
1f32f.png	2D/png/128/emoji_u1f32f.png	2841533be8d8c0043eb0ec1e2ed459525e6e38ba233cb112ab5b83e7f4c47707	84f174a8adcc6e62352def2047c66557eacb2254376af3c3e84d3738e8ea1a61
1f330.png	2D/png/128/emoji_u1f330.png	d89ab0c9bccf48b947fac557015af36398d7e0878d4e792f39f45dfb2edd592a	90a7aec9c7ba092c95b3f65866b0623db46c090f051913476b662864bcafe9fb
1f331.png	2D/png/128/emoji_u1f331.png	182bb76bd4f67b0a813ea0e9c015b94acc1405c5624560e08ae5af3a38ddf579	5ef27596fb972a07146ba661d223e6b69d7ef9c3a4008f95f179c21fac92e857
1f332.png	2D/png/128/emoji_u1f332.png	822b0e17bfbd6666f74a245c4f7a2f3f9a33b955a6851b8468a96d643daa19fa	8e0f78d258cafefb5275bd41c6eadb59665ef0a9d3c5fe2cd1145b877b41d6cd
1f333.png	2D/png/128/emoji_u1f333.png	d618e62abeffe30996bf3bcda6c7ba4868fe77ed15ec6bbc74107ce79d37e329	4c594740fe0d9b98f52ea149d40e38ec29c08f85e4c8b84cef22ecd1878a1f78
1f334.png	2D/png/128/emoji_u1f334.png	17b1af42830d705710134accb0ac2e8c95ab6c7761948dd06859dd5201e610ce	efd39020a617b13527cc1c7e9e94b51f9f99987763f0a6a1061df73e7f3a1989
1f335.png	2D/png/128/emoji_u1f335.png	b204898e56fc41864c1a2774c6638b98fd80e9689091601a6da522fad3863c8c	89321273f053e11461029282c8de041f3807497be8d06c6689ab7c3c1256eb47
1f336.png	2D/png/128/emoji_u1f336.png	e698609732c62c4a74b67a76f9585a60ad3c0be9c60b664271399836e73dccaf	3d6bef1c530f3d1348c8754e93d36f3ac0ab1dd59d404b41d8c66fc36323d394
1f337.png	2D/png/128/emoji_u1f337.png	79e0e9ee41430b0e4d13704787570fe4aab320a52163931c0e662e2cc6653861	d35c52f210f8ca5d2c2faab85e4f1c1ce4bb2599c1cf5f95028c5c9c74235675
1f338.png	2D/png/128/emoji_u1f338.png	c292b54068604cd4ed0caf7e4daecdff42056be8faa5655b299f30b8cf6ce191	ea8fb860c1465e104119e46000221390f3dd74a961816ea9939941114ad76a49
1f339.png	2D/png/128/emoji_u1f339.png	441b78faef0855a5ab9c60f7eca8ab05fe5995be4b7370d9a46007cfc409aa6c	48e19a08f0662d144646a42ff28f404405a3e5a3b73b47fbc148ed13a58b4b16
1f33a.png	2D/png/128/emoji_u1f33a.png	5c770435e40a0a9cf8f82d1df4121e7921df85e9735400e2eca90b273e478ca0	c5a3ec26e1d7654876d830a9a38846cf0127fe015897ee12ab2214d0a1b5b7d5
1f33b.png	2D/png/128/emoji_u1f33b.png	f1129a646cd7cf5d0c425372823e19a7a309578ae615b1d7629e8178c8f0d61e	5a3c4717db10682f318d4b1cd877d1ea0f35abf6831252db147a0e1e0764944c
1f33c.png	2D/png/128/emoji_u1f33c.png	55ebc30d5a2f0249534888168a2422212da6c520a49a375261184d4aa766258e	6d1246faf0d302c49b32109a0575865cc8aea3abaff04208b8a82887a0d10d62
1f33d.png	2D/png/128/emoji_u1f33d.png	8fdcc4fec24102fd967a1b8696f27f6fb6fbb9bb84f41df51dae8a96d10a5b7b	5636e24f21e0a414944c935da0d28a3bef5eb570cc090b2ca3b0017a1267fab6
1f33e.png	2D/png/128/emoji_u1f33e.png	d41e582b493fccacc3bdc06c85a01f1c7ba8e46005258e44d5a1e0d44f4dff44	ef6d5ea4764f6be33520a6c92d31269f861f9e0bfe32d06fa667588e487d455c
1f33f.png	2D/png/128/emoji_u1f33f.png	96badf5fb024f2ebb057ef7d5c58fcc7bec1c68baecd2a58250baf924efff861	e8de9657f45e120243924dfe301acfce7d7d3617b328dac5c36c2d55dc57027e
1f340.png	2D/png/128/emoji_u1f340.png	8908f743dee316b2520e87e99dbbe9e05e81540a27c40dcba248c424c0f976de	874422a9f0d040b49a9faac7b2f461d1bf8113124118719858a13988735c3f0a
1f341.png	2D/png/128/emoji_u1f341.png	579ada405b4dd166f0bd75516d034a1f82d8bf5336014acb4881ee8c13f47bac	f208ed82e469910d9f58d2fe8045b4b417f82befff9f07505036bcaa72cc9cd2
1f342.png	2D/png/128/emoji_u1f342.png	b39f6670b3831160e5b17c4013e3c5148b6b7cd988bc1abe563c6df722f66562	5d4317728fa2bbd68be03d88efa647e5e8884c37535b745e07ff88f6e9e82e06
1f343.png	2D/png/128/emoji_u1f343.png	643bac2f331131f83dad26e809dae6eb7d27d98342539378e1a02c2a3ca2c653	3309a101315fd06c6d9294debabd270a7900f582ca240ff68d7498545de89592
1f344.png	2D/png/128/emoji_u1f344.png	4350755b5053d609040ed4f32767b9482dbdef8697bb3c50c6e9d59024b08fc4	188e031f7e60b24d856137dbe93b8a4be45898b78803fb1ecaaf9d5bb206d9b2
1f344-200d-1f7eb.png	2D/png/128/emoji_u1f344_200d_1f7eb.png	8693e3c1724fa6eaeb1a7613912ff99e421e496ab54bd9be10ad232dcde4b4fd	895deadbf1cbcc1222c7e3da5dcdfd3312a1dd44c6823954c29addd8c715e328
1f345.png	2D/png/128/emoji_u1f345.png	9da1afa4fff10e1255bcf39bbd287db97ed0fd32d4bb0533aca282de401bc895	63ead6e0390aef4767f5eab5b70360f7ab3b7cd75b3a11268c87dc6ac1ba216c
1f346.png	2D/png/128/emoji_u1f346.png	0ce7d245dc48a205c238efaf9ed3f90b7c8113275653cd0e620a6507e471dba6	d696fe079d7d4166e1982f942e1d8ee0d0c7efba04862f818977723cbc4b5ac4
1f347.png	2D/png/128/emoji_u1f347.png	1b7b6120c1418c9db08f528dfce60e879efef85e86d9223cd67661f598fd3a9b	310d42c0006f4cb0f402c7937de22f1074c431d3cb9ff79e65a174e244c297ec
1f348.png	2D/png/128/emoji_u1f348.png	29a7223b6757107fd51fd5596ca5a6769f6b63554bd96db93966b3a223e48a55	f1aba5872468922c89eb2fb611562775c21cbe71bec05c301d62d8bc7160b5ff
1f349.png	2D/png/128/emoji_u1f349.png	3b68b2896626a7b04a8116bc4e436358ad738d04be27bdd399a4a07836a96884	98f546b2da2d716c1025441766780c78969970231e28213a4b95268970f2016d
1f34a.png	2D/png/128/emoji_u1f34a.png	4ea118ba6b38059d3a83d6135591e2989cef1340ef14299cae791eb96209a4bf	b1934de4986852a81aff064fbe903a8f74f0394f60cec1b451ed56bb3b611f16
1f34b.png	2D/png/128/emoji_u1f34b.png	814038c581274a25377852f91aa63a6214747841f4c2851b702455e3a52d9f98	eaedd18fd4ae0a5e264f796e871da9b2d573e083f3bc606d29bb3eec8217af32
1f34b-200d-1f7e9.png	2D/png/128/emoji_u1f34b_200d_1f7e9.png	62ee4eb33855d4f79390499fd0cdea13d05f3d283f36cfa9c52ea5c7fd0c9681	7a1296dbfcd2a5f0c6b9eccc2f15d00e842d42eba93474d52e00e3f2a45a8d4a
1f34c.png	2D/png/128/emoji_u1f34c.png	2753366e0877a0aef1437e2e1870400767f71747ebe828eb7dfcea4ab4278fcd	adcd5a320c8f6fe4f6ef14016bc3268c70927c4e2fbaa00193e27525adb62e22
1f34d.png	2D/png/128/emoji_u1f34d.png	33521f3cb10654caa0937cb28eeecfac3fb93d138a856b9f10b4712b5ec8ea8f	7cb44c2aeb587681b3fd5aa2ff039638bf86b0b763b9d284455c9fe24ba13426
1f34e.png	2D/png/128/emoji_u1f34e.png	8d7efa8b2352bce103c3de55bcc6eceb0faa0dd9f2f54adc6e21534eea99406a	3c926bf2ca7cd2641ea01fad45353d17214b3834c16227a75962e2314bfb3da4
1f34f.png	2D/png/128/emoji_u1f34f.png	65f861e8e15a6066bfef1b379a6af403c0de8df06034616f288dce20a90e9b17	f1b201f9988385bc1439e700a1144995ac2494b519407b1a3f6c7917cd080a86
1f350.png	2D/png/128/emoji_u1f350.png	7276f47b1370b8d370dec2c88160bd18337910c85796ae4a171c5eb3a3e810bb	ad187c361e46703ff163977b8424cdbeed2ff0f3a8d375a0ade5b8c50cee782a
1f351.png	2D/png/128/emoji_u1f351.png	a900673702352920e4fb1352ea66868c94a4bce7946bbc60d92021be4a3dd917	bab10736f7de5446fe7f8e19a7d9d1081a8c26bbf5c6a31b0f42522c021f4d7e
1f352.png	2D/png/128/emoji_u1f352.png	5fb0eceb49e2a34c21c65ddba7456c420ba5c482e7d19b41a49f1607c6781301	92753197af6ac47f6a198bed9a8cc81d84d6b25fb9c42a763ca94ec461f363da
1f353.png	2D/png/128/emoji_u1f353.png	f9b2624b01c200e3b5fb6f150f5b0878bf4c42feac1239e8b859d228b735c75c	45bda06ea134b43ef3a20433e3fd7479b20d0f855cd9b7ec8c05f3d5ec83b9ee
1f354.png	2D/png/128/emoji_u1f354.png	dc600fda6321e1d43ce74dea0c386d7229122f2da7b556ae6f97bbf5d6b1ee75	df13a5fa6534fbe149586ec49018489d3195f4a536f9192aefff632706f60947
1f355.png	2D/png/128/emoji_u1f355.png	6e9339da5af40cbfbb04d87bd554d35f60dc9582ceffedcb7daa6c2e50e4d288	5b8c4f038ab7bab2a1ca6a8697ea6c3fa466dcdc3754ae8359dd95ed34aa5b24
1f356.png	2D/png/128/emoji_u1f356.png	c35bb6b51f8abed799d429a01a90d6d82eda8c9f129a62061eec4f99ea254c35	3188b65cd1ae063def1de2f25793a4f8d8caa6b790acec86afe8274bdcfd5850
1f357.png	2D/png/128/emoji_u1f357.png	04a26edfd9a2129bc3d160474c260cf3d461002510d4eb719c4c403e2fb07ed2	991df0d2919745a0a5603b9f3ca400f9827f3ea85c6a15cdeceed390efce0935
1f358.png	2D/png/128/emoji_u1f358.png	faa178501238fbac598713c00c2245953138c78502798aa4ed2634cd93a43221	172561f8911c6f67213d463f73851ba9bfe872c49b67b00066d361e70f50eed7
1f359.png	2D/png/128/emoji_u1f359.png	91e55c9c92568f158956b1965dd424d22802a1b8ef29dc5bfbef36ecd8a4aae5	7b08a63f61dbce8ba2ebfac683589460a11f477ce507cb00384d54cc4602fb7f
1f35a.png	2D/png/128/emoji_u1f35a.png	4ca6fcf9ff6ab4fbaa714b9e228d1d994fb47fd26c57d7791442d1110386cebc	47a94c51dbb761df0a0b9374a0576e1afe47dece60262dd89cd6ab24c668c37d
1f35b.png	2D/png/128/emoji_u1f35b.png	6213d0fc6d00db81d0ce51feeb766e6793ca0630f94d0fecef9a2b10f070919f	003a8ecdadd3368c8af4f94964410018f82ad5bcc59951ad0acf6d0e6f74bce8
1f35c.png	2D/png/128/emoji_u1f35c.png	cbab5776d62dbe250687bf67bbb174f66f1995d54dc2641453901f6554b41319	55e222b47526108ff84777dde4fd2f447c46c41459d9046b4bcbae4c4f7c9f8f
1f35d.png	2D/png/128/emoji_u1f35d.png	f03e301336f8fa8be427eed98d131ee7829f406078eeb03f0c58213fb8d4f124	9a28dfa9ba2daa6d80f066104873c7d064db6819b55bf7b1d1534daeecb77a32
1f35e.png	2D/png/128/emoji_u1f35e.png	f719b760a8295bdf8858216f69bec489ce44d748964695da6d77490ca9e92aee	93a22c55216ea0b7e32b3e01163a46fd1c17500627bb48f5d51d907fc772cbeb
1f35f.png	2D/png/128/emoji_u1f35f.png	84f52f84582d5ead3a2a7bd39f5007765162ba984cf0e2a93d906f658ffc9865	107fb02b9cdbc5d6c2755ebaa661c6bc05b23d1e54828e1a47a4a672b81a8745
1f360.png	2D/png/128/emoji_u1f360.png	54a3cf9a042320471cb6c005a9e0c7e74864ed49d927e4543c46fd4f7931da0f	e5a722f813766e833842ec19cbf629f0a43cd1ecc65e7aa44f06f02b0a46e407
1f361.png	2D/png/128/emoji_u1f361.png	bb86399fbd4c4de982d60fc4f77383932ec4adf1d8dd965d0e28a7d785c6c8bc	33fd609cef0687cbc8dfe05330394db98d4277fb49c49eef7e8fb9bb868930b4
1f362.png	2D/png/128/emoji_u1f362.png	582d3b5278b5c5531ca988f7e6981edd876f21bd775f40e1bd570df4b941807d	c784a2eb860148b68acb91394169ff3f725e7ea7ec3b9c2567d56a36fe198cb9
1f363.png	2D/png/128/emoji_u1f363.png	b53f61dad587859eecb2ee8d8b44a0d8359f5415564d7e210772b6a0d7a3e092	e8e7be16c7806a5bbae7100059db28c4f373fc3bed626c1ab5f4972ad29c0f2b
1f364.png	2D/png/128/emoji_u1f364.png	bd77914ee143b60656553d44dcae07940b7eb7927cfc030a8ea00a3098e17ba4	f7f9876cb6fb2450edf631a8064df407fa531f1959bff9aed2aeb576e3c02c12
1f365.png	2D/png/128/emoji_u1f365.png	331afe2743e885b6f417829e6d8b916f1f37f898be3f46938182ffc0a0849bd3	bbde386cbbb90a432e0647aaa68fcd63ea1b524e39a03601c47e6b4e713311dd
1f366.png	2D/png/128/emoji_u1f366.png	e5b8b8127cbbff88344123f9da98a947bed8c5adc95249858df0b30c59df1959	25fed2b90d9277f7f8abec6d187c18d60c59f310b3712142ecd4ecf52b360317
1f367.png	2D/png/128/emoji_u1f367.png	a3861f4f3d3ce5289193d775dd7b816bea10030d9cdc4eba46719adb2fb52052	a914694e1b3d6bd7b56cdb72975115e0f76e2c450524f4a008e7a971f7f79b60
1f368.png	2D/png/128/emoji_u1f368.png	9515917351eb0632f2df7b029f0d0ffa5fee40ddcdbec54f9835732a489d9346	ce00f710faffa05fdbb6a347337aa2713e03fbf0c90732b4c69ad1ce3c7b0454
1f369.png	2D/png/128/emoji_u1f369.png	31e09bcb3666b073f9f6f71790a167868ccb2f15c395093ca60105e83a0d4618	017ab6843c4afc464f256e895fda1bb473e08e3bb8455aab3a130047901f68f6
1f36a.png	2D/png/128/emoji_u1f36a.png	f7da005acccdec1a70edd7246a5e7766abc60974bc8bc076912d33e37e1591bb	b69f54b8313b833dd34efe336b690f7b8a076b9a934489ab1c1e233184e1349f
1f36b.png	2D/png/128/emoji_u1f36b.png	b0bdcd8ad3585152a45a8ec9c2187e677c417c7132450f3b0a383fd470fcebd9	03f8ccbed5ceae8b039a9e046cf5c29f5bdc7eb402d4d98efa1c8f14bab4147c
1f36c.png	2D/png/128/emoji_u1f36c.png	b5b5fb5a56b6d747f9f8b2225ec9ceb86891ce03a97e1d1a71dbfc1cca6732d3	6b1b03cbb6bf1b577122d8b654215e00507ef473cb5efd650785ad159c3cb6e4
1f36d.png	2D/png/128/emoji_u1f36d.png	cc7f90dccd1953df4dee526d2b9bbbfa5f3a32e6277c4db3f86308b0e85a30d9	14a3132f13147a4269859ec815f128c040e7bf4b11cdb7cbafd8fc295042055b
1f36e.png	2D/png/128/emoji_u1f36e.png	3a32c8300ee970732f044ec4c797c7dcfc421c1e103567fcb0a66385b3430917	6827dddac866feb6b08cfea2d428c9f69550aaa798c999313fd44d9142c21834
1f36f.png	2D/png/128/emoji_u1f36f.png	4bc73d4661d49db0ac858b1d3468634baa3ccb680dcfb88e3a6260d952a5c8c2	80af6d1c35cd555bb786e5478ce8b01b834b6705812a86bdd4edc1c5c2881d97
1f370.png	2D/png/128/emoji_u1f370.png	e32a6770401e97bce87554a55d6d5463b5c98100944e9e80fb3b37ba93c93852	b3bff81d124c7e05eaf4775bc1c8564d0b3081c8c54c9425eaf2cef72b9bf278
1f371.png	2D/png/128/emoji_u1f371.png	2eb5b84336383fb4315863d05ac693ca8c72f7c661615b65b042f90431b71e0d	fbcdd46e210c7f01bbad2c9869f89c5b3b25bcf2871fc4573f5d935df7df7e34
1f372.png	2D/png/128/emoji_u1f372.png	e8e5fb3c0c69c733d88f978b123fb2d9e3cf2eed81840161cebb82a61ebb4a7a	4999326458fb9ae79a57462b681550f789f254cd88c91138f75a9f7b10082015
1f373.png	2D/png/128/emoji_u1f373.png	7b85cc4322d8597776c1b9bd9cc7d569af16b5cef428467d8a6357c14d515df1	10244c9d97025999ddf4d434aaed909f8c98309fbafa39e72da5ef41dfa21192
1f374.png	2D/png/128/emoji_u1f374.png	a4da911df5b4bef32b7582db2574839b1862e01c48e7d4be72fa5983aa154745	2c3f904e3c4f52620ff0cf7d2b56bf1c7cfb58c2bdb2235aa7f4db0b4c714042
1f375.png	2D/png/128/emoji_u1f375.png	17ef3bf2d93d3429aefad5c9576de53f6ccb40a395553211c71f98fde931a47b	90d41b437b8de07996d73e9aba1758e8a1c195dd7ff1e7fbe878a58dba52867b
1f376.png	2D/png/128/emoji_u1f376.png	81b077edc549333d13fec40929704c3bca46491fc750e2bddf640a9b6062b4a3	0f234d901e51ca1db9026c0936b99f1188ca4826a0ca9e8e0c8c8e20ccee5724
1f377.png	2D/png/128/emoji_u1f377.png	17ec2f0310b819933fb8ad4b8c9bec5b10652825d307ab3c0cafd619e3bfd991	f5c62cc9ca0db5af9bbc41427b09dbbcf182a0e41554000d683c72a5499f067d
1f378.png	2D/png/128/emoji_u1f378.png	f4a2a4208e58899b5e5b3ab314d6a4a3849ffde085cd617f06ac1c2ecf5c5965	bb8842dc91e00696ba390d05b4cb3dcd789a10cfc4c705160921e60427e85cf6
1f379.png	2D/png/128/emoji_u1f379.png	eefaf1ba3a34d42e9b500ebbbabb1cd9b43e74380f1a30182bc078ad8c6ed55a	ae6b4745f5fa030daf9824bb067a01238c6c923b43ce1f89ba8ab75a7bd1a85a
1f37a.png	2D/png/128/emoji_u1f37a.png	25dc8a5802d885c0e47e714d25fe86f4340b25135416180d6914e0cada51a404	e2dc1e23b5a1a30c93fa55c00b5a9303c47597f9e5c5674fef25991d6d4dbec1
1f37b.png	2D/png/128/emoji_u1f37b.png	e69588176b3fdcbd7f9e5f0d88845aa5045b2cad5f142c65c8c70f7644223e92	b225cc90ed16edc6c8289d0ef4c6e8ea92a98800e24c5bfa217d4b9f45259bed
1f37c.png	2D/png/128/emoji_u1f37c.png	6f211824ced32449db7e7dc9b29b0b57431cae8444af31f50c884fb48900cc83	b9445e339356b6c18638233adb69a5ce6a28b405181ef4d9075bf2132995e24b
1f37d.png	2D/png/128/emoji_u1f37d.png	f57364c70f0e9d18688f727f79a41272143708643b1da7ba059c8a37d9f2bbcb	d0db53328a6c8df9e11e117290f1eadc2e00f26a616317759b5733f57fbb03cb
1f37e.png	2D/png/128/emoji_u1f37e.png	d6d585e1f48e7c10f520cabb97450c11a16be828782de8496ac0de20910b1f71	52d317eb05a70e32b5268aec0f604823a6c40bb90346c02e41c19eccb5d758d3
1f37f.png	2D/png/128/emoji_u1f37f.png	c342249fb8af3d4b00539006156a89c743cf7cc27ae73046bcee5b3ad51ab8da	df055a3fdd5420ca5b8053778becee150306573495c145461d33c59b2a33784d
1f380.png	2D/png/128/emoji_u1f380.png	751c05a2b2fd39d30b28412e43cebe68b229210a8e19a8898ad1243119d3727a	e12755e799e1d8a312ae2bda13a4c611e0ab515a7c3410e38d50bc18b455fb8a
1f381.png	2D/png/128/emoji_u1f381.png	bb3d856ad41f446ff7a1608c022d63a79c0bfd9711e20801ee8b28b88686608f	ad7438eeaf35572b5304d1d647e6173d5adcdd928cc0a063ecf66887e3eb975e
1f382.png	2D/png/128/emoji_u1f382.png	443132575b72424951acabf320b3498ccf22ac0ed657a18da4b5a299c468108a	bd66f8618cb44443659763cbe6945b7957331a5173c56203a78461134e97d64f
1f383.png	2D/png/128/emoji_u1f383.png	5ceaf404df6f34e94da00a0864d0d6d7aa007651ba468cf5578f255c9f4ffafb	a09c91e844d7c2052fe13812cafbccab412dca183684122562c0f8a82d0380d7
1f384.png	2D/png/128/emoji_u1f384.png	0e068c279a3402e5e9c3847cfa71ddfff04656b2da1a5697ee453e7fd6f3648d	a8b11c6474c3b9f3112199a8526b7347af304719a31bb13e2b75e04e471e1f3c
1f385.png	2D/png/128/emoji_u1f385.png	b698c994584e99f14c1da3e33fd45fd1e23028cc97b0aa566e003f5b91fbe261	12879234c9ee54dfb301cd642b4dcc52e5406c3425d3cbb1b3701c72ebab0aec
1f385-1f3fb.png	2D/png/128/emoji_u1f385_1f3fb.png	4e1a63c7f604c335770e7277f83ca9e8c65db1a1d029884ca46d6478b9bda970	0afe9d56ef466b571af6ea7682db356365dfc98dc99ad3860217fd6cbb8518ba
1f385-1f3fc.png	2D/png/128/emoji_u1f385_1f3fc.png	b371f9a0bc3356d65c3369e421d5b50cfdc2f87193831a06e48752bc8416e29d	ad199cc0e8c1c287008a40c5dc01edeca844a85e6202955737323ed4ccd0b5ed
1f385-1f3fd.png	2D/png/128/emoji_u1f385_1f3fd.png	0487276a5e3324a1e8a02b2f64a8ef3e20717331a9d2fe0021c1f288601d2482	4eabafcb761a021e5be31010f3f2d8abd0100e4fccb20bc0e75669b9a623356c
1f385-1f3fe.png	2D/png/128/emoji_u1f385_1f3fe.png	187bafc48c999e0b943c2674ff095d3cfdf5fbbd906b4c3f763e30dddee6a63d	c176b8aca7d1e6c976813ce12acaff45d952d54e15bd4c4d36d42bff479d879c
1f385-1f3ff.png	2D/png/128/emoji_u1f385_1f3ff.png	90e996dd3556b93f0748a8ab9ad39025dbb01f5e0c4a11614269339ac05bef13	4e7652b77a37ec9f5f9a1b118f54ce587e5fb22cdd6dbf8e5bf2a659327c44c8
1f386.png	2D/png/128/emoji_u1f386.png	49679afccfff771d26b1143976fcdbdf95785b6f50f65f9eb1916b56bcf019f3	cbf0a53b34dbcf34655b836fa401d1059918549f2d5e0ac62d5fb606217fa5be
1f387.png	2D/png/128/emoji_u1f387.png	8a5f38e1cc5e7e1caaadefcb25a3ea3588d2268e7be8eb896592d44072ea8d07	a667a8a97dce05dddeb1cc8b9179d89d177dc8b43a0260c1f430dc13e07a2897
1f388.png	2D/png/128/emoji_u1f388.png	7efbfa64b59cbee4a61a17b1d5af8887cb70dda9b94e9e8463a557fe6e01cd11	ff5f7c9ee54a7da223f7b12ea783b1c8bbb9291d063d1b114e3512b77bb5e328
1f389.png	2D/png/128/emoji_u1f389.png	d761a0d17048bfe3e96842f3dfe444fe18780f3a2285792f6da7ce1697fc2a19	f0284bdfb23405a487ef52aa185badad3512cef68fa43bf985bfd322dce135f8
1f38a.png	2D/png/128/emoji_u1f38a.png	0d3b694f129df05d18db169fe178cdb128a26b9f2b174bafb32cab29f516543e	db6bb81b0493c0a0d65a468c986ec73e24b72baf0d083436ddafec3eab4840e6
1f38b.png	2D/png/128/emoji_u1f38b.png	8851958ba6a19ac7fc51933937f8653de22d7dbd122a9f0a20b50e96a69ab32e	6fde782b4538415d007c8eb48c94e44ceb01956481a3abdd861b1d7e0e264d4a
1f38c.png	2D/png/128/emoji_u1f38c.png	ba9151648b065e7e5960b10fced9a5b274396bbd841c3b00581af8f97da6d65b	937ca8d22627ddb5bc54464ef04810548a5c3085b76c9798c323b641a958b06d
1f38d.png	2D/png/128/emoji_u1f38d.png	7015aa8395ad563d78e8648272916421feaf8171e51287d5199b58505fdede6d	5facd3cb8e4909554b14f17b240acb59068a09f939aa4ea3eb81aff8a4a14145
1f38e.png	2D/png/128/emoji_u1f38e.png	1baa012eccf36dfd4bee5ce06f94d13b6ed92ea924bca4e0f03ea114c45374f2	2cfd87d76fd46c567207df3dafa93537182edf6871b92b7b0a4527349ce6a684
1f38f.png	2D/png/128/emoji_u1f38f.png	f362e0c8e114410eb4add92806b0d1f6a0d76e580daa916e965fa6eba05d1819	1e22e2489736c8e77f753a2805231b3988b8886f7a60122978446018ed881494
1f390.png	2D/png/128/emoji_u1f390.png	3065031dae823fd856cda7fe34ffa1ccbac151a0f17833902d445dfd973b1ad1	8f9d2a7c59b5e5f76969d4e16105d3b442b0b501ba832a4bbe4d16b86d8616c7
1f391.png	2D/png/128/emoji_u1f391.png	a790559871847ad0c47ac3c23d2feb07ceb54ee5787c3e4dc4bf2da92f6d76c9	5304135b1fc34b85226f10299b346ca7b8630dcd88a88b98cc7fd11e058080ab
1f392.png	2D/png/128/emoji_u1f392.png	aa233e3c64a074622c3631ed359887b6d3497c172a644c26ed6889e2e1fa9e06	25ef810b1e79855967394ee817fb1c8d5b6c3adc82996a3112da0feb16e3105a
1f393.png	2D/png/128/emoji_u1f393.png	b4a51b70eaa1a9db605413026dfb714bdf6f3a8cc2da5ab578d7ee239f65f0a6	74e39ab9213bd68926d9bbfb69ee0babae57c8ba32c162b324980ab24dbbc4c1
1f396.png	2D/png/128/emoji_u1f396.png	915ec5c4b9021504346fbcb6d5893c62081b5d66a4883e478269931be4077b7e	df269add3fe5a8d40455dc1fa8be020a32d6d0d080e00c28afcc363267e25950
1f397.png	2D/png/128/emoji_u1f397.png	b416d86facdcf61ca5f51f02c48a114f5c705e55ef5a954569f846149f53e1f2	91e304720bdda3bab2aa1081a232d0792184c455dfc64c1c2c861bab86993d34
1f399.png	2D/png/128/emoji_u1f399.png	c32e9b17bfa073fba47dafcb5eb187988fb50aa90a4615f9a26b8016aa2e430e	cdd1aae35464ddc34be7caabe96cfaf6d2b5278687a942ce0d38ed919a1a2096
1f39a.png	2D/png/128/emoji_u1f39a.png	7d90e39006424a3b1b8115964e982d81c79a96f45e6a49cced0ac50333973758	4443f81a7310e90dcd000d16ae6b06a20c9e2433050cfe6f10b026eb201451bd
1f39b.png	2D/png/128/emoji_u1f39b.png	9cf13ae0676bcfb1094ed6f5158a9cfe32c053c8bc5527760302beee883fded6	cc8daa86b7bdf690d866d79aaebdcbe09f0be35e176a6c753abb01197c4bcace
1f39e.png	2D/png/128/emoji_u1f39e.png	91ded8c6735eed69ce0314b200464a6f4bb5afcc738532b0cbbd09b5e627346e	8390be7f71777c1f30e55cf1e0303abd45c885cf2333108f0b78178939ca013b
1f39f.png	2D/png/128/emoji_u1f39f.png	548d2b2bb35c3877b2c013cd9cb306d08134cb5b64a7c03c278de44a4ba218d8	270bee68e548a54a3f0c1f43f0665d9eea5f3617d13127014c8ff67d1a6e9ae8
1f3a0.png	2D/png/128/emoji_u1f3a0.png	c253b44239bbfc5075a4197344ad642b914a946fc091cbacc31df63e2083a3a4	309cce8852a4496e519ed26d23be7a33647f9898a657b80032f3321f346c1373
1f3a1.png	2D/png/128/emoji_u1f3a1.png	c0432a615771d14f0f0cf15768343abdb593bb85d2385ad1829c40eb17578319	0729863e1e10ed2cf9d5daec5339f50d12782d7222e70bf9733b3b2079ab77e0
1f3a2.png	2D/png/128/emoji_u1f3a2.png	e7d354d9cd856b88865e401b67a3d2bd14c8843c332faf9e161422fc72e26182	8a18c520fed81f797ace7da08ce61bcb568cbc210bfbab8466c539e90924f1e9
1f3a3.png	2D/png/128/emoji_u1f3a3.png	9a2056bf62690985d741195bfb549da75712b0a99fded519c276662191ba7eea	f52928f8b8f8c3d4801ed17716a827074a4746cfbb76ac5e24bdc9333e2894e3
1f3a4.png	2D/png/128/emoji_u1f3a4.png	bab5dab2cda7a859745eb52308a6250242e4593d98145e03300dec4676d5660d	7e56d080932f09ea1c174892a2c3ef62f1997f3e9ddbd80904ec579b7936e882
1f3a5.png	2D/png/128/emoji_u1f3a5.png	374a092ccb932565745b1d11c783b9eb7eee2e91c0912cc242d1c9953930d7b6	7b7cb391ffc12cab3b5733a4edc5d3ec2bc35e08f64a9fd9f5548b8932e886cd
1f3a6.png	2D/png/128/emoji_u1f3a6.png	e82d45b7339640fc00158d2b88506c206c7b3152eb7fe314cff127ef3d8256f9	c42eba43fab92333107e80f0eca9f21e4fccfee94e8820c8f00af0b6bedff0bd
1f3a7.png	2D/png/128/emoji_u1f3a7.png	e3371920f5e48c9bb2704f8e03b0a642144122965b2412ef9f1ecef230be3754	9a969c19de0eefe7e1e9758b5acceff6045700acc6eff55c89890b0c799aa3d1
1f3a8.png	2D/png/128/emoji_u1f3a8.png	42f48597850674e91b13aba3aa556d881aa2ed7a3d4eaab762c261d048d58cfd	40308d897582b297381bc6370857f8a5207eee82b28bcb2b1ca57f92f70074fd
1f3a9.png	2D/png/128/emoji_u1f3a9.png	c237ed7275d64323815b400beb455bad07820cc7d50559c63ee0c77e5d8a9ddc	a23cc7376707d4b81e6f871f6ba1c52a950502fb2d60850e85fb6f1763ddf1c2
1f3aa.png	2D/png/128/emoji_u1f3aa.png	97eb9342824cd01a76f955500125a68ed29a0906c0bef641103469f55aa1d7d2	990d5f09973022ebcfdf2118161730bdf4a656f1b15e748e8a680252b1d91d3c
1f3ab.png	2D/png/128/emoji_u1f3ab.png	890c295c0c871d3f059844575fdbd5a6334bc8a1fd3e763abae95c35634d6cbc	135f9502f81ca6dabe5a2d6e95296eea7c2e5d0477053dc5b8b949e05b9e8722
1f3ac.png	2D/png/128/emoji_u1f3ac.png	56c776d15acf42b3256f49e09acd08212a9624341add0296da1f764f7783b6c7	d50ae356f5afa3fc125bc4836a735eba06de9b1abb5781352aecf2444b42eaaa
1f3ad.png	2D/png/128/emoji_u1f3ad.png	9037506e503a43cf5251918babc38f4aad8dc4f29f13d133d6854f614cacbb8b	bbc9fe88ed9a4965f512ee683234a32ab44cd027e201c295e3a63a839b6b43e1
1f3ae.png	2D/png/128/emoji_u1f3ae.png	0a2185f610a764f74799dade32c14ba5bb1a939b08023042b96776ba00764c3f	20500ae99ae169b351ef5b32736fbec3075101cba0c4891bdfab4445f3e2c5d4
1f3af.png	2D/png/128/emoji_u1f3af.png	5a4648cdcdc881467cc54ef09c6bd8434a4a4f725699c4cd1c3609ecd1b3f937	826d5a90996140c1627691f6ede9fa5678c374cc696364af049fca73bdda55db
1f3b0.png	2D/png/128/emoji_u1f3b0.png	f370c3a70c2479d68d6d3b40b43e9f910a064590e45146894b51736fd9793b45	ea3de46cf3b06925734a07c49c8405acf527afb54537935b2c948ff325d9e0e0
1f3b1.png	2D/png/128/emoji_u1f3b1.png	f61a20e596ff554a3098629eab5e3224355148b0dd1dc20d22d705b9456bca81	591ac2800d34e643377e234e5e74a124c28195c649ec155d457822ba948f18b2
1f3b2.png	2D/png/128/emoji_u1f3b2.png	6cadd2300f97f0deb0d0e36764ce8da3bd85f419560e50bfc1d7ccacba2ac9fe	ab010ea29d6c76292f46b9f97bd5b5b2cab4a9d0bab2e925043f3ad1c57b330e
1f3b3.png	2D/png/128/emoji_u1f3b3.png	68e9da8135fbfbc39b6f596ec4d1fc307dfc3ad922e2421cf945543f0579edb5	5921580f842c29201a1b19048790f6cc1a14cb02d3180d7195511fdb27bfb435
1f3b4.png	2D/png/128/emoji_u1f3b4.png	f051a109e6c30224407be51c7487618fdb814299c10277a5f3b2884ee95c7314	11ab298788d278558f77cd07a9cf29c271cc8f2c27129b2c33e982e1dc333be7
1f3b5.png	2D/png/128/emoji_u1f3b5.png	587e905d1cdb41ca27e0b0cff9f4d7bcc58b3aaf6c60703162074f0ab2acf59f	b094000040bafbb9b255c71b3a0c027e89a4e12678f73d272f3f3a66d8aaf2f9
1f3b6.png	2D/png/128/emoji_u1f3b6.png	be3dbd6f6879231624a5f1d6839b59ab859ebb61890a8f2158c0b62bccddce8e	3a94972d89590a61af7f9ba63af02f2f2c8ab313423dfd1cb319fd70c67ad400
1f3b7.png	2D/png/128/emoji_u1f3b7.png	0ef60ce0c3461f74f2e2c3b9bd4a693268789fea99d7dde0174fd0528c8d8cce	616c0fec8ea94ac5dfce11fe3048007e23f729be3cd630f32258e34c348dff29
1f3b8.png	2D/png/128/emoji_u1f3b8.png	6f986c12825653c93b7f58cf44c05cfaf0f56cab692115ec5168f190abf4439c	8634812818e774ee5de4941fbec44d7fdcafca98a6626efcd77c74ea37e2115e
1f3b9.png	2D/png/128/emoji_u1f3b9.png	706a316caaf9ce17f2f3cf7ae841b77ff30645a7fed537f106624b82a4418776	dfa8e7fb42b81e54fbc9a4ad1e084a23c48758343e0f93fa9cc8cc40734a860c
1f3ba.png	2D/png/128/emoji_u1f3ba.png	b63788152c6a6735aeef06911ef534e58c15d51b95c92f4b626bbfe47733bfb6	b7d5e8c66108e6aa2df3a9c0721c6cd6beaf2b4e859a6e6daecafb760ef660bf
1f3bb.png	2D/png/128/emoji_u1f3bb.png	79d8680da52c89b020da3aed97fc6a600b8de1c8882fdf4e9be189282e6dbddd	237cddd4f1b4ce117fdf878ffe511d922cc3b8c61928c1c6cda36c2319cf46b4
1f3bc.png	2D/png/128/emoji_u1f3bc.png	2803842174257c26b497d62fbfb39244eb9caab9d241eac62209c8a3a5cdf489	cd5268d6f36be3bf1d2ca77ec380183c40c7f55128a2fe9e681585a4d5a5132e
1f3bd.png	2D/png/128/emoji_u1f3bd.png	d168b078f92d6c6d01454743ea0ce0487c6a913a996e76f46b99613ae256b387	9317eaecbf1842028984b9d6907b31529682b21dc1d1d69166b2a704c9299b51
1f3be.png	2D/png/128/emoji_u1f3be.png	242a83887caee087073bf6cb1afcb6dd7a8fb9c61211c63b0c535fa4c585ea43	0bbb1ca7c684c6c8a6b91808dfc5ef44c8e7b72f34e18319d5d30d1d435392bb
1f3bf.png	2D/png/128/emoji_u1f3bf.png	036ed64d2f2295a719c8dd11d30e2727df81554cf35a071a58e52dfd76f68901	d8960caea7b9b1622e253d5bcfdd381732522ee2f0758456344204cb78480a7a
1f3c0.png	2D/png/128/emoji_u1f3c0.png	b6bb882a595358be1fca20059d11e21aa8da0431277503cda128fc68bb69e088	b7ce8f3e6e85d077b519f4d990db3f4eab85daaaf97a7d8c43922685e8009dcf
1f3c1.png	2D/png/128/emoji_u1f3c1.png	facba94cf215382714b36aa296952d317755f84e010afdb0d5639441e5de0813	4205317af2dca0a7f0b8cb5d79e42c34f2417a3261d12511f421502727d98c14
1f3c2.png	2D/png/128/emoji_u1f3c2.png	163e9f0e0776cb2c3492fb8cda0d27b970f336ef021b72fcb44e8202dc71d686	8b434415ddd3e2f03ca001ee37e147bf23d99d93a8134fdf8e75c85a38a7907f
1f3c2-1f3fb.png	2D/png/128/emoji_u1f3c2_1f3fb.png	163e9f0e0776cb2c3492fb8cda0d27b970f336ef021b72fcb44e8202dc71d686	8b434415ddd3e2f03ca001ee37e147bf23d99d93a8134fdf8e75c85a38a7907f
1f3c2-1f3fc.png	2D/png/128/emoji_u1f3c2_1f3fc.png	163e9f0e0776cb2c3492fb8cda0d27b970f336ef021b72fcb44e8202dc71d686	8b434415ddd3e2f03ca001ee37e147bf23d99d93a8134fdf8e75c85a38a7907f
1f3c2-1f3fd.png	2D/png/128/emoji_u1f3c2_1f3fd.png	163e9f0e0776cb2c3492fb8cda0d27b970f336ef021b72fcb44e8202dc71d686	8b434415ddd3e2f03ca001ee37e147bf23d99d93a8134fdf8e75c85a38a7907f
1f3c2-1f3fe.png	2D/png/128/emoji_u1f3c2_1f3fe.png	163e9f0e0776cb2c3492fb8cda0d27b970f336ef021b72fcb44e8202dc71d686	8b434415ddd3e2f03ca001ee37e147bf23d99d93a8134fdf8e75c85a38a7907f
1f3c2-1f3ff.png	2D/png/128/emoji_u1f3c2_1f3ff.png	163e9f0e0776cb2c3492fb8cda0d27b970f336ef021b72fcb44e8202dc71d686	8b434415ddd3e2f03ca001ee37e147bf23d99d93a8134fdf8e75c85a38a7907f
1f3c3.png	2D/png/128/emoji_u1f3c3.png	6cf5f75c1b23ebea3bd1895e328e2474a8ef557d92d4904ee935c71c4fe38790	28d572f9ed6673cc7a883db80add5bb1e04cce231b2269f92644e8f87498d512
1f3c3-1f3fb.png	2D/png/128/emoji_u1f3c3_1f3fb.png	2d64b5cba98355daba9797ab9df6d63656a8dca9888a920ee9c176a92952922a	0d9f0425f387665484394e5e5f518be58b7cc4e7a02c2f799fb86395a8b6048f
1f3c3-1f3fb-200d-2640.png	2D/png/128/emoji_u1f3c3_1f3fb_200d_2640.png	e2d817229e10866f4785dbc154380de76ff9dd9426b6ef02d2640a59fa2bb766	6ddd65c00ec9ae92b25c0ee2939a3cf59db63712ff920c1076bfdff2ff088961
1f3c3-1f3fb-200d-2640-200d-27a1.png	2D/png/128/emoji_u1f3c3_1f3fb_200d_2640_200d_27a1.png	dea2ffe519280d5fb22a426b84b7d65fb13de2aba3ffa72905d8ab2a58c0dca8	9c0b45d6c64fcd74fc80ab894ff36799d82431615ae82437a752018ee2ef3293
1f3c3-1f3fb-200d-2642.png	2D/png/128/emoji_u1f3c3_1f3fb_200d_2642.png	1dc5bd4315b4543c32b14e701dde351c1096c4b7b86863e58937c773ff2e9d34	eed621dccf0e50337e66e75c66a0f7f3f0d2ef17d1a7be155930d5c3fada4bb4
1f3c3-1f3fb-200d-2642-200d-27a1.png	2D/png/128/emoji_u1f3c3_1f3fb_200d_2642_200d_27a1.png	9a22940a038fc59651d8a71590df4f442bb56b68436c62b88f384e2ec6229c21	8701bc3d581594f6d1c3dc877ccdad443c8b3f7bfffeb71970e4efefe66dd232
1f3c3-1f3fb-200d-27a1.png	2D/png/128/emoji_u1f3c3_1f3fb_200d_27a1.png	ef93dbaf6220229ef95b6b7b860c958cd6fce9abbb5276df2992a19218a9929d	11efdc304e0007e16f61ed58655c3abe39b464668a1927a7a7f61512c16538ce
1f3c3-1f3fc.png	2D/png/128/emoji_u1f3c3_1f3fc.png	18749c04c64e2a8cf0416a7d363df3ecf0c19b5016339a102b116768a1f388d6	917f10f8226394ad47ddc0a4ad55ba8a939cb698419054f0fb6cee62348bb077
1f3c3-1f3fc-200d-2640.png	2D/png/128/emoji_u1f3c3_1f3fc_200d_2640.png	11f53bf4ba9bf9465dae69281302968c3fda08357a11c18bc2c86a84eaeb78ee	4d32ebe7261051162f34d02ff9d45e7da622eeb3fa2dddc4b39b5a24445c791e
1f3c3-1f3fc-200d-2640-200d-27a1.png	2D/png/128/emoji_u1f3c3_1f3fc_200d_2640_200d_27a1.png	a8c90be3980f3443357eca66ee850972f28c26d63b8457d51cabef765d73ca9d	af70f395d35b052bdd7e81cb1daa9e3f739688332bc098755cdd836548c7e87d
1f3c3-1f3fc-200d-2642.png	2D/png/128/emoji_u1f3c3_1f3fc_200d_2642.png	2531213381eccf74a765ed8e84ca29779c0b3812026f3feab7adc85c2d31f290	8e19c1b2bff0e157c00d5920d8937deff5754c7d9625cc3cc7483e420395da50
1f3c3-1f3fc-200d-2642-200d-27a1.png	2D/png/128/emoji_u1f3c3_1f3fc_200d_2642_200d_27a1.png	e0779e2a3057bd91ae148d88e4b5374ce72227af242d6f650d8bc9c359fef905	9c3c390b5767b4ace9d2b8b4209d1cec052093269708c2fd4f3dfc0259e9a0c3
1f3c3-1f3fc-200d-27a1.png	2D/png/128/emoji_u1f3c3_1f3fc_200d_27a1.png	a5eb1f954abb23481c7fda962ad9023a21ac90d63c7d9f004633fb505fdb637f	589e809c1e3b98b0298780986e02dbe33893fa3d575d0b1ee237257124cbc53b
1f3c3-1f3fd.png	2D/png/128/emoji_u1f3c3_1f3fd.png	c820584dcb9b1671b1a8be8d4f0b9b269cb09a691818bba0f6828168d8c1be31	c8dc2fc82c7db639f25f147a799ba60a2ab9bbf212a9a2a3e8bf00e91f70cf8d
1f3c3-1f3fd-200d-2640.png	2D/png/128/emoji_u1f3c3_1f3fd_200d_2640.png	b63eed1314587387f23b0fc1de1b169250c2ae76dd7e5a86eb35796f36c0889e	251ea1de71a8540685be4ae27c8e06035e6eeaf0431533a7f20aa67e6e086918
1f3c3-1f3fd-200d-2640-200d-27a1.png	2D/png/128/emoji_u1f3c3_1f3fd_200d_2640_200d_27a1.png	49a3ed2839eccdca49ebba19e08fcf7d98c76027a15794f29840886604318e05	1684614acff47c046339251fc7b1d061cbf3243fb74ed2c893a9318f0d7181b7
1f3c3-1f3fd-200d-2642.png	2D/png/128/emoji_u1f3c3_1f3fd_200d_2642.png	92bd2557ea9f92dbe396eb9d7819b5886fe25faa86f3230a336bd648e352d37b	bae93e6c0356ed22f26bdeb90e6d02f3df0c7dfd7b9ae31f4ce5dcb9870dfc86
1f3c3-1f3fd-200d-2642-200d-27a1.png	2D/png/128/emoji_u1f3c3_1f3fd_200d_2642_200d_27a1.png	40b9c882e24e4fe11cb8a1565b1da35fe4a461ddff8090aff5ac622c1461257c	42295e470aa999b985eacb4f2aa4949c02234af423ad8f8332d5d3bb1df44de7
1f3c3-1f3fd-200d-27a1.png	2D/png/128/emoji_u1f3c3_1f3fd_200d_27a1.png	46decf1df93c93720fb38be71c82d728d6801f122d833c46b2c723cebb47ec74	e434db26caf9b1844a8d432519f2d092e5dbb2d8c3ca6ea4b34206dfb9c54dae
1f3c3-1f3fe.png	2D/png/128/emoji_u1f3c3_1f3fe.png	d60533ab4753f57c8949587469353f0f29eec810bffec852534a23adf4e87cb1	a2783515fc6fe69ff37a934309bcca86389aae12d241d76759242d47f7240009
1f3c3-1f3fe-200d-2640.png	2D/png/128/emoji_u1f3c3_1f3fe_200d_2640.png	d13e4d3557cbf30131699ccf6ca0cd79987455e993d3b2dfb6a04b984a7c7b7b	4eb1a7295662bed0c2b054be9a51ccd67d8467b2c71e3993417b082bb41a8ca0
1f3c3-1f3fe-200d-2640-200d-27a1.png	2D/png/128/emoji_u1f3c3_1f3fe_200d_2640_200d_27a1.png	741091d05cf9c32a29eeaaf844f8f995ef16bf7d1d78a4a98594e2409b642afa	f0c18388a4303d22265061217f55651307957bf72d7c5a83a86947c7e7a1c472
1f3c3-1f3fe-200d-2642.png	2D/png/128/emoji_u1f3c3_1f3fe_200d_2642.png	388ad38ea10f37f99d3ebce9b2f60f4b3c24d3e9ba8fe9e5ad3b37e94887e8eb	a00a91bd486270e51d257e4a943803e582cef2254eaeb748d5e990970bdb7bde
1f3c3-1f3fe-200d-2642-200d-27a1.png	2D/png/128/emoji_u1f3c3_1f3fe_200d_2642_200d_27a1.png	159e608bba6ec5c9db61cd2c5d682145816b6df88b624f22d527925f0bf2c24e	2f04aaec9885657b4a3736c90fee8d82dd967172f10e7dafcf8e45266d0ac9d6
1f3c3-1f3fe-200d-27a1.png	2D/png/128/emoji_u1f3c3_1f3fe_200d_27a1.png	467d433e7d7eceb2bd869c23f8a547a671b9e00ab03b83a9efd070f423a330ad	b774ef9b956d6e6886bda42b39211dc0dfbe9557c24b6dd970875b58ba61358c
1f3c3-1f3ff.png	2D/png/128/emoji_u1f3c3_1f3ff.png	c5282456fa6bdd10bb4db5991956cabbb86ad180e26f7263aefec6f6d5929ec0	ff79e0bac8fee6f6116cd85f5f06f5a28c8135d5133431a087644e1317a75d9c
1f3c3-1f3ff-200d-2640.png	2D/png/128/emoji_u1f3c3_1f3ff_200d_2640.png	e975d5ee506c2ab50e5e4f1f73f25a1539d581d9b5f03db4a96217b366f65a68	f4119e420ed09947c31c0a081063403c337f61dc5729c622640a0ae03151565b
1f3c3-1f3ff-200d-2640-200d-27a1.png	2D/png/128/emoji_u1f3c3_1f3ff_200d_2640_200d_27a1.png	61e7ec6b2657993375922f26d41d6c61d4ea1db8f0ad993b33f77c7135190504	a55b19e2b9261f1c1aada13c735f84c27ca468271d285fa5d2a5c053b42a38d7
1f3c3-1f3ff-200d-2642.png	2D/png/128/emoji_u1f3c3_1f3ff_200d_2642.png	abb2d0284b1e02d34a5858467cc25fa5945b43b0022d4d06c8ed36c30a17210f	fa7775820b5c890fb117c85998a0a051e99c6b3460a16edfc103ccf58ccc997c
1f3c3-1f3ff-200d-2642-200d-27a1.png	2D/png/128/emoji_u1f3c3_1f3ff_200d_2642_200d_27a1.png	ef3f3da061c4dd309ded425784863609e7f87fa921e78bfc5ac439c887eacff1	ded6a2c6811cc25ec14bc5559209ff3504a5a6b24f9987b94b29821272479c1c
1f3c3-1f3ff-200d-27a1.png	2D/png/128/emoji_u1f3c3_1f3ff_200d_27a1.png	31e62758f4cfa7263581ed624eb94147c9e760afb3b10d91810861a4f7cb90c6	fa3b527c14cb5167957cf5f7689e6ad5e3dcf8ae75591b02e992554c14bad3dd
1f3c3-200d-2640.png	2D/png/128/emoji_u1f3c3_200d_2640.png	a35f64266c7e33e824a165f68744ee45f45eb360d5a1be1aa24136edc2ecc6da	4057033cace84bb94d6526eb532a2fb738be15cd92d49a2cd3feb21f13182c29
1f3c3-200d-2640-200d-27a1.png	2D/png/128/emoji_u1f3c3_200d_2640_200d_27a1.png	8c6da3c2e7b6ae78d9a7840181c9ee256d40e8cf733770a950762b4898cf8ee9	935fdb5853a61a2931b0d19c1cf6869e08974b2831faa05f628289435b465cf1
1f3c3-200d-2642.png	2D/png/128/emoji_u1f3c3_200d_2642.png	c9fad2e4db971598e0f718cf3094bb1483998c1335dea2c9f2edc84f21f201bf	8d156e1d8df171dfd16415f5cb916d32f116811d5432f987d507090a7ac4de39
1f3c3-200d-2642-200d-27a1.png	2D/png/128/emoji_u1f3c3_200d_2642_200d_27a1.png	43f23596a29a18ae255536d55bf8a7479afc3116168eb27f2281b49a2a8767fa	75a0aaf8acbca79580b8602f29a265dd2c8d618fd8f7cce561c0792882134243
1f3c3-200d-27a1.png	2D/png/128/emoji_u1f3c3_200d_27a1.png	8e19bd041b4a7637fa68fd9485b199eb454db103517bfcf28eb578ef3a94d023	8e22e6e7efe0dbd6ff6bfa45b0b647d36516a0f31c5404c0e124e19935577430
1f3c4.png	2D/png/128/emoji_u1f3c4.png	7c35167174dee82df2ebc28a5ed233825ff71e75ee78340003dea05606ddfaa2	5f49492fa605621ff4f9900851a7ec50d5b165f2033cefc0c251e68380a41254
1f3c4-1f3fb.png	2D/png/128/emoji_u1f3c4_1f3fb.png	e9170d3624dac095673f93faaeaed65e71b0f7d700858e9c4f407f3df6f885eb	03d342a4fc183c7eb62f3fb5be55dcc5aba856df9b8613b8358a7b6519cd26a5
1f3c4-1f3fb-200d-2640.png	2D/png/128/emoji_u1f3c4_1f3fb_200d_2640.png	9fcf99a3dd8c5b4290e6b6edd4a7806c5a850ffd57ab34a1c24ccaf24ab19a4d	182766d8f582a7b085ae2dbd76199a784dbcd87957381cc96c22f6a4fb15dc59
1f3c4-1f3fb-200d-2642.png	2D/png/128/emoji_u1f3c4_1f3fb_200d_2642.png	3ad933dc094a95e69476719ee30f126ff4b3c9865444aaf34a6970ade5874317	30322eac8f82ab68027e142acb37f2632d0ad56e642b86453fdbdece25044cc6
1f3c4-1f3fc.png	2D/png/128/emoji_u1f3c4_1f3fc.png	658c2b1c0b66c4732c69a685355e9688a7dd3149c6d7faa066179843a2ecb2d1	89795e36626afe50c7d2180d6eb0c6cfec85a1654669a308ae2cb691e9673aee
1f3c4-1f3fc-200d-2640.png	2D/png/128/emoji_u1f3c4_1f3fc_200d_2640.png	2e03341caae1fd34c920c0c2b239609edb1380f046173d2f7966e0b4d4520699	d4dcf11a2979844623a1b8f08f6a0539c4c43cfd036a9e6370307e524aa9ff71
1f3c4-1f3fc-200d-2642.png	2D/png/128/emoji_u1f3c4_1f3fc_200d_2642.png	800c9136f828f095ccbfc908b5fa02d55905b51412a100ee1a6deb646e86a06e	3569e2ba34a0178c2b7345821334f5ca70ce21f7fdde99c1c647123028aad9ac
1f3c4-1f3fd.png	2D/png/128/emoji_u1f3c4_1f3fd.png	08c207e396ececd8685b9f68f7c5eef4eafa2cdfb2f2f43e903ae855a91a2bac	b6f7a42ed7f69adaf845f20b710a6a3345f704cb1d64001108eb69e092c7999d
1f3c4-1f3fd-200d-2640.png	2D/png/128/emoji_u1f3c4_1f3fd_200d_2640.png	f1a8975dd4633ffaf12266fcd68d2946807ca32832bd65314059e94d8a389224	0c3579e1af9d8d4f30383e5bd8835013e0c349b1f642d872586b97f26ae6d1b5
1f3c4-1f3fd-200d-2642.png	2D/png/128/emoji_u1f3c4_1f3fd_200d_2642.png	929ec94cad1648e12aea5247dc0190ff0a34f0ac795ac5f8b3c9753638017537	c6be24619cafd373c90b4692f130af49cd63c9b2182d6dbbe8415afdef83e423
1f3c4-1f3fe.png	2D/png/128/emoji_u1f3c4_1f3fe.png	fe5a4777a18e978b50fde63271ad07151b19554e0be58cd6be2c1cdf5300277d	b93aed0bb926fa9e7d6cfff5827a1c9de8fe2c2212f4e6ff4784f3355a693986
1f3c4-1f3fe-200d-2640.png	2D/png/128/emoji_u1f3c4_1f3fe_200d_2640.png	c866cb1707ed6085f5ac29e8339f5b5c2f01a6d46307d0e5bb1fee2844bec1c5	f421bb7b3b64a83efbb2f2dc1d9fcc3ada2872ccf5658704ab45ea7da5de880c
1f3c4-1f3fe-200d-2642.png	2D/png/128/emoji_u1f3c4_1f3fe_200d_2642.png	a2a2f2a2bda402dfb3cbb6795e634339b3d7c360c72c58b1d6804366de34ece9	0d145c46079269fce70cb285ac643894b4e92a18ed8ce7af2fd829bbf914a542
1f3c4-1f3ff.png	2D/png/128/emoji_u1f3c4_1f3ff.png	1b4430685edc3ca023394886e6558513752911d05cf96cb1f5017def79b05a73	2af9e03a1cb0b45f9f00a3e52e690751b4e1c2610cc8ea653f2716ca3d85d5c4
1f3c4-1f3ff-200d-2640.png	2D/png/128/emoji_u1f3c4_1f3ff_200d_2640.png	504d56844ee869b0b5bd6824af62a59f63c1aec1484a72a7e1cb53335f1d8fb4	6c3f3fd12736e84e0058736a16ab0bf3aaca8993c5338a2fac4b7b08f66f7b23
1f3c4-1f3ff-200d-2642.png	2D/png/128/emoji_u1f3c4_1f3ff_200d_2642.png	75000a557aa3267aa61530a092a48a33d261d6913d0b3257a38158cfd2536ba0	5cd2da42418f7a85df9cb70e5286c53afdcc031089b006b5283baed8e3bf3a51
1f3c4-200d-2640.png	2D/png/128/emoji_u1f3c4_200d_2640.png	b4d7a83f4032fc910f11e745b1811d7c0e543929b935c1a4968f2e0001bdc45f	15c97322e9d1bb1926ce73c4efc1240ebac4d8720366e26bc8c592ec5640459d
1f3c4-200d-2642.png	2D/png/128/emoji_u1f3c4_200d_2642.png	df551522e92c9aab5769b2292e9806d772d80b93251f725f4a79cc632b5cf5e2	e04d44403e04024d2c99544b51788c94d04c6616e167012dd350232d39fa46eb
1f3c5.png	2D/png/128/emoji_u1f3c5.png	4790c64e48ef0513b06f701066efc8872265bb6836211abd3e4c6c7e2a7a5535	f51de3621ade1e210e969ba0f15a8ce02f095abbc6690cde2ae8383904059c6a
1f3c6.png	2D/png/128/emoji_u1f3c6.png	0bcb3953b021377ea5846997d19c4d7d988d7fec416312cf4633de4746e569b4	e8a8622893f3811f36b49a6e236bc3f80d3174229e7b09de18a7e06c73283006
1f3c7.png	2D/png/128/emoji_u1f3c7.png	dee06906123c3212901fb2d3b0073de24ee86bc537d46f3bfd982c69e3913fe5	64184e3732992bb5beab1a7c009bc5022176ec6d1c4603f2dbb5acfe24191d14
1f3c7-1f3fb.png	2D/png/128/emoji_u1f3c7_1f3fb.png	b07982d1044d3c49f0deae389c0d48b63ac2bff0647f9207f188f9b5d007db5f	f285eae75c89d110f155078f18b8a299088aa36ca56b2697f072fc9d57acc022
1f3c7-1f3fc.png	2D/png/128/emoji_u1f3c7_1f3fc.png	a6eb675f7af095702f01ade1125993c189b3497e00f6f56f96c0c886f9eaeab9	d8b7efc5b8ec6aabfc13bd2586ab22f9de94e4e8e9e0535c38fca96bfb272e6a
1f3c7-1f3fd.png	2D/png/128/emoji_u1f3c7_1f3fd.png	edfa3c61f46e525f8351ae44e64a380f2ad55522a2e2080d5368f2418147df00	3ca6f264ea6cfa70d984c1a179cb70afcd519c11f38ded46877b673415c4e573
1f3c7-1f3fe.png	2D/png/128/emoji_u1f3c7_1f3fe.png	c443d6a1e99d3f19fbdef77f4d4766d92fea924864ab4b2efeaa1ca10760a8a0	40bf49d34e7725818a3e2e3cbc793cf8fe8422e4f85222a536ff60eb32a25bbc
1f3c7-1f3ff.png	2D/png/128/emoji_u1f3c7_1f3ff.png	9bd89854199635fbbae563affec1294b8bd3a8a28888916ff73756f4dba72a27	31d7eaaa218bb3fcd1ceb0d174b4bc6a777af7472eba77dba015ffaeb499fae7
1f3c8.png	2D/png/128/emoji_u1f3c8.png	a26676b0f5cf519950dcdc5a29d134ec4fef32147c1e53ef9bbd42bd70b22422	4ae663b4ba2e4642fafdce9b748660e3111342cc776ecffc17542a503b787360
1f3c9.png	2D/png/128/emoji_u1f3c9.png	1f8500c7b3b977577bdebcf5b6c69aa2d9e5de5eb50ed834445e62e336e0701f	fa5d13ef003602da27049eb24057d69e0b2050c44d1786cde87894aae27a5980
1f3ca.png	2D/png/128/emoji_u1f3ca.png	66da01094f43d53db6718f2f8994479b497d8a36f0ddb00ef184ccd24df73480	596df1614473e2adfe1fd0fc5fb342b16565e470e6810f2e89c976e93ef63989
1f3ca-1f3fb.png	2D/png/128/emoji_u1f3ca_1f3fb.png	80d5130e7108cab2fc9e31c9e01883842057432ee30310b6090c397d34b073ff	ab4aa5298d2057be6248b196c2d653b9e33007217f09f2b4658dbf6b3f60e69b
1f3ca-1f3fb-200d-2640.png	2D/png/128/emoji_u1f3ca_1f3fb_200d_2640.png	bf4318f4db4fc5fa5a081838f0d4c0802ac83dec6928aca70750643560ce8c96	06efd2071f193ce08fa0df4c58059ad887f87c6b475b4d3f56637cac3a9c4838
1f3ca-1f3fb-200d-2642.png	2D/png/128/emoji_u1f3ca_1f3fb_200d_2642.png	18a9ca9fc877d69c6c720ca5295082e4ece9957520d1ed705f5b00ca95c35428	439570ea1cf6eea7aff3607f111b74809aae2d4ca54d763863b48bbb86068b46
1f3ca-1f3fc.png	2D/png/128/emoji_u1f3ca_1f3fc.png	7f6c1a697e4af28ef211cd685abcde5ec8f591c89b077e59cc0aa84da4b7ac86	7dfaa6ec679507f1267caca6cf6d1925219da7f8bda3de2343485d377137bb75
1f3ca-1f3fc-200d-2640.png	2D/png/128/emoji_u1f3ca_1f3fc_200d_2640.png	deda8260f4b56af4e22f86c0984fa34f1cde66849b3b962facd1e240f54c8138	51963647a1d443b232a2d6a971ef085476fc5a4b2c12bbf9e726c746d5820f6d
1f3ca-1f3fc-200d-2642.png	2D/png/128/emoji_u1f3ca_1f3fc_200d_2642.png	5a8b2b890517b6cedb419c5d4914b8d4bbf7480585a83fd68369a1e7b2241c64	4751b7e878554b3d3cf5482ea1a8404bb18b7145510976348a3a4aa64b65dc45
1f3ca-1f3fd.png	2D/png/128/emoji_u1f3ca_1f3fd.png	1502c22558920d3acadae9d50ab698921e9fe11f221615093296a29ddab14497	d868b4e3b4c88cee64c4344dafc153f98e867ec2a283cde9308335f7a3f746f1
1f3ca-1f3fd-200d-2640.png	2D/png/128/emoji_u1f3ca_1f3fd_200d_2640.png	0bab09eb7e44297ba1ba3e2cea8d6a7b169e5943b4c7b03fcb8b8ff382d1caa4	c6b4a501e9bc4922a71b2f06ae7c312af54496c9a37e236e2c6f6e7458660c14
1f3ca-1f3fd-200d-2642.png	2D/png/128/emoji_u1f3ca_1f3fd_200d_2642.png	4927968cc594276fa5ecb15db5647a284a5d045ac6a023917da3e5f81b51b4e9	ba863937e11903cefb85f4b4905dfad1ae0927b9e633d871b264a0aac9e28d1e
1f3ca-1f3fe.png	2D/png/128/emoji_u1f3ca_1f3fe.png	c9ff0a0a38259b5999aa409bd26d43debb0433712a67c1abf3c50047fd7d7fc1	3e309778a31bfaa9c798e846dc256f184524693e77bc5848ac3f15a8a0aa7a6c
1f3ca-1f3fe-200d-2640.png	2D/png/128/emoji_u1f3ca_1f3fe_200d_2640.png	73d987c8e7d3e8bec87e46e37290f0bc3de7101b62769ff8bdb4b7c5fab3e427	bb16564333d1db38aa540daa62a723359262c715bb73e19567ba1450822a4172
1f3ca-1f3fe-200d-2642.png	2D/png/128/emoji_u1f3ca_1f3fe_200d_2642.png	96249f256af4354a79d05b8b9f5cb5f3549b90e656899b7924c1f399b33c6586	031148e6bdee16e3453c1e2064a72e13d4378aab32ab571f8f8d30b5a49f44c6
1f3ca-1f3ff.png	2D/png/128/emoji_u1f3ca_1f3ff.png	e15aa821a79f5de1554d2f50492bc44c8b8a70d99a1379e8e01098d147a7d242	be6a1ed1d2661f1dfceaa6cdd0d2cda27cab9efdc0a8ea6a252bfd8c46375b9b
1f3ca-1f3ff-200d-2640.png	2D/png/128/emoji_u1f3ca_1f3ff_200d_2640.png	177d61696f37f067e4742fe4078a844c30f9c7eb3fac53235e94fbbbdd92bb28	e0272e9e90f06a9d9d09058ff7fc612dd2685038661be22b84d2e2cd1c6ef358
1f3ca-1f3ff-200d-2642.png	2D/png/128/emoji_u1f3ca_1f3ff_200d_2642.png	a6b9f0edd04b3bb3c230d391b203e8ac41c6fcae585dfb181bbf2104233ac091	0dc9ee4b8d792081179aaf6dc4459294b65867cc6a7c4ef2c06b0407ded910ff
1f3ca-200d-2640.png	2D/png/128/emoji_u1f3ca_200d_2640.png	e9784b1a729dfe687a22986a7ecb121a35597481cdd0e5733c2662fb99568a20	ae109ca70bee6482aa25712191b17e83fedab59064982c4344cf8f01369ddf73
1f3ca-200d-2642.png	2D/png/128/emoji_u1f3ca_200d_2642.png	0db1f976e4b8d14fa62092f9b9d63e4d83801a40d004e98108b9ac308e7bd21c	872a984026b4ba5efd766dca06fa3b49fd253c03356ac1fe7c7c3d2c7a12925d
1f3cb.png	2D/png/128/emoji_u1f3cb.png	0516637356d2a1c0f2e6d4d053888eec060b5f50751f63321f4ef76cd89e42a6	7558b87a13a7aa39f39dfeeb8e1d0c98d68d62f774bd3720c8a0d4e037260536
1f3cb-1f3fb.png	2D/png/128/emoji_u1f3cb_1f3fb.png	60d680f63a31cf56b8f84745afc053bc0e68753525a4836cf201dcc2be3b1a01	88438047cc67b34b37763e12b78c2e45830e66c63a29f20846db543c8db5dd16
1f3cb-1f3fb-200d-2640.png	2D/png/128/emoji_u1f3cb_1f3fb_200d_2640.png	d47361f916f0954078fea356dcaa45cd1b159ad10c9f5bf14ab0f375f7700cdb	d22d18c92171d75cdce530ab342cc20e90415951cd5afcf489974ab26e307971
1f3cb-1f3fb-200d-2642.png	2D/png/128/emoji_u1f3cb_1f3fb_200d_2642.png	5116aba048304db16a9f4d7600fb94f48005cfcba41facb87b0b1ba25c10d8f8	59555f07969460687ea709c6fb388a9444899aac402c2208dd190544872791a2
1f3cb-1f3fc.png	2D/png/128/emoji_u1f3cb_1f3fc.png	c654cb18e23777a16d15640f3572f5deb7cc184fc3b1226045aabc280fadac6a	7470a755443ef2898961dac123d3c30bc9638ee81fd390f45f35302c54a3bae1
1f3cb-1f3fc-200d-2640.png	2D/png/128/emoji_u1f3cb_1f3fc_200d_2640.png	c4addc81ab419643795a3e9d0f4b5384afb98eb38811789f77fadec0cc85d5ce	f9a4bdd8ec4272b707a635dcea1fd4c2fc5de324d54ed6915b64093c8b5d3ec0
1f3cb-1f3fc-200d-2642.png	2D/png/128/emoji_u1f3cb_1f3fc_200d_2642.png	28c9c43020c99ebe762ba5a8e82f9df879c36878f89ee1d1c18e37c3a883c46f	69c4c4d985d7c4dd64ff64bf67ae94f3a53f0387fcda6d625f5e7074b8fcc0c2
1f3cb-1f3fd.png	2D/png/128/emoji_u1f3cb_1f3fd.png	a1035b9a8625d685280e318f1df788f880f7b8256fb5c9a43030e3efc1070af5	b951f34b903b1d629e87b79cac78c376a345a80d288af9410f4d1695349c06f3
1f3cb-1f3fd-200d-2640.png	2D/png/128/emoji_u1f3cb_1f3fd_200d_2640.png	507a00bc1f35199c69395449dc3ff5a22dacd638312d540e1d2d905f12507d33	29d535ca4fb4696bf94b93e55eb7bb261e329d31e0de98e8a9fb6465a656cfcd
1f3cb-1f3fd-200d-2642.png	2D/png/128/emoji_u1f3cb_1f3fd_200d_2642.png	88c7649d72fbec25e1f9d86c7e7af125118c64248cea8fbf84be6a4f6cbfa7bf	0808825e1f64cbce35d9273856c9d977e4c0232cfd8f9477d198ec719cbd3a68
1f3cb-1f3fe.png	2D/png/128/emoji_u1f3cb_1f3fe.png	4283bbd1f737d0ff3a0667d5f169df7b03a7e190f2c7660a65e8f109552bf030	d224720d4a3597823119e3ef49d18356d9db4b1c0f886fbb689aae6a20ebee68
1f3cb-1f3fe-200d-2640.png	2D/png/128/emoji_u1f3cb_1f3fe_200d_2640.png	9773423eb19f6b8c411624d6c9ad0b35b150410b3c5d8c81d4ca4dc9bc40f54a	9223d5378523c0be8d6f9921bf9db28c57c31bc47952a399f45f8e2ce7660ace
1f3cb-1f3fe-200d-2642.png	2D/png/128/emoji_u1f3cb_1f3fe_200d_2642.png	d0442c7a095ff670b1b916b42ac7378099b8f5f01fb2a6234b57790cc4062c2a	a08c8e9aa2bd1200b45c1b29cb24fe7f3673dd46a677ad5e01aa7cbdebf580a7
1f3cb-1f3ff.png	2D/png/128/emoji_u1f3cb_1f3ff.png	d532fcf4782e3997348f847a2fc4c24d35b2650b5a17b0e3ef1e82ae9757a7c2	d60d3b7535be97c58e737a5fe6c0ee45cecf24e010875358bc2f4a86c86ccebf
1f3cb-1f3ff-200d-2640.png	2D/png/128/emoji_u1f3cb_1f3ff_200d_2640.png	cf89016cddc5420132ed2500445b81942c4da45c12aa0acf1a7e811fc36d4ece	ec5b826cb701a556c78262d6571200ca2f0353c16f17fba913107c68d11699e1
1f3cb-1f3ff-200d-2642.png	2D/png/128/emoji_u1f3cb_1f3ff_200d_2642.png	e7a2ae277b9b1c0054ca7ecee1422b640f57f0803188c48e47f8c4630818aba2	78759389feecc586c19a5a435fc4bf6bc1a1e52ea2dad6c24445288ad199736f
1f3cb-200d-2640.png	2D/png/128/emoji_u1f3cb_200d_2640.png	b7bcefecfa31cfb0969422194e56d9e6cacc01def7dec0e4e803531bd0a0a810	53df8b78e056b8c618d16d10a43210534f15365c2012317d02240315cb514da7
1f3cb-200d-2642.png	2D/png/128/emoji_u1f3cb_200d_2642.png	52be7d9ed4148b244e525ce993ed8a8c6d13919ba1c8014bd3d6d4c18aa5ba05	8909155d1282e75217414afa7a2c93253a54582b4864155f152f9ae4ce82be07
1f3cc.png	2D/png/128/emoji_u1f3cc.png	dcf6a4e182357cddfb93f12e08a1acbe6bda39fdd36aefe38086f019d680c430	a4fb27829f3b6cde4b00739df99d290368b21dd17a147599a3e3bad0c537e44c
1f3cc-1f3fb.png	2D/png/128/emoji_u1f3cc_1f3fb.png	e4d7dc0eae58fceb6a437340499fc1257c1e8af6713ce42e7bff9036d6905e5b	ce39774e83ebb9bf760946e043a774277a3f47e22d5b34f0d354b029938d07a4
1f3cc-1f3fb-200d-2640.png	2D/png/128/emoji_u1f3cc_1f3fb_200d_2640.png	77b5986ddae10121f67b94988e193226792ed48a1df6543402eac2aeae43786e	abf6c0dcfaef5cafaa8670533c425c8926d6a9dbf14a4fc60a6ff0b86c81bf0e
1f3cc-1f3fb-200d-2642.png	2D/png/128/emoji_u1f3cc_1f3fb_200d_2642.png	3666fc6151765bd6169a3a6efd339710acbc9ac9c255363292cda02615dd8fba	959b95b80e1aa9faea97cd0c81c63daf82c5229428179e9a0d2a71316b663e31
1f3cc-1f3fc.png	2D/png/128/emoji_u1f3cc_1f3fc.png	58a432f68c90a1b655da285ed9a5bac0cf48539912c8486c5ad8f0af29968b50	bfdb046a6203ebf836099aef78c797878e5b79759796f2c6944fcd67f88cbc21
1f3cc-1f3fc-200d-2640.png	2D/png/128/emoji_u1f3cc_1f3fc_200d_2640.png	87a1e5f02ae4a21ed094d66cba508c63e7728046e4805e0821dbb7df56cc88e9	3dfac83c4a363dcbbf2a126025a84c8d5b3f1e2b39b3b09b718fec32e0d79568
1f3cc-1f3fc-200d-2642.png	2D/png/128/emoji_u1f3cc_1f3fc_200d_2642.png	de3c2ec99fd833fb4a244afd6f9051455af92e4ed5caafbd8ad2bb3dd8abf2c1	876f80747eb2331e411cdc30badcef51402deac8ac4ec623556e66619a700d8a
1f3cc-1f3fd.png	2D/png/128/emoji_u1f3cc_1f3fd.png	26e409ba736d3d4c1096ae89706f619c3e3a9759109ca721b4d58443f992a443	695b298d06aa5e4bf344c3fc3626cb71f538f0cf64f00948043cff40e04143a8
1f3cc-1f3fd-200d-2640.png	2D/png/128/emoji_u1f3cc_1f3fd_200d_2640.png	6a7a55147c5c5aac67560e5ee02878f2ccb6e6aacc54c01f9288439aed795700	b6e568f445eae3dbc7adb7f5b9998d88626b2d679e88fe1df9730d2bedcb2c12
1f3cc-1f3fd-200d-2642.png	2D/png/128/emoji_u1f3cc_1f3fd_200d_2642.png	f2a71f65b8372b46d33254a7f5d7653775d05be861a11e976dc4e50098165a9c	2cae4fdd7ba3a23e76c10f5dbf67bce3749ce13f3efb6509310194f52871c35f
1f3cc-1f3fe.png	2D/png/128/emoji_u1f3cc_1f3fe.png	ba013398a4a43a00bc8a609d382d3d8a570e233fbc5e8898d3ebbed577724c5b	e27ec7730a6365c6f7120a52dcd53c18dfe26c33213123f0cb8d014451ab3107
1f3cc-1f3fe-200d-2640.png	2D/png/128/emoji_u1f3cc_1f3fe_200d_2640.png	7f57c9a909088fb4b8e3732000d8188023cd68d65db4f9d4e68266471d52f366	2a6c2f7217bbc1132ac7ffb334dd4b4e9fa8c09769b40a8b40bc6ba44078b134
1f3cc-1f3fe-200d-2642.png	2D/png/128/emoji_u1f3cc_1f3fe_200d_2642.png	14a120f44bc62919bb4f109785bc8a38316c66bf82859580339db10694cc9355	3a88cd53a9f62e30627dc71eba45be2924de680654a4604e012a3d5355b32ad7
1f3cc-1f3ff.png	2D/png/128/emoji_u1f3cc_1f3ff.png	056182953c9e77c0474bfbe3216f930f2539e0ecca3e4f7c001f3ef1866c146a	08aa5aca76adb682716adb5684c12ffa662c3a265aaf557393ca0f162b4a773c
1f3cc-1f3ff-200d-2640.png	2D/png/128/emoji_u1f3cc_1f3ff_200d_2640.png	3868be16a6af983d247a922de428fe59f7c04383d79c7f70757fbd79e2ad4f3c	e4edebec09b5d6c13ceba3f3ae103b93b52f2e570479c78afe9310b43d47cef1
1f3cc-1f3ff-200d-2642.png	2D/png/128/emoji_u1f3cc_1f3ff_200d_2642.png	fc0674035596ff4d9c83bbb2d71b568f302003a69e2c5c9ecddbae4929332e03	c9f490c0aa1c34bd6931d38c27155d7af2516cd7c6c1f056e0125616927bed33
1f3cc-200d-2640.png	2D/png/128/emoji_u1f3cc_200d_2640.png	fe6171d3c32de379c6506a3f3a496529d3d90ed3d5a0f7f1d405fd8cb01f27fc	75a620c535800bcace69f00fdb7185aae533d3f287477deda62df8a4431b15e5
1f3cc-200d-2642.png	2D/png/128/emoji_u1f3cc_200d_2642.png	918ee89040e7e156efa8ed7acacdc8d0dd6777190d3fabea3e0dca9b552b60d5	833b1d4bdf5e7444b0cc03fdd967d2564a9a3c257d7a83cbc32ff71f37af95f9
1f3cd.png	2D/png/128/emoji_u1f3cd.png	4ea38c8bdf0a88a6f6ddf96b96809443ed20a1cfde6d055cc15c7b6bbeb29d0c	45d5a6b91648fce3670f8dff03f348c575dd25047fdbf8e0934df697bf57308c
1f3ce.png	2D/png/128/emoji_u1f3ce.png	70191006ad041c11ab51181b4aa6217f3cda3b498a9df45e8d0c919c683023f0	fe6ad6ded855c69422dd76b52a72312fd6429fa5804addf1f0b2a4b0a6df3b4b
1f3cf.png	2D/png/128/emoji_u1f3cf.png	2ac47d2a7d05378dca94d7644b5b05c3ec441a10e3da73065a5aaf4b53e4a4d3	b40711fa32e2839467b8fa782f9dd738fed0e1fc6d113419708fc8edcd493fef
1f3d0.png	2D/png/128/emoji_u1f3d0.png	8487e09d390ec6cbc906ea45f8c5a82d4d81746bd6042b8d0ae74b38f162aad1	8f1b31d55055aa90c3c214a552c2582167b2e3b17ee3b7cda195bda0467776a1
1f3d1.png	2D/png/128/emoji_u1f3d1.png	a98575ceb36157f608155541b34346b494c5f87d7c8c26d844309b6a966eb146	a9748e038774f79a5027d7ecbdc9758a01aa48564e93a5d36bdbfcbf34ca0733
1f3d2.png	2D/png/128/emoji_u1f3d2.png	5548903f23b12a5f3b9c64a22b5a6eca7df1c218f48f4107d1b1c1893da520ca	5ce63e0e75aa9ec15ffc0f90701cdee9ab922534c32670a29447b69cc96117de
1f3d3.png	2D/png/128/emoji_u1f3d3.png	af0d354c01db0aa558cca66c361c2c0912f4b494c8afd323efaeeae3f65331a3	dde52cb757a679d318aedb32138ddd1cb5e2703093c6674f2894a59f94f8abcb
1f3d4.png	2D/png/128/emoji_u1f3d4.png	9b73301514f0fb9282d1d0bd102afe98889612a786844f60f9675c5c831bb145	fa4f29849ae35c8623968a5c8d893a315f0b3ecef6c39da69bc9ced99b95635a
1f3d5.png	2D/png/128/emoji_u1f3d5.png	58b272a71776a0dcf26f6dcc6672ea18138972b72d2e9195744ec93620c20287	56a48e4549896a5192c43ab82cee965d4f40280379f49ec70009d7b79e28bf34
1f3d6.png	2D/png/128/emoji_u1f3d6.png	770b6971c7301a2379136230fda173a639c23fdeacf1ef7f5209c6a08998fac2	ae5bfd255823d4c63ff2c04d22f9288f2b78020c6a63cbc0f2a3f4cbcea190e1
1f3d7.png	2D/png/128/emoji_u1f3d7.png	79256d9fafc44a63f3f278152d4cc6717e7436b5e0a017ee3a1a11526d58f901	3e9d2b70bab935bab08e8e4bf8ee17a8afefdd36828c124f3876ae1b2e63322c
1f3d8.png	2D/png/128/emoji_u1f3d8.png	43f33400802d986e53fd460b6cf06f9c8ef821dd36987ed497abc427ee7fd790	303ceea9af3a269334b8b17b89d7b25d040723863abed5b404859c03b4c24a68
1f3d9.png	2D/png/128/emoji_u1f3d9.png	0a4c2a716719b72ae618b1f58995b49584cf141b8efaa67f6f175d566e614c73	36760dedec91a2bf6681d62713726ba17e98b6bc8abe192e3750f2031e14157c
1f3da.png	2D/png/128/emoji_u1f3da.png	ca1e0f8cc5e1c27f16a3650d4c9035f448f17e302f308d10009f0c9c73159ac7	bc701de3894d7ee42faf9c4a0bf3f392696d9d76e47efd5dac38ec0b18bb5d19
1f3db.png	2D/png/128/emoji_u1f3db.png	f2c7e4f5f333ebd2d95e3dee9e0f25a543129d10eab90e4d45be74b63812851d	95c2f6f62d0f52a4704b7278b3246b466e9d23c7a6d1d02da41a2263105945a7
1f3dc.png	2D/png/128/emoji_u1f3dc.png	2e91fa3cbde234176d250a78dc80ac04c7866147d53ef18f5f5a6f938224b435	66e7e84af869f96a2b4e8fecedc2e3426961602804d15b152281fe19b02c8fa5
1f3dd.png	2D/png/128/emoji_u1f3dd.png	b1abd972090e6397c7d1b1539d07d9ee2b78aa4b1f879a71f8366a05eea0eab8	97a201ab5cad04ea54046fbaa340fffbc7e0ea1ea00b2ac490ff31102adf5993
1f3de.png	2D/png/128/emoji_u1f3de.png	4c0ae3a55c516c19df6c0f48a1f4a795f29d12dd001469f150677ed48d12ffc0	f00c9c628e20d587a97fe95f4ed7468406937c814d0974a875e1e5f93cc86518
1f3df.png	2D/png/128/emoji_u1f3df.png	fac72f163e0cc1ab9b6fc6b9d551b8b60ac36f9895495e9e349f5ea46ed9bc0b	fda8db3627bede38116823eefecb0deab0f1fb08fc7c9a1dad91d392b5f1636a
1f3e0.png	2D/png/128/emoji_u1f3e0.png	4a0915a7c2fc04fcc742e64a7d4424e528dad7b4782be67a10b590992bee2822	a060d26eb33c59ce927c8022275eba79191bec87d43e2de3d5311682a54e6b29
1f3e1.png	2D/png/128/emoji_u1f3e1.png	d0271df9bbf9f3dbe8860ff1aa6a0d51632db6b6596f318a3a67b6e659709735	9b0f72c825e94d50ef3cc2ec42be90010b0f58b5d49baa28bd715876318ea74e
1f3e2.png	2D/png/128/emoji_u1f3e2.png	f1cdd83f28ea88976a49aea0d45216490833784404d8dc89070b4db101d03893	5213de8867e8b7ab23c7b93508c3e5b913b492df73465d413456fa3d809ccbdd
1f3e3.png	2D/png/128/emoji_u1f3e3.png	0b29a93c2059ece3b863f666fb3fca6d25b02ed80f9157576fd7bd0cbab7470d	653c5f1d7f6b0293405b04c843e7d927f4f0e94450cfc825bf0eb475e0db4b11
1f3e4.png	2D/png/128/emoji_u1f3e4.png	f0d43eb430035c8d95371e6f20344e7aef00599ab7d7006a1dcc39ff047c5d7b	01c6116929d2f7f72b1739100c2eac38e63803e20d53aa0d2b3e786112399f46
1f3e5.png	2D/png/128/emoji_u1f3e5.png	c02feaa3819724352163607236741807d24fc77925737b315681b22b8dfee5dd	a532e2da51c6454fb4207571c0fa90423b27646427886e3f9a182c72e0f5168d
1f3e6.png	2D/png/128/emoji_u1f3e6.png	7aee6f50a392e56b3bca841e86941e6c2e52bf1d725be886f117d8e1b59566bd	ba3299750d2c8e88f4abadd85b39a96a55efcb35e758475be0a17234e56df554
1f3e7.png	2D/png/128/emoji_u1f3e7.png	4c7f5ce542b91ec4fb44944dc7d6ae7dd1a80c87606921fa6d5f2978efc5e12f	71922fe612e68e0980e1d99c197a0ac3410348c80199fd02503dcdbe57f35595
1f3e8.png	2D/png/128/emoji_u1f3e8.png	9a7761d123b5223d64b0e5ef1e2bf71b8c621e76d865a1ffb9aa8ab842da8f11	eb7935e963e217327c651e78e08a5e0cddd036ce640c51b120ba235277b5a645
1f3e9.png	2D/png/128/emoji_u1f3e9.png	fa08feb0e0697403bb159fb836ed6b30e0e463aa0759f3b45c027c84704ded42	2210b8dc7d60c51f665a080067c45d4cff4b18c3babb75779180159b2ab47e2c
1f3ea.png	2D/png/128/emoji_u1f3ea.png	814f69db2a8b0994db1a363f210edead4c41a412c26f83011e19c82c128c2d3c	36dde2280db82f6de670ab0f00de92567d01a59c2927eb541dcba00017426c19
1f3eb.png	2D/png/128/emoji_u1f3eb.png	ac29f655a67f7e6e33ad3b6b8b840b89c086b40059b0c600bc801d8fcc509a4b	f00bcb09664ae3299888d0363ed553d32346a39c0b5591dd66dbf903ca229c06
1f3ec.png	2D/png/128/emoji_u1f3ec.png	73c71986b20b6d6313c1953da8a44483df9448d0d481f8d610721f0c5620c5b3	3027a7477d79bd20fdca3e9bbff1c20c2eb9da9b68cb512a4548f4c6d938d68b
1f3ed.png	2D/png/128/emoji_u1f3ed.png	a0b84fee786f8a052e485f1644b85c294e5a95816b830d59f4ef59e61039c811	cecdf74116be34a8020d8bb29044d3b817c177d7a9467986c9cce9111e8c8708
1f3ee.png	2D/png/128/emoji_u1f3ee.png	c1c1765a30b09eea41202b45e63c263201e26d5a6c39f8ca70851f79cd1907be	926bd7063a0f5f3083d8ebfe15fb32e914c651614e1ddae2e10edc3d93a45215
1f3ef.png	2D/png/128/emoji_u1f3ef.png	8cd3efdf70375ba748286c3d5be0daa9e73f27822dbe132703d14fe5f0dc60a6	ddd6675416ef07d563f17d63f7ecf935b9b8b10d8009a92cafe4149a25a43c99
1f3f0.png	2D/png/128/emoji_u1f3f0.png	936c1b2a1ffe119a6cc49273b328bd840e7ef76cdccc1faa022ea20f1384bc8a	c827dc2c7123e5df7e921aa68f3a1f9ba309a63868af463fb6fd1fdbb2330fdc
1f3f3.png	2D/png/128/emoji_u1f3f3.png	5ad702ad3d5f0c9c99deef80a2ce7f041a09e18472e678a1fe221253bb240fb1	b55ffe3d600d3241dcd2ef57f2f9023145b9ffd91c15b00d9776eb0acf52d951
1f3f3-200d-1f308.png	2D/png/128/emoji_u1f3f3_200d_1f308.png	e0ab64e69251785deb1938a99297ff53cac7a814f3aff5e75abd473f6058e8a6	5798cdb4af22e277afcfe1721ef233da59894daf315936ea6a70f29fe9355f55
1f3f3-200d-26a7.png	2D/png/128/emoji_u1f3f3_200d_26a7.png	eb1bcc79575ee7362c3ddff976a3de0d6c7e0faea57e8bc7bd546fae7b213729	08a2b01de76cb228813cc97d8003d3c8cafde69972cd077b72291242289d974a
1f3f4.png	2D/png/128/emoji_u1f3f4.png	8f00cf5d04dec0033242828ed0535ee1f381d1c931b577786dfb67add82289c3	ecdbe4aaec5360cb816922cd508d2163cf720ca408b2d5ee65d72ec2317bbac1
1f3f4-200d-2620.png	2D/png/128/emoji_u1f3f4_200d_2620.png	6dd13bf5a7b089a078db61cb24cc14336be30b39da2d462e8af82e46c87b160d	2b846839c2614f27498cd91b6b23f15f8fcb416195869667c202b9399f4b2d1d
1f3f5.png	2D/png/128/emoji_u1f3f5.png	dc62d9bac3e03e805d96eab076ae590086af5000dcd213b9d9bd45dc11562548	ddf314b5c543b62c28a8056c5a02504cc92b6137c0c06ef7a1500d06ef1b21af
1f3f7.png	2D/png/128/emoji_u1f3f7.png	a2d55abadb1c43448eac9a925dac0ce8907e02a9c5d78204273274f0bd8041ee	5d732fd7e8a4daef408a304b8ff13ce370cb636505d57331a6dfa4b0c2f2afd5
1f3f8.png	2D/png/128/emoji_u1f3f8.png	c52d1bae6a6533533c7f7a8d83ce743fbb573f54fe5bd4252ffd26a0aa09475f	82a7657888279f3e2579f6ae8b68082cc9d38bdbe005fe091d0b8d40cfb38781
1f3f9.png	2D/png/128/emoji_u1f3f9.png	f590591f0477cf395184f34fce2e79e2f50e77b8694fd18819283aab76f5edb2	e595a6d40a051550be29098726ba505c4f75b19ea30d050adcaf8ce5d215d165
1f3fa.png	2D/png/128/emoji_u1f3fa.png	c43186d48260b0b1966866c36d40a246a0acbcebc8ef2267378b9ec621d24439	5e5975ba9d8fedaea16de44b99d46e25e97b1825da8e578ca00270f782a35e68
1f3fb.png	2D/png/128/emoji_u1f3fb.png	0f1751db653702598959ed51711fea4774b827367d1d0da94792e022a01a88fd	e3e067c12b847bfb7da37e6d3a58a668b171986452891273497f1c00055a661e
1f3fc.png	2D/png/128/emoji_u1f3fc.png	0c1a89a609fa0d8854563dff02c806d3e72e01f2ba7406cc6b44e5f7abcac716	61083673baf29762963183d06ce59d09c0449897ef5ea538dfdbbcee067e228e
1f3fd.png	2D/png/128/emoji_u1f3fd.png	c75604884a49bd3cd8633f8abc742eb6a155be923705b72e5ddbdd0d66befac0	f8be3c73a896a072f68003bb04376acd863bc901efb9a08a8fa187577e35fc40
1f3fe.png	2D/png/128/emoji_u1f3fe.png	bc12f10449e13fdc0359ca8b8353235e9e926184fbccf386de646f6bdbb5132f	f5fc22530b0c47b62f0a6a6a844013f041434e9a833beec5457da73342b4a070
1f3ff.png	2D/png/128/emoji_u1f3ff.png	d23ba554dde71d811e3b8964a54e6334fe4b5fac7df915e168b6489d1c77a8f7	5946635abb471f6244eea295f888d105fed57fe9bb8697b82e7d1425c56f6e9f
1f400.png	2D/png/128/emoji_u1f400.png	c59ae140fe9588e2a32d9f740098c9901d6d244eac7e7c80e8dea99ef1fb5263	69dcd98efae21b696c54cb5bf6b1c1d0b26e5a7f076d7903aecbff7c4c223740
1f401.png	2D/png/128/emoji_u1f401.png	40584ce50d11f67b509f69a8f843ff63a2525d8d031e8c255637b934daae0df1	e45e5376aebce17e38bb5bcdc78c0e7a5bc62e98fe68e2563e4a9ac91dcb3e17
1f402.png	2D/png/128/emoji_u1f402.png	821df5c9afb0495cf033e03f9a5af7e195194da9a6170edc7925d044fd89ec62	fa2c52063ae3aaa454024311fcbf661e8d4e1ad1b0b3d3dc25aaf4f7fa7dd115
1f403.png	2D/png/128/emoji_u1f403.png	86343017598b90b8f40156b353071dc31f5d35d84b75dfde61e45f3e878cd8fb	69366caf0b11de4d43c24584f2965fc7bc00c3ecccef3d668ec38c8fc3df31fc
1f404.png	2D/png/128/emoji_u1f404.png	8561cf823ccb85c085683a71beef67927d890dc58803b8454deaa2c877e968a0	785884fba78fe3315943c09a243443075a2486c332c05ca45faac9991f09f453
1f405.png	2D/png/128/emoji_u1f405.png	9db340ebfa40774229fc1ce3bd5ae0561fea9060495ab5e61f7273e7e9156176	161a1baa3f601542c3256df633d670e217cfcddd5308b6642f8d16876cec1c51
1f406.png	2D/png/128/emoji_u1f406.png	c43b2242b69ac0190ab9d189bab22d1cf9850885ffe8570faf911fe104c24057	370a6c401dc1064748c4eebad0293486bd6c7b96e65d26bcabbf0c99655f9e0a
1f407.png	2D/png/128/emoji_u1f407.png	d04d27f0e8fa968c96c1309aadf924816eaecb408f3a53536dc919175563408e	2522b73cda33fca5e889950a023954252537a617f0397c545bddfca4f5acf50c
1f408.png	2D/png/128/emoji_u1f408.png	096b49d4bfae56cb6f08ea8d31c7ee6f92d5933f28e8ef61d58f05e22ee774f4	a7344ab1e0c8d6e7c25b3fe6823d46338481d842c6d4011a64287a04c4ddcb7c
1f408-200d-2b1b.png	2D/png/128/emoji_u1f408_200d_2b1b.png	42f3c00b49d9f5a9946b53c753c8fc8593e22b633977d2f0013d100a04f69eb1	2210083162ea2f77eb862f3d1121f6b048d4afdd355849f65ba73d4309a0987d
1f409.png	2D/png/128/emoji_u1f409.png	be77b388b94b4e466a40cbcdb35e8b35e5ca042d5ba4cc5b25b650b5321866d3	52c181737e6c7c2c4de03f4313130385c4dd70597a6031ad1f36f00b405d8239
1f40a.png	2D/png/128/emoji_u1f40a.png	4b12f9f3d56b0e11738d308f0d88d0f72259532b0f09aaca0639d71944b479b0	47c950b0638fa39d8fcc48a83e56f555bd2d63627b277d3148a64c53b475b937
1f40b.png	2D/png/128/emoji_u1f40b.png	ea6fab09474bb30227164802d29c6ae81c9a93c1c05fb248d3cdbbff18d7066f	2299a9b51b90fd52d8bd4c145ca285af29a1671d54a0c476d96deb24e51161f1
1f40c.png	2D/png/128/emoji_u1f40c.png	6b7ccb6d14597c05b64c2341bba43ee7588f45ab8ea357a326889caa4cf4c3f1	15dcaa2b7b94b83489c2188de15fef04c1a01fb8b047dde8589c1f4cbdf2906e
1f40d.png	2D/png/128/emoji_u1f40d.png	0bdbbbf34a8c2af264201e6bf3dea95961fb551985d5eeb739fdd9df2197b515	c4091f7ffa097ee85b704daeb74cb758e7eb47035c2a328786963870c02e987f
1f40e.png	2D/png/128/emoji_u1f40e.png	731e17efd9712f22701d5d010ad7848ac8334df9c45f843df40d2d78a09da2ef	1648017208257baf71e892f3e163f9336bfa450879a03b8425f11005506baedd
1f40f.png	2D/png/128/emoji_u1f40f.png	c05368cdf60e32e65ebf7f681193c05506cb7fe7a1ab532cd0b76a586bf2bf47	2d213590a208f8edf9eaf12ce060b7954ed7b525d3843ef3b54a57eb1f35fe94
1f410.png	2D/png/128/emoji_u1f410.png	6ab2dcf8eb2f30dc3b0ad54206a4288aeab62466887e915d67ac99c837ad9120	5d4c99b90a06207b6c49e093c198b6031913afeefe1ab1e90bae1c034c531a83
1f411.png	2D/png/128/emoji_u1f411.png	3f27f07817475d2542d2fbbfc813c103ed899f4b9a7cb71e6bd8590323057b43	610b9c44e7a3949f0c90002e18efbc6e600215a7c57ccb2c5457d36b8f1a2eb2
1f412.png	2D/png/128/emoji_u1f412.png	7a9ded024c3a7833629ea27c62bc40ebed6c923025d115830dfe503c16090e32	456865a8dfa9669f74d32751dbae0dbd77a447b6f7b50a9ea211900aaae8537b
1f413.png	2D/png/128/emoji_u1f413.png	1038c5e0fe4d740a39e316ce5801ca12b2ad49722ab93dce3f1c9324d0cb16bf	0152942a562795842f48dbeb9da6d459c9a082d2e7c1916c4ed9629039954212
1f414.png	2D/png/128/emoji_u1f414.png	5156f7ce5d6fca5758e824d65361ade71a6425c1b4e4f6ff46a5979e06ad8566	32ce33c403afff670d82e2cf57b6c60656cc3dd15da86a449a8ece40d4bdee5a
1f415.png	2D/png/128/emoji_u1f415.png	6a46719a9c975c520f352f1ce4609d1658a7b337285f5e94ce29312da6ef76a4	83c70690dc3956a2922796a3592535142c2f62eb2fdee2f02111f6d7581443c4
1f415-200d-1f9ba.png	2D/png/128/emoji_u1f415_200d_1f9ba.png	42b3eec69808321e61ee90e7ea03118a3399b5a620e836be3c71f9fbc2bc257d	ad80a8375f4b0f522c58c56946a8bae35e5d218293289e29519b088c16b44fee
1f416.png	2D/png/128/emoji_u1f416.png	5c71798a9cd18731b3ae68cb538a00ec6bdf550bd809893d06d090435101122a	d9f18d0d8b7464663e515471767078ea0d95574827afc4cffe331c0f74d0af26
1f417.png	2D/png/128/emoji_u1f417.png	af95c8e5e659a4828fbfebb7403ff3e700b72845a7a937b69f1306613aac6660	505c141a80a5e2ee954665f981e94ab1d4497f08767aa8f90e4f163935c337dc
1f418.png	2D/png/128/emoji_u1f418.png	ae577a32ebb75efe61947fbb3a231315fdf994bbae0626cb56b48de87d0d17c1	59ff6c6e1aec773b6ec7fe45213fa289b572a0bf028c36981c27be2a439784b0
1f419.png	2D/png/128/emoji_u1f419.png	2dd823adc724819fdfcf1f2054c8cb4a0254378b3384728261569001ac49d9ce	ef77cfdbc7df9e50fbcf1338e0aa87ce1488d220a412e166cfb45e9aefe8f36d
1f41a.png	2D/png/128/emoji_u1f41a.png	d870daf7200b7f9e00247855f19edcfe9145a353d79603b09dd41dcc1861375d	0f6da353d038c7ec707daecf20faa1a36128425c1fade5724e2fa9151d866e60
1f41b.png	2D/png/128/emoji_u1f41b.png	64fb49a969ce997d725302289cb52cf6c8b0aa76611bf3651928bbd33838d9ab	4fc2cdf80a9d1cdf70a0c4d20efb26bc63482d0bd94910969fef8f22a4578707
1f41c.png	2D/png/128/emoji_u1f41c.png	3b999b9e72b66fb62055769e82550db2a6ef3a49338a99b257e71c7f94ac5379	153b1a50c1a15172809a1e5d0acf584323dfbc4a9ea04e300fba059fc95f65fb
1f41d.png	2D/png/128/emoji_u1f41d.png	1600250a183109b42716f70e22411008eaaa03bd57d334ea422fed02e40e926a	0f744cf5e7bc00b2f095d79578bae25127a3f648456b303d6cc81bc11570eeb5
1f41e.png	2D/png/128/emoji_u1f41e.png	865ff08bcf56c0d26e443d92357a000f525f660d8f9936d859b07b03a8c74894	c016e7392a5b84f07a5bb1996376c007a39b57f16655da8a0e202eb49d2fdcc7
1f41f.png	2D/png/128/emoji_u1f41f.png	64170ffc41e71265a4566304ddc61c6c9f53f3ef0dae30d34f5aad043f1eea28	7f50d49fe2e78f8f833cd02681caa1dffc0543af320ddbdc750233dbed6fbea8
1f420.png	2D/png/128/emoji_u1f420.png	714a57747566c2de0afa3f7378174fe3548e40a1bcdade855f1ee227915b0659	67897827d6ae5c409e5413a620f47e1a29b16616f1667d307eb3130dd1203784
1f421.png	2D/png/128/emoji_u1f421.png	ef5d9f1ffd0caa76bf43ad75fa60f9a4afbd4f6061fe2f85b2b93a96d61362f6	705d8c31183501ff8a919f28ab0315c8d32b925e4bcfb0c833231021a62d50e0
1f422.png	2D/png/128/emoji_u1f422.png	4489cffff80bd6e7b3599e754d5cdeedabee4a8fccc6e9ea97086f38205c66e8	3f83c5e9a948c87a46867fcbfdeb156194d00b1087eff7edaed957c1d6ee871b
1f423.png	2D/png/128/emoji_u1f423.png	6e21bc88274ef233a514a46f2009c03c7b571ecd7aa17943e64189f11bbf38c3	022145a737b8501a271f08de08195969bde2ad3458acd48486804625ecb9b2d5
1f424.png	2D/png/128/emoji_u1f424.png	fc14be0bea44350529deaf125f4903e7688479b4ae52f6af597b3ee0f1917f90	cda32893e1999106ba4856db022f742404751ce836d1c78e8b1aad874e9f5fb8
1f425.png	2D/png/128/emoji_u1f425.png	d7bb38d32e6e686e39aa13a9e2670840bf045b7e2901c53ccd6d24ccca9448b9	cc7a799188c8f287668bd8f2172b158d029fc01bf24fb84599483a9623166d43
1f426.png	2D/png/128/emoji_u1f426.png	d64fffb967389d61fb72514d4557bb8054cf16ae9285778101f7eac87b65f18e	4124134d36cabf140dbaf2bd52838d9fcf1772aa256e3106149bc17a05df87a9
1f426-200d-1f525.png	2D/png/128/emoji_u1f426_200d_1f525.png	02bcb1f9da25c01dd3d150dff4604e55cade63b438084f8a7ea74021a2793aa6	ce5ce428bc59e126c6c7bab2ffbe291e0231ae8cd0a3fbc6b9f85338f171ad1e
1f426-200d-2b1b.png	2D/png/128/emoji_u1f426_200d_2b1b.png	cb60fa39747d1944f455159d48c0f4e7233951139f6738447c0632118906a2b9	8cc3dbe99469e843a2ce10f9db6d74256c2b043f4d7a703b3289ba313f55e290
1f427.png	2D/png/128/emoji_u1f427.png	d71a470c07865c84c9385445f6c6194bc9556e7b533d45b9bd45e40be13e37da	bd20c548177cb9b9ea6ff9ea41d0dfe6e6d7450819ce0699b5ec506f1afbedac
1f428.png	2D/png/128/emoji_u1f428.png	393be9ba32bd75ad259a343a2b52a4d7a119d7b99c4e425c62ecbd9bca3017a1	01375cb42991ab437631707b9c1998c6bf55c3da2d2a34bddd053bd1afe6941d
1f429.png	2D/png/128/emoji_u1f429.png	8eb00fefef3e90dba6be8f629687a26797caa21f0b6665a26b93361399d6dedc	3b407fd48e94a9db8d44dc816848fac67f85ce1b6af83433d871eeaa9d10bb22
1f42a.png	2D/png/128/emoji_u1f42a.png	8fee72a4712b3991ea5dfb137e29dc14bc2820c9bf4b206c676d899236e5a46d	045f27e0f51336814ce50f77896983141417596a771cb3c18907dd284ffc3713
1f42b.png	2D/png/128/emoji_u1f42b.png	1149b8274eeb25ebff813771dedf61c66bf12bc850e63112f8c0874bd9d03dda	250549942761ebbb755c75d3435b205addc026b6a38b5442e22a50a46ed5b0f0
1f42c.png	2D/png/128/emoji_u1f42c.png	c894d456dcd90cbcc9c687214ea44f828dd8bfba8ff695d9840a417b57e771d8	41ab4b8dadac7ea4d19991a23652a65d78c7cd814ad8f635abab0bab51cba913
1f42d.png	2D/png/128/emoji_u1f42d.png	81be853b73f6c588ac490461917c9bd7900f85951c5885ce14b4109b864b3383	6b422c10c2b813a535169b0cd09e2a2f3fef460c9747366cd276faeaa9745f73
1f42e.png	2D/png/128/emoji_u1f42e.png	d828f448b8769520d16fae43d835291a80e13af6a3fe57ea4b087ce424f89259	1bc230853ffd2047b2952927396a98989b76adbc700b8c735f43e3c3ab4d5acc
1f42f.png	2D/png/128/emoji_u1f42f.png	4ee150059fde671135080bd6ffc27e78dfdf0a3b5324e947440f8bce522a3820	8fa11021bcca7ddda3a08452b0f4df3153c7580d9abd0b05348e0bc4d9389622
1f430.png	2D/png/128/emoji_u1f430.png	5e82e58bbedc2892810b0cded7f6027f955ea761bfd8a5ddbc6648d8bb4f8e68	5c1f4f1e427938c41d87a4ebd4e48be975873d114c77701e00dca1fbac07de76
1f431.png	2D/png/128/emoji_u1f431.png	81cba1f23a3dfe65f9081f65f17deb3ac9c0d49a4eb00454438230a953fbdf32	0952f7cce00b446e6d8ca9855260a7e634205e288a7cf2865ff7bee9c3eff5f6
1f432.png	2D/png/128/emoji_u1f432.png	05f77305bec616996b79dbc2d9fe18d2dd1c1d78573aea6cb2c0ec4a6f94d82f	e809cc7074005f35a43f2f2a0137c649d9698181732b42201f2d8159951facf5
1f433.png	2D/png/128/emoji_u1f433.png	d03483a18d05f5a3cc3c85bcd73cee653bb7a14d7c3c4ca893b9c9753dd1ab99	5a5a94a4dbd594b847158c17211415202b212ddaf8cc1717f37c8a3467da43f4
1f434.png	2D/png/128/emoji_u1f434.png	5096516d823b2bf52847f7ae1ac15823e174bc6da0254a4dfa1d353c7ddd614c	35438edaa2fca70e8210535e4edbd91739d7bee20a21cb6eb317dc597375ad5e
1f435.png	2D/png/128/emoji_u1f435.png	4c85d10547b807af63b36a59948da3f89a8df47fc8581107f99d55f9ae7d3292	4a03ce1a8551f9b76ee0fa67b9442d220cdc013cbf10755b3931af7a8ec933f0
1f436.png	2D/png/128/emoji_u1f436.png	52edf44f6d63e18cc130df3790126762fc8d2902752d0383de9578c764f5ccbf	8bd5e3bbd35e150ef68af4c466f4a07f9797a5188928432801d7a086257d7297
1f437.png	2D/png/128/emoji_u1f437.png	8632f9c298175551b2cc0f2f881cadbb012b1b142421332e9835099955adbab8	8f50778a9957424209143d257bcbfe42f1100fedb90788d29c3adb6f3e8a9e31
1f438.png	2D/png/128/emoji_u1f438.png	cdbfa980af2abdd88dd0dc458a8cccb6be06be86d8b2b4d701800339266c623d	8df0e2d7f02b23b9cfae9a99b2fe7aea8245326a0f8cb264682974b64ac082f9
1f439.png	2D/png/128/emoji_u1f439.png	fb79baf091e0a32a5ffeb3dab62dec84a2a63675cd8e84d563aede63756b514a	7321ccc39cbee87ffbfd36649615b86a978923d0b67c1d21c209c64b4f7b8583
1f43a.png	2D/png/128/emoji_u1f43a.png	1f9d6e187edb3866bf0d1009918e1000c6899feb28db1253bf535c365bf6fd3c	ed77caf396346aee0d51e79b93ef04e4b8826f792fa9b6c7bc6fa27df46a9bc4
1f43b.png	2D/png/128/emoji_u1f43b.png	1494d7b17d215a7027ac6cfccd50bf94918dab972c629c896e1eee14667c0373	c79837e0c7cba232af1d7e268c3b6d954cd52cc08018b03d88f60eff5ef0e852
1f43b-200d-2744.png	2D/png/128/emoji_u1f43b_200d_2744.png	988c72febb4d2e2f862857e54ff7be287864389b92863a664c39b4826b6ffa98	954c9bd8589521bdef3b9ed956526ab38baf8381331b9279d7c2a0f138ada486
1f43c.png	2D/png/128/emoji_u1f43c.png	97fb0531e16532b4ece1b41712a03885003be56813e53623be506a8d64411f64	272525954c4193d957ebd5897b7d6ac3d453076e53ad661bbf02b162073deb1e
1f43d.png	2D/png/128/emoji_u1f43d.png	35c8675254ea564d3dccea18caedad91fa5e855e04601fb7c01fd090258ae2de	3af33ccdff0d15328b8346ddd2b035ea826d656c4d8cb444a09ca2e728cbffe7
1f43e.png	2D/png/128/emoji_u1f43e.png	44ccda4e2f7cd5e37e2c72a50540d100c41d81e91170328214443910ca97fa3d	c76d861c080dc8b1cab1901fb29ae77403ea5a81450086d339bb95a2c046180f
1f43f.png	2D/png/128/emoji_u1f43f.png	dde2a75fb9c7101353736a3158ca7901c25dc0f9179833ab2780cd99746af74b	6884ab89497e77c90b26b01f565e23eeccba43311e5fbf1469594b164512492d
1f440.png	2D/png/128/emoji_u1f440.png	d815fafb52776522bb3656515e939102bbaa7afd8d5d410fe8e0a24390ba1624	4c3bf490cf2ee58dce67c3256a4173ecf1ec732caae8210aadba7704785f15ad
1f441.png	2D/png/128/emoji_u1f441.png	736030e82f920c62641bcb97b17cd7b509029d763ad297fbb87afb674e5c55a4	962a247fb561eaca59443a7b3123f3bf8f6773c342294ae3034e99be6520ee22
1f441-200d-1f5e8.png	2D/png/128/emoji_u1f441_200d_1f5e8.png	cc0c30dbd25675f9f2cd2fc068e92c2a967a8e0a23b6c7cc371e24a9c8ce6420	f045445494bac481024ab25a281ea79bc2567837e1a4648dc586288f071b0836
1f442.png	2D/png/128/emoji_u1f442.png	e7d9b352c32438c791e771ce56097972809bd8a978e918c10959c92ef7a2d226	1254a077fe6f2f3349b7072a84ceac3014fa04cb4979516dee259641cafae13a
1f442-1f3fb.png	2D/png/128/emoji_u1f442_1f3fb.png	a931cb5871c3b2309c1a8e54e450886d877cc07c43d7fb1b54ad09aa5d805ce9	6390aa703c74aadafca10535db22833145c79560bd824b0d5795d89c3c7e3cce
1f442-1f3fc.png	2D/png/128/emoji_u1f442_1f3fc.png	1a08a3414b21b3ae5469437c9b2481e389f1502d30bb087d7388e11e70db7727	251b3490131d9805ee8b29cf68604ae43b66b48ce2c4c9cc0c3da2a0aa267077
1f442-1f3fd.png	2D/png/128/emoji_u1f442_1f3fd.png	831d22ac320ae1a5e6c135a2fe495e5d60e6d796335bf129a6a632d2a5747fdf	24f88751f7b10d5571a278277a700e4a70af3e1e18e9a41d02d741c3baa352b2
1f442-1f3fe.png	2D/png/128/emoji_u1f442_1f3fe.png	e5d8b955db1d40a92390f1da40d968ed2a1159ad3542660ce025a8df07badfc9	8d032f7cb5e857502d91e124273618e7cc1ff5b897dd363a3cda78d2b8412de3
1f442-1f3ff.png	2D/png/128/emoji_u1f442_1f3ff.png	431f378439e1362b54685655a09a95177096865f7df6dfcc3626e65e9d46d6b4	f45622e88f488b0449117afc499958a38c765caebfb448bf382922d6eb24cbd3
1f443.png	2D/png/128/emoji_u1f443.png	eb6c684943299e0d4f1cb5467475f12edee9cb6e1eb1d11670d26266e77dba04	4f64c6505c8230483f478bf0905b583672efb8128629d265706b2c8b0ea0fad3
1f443-1f3fb.png	2D/png/128/emoji_u1f443_1f3fb.png	6c9177496bc391bc3054fe0515fc034c31d71cbc876e04af0bd82f386d4a0baf	f567245a360959722c346894536277d36e791ab62b3d2ba970b9f7db23c6c0ab
1f443-1f3fc.png	2D/png/128/emoji_u1f443_1f3fc.png	ed3214b8e68c4afcb158c5b4b02979ec2af24922cf9f6cf97e99e29bb73943bb	002ea82616fb1eea2ad122019777a6fde2834fee7c0fadc60ff8e88344fc0c2c
1f443-1f3fd.png	2D/png/128/emoji_u1f443_1f3fd.png	34a896c13113b27c59bf6caa7ef760dc49645f505f9eea224a8d6c093e2f6b47	e4020d0a68a6024fa8e93f189ec4b7622932b43173c4e1c3189282c2df521f85
1f443-1f3fe.png	2D/png/128/emoji_u1f443_1f3fe.png	9893bc30bde3e888e9d22ca3dfdc20dbe7672c84527eb8ae1bbd2748b92128e1	e4ced0c10549ce09f71d9689fb024ebd147e14aefb4fe578c74fd54c460d6d9e
1f443-1f3ff.png	2D/png/128/emoji_u1f443_1f3ff.png	ad8948cd8cc1956cfddcd75ac9e78dbdc609185525f7185a6f23ecf71114b3c1	655b37b115e0e56e4d89386c50ff08c7bedd5c7c155159fb82e20f412c9675c5
1f444.png	2D/png/128/emoji_u1f444.png	90016aa810b27c0324b783c1bbd241e64dd40ac81db39d5d17772623eb054a39	bddcb2fd19e5e306d46343144b29adf63f091c6f0e1f3198048d6a95e087f7ca
1f445.png	2D/png/128/emoji_u1f445.png	07b2c7134c1f5e9e1b25ea96ad9b243d8fffaa4f003790e6aad862926bc0d126	e6923aaf32d7595eb3b97a2ec9b5d2cac7cb8a28a3d92f1f30e1f2b5c607c6da
1f446.png	2D/png/128/emoji_u1f446.png	3a2df86bf5a04a3a859519bd6890fda7e023b956a2f2b74e74dbcf6bd66788dc	3e7ffff501b664af831be033f8fb16bcf066d096c3bf7d015f264bc94b6809c4
1f446-1f3fb.png	2D/png/128/emoji_u1f446_1f3fb.png	c78da79caae75dee397ee004f98beb5a849ecfbe5ba1cfeedbc8073c7b7f0563	f9aadaa57312e3ed6fe19d1d6513bb0a8a16bd49cad68a81ee382fd33d4a989e
1f446-1f3fc.png	2D/png/128/emoji_u1f446_1f3fc.png	c6d4e99151cf4084e9b33e71655b35d4fdb6d22edd9d066179fa4b7ee3fce555	823dc7f60878e5d2da12384a33f6b86f8ab51d22450ced6594a05f976c846ac6
1f446-1f3fd.png	2D/png/128/emoji_u1f446_1f3fd.png	01c7acc77ed92848ab3558e32c37277da2611ee5207a3d07855798b529588e29	20e0f8efff69cbb3ca875039335162a4ca96e712dfd19739a2b953e63c211176
1f446-1f3fe.png	2D/png/128/emoji_u1f446_1f3fe.png	22cee35ba1d478cd114da1927589936c3d59fd9b0d73c4425350c59ce157c44b	966cbcdf2856dfeacd4d11331a757322043f412746b2b547e8622aaa29a8de31
1f446-1f3ff.png	2D/png/128/emoji_u1f446_1f3ff.png	b9faba7f39eb6038b54349a21d88999d3f6f635cde7db03350b39d6743b93cdf	9e863efec6f4d738b1659c94fa30772ed10ce15505f79786cd4d191a24f04212
1f447.png	2D/png/128/emoji_u1f447.png	16db9e18d60ecd4b806b35e841330df75bb6f3cfdde45bc9e62cccb365b0de56	e7c3f013b88e2b8ef20e15aad86544f9b3f371b467581cf76eb0117393d5fce4
1f447-1f3fb.png	2D/png/128/emoji_u1f447_1f3fb.png	5cacc22122df52ff46144873ad7094d6fe28e7ab081bda993256780e1823feca	3f1a3b62eb7f3c20b78236e46fccc9c0bb6daa43b470fc09e5c8d6938fd1e415
1f447-1f3fc.png	2D/png/128/emoji_u1f447_1f3fc.png	44054bf87832346113b98844271405cd10d45330a5ffa3b91b55008fc43b87c1	7eaf377310ddc4be1e9aa57a97ef46302f5113afde07c6c43de62a0a29798822
1f447-1f3fd.png	2D/png/128/emoji_u1f447_1f3fd.png	827db30a50def25ed9e3f81abfda9754fd9ae0949acab7a8dde214f85ba6808f	82983ddb4bd8326672a5cae428468108d245a1cb884a43adb1ecd5f93c36836c
1f447-1f3fe.png	2D/png/128/emoji_u1f447_1f3fe.png	d74d2b5732434ffcfa0d2472bc4d701d5b649bd84ec77a80d7b84bacac59516e	c98c5d85a28aaa71d42752e93aec962999ff61c0aa7d96eb788cfdcaa74cc5f9
1f447-1f3ff.png	2D/png/128/emoji_u1f447_1f3ff.png	45d780f7db905c96b747ea195c3c8cd3ebdcc810170e3af7a4d9a5058d776332	a18cd7b741b76d609479ad01bfe03ffa01f03236474a87427c849aecdf5ad200
1f448.png	2D/png/128/emoji_u1f448.png	1172c5b0cffdff4d8b3b145d02c2d11e8ba2bbbcfad31828e634ab8aec765a22	a41111c3cfc787eba399b84c3e9025313e44195b2990734bbe62b8a5e2318f66
1f448-1f3fb.png	2D/png/128/emoji_u1f448_1f3fb.png	fa162be0c8aa650dacbac1c7c8852b7ed6f6dd142d7ccedff16aa8f504fc5116	996350962e04c6c4f9d00ff941338009104023d52614a25c071490dd7a49f73c
1f448-1f3fc.png	2D/png/128/emoji_u1f448_1f3fc.png	20c791ff803d82eddee655fe2f3a089c5c566dbb1e859f9e1dc6f28676aee547	0b523383d08770d2687c137789a1223a068ced925e17fd5845a85774e4da975f
1f448-1f3fd.png	2D/png/128/emoji_u1f448_1f3fd.png	449e618c40ef5d7fb65cf7d555078b99eeb772e4992a53d2e2d25f5217ac5d73	2d09ada1097bb427ea73a924bf599a88ade44efa1587f4d24766ba645fff48d4
1f448-1f3fe.png	2D/png/128/emoji_u1f448_1f3fe.png	968b10975d8a518df50ce6500476f2c7b959cad926846862ca4c5a1d852d53fd	4c61bfa0c4ce04e060a9ba40c3dfc0cd9121bf8828bac4b1975402426d25dc52
1f448-1f3ff.png	2D/png/128/emoji_u1f448_1f3ff.png	685eefbe6bebf7e39eb7a5e0136164d3aba6c51cc54b02f0635217fdc0d0fe3e	95bfb660c79173ea8a4a75ab4266056f4a4af00f40d8d3ef0f6e7b00c022bc13
1f449.png	2D/png/128/emoji_u1f449.png	11ed3f3c7fa69f61d1d113a082cf4e44af4a95125a43cd6c93797f979d327f4c	7e35a91311a40b7e2c0088d07dbf2521941ffa4ae96b9ab021171e808b10adee
1f449-1f3fb.png	2D/png/128/emoji_u1f449_1f3fb.png	bc4ff3ee70479f857402ea8cfae3bdb872cd0a03610ab2c2a8502a6c850f432b	521e51c2b4408a32e6879b91e5a2bd1d292e91b96ee1b3271c325b234744e123
1f449-1f3fc.png	2D/png/128/emoji_u1f449_1f3fc.png	cc525a66c422d923e19416d7722b692e7b413913a36eb84fa0507c0982f047f6	3ecb4aa8471afc5f341cf7fd8e05fe4fc5a23e0c395663a8c082741ab2f2dc12
1f449-1f3fd.png	2D/png/128/emoji_u1f449_1f3fd.png	609373c6df950ff18bc878feec20428e39d822181f51efc670a575aba20d1730	fab6b899f265173fc7c69acb1fe50156f233426f8429604d55cb341659c5472a
1f449-1f3fe.png	2D/png/128/emoji_u1f449_1f3fe.png	0103412afb3d716f56206fc797eb0cfeafeb4a7099fe2e06b60a896fb7bd349b	4608616b2cfbbdd0cac4cd32601fab0f9b9e9ba0a0422fc075fb3b0bc7e06a0b
1f449-1f3ff.png	2D/png/128/emoji_u1f449_1f3ff.png	1721aee25c302293f2737e159c0bcbc3bc0f0c3909492203545cd443e8865ab9	45a7f14ae67ba0001a49aff8a05bcf7fd4fd1e5a8ca8be4a87d3ad33e0b7127f
1f44a.png	2D/png/128/emoji_u1f44a.png	6561882bdcd2467216282b0ebdbd0f1565b6460c5c47d8774476cd9e0e54686a	9e5e4a2be73aa83747bae3bc60767b12e0edb20090af85830f71956df55af483
1f44a-1f3fb.png	2D/png/128/emoji_u1f44a_1f3fb.png	6d43d82c815c0203e212f499c1a306d781955b374c9c543e2b13d21170271b82	cd332e76297208e8df7dfdfb7aaa7095aed587ad2e5667856025b7a9ec38e9ea
1f44a-1f3fc.png	2D/png/128/emoji_u1f44a_1f3fc.png	f5fb31833a595b4225a8ca2dba1e1a7884141db8577cd4ccecfff6790fec4740	d79b28ed0b548352dc3d93295fabc7620b9f06869e1eaae390a6cc831252a49c
1f44a-1f3fd.png	2D/png/128/emoji_u1f44a_1f3fd.png	9e42e5146672e3f91985deff544682667846c7cdf7429c4d71bd24e1c7bc812f	c64aca12d7f77e86f55f6dba0042a0d1f78d518febb787dfedd5254bb1a48ce3
1f44a-1f3fe.png	2D/png/128/emoji_u1f44a_1f3fe.png	023ddf935b1fcced875e457a004b2a30f9c7b26c1979e3e1c2dd2c497d886183	044d35b358a66a61a347f393ce26b899b3465631e88cb34a1e4106027960a962
1f44a-1f3ff.png	2D/png/128/emoji_u1f44a_1f3ff.png	00cac71cf6955feab5a0affbb49e836aeef3ae7d0b283253bf86f5ff9dee79ad	d750f134b2113ce63434b9fb0e9634a1b1ffb6b18b9413c41c5d610f8204467c
1f44b.png	2D/png/128/emoji_u1f44b.png	3aa97de7a71fe81bfbe53d49d5c008ef911fdb37e2e811050666e94dd7ffbe3b	39fdf03f8374bc371c8098529cbb1ff7bf5af1eb8ae477ac6c650df15ebe4f8f
1f44b-1f3fb.png	2D/png/128/emoji_u1f44b_1f3fb.png	bbb89fae8f13a0fc5bf691f33bae0098270155303aa17bc5695a8340f7022d69	2a00db49d026cdeaa01c8b892211f60da6a7d6ea13b386fe7568bb73ec014804
1f44b-1f3fc.png	2D/png/128/emoji_u1f44b_1f3fc.png	33fa44d4a00ab2a2c70b3ae94f98060460da788afbe1cc09ad95b9e4cb30f111	fc6388002c1258622433723cf6d5ce2c4c57b35c4139ab329a4d901c2198ac4a
1f44b-1f3fd.png	2D/png/128/emoji_u1f44b_1f3fd.png	dd1e70bc73b19fb2e59b360f523c9b6ee06d7ad07820a92871167a83bb33ea2b	f87ee0890267996af02716a5b4cccd3e01c76b9232f84eeef07675268a8c25f6
1f44b-1f3fe.png	2D/png/128/emoji_u1f44b_1f3fe.png	0693919f6671de0558277409ce0b9b9e794024daf13c31b606ad661d371bd751	4ad2127b0c96eaa41c5dc3e040ec922b1ec26dfa999b5ed22269769094008276
1f44b-1f3ff.png	2D/png/128/emoji_u1f44b_1f3ff.png	9da2a2bcf871ca99c22cc5c5282551854cb645c650cb66f13463bc7f1285921b	7c2fd8a025adb5bdd8d1616c1f49755a1a9daae4f36d8e5955d634129595a877
1f44c.png	2D/png/128/emoji_u1f44c.png	d4e30d08bcd1bda2220bd688a1e984a7e3f25ca72231739d0bab007e25dd9899	92a73e4feedb9fd130459221c63ff47b206204af096310d015247adf86d660e8
1f44c-1f3fb.png	2D/png/128/emoji_u1f44c_1f3fb.png	e9d2054c22c196936b3c2357ad309f9ef17308c3782bce38e39ca54a8240e0d1	16d86994e25d26ccb04de12035e3cab9f2ef7264696adb42cf55b6159ef3bd87
1f44c-1f3fc.png	2D/png/128/emoji_u1f44c_1f3fc.png	bb1ac230bd1f98288388d10aeba8475ec8fdcc26202b6a2a7dde8682449c3058	2cc8752b2475346dcdc1767f71dcfcb69797befb1d06f855daf2935467949029
1f44c-1f3fd.png	2D/png/128/emoji_u1f44c_1f3fd.png	4b3a2ed5bc1b6eb2f97bb38134ae8edc3d66e2188298e465f9200dd6dec6902f	77d89a1fcdb657284070d85a948634b61aa08c7f260bfb567d1a534b71223dd6
1f44c-1f3fe.png	2D/png/128/emoji_u1f44c_1f3fe.png	4079124cbcac45f428f36fddbce6b00fd661d2073becffd411c772381fbc33b1	f562a94c28ce2d77c6e90936aa2b9eee420f47ed18f00059c2515026c5e6d11e
1f44c-1f3ff.png	2D/png/128/emoji_u1f44c_1f3ff.png	df9d1491a0d916f9ade39a6ced81564d7aa250847751413a79320440923dc737	435062049b5ff24c3f10d0e858a89779c3e45416f23291de55e533236be9f722
1f44d.png	2D/png/128/emoji_u1f44d.png	a17fcf51fee3abc247210f28b130802fc381e01971699bbefa40eaf89adb3a02	fda472aeb9eceff1585af07f7f39d8d9d6787ff76fdc485abdb1c46b1cb1a072
1f44d-1f3fb.png	2D/png/128/emoji_u1f44d_1f3fb.png	90f90f0444771136d71ed379f5e44c2d832640d0587a5954c0d0dcde9e216947	18e241fef41452af4da05efbbf0d2488411255dc7cd0d832eabd3950256e94b2
1f44d-1f3fc.png	2D/png/128/emoji_u1f44d_1f3fc.png	0d478d7c3666818665bf4116d1c9378fad417dba2b1671e5d210a4851c4baafb	599399e3f87f78acd0ce3e30a2576d08798568887f1e4e596e8806ef373b1ae5
1f44d-1f3fd.png	2D/png/128/emoji_u1f44d_1f3fd.png	67cb910a1e7c095649004bdd77b6b3e701f17f42fc5591c64141a39d9e07201a	a2a4d30ad300a4ac05b085a5d06f89cdbcbfb4fb4ebe4ae2915ea4b81a059acc
1f44d-1f3fe.png	2D/png/128/emoji_u1f44d_1f3fe.png	82361972d2c0b6658c857c393c59ea4d382ca84eb340d2f10c5b2097e42de6ad	7829f85de1bc97e51a1521c6fa80df6eaa9da23c997f8008e8ae25618c373b80
1f44d-1f3ff.png	2D/png/128/emoji_u1f44d_1f3ff.png	0381401100fd625afd2bdb2dce2514202db131d453050ee1a81dd99188326cad	5e46cd3a26df8fe560954dadcb59c5274316c7a45b761940feaaaecc8fd869d4
1f44e.png	2D/png/128/emoji_u1f44e.png	1c3d1ef61ee63facdeb6c5b80e5b0566689c1e909697673e8a2da282dd2cfa45	e7e78c712b6f74d1c0be9a5a9d27633228b61e5dbce2c64eefe7a41a13505f7a
1f44e-1f3fb.png	2D/png/128/emoji_u1f44e_1f3fb.png	85addb7e74382d74456e92b1a4ef14e629e2e1b88523ca9a0b3de319c92926f7	72ee2d009510cee431daeeceb5c03a27b33e2cb51e721d5264ccfd6abee9ad03
1f44e-1f3fc.png	2D/png/128/emoji_u1f44e_1f3fc.png	ede9358b45f54f8ab93813f3d285b4d2ad7fc29a2546eae36f0a8bac05fefc7a	0c7584884033d0f02257b40f06ce6c4d714a3ff0c74b493737859e3c1230beaa
1f44e-1f3fd.png	2D/png/128/emoji_u1f44e_1f3fd.png	e66eba310706d987a7cd4d745ec4ba8c68756c8bbe4c20c587815d27cb6c9079	c9e981a96b887a234a6bbd6453616170e30e6d7bc018517fa3d05bc7d4b680d7
1f44e-1f3fe.png	2D/png/128/emoji_u1f44e_1f3fe.png	3baba8b65ea00d6f1ecbd77108b100bb061d669a347adc975dafc7cfe4c399c9	4a8e3aacdde550017a3647d570c6be277e627ce5c4fbda3e4f544c708b934529
1f44e-1f3ff.png	2D/png/128/emoji_u1f44e_1f3ff.png	826b97b5f6b2fdedc17d4ea339cd8d3652ebf099de8e2a536d44d989cd8566c3	73c11d1e63cca2d201feb6a47d6019f0216acfc45a3764c64295eef723c1fb6d
1f44f.png	2D/png/128/emoji_u1f44f.png	8c64101727234ab7f2b10cfb5ace2ec98f2360ca0823ce77074ac35e6319534a	447a59251f612a2b258915fd3456a360c1b3c139ff6d54d47c7bb3d950eee936
1f44f-1f3fb.png	2D/png/128/emoji_u1f44f_1f3fb.png	8dc200b0ac6584bc20d67ea6d140add84489ccd98831599c584bd5a5003b5ebc	412903025c5cc04d44bd8257a4296cdd3c62d1f7c96c5309c73f93ceeefedd76
1f44f-1f3fc.png	2D/png/128/emoji_u1f44f_1f3fc.png	abfd20f34759b432e2513d09559872b414622ef94831e21e60807d69a1d9e3c8	cd020bae6b4902e13c4c59197e5fe63a56ea4add272be045f2a89807af84a3db
1f44f-1f3fd.png	2D/png/128/emoji_u1f44f_1f3fd.png	7ffd09a06bef432d881755511ffb7ee20beeed294387a6c7ec11bbf72c880f36	7b3b395ba1757af0e8129503ca76cfa2a1ed1645b0ce5b3ab7098063b615d516
1f44f-1f3fe.png	2D/png/128/emoji_u1f44f_1f3fe.png	8f88cf2769c97db99e7cbf828567d721355f1e9329ac5454762ece03609fcf0c	acada8652e08460c42445d8a0765d2f376328c5a42a6a2c1428d23e8ce547918
1f44f-1f3ff.png	2D/png/128/emoji_u1f44f_1f3ff.png	a08dbcdfa1956a23619370a277585cad4ee176eccaab2f35a61b2ea4bc4e6f9e	acf2429edab08af45fe96eb2cdd84f0892b16e238598b65e9fd0a79a50587d64
1f450.png	2D/png/128/emoji_u1f450.png	e893bc7d28439585f2941131fc28af0a88fd2156f75b2470a0b02dc83184ad1d	07284db57b6d03c97574c84f4f85f42b8f7b0e110c7989b0f184bc21e76a38e3
1f450-1f3fb.png	2D/png/128/emoji_u1f450_1f3fb.png	f45a255018930aa7d2e125aded9709f7fd32a88d82a8e99d1df651829c4fb1c1	fc475bcb745eb4942c015f1250ee48f832c479cb872b3094183716f706d7d86a
1f450-1f3fc.png	2D/png/128/emoji_u1f450_1f3fc.png	1c2c3e3573e806bfbd7a0345b6c138084640fb5334f89f7539d2c4f0a189de0b	bac3a8542a3341f02194cef61c12208c5cf306eee87ca2daa22adec020ba77f7
1f450-1f3fd.png	2D/png/128/emoji_u1f450_1f3fd.png	38a86f3a2d139c8beb31f267591b8a678ceb1022b2f4d157ef1f2ef4914a30be	ae849b1aab2df54ed340afeeb5f7c593c054f1467ebd30ef4c28060486dbc3f1
1f450-1f3fe.png	2D/png/128/emoji_u1f450_1f3fe.png	64dbe104b485b3aaedf0325ccd0cc8914bd237b055956d651be77debf9c9c976	b86c36117835e4b27a2ece906e36da429cc300a58663e69b5e67e7d56f865a90
1f450-1f3ff.png	2D/png/128/emoji_u1f450_1f3ff.png	ae1f9ef64056cef265b458481d960abb8a68275d9365827d5151b93ce7a6449f	8368f84daf8e58945a249aaa349a99c85fdb2b0e779d5842bd0ea31b0274ed22
1f451.png	2D/png/128/emoji_u1f451.png	9869f7f4bb127938fa0ab2cafd1606a1a9c808d290bb255ffeaad02ae12ce8f1	c947e03fb618948650b8de481af1bd73c01ba4ec2049c8e9f171388f94821c80
1f452.png	2D/png/128/emoji_u1f452.png	93aaac5f35da42732db13066dd8bda0e933074b777998f9ad9b8b8e15e60dde1	707f6f3e91e6f64da74742e61aff599b76110d23ec2ad759f2c045c9bde8ce01
1f453.png	2D/png/128/emoji_u1f453.png	fa9cbf3d302b32ff6eeedca4fdd143f18679e1403673ff260e35e317550914ed	25c598be8e511dc529a18a4a9b3c1a06f3c777e78ec150ba3d74b8340cba1d62
1f454.png	2D/png/128/emoji_u1f454.png	3d4c33f6aed7bc0e2a9f76dbf4185c4a85786e77e7e714a98efce7e2c6cfc866	d24f6234e85eacb5cc5c245697e08394001b2fffa1381f9226e88c941a39e8b0
1f455.png	2D/png/128/emoji_u1f455.png	a5b8ac79ddb752e4c6cb692f466e71e24bd095de7c3f1dab521a1ba7baf04308	fdd68c177d88e14676af2ab33f5779e6cc4e204223cc2dddd6e3ae23a45e6f9b
1f456.png	2D/png/128/emoji_u1f456.png	a0820013f83ff399f8e08a7dc169fd457bb785c02fdc8f8b789ff1460b8ddab4	7016b95e1b71043909ffacd97f85a0f9b05a17280a704c30ae43b9bc2d780167
1f457.png	2D/png/128/emoji_u1f457.png	5be649f1bee75a72a53c2ea78df5907ebe906c06cc5b46fb405e73397a12d491	1f48c19504ec98d82442b979c9b140763e5db6b3248ec8c20023bb9c7a8afee9
1f458.png	2D/png/128/emoji_u1f458.png	b1af8340aa964c2a1565637cf7a2cf5b4cff55c0c1ed6aa13678a93585195560	bf50ed9a3433aeabffce169ac1cde8113c1457c93730364ad88ba1f5a7eba0ed
1f459.png	2D/png/128/emoji_u1f459.png	a8f56a5824a9fee61e9f0240e293763fffb82d71449cd4899d2bdd6d09518c75	59c4767871fcec5c13fb170b221c3634cb8d0d1f0aff3ab1fc433241a714ff98
1f45a.png	2D/png/128/emoji_u1f45a.png	d72c3def427052fc50e936d74e0287fe9212509213b411cc716484db59967997	0806d5d202167487aa69150cd0ac679f20b2c8e8f6d3803f625a0477a47d8e41
1f45b.png	2D/png/128/emoji_u1f45b.png	ccd6e9420f72aaf7f030cff64198281d92d5d57c3d8315db991317122d3802f1	9cfbb9d1c4f21e5f257a4040ba6afbe71bc153a7ff5bf418f770f44a8d3b8268
1f45c.png	2D/png/128/emoji_u1f45c.png	03416352ed8234818e7101bb34da18f4f5a091e031573455492ab0a9f8a5d9d4	4c2b831daca746e92783caf9e0e31a1eeee84ab56836742401e13688dc0d2d3f
1f45d.png	2D/png/128/emoji_u1f45d.png	31b27e87e2f313a317639f41db560326b8838c85613b974024203f7f6e923bc1	31aec2bc26a8127956869dbf7c4ceeeb64066e47403b7dc835e26051d28e0c31
1f45e.png	2D/png/128/emoji_u1f45e.png	85da83d8edbd43a99b36823e3aee2b9f8c36db01a1d5192b10dedacfb1b6b5bd	94ee8cca85bb9c670c59d08461570f5c6461f956774bb9d9bfc62da8a76802b1
1f45f.png	2D/png/128/emoji_u1f45f.png	45e8659b4c041d47fbcb661c6b3f11105ade0f9f1bfb82c0a68b10760476e62a	814673530421d9d522dcda8e32335b5d31a25a13888ed85c09703638560414ad
1f460.png	2D/png/128/emoji_u1f460.png	a9e312fee62197c19b88cbb7596d4be59e38b873de3193074213fa5718842c83	d4bc6858bcdbd9642c85a7f91bd712a5180186c4a7ce6fecbf98a5dd1a0a1a81
1f461.png	2D/png/128/emoji_u1f461.png	96b709ac1c701ac75a4a3933add2519cccfcc0a501c2ae9c47bad635181922ac	086dac0db0b4f7e1bdd54fadf79a50ef52d776ac36ba6abc33a318d447d902c2
1f462.png	2D/png/128/emoji_u1f462.png	e0e8113fa1ff27a6f5e1947b25a58adfcea1e1ae7ba1f3cff225b4613b64dba9	bd43f5c614bef1bcd2a3c6b5e16928264ea79f41314faee2e065637349356938
1f463.png	2D/png/128/emoji_u1f463.png	903852642d766bc095a3da8be2168227393aa7c6f204517293da04428986496f	b39b0a9daf6f01e404fe9c09547e08fb5055468a491d7a4e259a524022e9c3c7
1f464.png	2D/png/128/emoji_u1f464.png	e014689c6a755a58c508ecd28b1e9ce7010652e4a585116d5c2627e7ab2c0d2b	2d4c760acb738dd1ee609bbb56b7e2deed3b8c4206c9b1014c994f60b3035246
1f465.png	2D/png/128/emoji_u1f465.png	7a7b81b06d6da9964a7aaf3f3232edf32429cb9bd5603f307917d672d110ca23	d785ef0d86d0ad67f1dda80285a752dfd0ff69a6ce196626815ea1de633d1320
1f466.png	2D/png/128/emoji_u1f466.png	364414f179ac5a56f6dcf1dfbf6fa1e92416ef00febed296f113b9dec4475a89	3b1a9a4825bcb2ac4e066e2e3f4cf44e0c47e94f3dd02cd6eb841723944dab3f
1f466-1f3fb.png	2D/png/128/emoji_u1f466_1f3fb.png	8473badb26a88e9f36f951993c7e6e3de517d74f899d69d413fd558f5514a3c0	b0ec61e43a498982783ee425cd647295a75d8db0a189a731f69a9a7e7652f7ae
1f466-1f3fc.png	2D/png/128/emoji_u1f466_1f3fc.png	498d9542bbfdabbaa7639a7a4f10b4b8c52421186c7461b2b32f2b1e652d87fa	f61271da053499ae41172efdfe3f0a4d15d3faf3e2e177b7a144a307c6c67841
1f466-1f3fd.png	2D/png/128/emoji_u1f466_1f3fd.png	d65aa09ab4594b5e889ade54cc488bdc65d7203e6459b11a1aac93471349f58a	eea4354991691eda201d3a6afcc6fb8ff1ef43cb6d3b5f99a807462633d646a2
1f466-1f3fe.png	2D/png/128/emoji_u1f466_1f3fe.png	48fc0ff8ac6c4b918c7011c806e0f9d8b3d1f59d4c1f189719cc20192d0cd789	9569887da389b92d61cc634ab5cee0cdad3c3f4edc7cc4d331cccf6d0c6929ec
1f466-1f3ff.png	2D/png/128/emoji_u1f466_1f3ff.png	bdb006961fcc5d12329182b7da7d45dc4a43462e5760e69bfbe95c9440c6cccb	f2e2a9b551a3042e421e3b8ca560c4c1b7e5ffa2b611221930135ffc6725d68f
1f467.png	2D/png/128/emoji_u1f467.png	7c83f35e96a5ed592c11a1823e68f4d0671d6e2ec0d7245ee444b4e1635254e4	9912a0566240f9ccf66e944c165f58687fd3829b5ad03c09e359c7ec5a6aa8b2
1f467-1f3fb.png	2D/png/128/emoji_u1f467_1f3fb.png	307c8e9a9eff9192d46f42439d39aa1b10dd3a9f4c63e7bc3d5e9870cd1680ff	1b59ca8ad7daf4efdf5bc1643ee3b89e9f4f24f1b6ee805bd0b3a6b494558eea
1f467-1f3fc.png	2D/png/128/emoji_u1f467_1f3fc.png	39d22cd4de520662fccc509bba5a692f4d86d3455b6a03d68b0e2dae3d511b2e	455ee9db1b32a062390d7ca4bba51d56473481ffa6c5f773a0755a496691b77f
1f467-1f3fd.png	2D/png/128/emoji_u1f467_1f3fd.png	d865040c54ebf6f723f770beda19febbf4d0090ce56e03dbce7eb6cb0e94bb0f	6cc006fd4a9d0ee03255170be998e49b4676c184a61d76d473005ecc613364c0
1f467-1f3fe.png	2D/png/128/emoji_u1f467_1f3fe.png	b5c385edf0e96e1acdc1d5d74d9ac186840c4ba232a307d1d62997c1032da2f4	c80dd44f7aa279227206d320bd24d2936d198ac0805f5a46a93c28bcc3c95994
1f467-1f3ff.png	2D/png/128/emoji_u1f467_1f3ff.png	aee82f2ec12e4f1dbd6eb66509788cedf7434048f84481b26a705f86f76d909f	07810ee3319caaa7b8fe3e8c6de4756fad0f134a60a73e154e918ae9612d14f3
1f468.png	2D/png/128/emoji_u1f468.png	777375bd8161bf7da40390d64232bf44f1747e155e713d59fe1639fe2c932195	11fe0b4cbea2de9ca8c807d0b5db871c18fec422702448f6f5f8d3a792b9d4dc
1f468-1f3fb.png	2D/png/128/emoji_u1f468_1f3fb.png	cdb59375a20dbdd34de1fba9a68618515179b98aa63334ec5838c25b551394b6	80f21442c008cc2e28acb980204dcb2924d792945d4eba12e41c4c2b73ce0d48
1f468-1f3fb-200d-1f33e.png	2D/png/128/emoji_u1f468_1f3fb_200d_1f33e.png	094dfcf82aa1615e19c222b12c78413abdb8b092bbe65c75acb79d6361273462	f3cf7089b225e60ff7f0b1b3a19996885b1fa3001c382f235103639b61a1ea63
1f468-1f3fb-200d-1f373.png	2D/png/128/emoji_u1f468_1f3fb_200d_1f373.png	643ac1373dc04ada238321c8f93df51cdcaa32da6869594e236a4b1377bdf523	9b7303b216c2aa2e62504ea0c642a561f6e7bf28678749b78bb1f760819fc79b
1f468-1f3fb-200d-1f37c.png	2D/png/128/emoji_u1f468_1f3fb_200d_1f37c.png	a7e9451a7e522740c2af6e3ea9cd76baeeb709999c7160dab8bac379fd6acde8	18bbafc588bde58adc0bf5185fda6be7f51e9f2ef9c160542512acdba4603fd3
1f468-1f3fb-200d-1f393.png	2D/png/128/emoji_u1f468_1f3fb_200d_1f393.png	d948b2ebecad23f2cc3c0ddc161480bd879f6506d278ebbb1cbb79db4a94fe23	448867a3fb9b81568784db33d625258c3d6d0d881b81a75d2660f854522a5e8f
1f468-1f3fb-200d-1f3a4.png	2D/png/128/emoji_u1f468_1f3fb_200d_1f3a4.png	bacd8ba52a979e05f9a10385649d351d80c76c98f8e420d14de917b0156f7a69	0f010147794f7507fb7da728e5105510cd7d58ef3ee8925042c1cb2ff523e972
1f468-1f3fb-200d-1f3a8.png	2D/png/128/emoji_u1f468_1f3fb_200d_1f3a8.png	552115d82fce356e52bffe2268769a6172c4857ff2b9ecb23881f3d1031befcc	cc1827fd9884665c6992ecb4317eaa28ff5fef8dd6f6ee24afcfe4f18a3a9fb7
1f468-1f3fb-200d-1f3eb.png	2D/png/128/emoji_u1f468_1f3fb_200d_1f3eb.png	d5680cfc6b637920086049be07159007cdd00c6329997a15478e4461e59985e2	8785fc83ea3fde5f70ba5ebb073714f4c5315822af50777d5d26ad8e7e0688b3
1f468-1f3fb-200d-1f3ed.png	2D/png/128/emoji_u1f468_1f3fb_200d_1f3ed.png	c1211e099c1b288db338caa732612ea3e08af0ec507d63c309f1581917ff4315	13e404416290e39827b62790d4f6f958b2bc657bea5b94299a1d5d0de9f175f4
1f468-1f3fb-200d-1f430-200d-1f468-1f3fc.png	2D/png/128/emoji_u1f468_1f3fb_200d_1f430_200d_1f468_1f3fc.png	f75717e12bd6b03e09deab6fd6d823f72cd04a0b3828932b9c25385abcadeb13	d2439b6ca934f0c13376e2821f0297aae2382e31ac6d5a1983d0d3aa72a1b149
1f468-1f3fb-200d-1f430-200d-1f468-1f3fd.png	2D/png/128/emoji_u1f468_1f3fb_200d_1f430_200d_1f468_1f3fd.png	7e17e1063bf33b5c49c3eadc96cb06b96c90b7559ec75aba41c4fb09efea518a	6e12d95078da77e3bad374ff5b2a3a03086426a10f689e4aae44c5f37ea3000a
1f468-1f3fb-200d-1f430-200d-1f468-1f3fe.png	2D/png/128/emoji_u1f468_1f3fb_200d_1f430_200d_1f468_1f3fe.png	f8323a27214a3973e1623ef2d18db22591f1b8d8608862910abd9ff4ffc00fa7	4b6e144aff624ac38013ca97306d53dedccb30d0c835c24477f39fa23e74c0dc
1f468-1f3fb-200d-1f430-200d-1f468-1f3ff.png	2D/png/128/emoji_u1f468_1f3fb_200d_1f430_200d_1f468_1f3ff.png	7a1c9952f51d966cce0bef7df2fe440f4df395dc7792d091b00d86109ede425b	8e012595ed97318b2f8aaf6ff048a4004387c9ea01219c107b15d24f2e777b69
1f468-1f3fb-200d-1f4bb.png	2D/png/128/emoji_u1f468_1f3fb_200d_1f4bb.png	4bbe71de7b474833a50c041436ee3a71086e43051f199d03847a28547ac8307d	5e0d60f41121257f4c786f2ac5673339bbde72b2e8d616908f2d523e017d49a9
1f468-1f3fb-200d-1f4bc.png	2D/png/128/emoji_u1f468_1f3fb_200d_1f4bc.png	997a5d028b8b9b6303adc2d80b487200635d2a855422523fca68023009db7e72	35b2fc2f8b9720a0953bca7a15d790691ce0e13052cc0b1a002be1f5ca049c78
1f468-1f3fb-200d-1f527.png	2D/png/128/emoji_u1f468_1f3fb_200d_1f527.png	48a4ac607a131e8fddb9fd05e410398e2fb7048bca5538bda4b147f6f93bfba4	5e7e703bc969964580850bd3f570089550f90fb5343bef181d7a35e07444e10b
1f468-1f3fb-200d-1f52c.png	2D/png/128/emoji_u1f468_1f3fb_200d_1f52c.png	58038782c733ed8dceef62b18021127c12fc4ab44c5c2aa6fc18eeb470fb2e61	281e2e640340bd8f293fcbba9fc3318069ef27f7270c5f0a07f05e8e76d2ec92
1f468-1f3fb-200d-1f680.png	2D/png/128/emoji_u1f468_1f3fb_200d_1f680.png	0bd0dd752517b38a5638add0a4f0ca7e563bcb176ebb321bff2f1a1faf02b8c2	ab2678451b57c198315650fb20342c6b67dbc5bc0f95c4a42a2c10102a191b75
1f468-1f3fb-200d-1f692.png	2D/png/128/emoji_u1f468_1f3fb_200d_1f692.png	729a985b1c2548a3527dc3da11452858e74673b2d878f1095b517c3924573436	e8595e854c052ccaffee027d368de7c5d5eed31e099a75a53b23d988383c4b3b
1f468-1f3fb-200d-1f91d-200d-1f468-1f3fc.png	2D/png/128/emoji_u1f468_1f3fb_200d_1f91d_200d_1f468_1f3fc.png	a62cbe5e4c282487ee10a2ace7b8aacf42ae072464b7844a4054d72516256470	1581552064beacc4054684d16b07257200583fe7dd9315d48adc13729d9c13a3
1f468-1f3fb-200d-1f91d-200d-1f468-1f3fd.png	2D/png/128/emoji_u1f468_1f3fb_200d_1f91d_200d_1f468_1f3fd.png	0fd1861d18d6ea7cc62790563b33191714950f46e3abbcebbb4bdf1338f19204	38b91ae40f25e99d5dc3198d2ee9931961b8e087b19973f3fbc264bbc9fdff7f
1f468-1f3fb-200d-1f91d-200d-1f468-1f3fe.png	2D/png/128/emoji_u1f468_1f3fb_200d_1f91d_200d_1f468_1f3fe.png	9aa7de4cd61e941ee141da99f85698c4e1f9e99762260f9c11234139f6983d7f	38a1d5728eaa074b208478a95fa278ec68f60101bc16aa5d377a2c9785d12abb
1f468-1f3fb-200d-1f91d-200d-1f468-1f3ff.png	2D/png/128/emoji_u1f468_1f3fb_200d_1f91d_200d_1f468_1f3ff.png	26064e9765124860642366ea0ba340af4e996429392a9183c1eb7eef148e0061	6d1bdbb16eae899c9fd2d68f843bfb6a20e0aea14aaf4f56fcd9b620cf8f32a3
1f468-1f3fb-200d-1f9af.png	2D/png/128/emoji_u1f468_1f3fb_200d_1f9af.png	abd81465833cbb31d655af3b0a5eda97300a2135c0aabb9d192d0f9ca6b10d20	39ae9fc2df2d2a93753606109701efb7caac4ddc568664b9071eff1b469bd65e
1f468-1f3fb-200d-1f9af-200d-27a1.png	2D/png/128/emoji_u1f468_1f3fb_200d_1f9af_200d_27a1.png	48715fb70f197f840f60ca801a3bbe5a7ed1dd0e66d777dc09115e0c25a467fc	9bb056d567b6f7c067da67fe323b1086eb08b17e543589f1d6218207f9815479
1f468-1f3fb-200d-1f9b0.png	2D/png/128/emoji_u1f468_1f3fb_200d_1f9b0.png	9b55f7f08d17c8eb0e7fb7005fafc3e1080dfbff29d44532671d959b43460699	8147a70991a04c1a6cdb2577948c99b993a408cb0c1e15d993b5676df8eb334f
1f468-1f3fb-200d-1f9b1.png	2D/png/128/emoji_u1f468_1f3fb_200d_1f9b1.png	c4ca7ee4d2f638d92b1673742368022bb26f603cded8d1d1859cda707efbb2d6	461338475ac45db5c04774e28a26aa9e5e62a31f4c4b6c025a80f50e200b3c65
1f468-1f3fb-200d-1f9b2.png	2D/png/128/emoji_u1f468_1f3fb_200d_1f9b2.png	a39423515dd197a6bb41705f1544f3dc55e480c2026c812dc07d146ea64e30ac	172c369de74e48a0182cfb70c4a0adc5ce13ecabe5bd56c5dafaaa35b392c955
1f468-1f3fb-200d-1f9b3.png	2D/png/128/emoji_u1f468_1f3fb_200d_1f9b3.png	7571c364db8057c91d606d09a26a152f5a4d45a7c9c800154e62dcf4a08d79e5	980285d10e8b27e75fad37422a2e449c5b2647677b28afc12196a263710a5a67
1f468-1f3fb-200d-1f9bc.png	2D/png/128/emoji_u1f468_1f3fb_200d_1f9bc.png	e6eda24f1028b4543b34a9eed4699d78b4725b57640d5e22e0e3bdee4ce47998	122ed35942b74a5767573ccc4803d301e782433ead853e59bb71795100151039
1f468-1f3fb-200d-1f9bc-200d-27a1.png	2D/png/128/emoji_u1f468_1f3fb_200d_1f9bc_200d_27a1.png	342f885a29da43e87f72c1185ae3aad4b58842c8178884a4eeaa04916234ba34	d2239c53763ef92e94eb865f4f2bd5dd48970f8445d3315b44082ceb53d81ac9
1f468-1f3fb-200d-1f9bd.png	2D/png/128/emoji_u1f468_1f3fb_200d_1f9bd.png	ed10c2187f1017a4e1e04ab858b4547661ea349e07fdbcb28dd283c1028448d9	97ef1d2674eb7c8d38220399c70dc457a0ae23ea5742bf9fc0493d8e8ee274bc
1f468-1f3fb-200d-1f9bd-200d-27a1.png	2D/png/128/emoji_u1f468_1f3fb_200d_1f9bd_200d_27a1.png	b22f9493bd3840a2d6572efd6403dcb1b9a1e498cd9fbe92a620ddef87a5bba2	b08a15d36c503396f74b5e2e037c6b0e30b0093b8fda3a9b169e95752429abbb
1f468-1f3fb-200d-1faef-200d-1f468-1f3fc.png	2D/png/128/emoji_u1f468_1f3fb_200d_1faef_200d_1f468_1f3fc.png	df3e4d3f649d968754334ba85ac598698e767d80bd59f856af5c8b0a0936a070	c10356b02c7ab11ef47b88689351f89c392e32b25dd4baceb33737a06ce535bc
1f468-1f3fb-200d-1faef-200d-1f468-1f3fd.png	2D/png/128/emoji_u1f468_1f3fb_200d_1faef_200d_1f468_1f3fd.png	223286b71796df03a9adb227ae393c71eb49923fdf4e0c4b8dde8c5dcf6ca162	4235a0babc3e08207df76b06d0f026310b171ac641783baa74253f85466fbae5
1f468-1f3fb-200d-1faef-200d-1f468-1f3fe.png	2D/png/128/emoji_u1f468_1f3fb_200d_1faef_200d_1f468_1f3fe.png	57eaa4c38a88b884b37eb54a95dcca436d7e3f9d138059f36126b04a86e0315c	6c0bf41ee414e99870436b44aad84216a02aa94a74b51965854de224a1c365be
1f468-1f3fb-200d-1faef-200d-1f468-1f3ff.png	2D/png/128/emoji_u1f468_1f3fb_200d_1faef_200d_1f468_1f3ff.png	72b2ac8ed06dc6b99faf2e31721daab8a1bf20a2d70dd1bf4eabeca85b543ca2	af84251205e18227d6475641f326467a74ad26e124bdfdbe9ef5d1ef933af39b
1f468-1f3fb-200d-2695.png	2D/png/128/emoji_u1f468_1f3fb_200d_2695.png	6abbe63b252bbcf5de697c7cc96304e00857450cee751a2920f3d48c33100bbd	b58bdb420a907786ecc042e80d5a85d6a55919d992b704cfcf940c970d6beea7
1f468-1f3fb-200d-2696.png	2D/png/128/emoji_u1f468_1f3fb_200d_2696.png	90ff4301bbb727dd3eacdaafdfb5ee9eb836c447c83ea8c0de27d312731a3399	834d22d7481fee81d616ac5f1bf5cab1d58e81aeac62d99c350092998d0f6ced
1f468-1f3fb-200d-2708.png	2D/png/128/emoji_u1f468_1f3fb_200d_2708.png	8fb53e9c2f30dcc1e260d60540e315242d20d3cd7c2e2c1be16bb6db0f598b51	9716322f34b19e8ccb2fc40821f47430d1d9901170447ad204435e4a0afed9e7
1f468-1f3fb-200d-2764-200d-1f468-1f3fb.png	2D/png/128/emoji_u1f468_1f3fb_200d_2764_200d_1f468_1f3fb.png	7a45ba62d6d3209fe78beda9478b10c563b332512eb7754beda844b69d47bff3	70269780c06c903befd94fa9bbc5d7e0b33e7caa82707daf12c07961906c2679
1f468-1f3fb-200d-2764-200d-1f468-1f3fc.png	2D/png/128/emoji_u1f468_1f3fb_200d_2764_200d_1f468_1f3fc.png	a23d352b4b0ae7d42961c51d7cb5b6d2ac330973527f1e8c9df34d00310fd3fe	4c0c1b75d4520409bf90cef1c224afe5d3f021b275c235600e4671588a4fac57
1f468-1f3fb-200d-2764-200d-1f468-1f3fd.png	2D/png/128/emoji_u1f468_1f3fb_200d_2764_200d_1f468_1f3fd.png	55690dedf2c3bc49237b4b83c69d1dfafa4283f06e835e82ab3ca67dd3e1687f	eb8fc3c7552e6da491951be4d285581913ba0a81252fff190a51e44374b3f578
1f468-1f3fb-200d-2764-200d-1f468-1f3fe.png	2D/png/128/emoji_u1f468_1f3fb_200d_2764_200d_1f468_1f3fe.png	93c939d34a374a3eb8fa20eabfbb3c365cb175b179da747f8a9e18d86e1c45be	2aa7f157f37fda6d4fee560ba18f6cc45db2eae9b92acf7b49a4cd0e5673c148
1f468-1f3fb-200d-2764-200d-1f468-1f3ff.png	2D/png/128/emoji_u1f468_1f3fb_200d_2764_200d_1f468_1f3ff.png	c64e8a7741a517ec301143b53ee897fb40eb2f98a7b434e026194f11008c83e6	aa21dd4ec5e68a8d65605b7f754422d2bcc1d66f07fa9a91506539d7cbaacc65
1f468-1f3fb-200d-2764-200d-1f48b-200d-1f468-1f3fb.png	2D/png/128/emoji_u1f468_1f3fb_200d_2764_200d_1f48b_200d_1f468_1f3fb.png	d18369d3951990a24867a7ab2973e11fdf5171aca279c17600d016fe7ce0c49b	18aff1ec61d3e2af35cf22ed774f3b8cc1b7017ccbd2e2f1e32bec0cbe2cf4d6
1f468-1f3fb-200d-2764-200d-1f48b-200d-1f468-1f3fc.png	2D/png/128/emoji_u1f468_1f3fb_200d_2764_200d_1f48b_200d_1f468_1f3fc.png	e7ea7683efa2229b50ad82369424b85d7dd53719e2b8d049402839035f92cca0	4b1ad5a8f6fea9c36b1a539029948b02449be135d4ff9052d57594ea9f6a7eef
1f468-1f3fb-200d-2764-200d-1f48b-200d-1f468-1f3fd.png	2D/png/128/emoji_u1f468_1f3fb_200d_2764_200d_1f48b_200d_1f468_1f3fd.png	ab3febf446ba5a11b5057fc6733c8c3ebf6de3ed9bc5e0b7ec1fb63ff6ff362a	58c1720b282ce56fbf9be81debec1de56982fbda908da054a69294f0ffc27e97
1f468-1f3fb-200d-2764-200d-1f48b-200d-1f468-1f3fe.png	2D/png/128/emoji_u1f468_1f3fb_200d_2764_200d_1f48b_200d_1f468_1f3fe.png	ab15209dd38176422f293562860a0e97ddeaf3c73fa40b28538a9af5b3d2eac4	e74bfb14d0050b89827f8b56ed3c09556ba88eef79dea27f5d328250a806a393
1f468-1f3fb-200d-2764-200d-1f48b-200d-1f468-1f3ff.png	2D/png/128/emoji_u1f468_1f3fb_200d_2764_200d_1f48b_200d_1f468_1f3ff.png	bf295a9fe2e84ecc74d89d45ae4f41a6cf2843797629f2bbe7a68eee3b9027d6	e9d252e46c55be5f014beab3c685ffa01bd8075f8604c259d1a54ca5b7f2eb63
1f468-1f3fc.png	2D/png/128/emoji_u1f468_1f3fc.png	49cc12077a2691cc0a7ecad4f8064ef30040e709d8bd368c5b7fe3113fdb90bf	8426d35f27a87dbdadbf3ac7d885dfc451cd62e31dc11e0be486baa440e05c2f
1f468-1f3fc-200d-1f33e.png	2D/png/128/emoji_u1f468_1f3fc_200d_1f33e.png	23712c351f34bb4f42ad0fc2ec77d2f14a4286d5321364b181af76f6d0ffadf9	087a0d4c22979042a604fa41353a2b97422f756efaf8bd51300ca6dda1b70b73
1f468-1f3fc-200d-1f373.png	2D/png/128/emoji_u1f468_1f3fc_200d_1f373.png	dfac30f85d89b8606a838d950d824980544b5e8453b674e38b102c6c586b30a7	4cee2034d13fe2cb8549e7b11841e1e3bb143c48f3607f8a1c515743260583ba
1f468-1f3fc-200d-1f37c.png	2D/png/128/emoji_u1f468_1f3fc_200d_1f37c.png	130b518d5489f1585b59cb6e6a6990cc32f42810e842135b6d4811621be1f538	37d505d083bc6f097fd35c0fdd85a7aa2bc0a2eebe88c28a1cc406a5ee7bb0bc
1f468-1f3fc-200d-1f393.png	2D/png/128/emoji_u1f468_1f3fc_200d_1f393.png	60429c0d834cdc8c0989323089734fac55be597a5d0721080e1b9f2dd84a86c4	89f847c83139049c9936e06876137f81486a5aade829db1ed75bedaa04a5ea3a
1f468-1f3fc-200d-1f3a4.png	2D/png/128/emoji_u1f468_1f3fc_200d_1f3a4.png	837c4cafbf86fba7f2ffa07f0ac02995507c243e54b021cbb7aa4818ea9cbfa3	2ddd644870f4d2844c18b358e39387923f5f900d548ea69df56d4fb1dce56b92
1f468-1f3fc-200d-1f3a8.png	2D/png/128/emoji_u1f468_1f3fc_200d_1f3a8.png	4f96dcb4133ff7a07d073f7c43ce0c57bf04e546dd5d5d397997d005260ef34e	d9ca6934cc71185232761732a2e6492cc3af71512ea32dbd3e770caa41322684
1f468-1f3fc-200d-1f3eb.png	2D/png/128/emoji_u1f468_1f3fc_200d_1f3eb.png	50ce14ca397148f55d151e065a1aedbbbf02218964c27ae638b3900b87c78ea7	50ac2f5860750aaa2459dee525deddd683cd723e192dba32e450358f736f4cfc
1f468-1f3fc-200d-1f3ed.png	2D/png/128/emoji_u1f468_1f3fc_200d_1f3ed.png	c1c61b14172f8b69c5f66cd066249636b76a14bd953966c2fdc3c30627f69628	e4866e9c4f99f2d4d089b1255da35126e668a60f6daec4a384fe595140b760c4
1f468-1f3fc-200d-1f430-200d-1f468-1f3fb.png	2D/png/128/emoji_u1f468_1f3fc_200d_1f430_200d_1f468_1f3fb.png	3fc5493a00de827d41b500e5793cd703a7bb5fd2a2ccb0183285525392eb05ce	e081ee22e17cf492c0c0400c52ce853a07d09513f6d5e3f63748c2eacbb22c68
1f468-1f3fc-200d-1f430-200d-1f468-1f3fd.png	2D/png/128/emoji_u1f468_1f3fc_200d_1f430_200d_1f468_1f3fd.png	72f85bab8f53c158ea1ce7ed2bc63973af2248a4a2d1a2bf4d547f32d1b66613	06a1820219c04f257b43750ac930ba90e4df02c65c9387218447e6082fa9c9bc
1f468-1f3fc-200d-1f430-200d-1f468-1f3fe.png	2D/png/128/emoji_u1f468_1f3fc_200d_1f430_200d_1f468_1f3fe.png	2b5822d772f7f576eeed414fe5f40fa1926938871db27e345b6726819a5feb5a	4f4dcca4eb386bba9370ab7d3587629a28be0d56e1e6c66dbae4cdef2caeba43
1f468-1f3fc-200d-1f430-200d-1f468-1f3ff.png	2D/png/128/emoji_u1f468_1f3fc_200d_1f430_200d_1f468_1f3ff.png	7674a7177dd447811872ea536ad272652f67a52f0db3ec3e0333e696e5b9eace	c055c3599d91569a51cb7534337b746c4914c23335f5a5b0b1c72b9003508f65
1f468-1f3fc-200d-1f4bb.png	2D/png/128/emoji_u1f468_1f3fc_200d_1f4bb.png	0bbd307d787a42f612a55fb9dad4bf9f1dadcbbe8f97118adf7c685fba9bfa24	6c6a2b3628b25b8f22010a59202c33f83ac8f34e4af13bde8b3a8b23137bd215
1f468-1f3fc-200d-1f4bc.png	2D/png/128/emoji_u1f468_1f3fc_200d_1f4bc.png	0418371cb1c56e69e9c0bb326c0c50bb4be46489e78a89dc4dd9efae6d8a5983	669390f817c683806db6b141bde05bfd10e4f84969ce98bcebfc561e2cb7b709
1f468-1f3fc-200d-1f527.png	2D/png/128/emoji_u1f468_1f3fc_200d_1f527.png	62fbaa14a8ddbecfbeae668b8e317ef4e4c395be7ea602c588a18e14dac56108	50c51cf77feaba502b59e196028f036212a8bfab84803655642b8782f4153d54
1f468-1f3fc-200d-1f52c.png	2D/png/128/emoji_u1f468_1f3fc_200d_1f52c.png	cd881a298815cf901f60c65994ebc5e98786f61422752e7a9775d274df51dd0d	bed08eea170e80ba3272a035a1acd21c6167ab8e3e76dedf97a942ad87746bc3
1f468-1f3fc-200d-1f680.png	2D/png/128/emoji_u1f468_1f3fc_200d_1f680.png	2f4765e29e550351a5af5aa31b0b6ce4d71f803afae922bee27fc806ea668f9b	5d8ec4a58954813abb15a857ba229259f80a7c7200ed2477186287c49d883994
1f468-1f3fc-200d-1f692.png	2D/png/128/emoji_u1f468_1f3fc_200d_1f692.png	2cf2c5595e5631263d6009e2606761d52fc82b14e429b59fac0dfad7fc365e23	7c4c9fc26770bbba621016691a4e17f0856da7e63b168c09c80d4cde9c4f2b3b
1f468-1f3fc-200d-1f91d-200d-1f468-1f3fb.png	2D/png/128/emoji_u1f468_1f3fc_200d_1f91d_200d_1f468_1f3fb.png	3419f849b95e7f8a05765be6485fddb5f2284e01c67fec6d4243fc60ad00a163	3e656ca1570bed6ca40de4602073931a3368a9edd611f166fd37c9a9e7982be0
1f468-1f3fc-200d-1f91d-200d-1f468-1f3fd.png	2D/png/128/emoji_u1f468_1f3fc_200d_1f91d_200d_1f468_1f3fd.png	76c4f2400e449da67f42b380a049e1ae7f5460d0f5611d378712c52c77a705e0	a5f2827695a6d76392c22d55665e859bcb6e2b1dba76a49706a6104b385eea19
1f468-1f3fc-200d-1f91d-200d-1f468-1f3fe.png	2D/png/128/emoji_u1f468_1f3fc_200d_1f91d_200d_1f468_1f3fe.png	3d9063051602e0b153c1abab464ede8b6a3d6d5f5387eda801e03ae7c7e24b9f	b0cb5b7680b31648cb298429ce21673503471f4192f4d1677528526e99610627
1f468-1f3fc-200d-1f91d-200d-1f468-1f3ff.png	2D/png/128/emoji_u1f468_1f3fc_200d_1f91d_200d_1f468_1f3ff.png	cbeb7e461ca07da839a88b86b352ba4fc2a60b80c78248da514f6f103492ab0a	c0cab2dbeefa0e40c66a85aebea414c5931c4defca599f3283c139f57b602e34
1f468-1f3fc-200d-1f9af.png	2D/png/128/emoji_u1f468_1f3fc_200d_1f9af.png	ad0272e7c427ab7240dd05e6cda3052acca01fb4da0f343f611b5939adcd0c8d	12d06ba43486a333279ecf9207e1f8294af1b91c0debc8439e13a790812ac79d
1f468-1f3fc-200d-1f9af-200d-27a1.png	2D/png/128/emoji_u1f468_1f3fc_200d_1f9af_200d_27a1.png	83431b6a82fac3283ba8a53bc9342218a5ded4a65f89e0ba4293e3fbf366955f	91142f726700ee5dc0d40af1cbfbb76a7ddc6c85d0caec96b938e7fc45ec8d6f
1f468-1f3fc-200d-1f9b0.png	2D/png/128/emoji_u1f468_1f3fc_200d_1f9b0.png	2dc955406b3c89d1abdef6e9c6ad93ee5eb18be8f13cb8ff2e9b6f78d893e0c3	a5e67078c7f9e69f4d919d2be405299a5cd6b3eb71ae1d47a0b0a24b0bd3de4c
1f468-1f3fc-200d-1f9b1.png	2D/png/128/emoji_u1f468_1f3fc_200d_1f9b1.png	f83cb9ea8a5e5a5ba5b3cc0815f02a7e9004294d3a09371709ac1b0ba5ce3e37	45a5f16adc52b95d1491b9d72ff6c05dc8b0a994f7ca75c5ef2aa5c6ce6bdc4a
1f468-1f3fc-200d-1f9b2.png	2D/png/128/emoji_u1f468_1f3fc_200d_1f9b2.png	253cfe49a1a1a8eee9509c7ddebda8c8f9a161f70faf71beedf0993765d63b06	53eb2f6108175458a9eb2ea4ae541ec0d84724ef84e664ce68bab356407f34e7
1f468-1f3fc-200d-1f9b3.png	2D/png/128/emoji_u1f468_1f3fc_200d_1f9b3.png	28aff08e8d33fa7c2d36ad2f1c752786a40cb3b8c2373a590b7b335e85d7c94a	4c7b008809c80daf4313589b994c92fa4fa919c5f1702193bddebbe65beae40e
1f468-1f3fc-200d-1f9bc.png	2D/png/128/emoji_u1f468_1f3fc_200d_1f9bc.png	251bcefe95fe64eaf45e2f5e14e8dbb8f32fceaae02e3080dd77e232dff3205d	ada8b7ad20b940a38d5d6f3bd22c0522c28e7faba1378236b470afd28d8bb80a
1f468-1f3fc-200d-1f9bc-200d-27a1.png	2D/png/128/emoji_u1f468_1f3fc_200d_1f9bc_200d_27a1.png	d2658d7a8458fead0819cbb281912bf00a8da9add37285447c2a1f5780f54956	ecc2bb25a2e967af412737dd073d605bc7f84c7c98c386b31193564f90994c65
1f468-1f3fc-200d-1f9bd.png	2D/png/128/emoji_u1f468_1f3fc_200d_1f9bd.png	6767d01484a7c1b31d1315def7a24ac448e98179d15be40e5f1ef3715dbe3957	12fd2e534439283f201276d7a1525e923755180bd9eed16517ab1765fdb91431
1f468-1f3fc-200d-1f9bd-200d-27a1.png	2D/png/128/emoji_u1f468_1f3fc_200d_1f9bd_200d_27a1.png	a819e85055fa999f7fd06dec866c87a3792b67aa11d6f65bbe58050ee612ad66	7939ada3362bf5a974821eb196434c1c113827f2ffa9329ca70afe164287bfd0
1f468-1f3fc-200d-1faef-200d-1f468-1f3fb.png	2D/png/128/emoji_u1f468_1f3fc_200d_1faef_200d_1f468_1f3fb.png	c1f5aaf222d274591e965aa234304b076baa4f4ed0219b7b9cec87310d2cd730	1d56979e7269597f6dc6cd08bb7ac1c042edbd0861e27cbc4f71372194baf9a3
1f468-1f3fc-200d-1faef-200d-1f468-1f3fd.png	2D/png/128/emoji_u1f468_1f3fc_200d_1faef_200d_1f468_1f3fd.png	d65dc82129954bb7a862e0c1b516f72fdc640e0bea5c4515fb2eeddd0801bb64	6d66929ece9f512b6fada6730bba38cb2687e292245d9f1cef306d203b8ae01a
1f468-1f3fc-200d-1faef-200d-1f468-1f3fe.png	2D/png/128/emoji_u1f468_1f3fc_200d_1faef_200d_1f468_1f3fe.png	23f7d4c7b102693a5c41e2355ef8321112b7427acd1be78e8d9022660646a4b2	1f6db30ed0fb9e06de919c36d80ae5bbecfad0e3664f3ebca29db8b57eb21d1d
1f468-1f3fc-200d-1faef-200d-1f468-1f3ff.png	2D/png/128/emoji_u1f468_1f3fc_200d_1faef_200d_1f468_1f3ff.png	e2d037001014e8237b764636bd2544807acb7fde6e6326bcb69b97acf1d17202	f11606502757202f91f987a564b05eee4fdfac72120a1627d7081ec6c1fa3e5b
1f468-1f3fc-200d-2695.png	2D/png/128/emoji_u1f468_1f3fc_200d_2695.png	07123382ae6936c316d8c4e692a8088eb838b7f477b00eb1a434ac10736097e5	4d652987141888738973962b623345842e606825da85a5a0e03953945d4a21a5
1f468-1f3fc-200d-2696.png	2D/png/128/emoji_u1f468_1f3fc_200d_2696.png	d9e0e5ec87ef38388fe0e95e40611f519ed3e42572b349f3eb4fa5e70e8a1819	719e31fdb24d4b7fcb6259ffcb69b3de93b877eb5acedb9739af7a796bf9cfd7
1f468-1f3fc-200d-2708.png	2D/png/128/emoji_u1f468_1f3fc_200d_2708.png	39e2d190a3a5d500dbcd81b9b4a1ba8461f29e796b1c345a456abd5d9668a136	5b134f6cfee507dc94d2ca1e0cc922914863f775deb6f37bfa66e905be7c65dc
1f468-1f3fc-200d-2764-200d-1f468-1f3fb.png	2D/png/128/emoji_u1f468_1f3fc_200d_2764_200d_1f468_1f3fb.png	c97ee87d3354d8dcdfa6ac21d57b13f6051ff68a0ee65a2b421c2f6afa3ca0d3	4afd0fd9e5f40d6605ed10b5f2d75f056b82e2e02c41e93093e9174f6387c17d
1f468-1f3fc-200d-2764-200d-1f468-1f3fc.png	2D/png/128/emoji_u1f468_1f3fc_200d_2764_200d_1f468_1f3fc.png	a2387412fc8a53df24fc804a70ad68c3688467da71bd89f0b74e612d269437b5	23b01c5ad0530dc687e5fadb382b102a464ee475e6bcd2a59cee3609a20335c3
1f468-1f3fc-200d-2764-200d-1f468-1f3fd.png	2D/png/128/emoji_u1f468_1f3fc_200d_2764_200d_1f468_1f3fd.png	1f24c2cde7cbacee8043aa70ed232bfa92ad04fd7b6c1a276f78a9c103195760	4f906b3b195e972f13c61101a7060049efac56a976844ad27bd0667c0b7a3a0f
1f468-1f3fc-200d-2764-200d-1f468-1f3fe.png	2D/png/128/emoji_u1f468_1f3fc_200d_2764_200d_1f468_1f3fe.png	2bcb7649a5b575810185403f29a552a385fe181da46a895b3ac0e748f2ec60f2	cde08ad3f6eeeb3d34b36bb4d76a4629acef03f86b2d6ac5ae8c8da0a5388c64
1f468-1f3fc-200d-2764-200d-1f468-1f3ff.png	2D/png/128/emoji_u1f468_1f3fc_200d_2764_200d_1f468_1f3ff.png	9d66f72e919f052e789b3d64589d2198abd3b54df420116570fd6a5bc671a970	82120d326c5250299987eed997d614906df087d5ad27e137772a80115c5f932e
1f468-1f3fc-200d-2764-200d-1f48b-200d-1f468-1f3fb.png	2D/png/128/emoji_u1f468_1f3fc_200d_2764_200d_1f48b_200d_1f468_1f3fb.png	925bfc1ca12ec73b7318c5fd32ba4a10587c0f71946b6f1768463c27448e9b5b	68d00f823f1154cb69fe8469640e737ae27d19b4acafa3b0c93af927e3d5eba3
1f468-1f3fc-200d-2764-200d-1f48b-200d-1f468-1f3fc.png	2D/png/128/emoji_u1f468_1f3fc_200d_2764_200d_1f48b_200d_1f468_1f3fc.png	67b6d4b3166f1676ae67b6c1856e11cf39c22a4859e772e56eee5da7a5ab0837	691aae21ccb4502c9f1d8328e1aea577b5b048d8be9747a0ee8a13748a4f7837
1f468-1f3fc-200d-2764-200d-1f48b-200d-1f468-1f3fd.png	2D/png/128/emoji_u1f468_1f3fc_200d_2764_200d_1f48b_200d_1f468_1f3fd.png	842bdd7a091d5b89eb5e7e45129a3d04ee6dfd774a1b999253e03cb8bd5f56a7	dc91a05a2cea22402e25f76d4ecf6d28c7bd96d62befbdcd303595394a85a186
1f468-1f3fc-200d-2764-200d-1f48b-200d-1f468-1f3fe.png	2D/png/128/emoji_u1f468_1f3fc_200d_2764_200d_1f48b_200d_1f468_1f3fe.png	9d3140bdfc70634a79b093ab68f381fea32e28c9b482018e71b3e51c7c27209d	a469763371bd7eed5feb921e33c6c6c1da6bff8b286bb0f92e1285e6d974add4
1f468-1f3fc-200d-2764-200d-1f48b-200d-1f468-1f3ff.png	2D/png/128/emoji_u1f468_1f3fc_200d_2764_200d_1f48b_200d_1f468_1f3ff.png	55f121e1072b8831e8bf81d8b8abec5bbec42bde52ac8ce2cdec9a298fbf5297	5e2682e1eff919ed6f36068e38e86378752e3f2e1e1afd2d5137a5a7001389e4
1f468-1f3fd.png	2D/png/128/emoji_u1f468_1f3fd.png	a0dfaf62f1a7fd7775c0027dfc8fb37d4dd17302f1366c307c6921f4760ce5e0	1978a4eef3c83f1fe778f2a237889510bf97af93d26b54bccc98a9fbf8c27b17
1f468-1f3fd-200d-1f33e.png	2D/png/128/emoji_u1f468_1f3fd_200d_1f33e.png	f207b032667e1ea185ca35392c487696e44203088d36b8128b28d1cdad6acb58	8bde7f46a6ce8230f4f62ba00045d957c886ca906df30f51cc5a9c82e0f5c8a8
1f468-1f3fd-200d-1f373.png	2D/png/128/emoji_u1f468_1f3fd_200d_1f373.png	3d4620427919c3c9df8c3e62f12b106e416372a5944422005dbb90bdbed51584	afa7816ce282e9afa375994f68a5387840a23e84ad0082acbcbb045086af6659
1f468-1f3fd-200d-1f37c.png	2D/png/128/emoji_u1f468_1f3fd_200d_1f37c.png	5c7f50db73a84f08a05c3e897db4337850f69194e30671440780d158810275e6	ed15db4f2b22bc5d9a3f8f336749b0fefdaa33b1d9868df8b82493cd0694456a
1f468-1f3fd-200d-1f393.png	2D/png/128/emoji_u1f468_1f3fd_200d_1f393.png	11b75cf4bb5bbc15375d980cdf3ae1aa7b8e921e1b6718c79f85cc2199194e19	a7c685f26d8a728c9387aac714922ef6e3010d7bc998952ea5a242fd14d87f23
1f468-1f3fd-200d-1f3a4.png	2D/png/128/emoji_u1f468_1f3fd_200d_1f3a4.png	acf9d8c519149d1fcce2c1c1b39ab1eac08311df79941e8ea8c61603c038a292	6b2d91c10e2374c025c23f8ba7ad0db5fac6429ee47fba19e7981f7f2eb19fe2
1f468-1f3fd-200d-1f3a8.png	2D/png/128/emoji_u1f468_1f3fd_200d_1f3a8.png	bc83ff280c52a0b03fe9b5628f1697af4694a0b4dbfcafd4fbc47a66ddfe6e71	38f7fb55e306b3b4f4726c3cfd5b56cd9ec176bf41b18a635480f5308ca4cdbd
1f468-1f3fd-200d-1f3eb.png	2D/png/128/emoji_u1f468_1f3fd_200d_1f3eb.png	a1be165c5c813cce4b6ea4566c860e63af60282b117d26474616c420426886a4	bf2858c74a866f78cba3dd59c7e42aa7551f26652c142b959a76ebf9c3f574c2
1f468-1f3fd-200d-1f3ed.png	2D/png/128/emoji_u1f468_1f3fd_200d_1f3ed.png	8912755b6a2e75154247cac009532e4594e1d06f585899e1204850389b962960	a8d1464f25e795ab525c703950537adf17d63aa2ef42745a94a6eb813c999dbb
1f468-1f3fd-200d-1f430-200d-1f468-1f3fb.png	2D/png/128/emoji_u1f468_1f3fd_200d_1f430_200d_1f468_1f3fb.png	849e76937ad76805005d782ce9aa5a729042f3b3eeafe7c8b228a857324739dc	c64464665af2310a232a6fe2aeb9af924acb03a725d091508c82f08c5001313a
1f468-1f3fd-200d-1f430-200d-1f468-1f3fc.png	2D/png/128/emoji_u1f468_1f3fd_200d_1f430_200d_1f468_1f3fc.png	dad72ec43cd39428125fd81e37dff7f6ca5dc161710df6cb96a3816a049e3045	d1ab99ea8662b61fd5e95faa039db974c7a292db727ce5283708648fb92605c6
1f468-1f3fd-200d-1f430-200d-1f468-1f3fe.png	2D/png/128/emoji_u1f468_1f3fd_200d_1f430_200d_1f468_1f3fe.png	c26c7d7e8580b1d2b2e0ed97fe7c7cce1d4f50c66897b6d5474a9e87af074e9a	6240e3dc2e558e4de97b21143f003bd1f1e2a708f7383f7c7449b458ac23676b
1f468-1f3fd-200d-1f430-200d-1f468-1f3ff.png	2D/png/128/emoji_u1f468_1f3fd_200d_1f430_200d_1f468_1f3ff.png	672e02a4d190f2a353b012aa43a87ba049d19983a206125901c7fa6a1f9b37e7	b91920a1139aa22ee3875be86e2324a22365b235a354203f05da2b79ddc9527d
1f468-1f3fd-200d-1f4bb.png	2D/png/128/emoji_u1f468_1f3fd_200d_1f4bb.png	68bc01c5025289c56f0bc3f16c6487b6bb535e5872dd83d64cdb64099f968405	129875d2be6405b75a9bdb11d72aefcebfd4126fbcc2e2ba2b0c4d9d21024414
1f468-1f3fd-200d-1f4bc.png	2D/png/128/emoji_u1f468_1f3fd_200d_1f4bc.png	4f4ee4f96b669c06c42d0066af60308b4c942f189a51beb2756cfd0f329fe658	9762cad92092195e15b903e9241d96514448dd4ce755db65599b41dc09bbac17
1f468-1f3fd-200d-1f527.png	2D/png/128/emoji_u1f468_1f3fd_200d_1f527.png	221613bfc8a2291b31adb82162b6c626c29aaec86a6cf04a2e52b783ad0fc692	e2aa4cf3e79cfa0305fa8060b38c9a424fe61da9d1158648acd784aa73bd5018
1f468-1f3fd-200d-1f52c.png	2D/png/128/emoji_u1f468_1f3fd_200d_1f52c.png	818082b3e7eac1442a57801801abdc196204368836d141632237a0a7ff067ce0	b6dcbde3a3a7c1720d1fde48d5d644d3c03cfbbb2199b2d98699c2be7515504c
1f468-1f3fd-200d-1f680.png	2D/png/128/emoji_u1f468_1f3fd_200d_1f680.png	cf53b9e77cec150b4c4544787e8a86f5b0297ae00328655e13df75e487501a59	acc60aea10a1d9dc754c544be2cebaf286cd4dcdc3f47ac59bda55ec068aa41f
1f468-1f3fd-200d-1f692.png	2D/png/128/emoji_u1f468_1f3fd_200d_1f692.png	6642a7eebc1b33f619b6b1924f03e1f9b8b5b06ed04d3b4ad5868b72738d8069	7934d32f525c8008ef1a029a518b7f01c934bcd23b67b9bbd5ca8a89471c3516
1f468-1f3fd-200d-1f91d-200d-1f468-1f3fb.png	2D/png/128/emoji_u1f468_1f3fd_200d_1f91d_200d_1f468_1f3fb.png	e2a82cd201920a82c5847d489b1a528d113b57bd3b46eb70994198cb7bd14917	81915283f17e41b4e1ae9c0045edee99366c9930982f8339b3c971b481abc41a
1f468-1f3fd-200d-1f91d-200d-1f468-1f3fc.png	2D/png/128/emoji_u1f468_1f3fd_200d_1f91d_200d_1f468_1f3fc.png	82b2111f775f4067013aa55c4137b8d7af0cd03286d1014f677a066453da6552	860b62857a100a5d068f834eaa2ac48dd63ef047da6a4656d6867f8d2bf1e809
1f468-1f3fd-200d-1f91d-200d-1f468-1f3fe.png	2D/png/128/emoji_u1f468_1f3fd_200d_1f91d_200d_1f468_1f3fe.png	3aef9f8168b7a1580cf804fcebe22335ebe8dbe7a05ce374ec069f80cad26e8f	cda510a6515a735b74d4cd53e3221fc87e94863d83266e97711d125cdc9235d8
1f468-1f3fd-200d-1f91d-200d-1f468-1f3ff.png	2D/png/128/emoji_u1f468_1f3fd_200d_1f91d_200d_1f468_1f3ff.png	d897f9ca9187c1bc1753c0cf6c74f0ae22193f5a1ad3709850655195818d3e37	f42d312d063854bd76e811a4499963bf188ca6f82ace2d01a90432e43602bf90
1f468-1f3fd-200d-1f9af.png	2D/png/128/emoji_u1f468_1f3fd_200d_1f9af.png	c2a4cbde1b037504879820d80ab2de2dc27cd15626d21de06d9974757be93ea4	13edaea5241e7ac2c30a098691d16f853e6bd3c96f5114d1051addd281240538
1f468-1f3fd-200d-1f9af-200d-27a1.png	2D/png/128/emoji_u1f468_1f3fd_200d_1f9af_200d_27a1.png	11cd8ff705d49b7bcef4a38d723034b706464529fdaf2d92e5c778c6594dddca	5c45f024c163a8d7a369a35e3685a7e7916be4c1af72c6e60774cecb415841e7
1f468-1f3fd-200d-1f9b0.png	2D/png/128/emoji_u1f468_1f3fd_200d_1f9b0.png	81e5d83898b0a4d9039f3ab43f6de768dd00e2f4988b39bf96bf8bd99f15dafa	65f8956515fcb77fbc64fd58fcd726873376f2fd08f8841247fe5db6aea75ef1
1f468-1f3fd-200d-1f9b1.png	2D/png/128/emoji_u1f468_1f3fd_200d_1f9b1.png	73415e1361992dddfee9299469ac27c4822dd6a83bde14242a398b6b00b92112	ce77bfa8e14146f1a56543024c5b156e7a2323a44f8b35f34091f519ce9e7afc
1f468-1f3fd-200d-1f9b2.png	2D/png/128/emoji_u1f468_1f3fd_200d_1f9b2.png	4c324bb8925a41e576b7f23f979aea34282f488ea68e0b7f8046db1c9570f60b	8f91af0efb24e84629f1d3692c531f8a7a23d03436c3c5d07aadf69dab337497
1f468-1f3fd-200d-1f9b3.png	2D/png/128/emoji_u1f468_1f3fd_200d_1f9b3.png	9e4420e734d814e8985bd2609914f52701d7b0fb87097e8fb38bc31be01481ea	3c0cf770af4938e9fa5ffbcfc789cc3e4659dcae372521021caa9a5c2032ee62
1f468-1f3fd-200d-1f9bc.png	2D/png/128/emoji_u1f468_1f3fd_200d_1f9bc.png	0395ace7d4465713b86d659ad153878d9a1767d42231eae3f58ac9d1432de648	c3ae3d37375b053b42f6603bc247c854b6da74ab111bb6071d38eb21d6c04df8
1f468-1f3fd-200d-1f9bc-200d-27a1.png	2D/png/128/emoji_u1f468_1f3fd_200d_1f9bc_200d_27a1.png	1dd31e576e120423f464688255c01b292923296e35798bbd177f0b8e84632bad	60596cd2474b989fa47cf13fcf4d87e660dbc657084b16a5b88a8790743a2cf8
1f468-1f3fd-200d-1f9bd.png	2D/png/128/emoji_u1f468_1f3fd_200d_1f9bd.png	19147741551029086045fc39b53a50724ed227da7842c1f761e387d5dc6a2177	1cb685b3ab19b453e19c0e82fa2b979bc94dc074ab77fe2141f811b8ece6777c
1f468-1f3fd-200d-1f9bd-200d-27a1.png	2D/png/128/emoji_u1f468_1f3fd_200d_1f9bd_200d_27a1.png	26f27909b86d3451d14c00a7088edb8bddc7cc88062c7d92d9be78822971375c	6f792ad4ba05b7fba9774c30915e57baa13883b2f7b3d603dff671d04a2cbc7b
1f468-1f3fd-200d-1faef-200d-1f468-1f3fb.png	2D/png/128/emoji_u1f468_1f3fd_200d_1faef_200d_1f468_1f3fb.png	ce5b2f1199cc1e64ec75cf48e56e7c67f887d6c0ea3f0b588e757f18c618eb9e	b089d4d952a70328db4c3a0f7dc73ed6a56a43a3cb64d0cf60373b37ee769b70
1f468-1f3fd-200d-1faef-200d-1f468-1f3fc.png	2D/png/128/emoji_u1f468_1f3fd_200d_1faef_200d_1f468_1f3fc.png	00d6e8412eef0bacb8bab0e13ef5a9c5a215c62d05717ff235be2e84f0b46f25	7404842ac51727cca0ffbe3fcc75e69bb9aa1799f6a98db6612e900eaa51a253
1f468-1f3fd-200d-1faef-200d-1f468-1f3fe.png	2D/png/128/emoji_u1f468_1f3fd_200d_1faef_200d_1f468_1f3fe.png	e9fee70c59bdc1689ba6e5e50ac9ed1630523db1750d0c6e3778017161d896f6	004a48ef584d5871ba2d4eedcd16ad5e45492161f17157f35cf7cb46ea34f943
1f468-1f3fd-200d-1faef-200d-1f468-1f3ff.png	2D/png/128/emoji_u1f468_1f3fd_200d_1faef_200d_1f468_1f3ff.png	dd9c67e72c2b48ca9acd1340e3167dc63c64ad409d06c603043e147a8b7f2a18	d87cd34e6881d94cb6feec1fcafff3633ea78e2a5dab1147f7dfd1ce76a002d8
1f468-1f3fd-200d-2695.png	2D/png/128/emoji_u1f468_1f3fd_200d_2695.png	5b24c542794f0705f568eb452ffb1f2e15027f3c24b860cf98d18235c91a4863	64e0fb06e0ce9650c14cb9efe6b6d6384d80812e460c139c639790878a24bdd1
1f468-1f3fd-200d-2696.png	2D/png/128/emoji_u1f468_1f3fd_200d_2696.png	0f8053f62b15d000439bbb0515840166e46cd08041de2a17654a69a86e0e9bdb	74961a878b1c638d4e494c558a47fac6f39640751377b493ba7d8bf93092d930
1f468-1f3fd-200d-2708.png	2D/png/128/emoji_u1f468_1f3fd_200d_2708.png	a50b5f7a3f836890d58ebd19c085aeca50b029ae6392e6fadf28f8224a95a676	1cc873a5dc00b6480251a12d21e771ada9a16cceebddb43c4ea1c8d7f32bd5f7
1f468-1f3fd-200d-2764-200d-1f468-1f3fb.png	2D/png/128/emoji_u1f468_1f3fd_200d_2764_200d_1f468_1f3fb.png	373d41b61e531a7e6cea8edea819f904141696e0a550690adeea9a9d9c68e114	1acc3f4be637417a5ea1bcfc010a4248a0cb1d9768052ce9dd93712b19b13892
1f468-1f3fd-200d-2764-200d-1f468-1f3fc.png	2D/png/128/emoji_u1f468_1f3fd_200d_2764_200d_1f468_1f3fc.png	65b47899fd0edd124c6b81f0affe04602f215f810cdabcf0fcb32f8188e42cfd	bcce67cab4d54f73f287d7adcc7108a141021b6aed50e7d5d449c56d59e676c9
1f468-1f3fd-200d-2764-200d-1f468-1f3fd.png	2D/png/128/emoji_u1f468_1f3fd_200d_2764_200d_1f468_1f3fd.png	b2e3556395072aec0d0d4aa7ab7175918f7795fa8e03771aba224588f22cbc97	307905a2d665c9b520c1ba9167dda51fc97064be77d198dd15e62568cc002648
1f468-1f3fd-200d-2764-200d-1f468-1f3fe.png	2D/png/128/emoji_u1f468_1f3fd_200d_2764_200d_1f468_1f3fe.png	69681fbb20367c1f38df273d88afbe0af3fa344a3692ddef62ce12fcde140573	1bef9bf4bb8124c33ecfc5608bc89cc12a2f7b67c087caf1be3de4d433202029
1f468-1f3fd-200d-2764-200d-1f468-1f3ff.png	2D/png/128/emoji_u1f468_1f3fd_200d_2764_200d_1f468_1f3ff.png	c3ae318ccb2f6604de773de77f7943b6352a758dc1a621c45d997e8791a4cf43	06907153aa9913edefbcf11ce3b6b6313eb7956de92190c80afb404d1af3ffc0
1f468-1f3fd-200d-2764-200d-1f48b-200d-1f468-1f3fb.png	2D/png/128/emoji_u1f468_1f3fd_200d_2764_200d_1f48b_200d_1f468_1f3fb.png	c011ae40f1861ee4fca046f19787db73471949d50dd6c8f2b10e229593fedae2	27cfeed279b95af9c64b46023593f1bcb7ced3db253a0f74364d3bcff535bc42
1f468-1f3fd-200d-2764-200d-1f48b-200d-1f468-1f3fc.png	2D/png/128/emoji_u1f468_1f3fd_200d_2764_200d_1f48b_200d_1f468_1f3fc.png	9162b9ac1aa943270cfb3ac4bbcb2bc7b9842ee6ec1878b3322483638d5e7a63	b8240f0de39305d8ccc2af413667ce56a8ebedbaae1d81be82fcb1644c0fc2ab
1f468-1f3fd-200d-2764-200d-1f48b-200d-1f468-1f3fd.png	2D/png/128/emoji_u1f468_1f3fd_200d_2764_200d_1f48b_200d_1f468_1f3fd.png	2476f666dcbde19fca61108b748863ca21b678152a1f293351a2796768bb6934	a0ea1d34d4c38b6b52cd8ee367d75d17be520a0fb21d824bf2e94d8124b3c666
1f468-1f3fd-200d-2764-200d-1f48b-200d-1f468-1f3fe.png	2D/png/128/emoji_u1f468_1f3fd_200d_2764_200d_1f48b_200d_1f468_1f3fe.png	05cceba6ba160560178c847e29a3c29441f6c8b6437753dd43da42243d26c6c8	d6b9a589c124591928ee646be5a69aad60f1d74f3a9ba4d739408ab707f62d48
1f468-1f3fd-200d-2764-200d-1f48b-200d-1f468-1f3ff.png	2D/png/128/emoji_u1f468_1f3fd_200d_2764_200d_1f48b_200d_1f468_1f3ff.png	95353fa4a9776246d6a67560b404e48ba4ced21c9c423b3d73556f415c44c05c	589c1922af34ff21477269ab3c6de5d16c3237ae9d58d9695d56e0c69322f7fe
1f468-1f3fe.png	2D/png/128/emoji_u1f468_1f3fe.png	ece97fc8fa2f0df6951be8cf262d8ca6b461be44f4f79ab0278fe65e41c2679b	de80eb3d19d3452e16a319a828d7f40e0534d45ffbe6f320713e73dcd9456d14
1f468-1f3fe-200d-1f33e.png	2D/png/128/emoji_u1f468_1f3fe_200d_1f33e.png	0d4414e4695a358bd81ace729d626fffd8143e7b3ec60753553c060a37f92ae4	cae82e03f80492bd4e6ac5bfe639e88a1aa486060b3b81b542209369bfc09c1a
1f468-1f3fe-200d-1f373.png	2D/png/128/emoji_u1f468_1f3fe_200d_1f373.png	cc72844110d1b527ede0b18dad19d1c07f2cb9fa5d4fce951dfc08eaeee1e446	179a8b00d945381a10004b9cd730916ff23f30a6ffbced7ddd7822b80449701e
1f468-1f3fe-200d-1f37c.png	2D/png/128/emoji_u1f468_1f3fe_200d_1f37c.png	049146b429d7517eb33386a50f477bbb554739271beb7c88f6fe44839704a94c	ad117bd5b941d2e8f0d2dff4579ad1236cab9944c1dd2795ab9a223e52781252
1f468-1f3fe-200d-1f393.png	2D/png/128/emoji_u1f468_1f3fe_200d_1f393.png	5ec4dd6d3d936d5377f7bf6a88a0ccf2b59c9a782905f774347d480765d93f46	f977685f75285bd7cabf4acb587e42d17776856361a18b1890bdf95f61160b8d
1f468-1f3fe-200d-1f3a4.png	2D/png/128/emoji_u1f468_1f3fe_200d_1f3a4.png	36c6b9212ecee54c4d4a4765d0dae708dad62521bf9c5771694449c7dc2faa78	db28717cb80c47408fbd0f646bbd9215802e925fa2fb5240b3a2f629c9012b96
1f468-1f3fe-200d-1f3a8.png	2D/png/128/emoji_u1f468_1f3fe_200d_1f3a8.png	4606049f000e4f1f56563c1f16f93d29586f62286dbcdebf3fd4d2222eb31f25	dd49a38c69203002a9f858b265a4b668f32412e530c1e959a84dc4ac91e1eba2
1f468-1f3fe-200d-1f3eb.png	2D/png/128/emoji_u1f468_1f3fe_200d_1f3eb.png	67a131bed4294af44642c553602d5cb43d06071a07e61ef166e6c23877d8ebd0	e1a16cfbbb6534a97dbd9192d7a23b539f30673000a4c4fddcbf3a0edd7e9e02
1f468-1f3fe-200d-1f3ed.png	2D/png/128/emoji_u1f468_1f3fe_200d_1f3ed.png	540c4e8b1fb97b5a30fa34f1fced51f380ea34f33afbb195310856b6aa5571f5	850a25142f7d2704906cfb793fa8b6ed55b6b84889526bd80831d8f351dddcd5
1f468-1f3fe-200d-1f430-200d-1f468-1f3fb.png	2D/png/128/emoji_u1f468_1f3fe_200d_1f430_200d_1f468_1f3fb.png	944e389971eade57f0c812bec4eed8dfb0a41bdf772e7302a2f447cbcdcc094c	8253c6d8c1951665340b041be1dd0ca8c5727f906616daaf86e4f2590fcf23d7
1f468-1f3fe-200d-1f430-200d-1f468-1f3fc.png	2D/png/128/emoji_u1f468_1f3fe_200d_1f430_200d_1f468_1f3fc.png	5b29c675fc58d4df2519089343c6e6c6cf0d0e298f1f929952aa934a5f82f12b	5f011b481817ae29ba9d640a90fac255438762fa088575c3f98e6ae0afe7314b
1f468-1f3fe-200d-1f430-200d-1f468-1f3fd.png	2D/png/128/emoji_u1f468_1f3fe_200d_1f430_200d_1f468_1f3fd.png	e5f820796444cff418d7578e4d53a275f2d64236be7bc5d1f27b023875c0487b	f5722155b9f6bd197c60b64386eb5f8f630a6ec35be18e34c6c84cc009fc199e
1f468-1f3fe-200d-1f430-200d-1f468-1f3ff.png	2D/png/128/emoji_u1f468_1f3fe_200d_1f430_200d_1f468_1f3ff.png	95bf56330a89b64bbc73d368d19c5b8e33fc371fa7ba7e9b34567824a6da5400	ff85c097674a6802d2803bb4a0ae436652b084bfc68b76b1c4183af448ede158
1f468-1f3fe-200d-1f4bb.png	2D/png/128/emoji_u1f468_1f3fe_200d_1f4bb.png	ef5501421aa44042263312ff5b730382774b8ed125f31deedeeedca9116af208	e069348ee837597eb6770c8f527aae33993d160c9df61854e06ca55211c91ddc
1f468-1f3fe-200d-1f4bc.png	2D/png/128/emoji_u1f468_1f3fe_200d_1f4bc.png	604640de5b893840249b35af545b2779745af5aa2e7614bd8240ab9d48ee47a6	3949354f8d25190def89fabd5a56b211367fb2bb41ff55503b2c08b31124d10c
1f468-1f3fe-200d-1f527.png	2D/png/128/emoji_u1f468_1f3fe_200d_1f527.png	043c3f9bbaa7cc819a1dacdbb62b605070369f732e20873d3208403138bb24fb	abb2c77997ef9ff9512a930f3ffa0425f5943342fdc23a3c75b188ae636efa6a
1f468-1f3fe-200d-1f52c.png	2D/png/128/emoji_u1f468_1f3fe_200d_1f52c.png	f883967cf82d0d8eb1702a772c655273f6ebd5e303b2528de9a046cc6044f283	8ae0f6e5f89d5c79aa37b0cafb67dcf96ea2e694f5f0f27a8af7162358882e79
1f468-1f3fe-200d-1f680.png	2D/png/128/emoji_u1f468_1f3fe_200d_1f680.png	1cad5b4f7b0238916188ba838cf104263d467f3f8a1ddaf877419d219d8c921a	67c4c88750fd22689b7600ac4c63e1c7cbf00d32739f6bf2d6369ed7c4116247
1f468-1f3fe-200d-1f692.png	2D/png/128/emoji_u1f468_1f3fe_200d_1f692.png	05e3787dafb3af52c371b04565d032a66f7b7d3106704f9774269450ee669ebf	b77bfae272de2d5b6907e5d8255d52033d3edc95a2740d5d9f802c687bc3280d
1f468-1f3fe-200d-1f91d-200d-1f468-1f3fb.png	2D/png/128/emoji_u1f468_1f3fe_200d_1f91d_200d_1f468_1f3fb.png	b88ad54190136884d21415b427dc7b9d3f65a7a03bd8493735633f25d5718d86	9ef2ccfd8e77d955dadcf032251866ce5358e9a4a3d48155a4692b9ca9a98301
1f468-1f3fe-200d-1f91d-200d-1f468-1f3fc.png	2D/png/128/emoji_u1f468_1f3fe_200d_1f91d_200d_1f468_1f3fc.png	45f47ab0a0ad7951d480975cb6815f0fcfc6760ca205a900a8d719640eb84dae	a2562dbd3c4fb890fc7f8925ef34809236278683ecd79e09df6c38bb638209bf
1f468-1f3fe-200d-1f91d-200d-1f468-1f3fd.png	2D/png/128/emoji_u1f468_1f3fe_200d_1f91d_200d_1f468_1f3fd.png	e26f962142653e6b43790970a7e027dac8e0f1cb9b389507bb50000da040fe46	cb4fe97dd8dbab32e80f528104024d3ecd46cb910c5b3bba7bc092e8a0dcf65b
1f468-1f3fe-200d-1f91d-200d-1f468-1f3ff.png	2D/png/128/emoji_u1f468_1f3fe_200d_1f91d_200d_1f468_1f3ff.png	4f149f85da5d72aabf31ef5d9d832837a2035b69af6c59c358209ff978f7f175	6590bf0dd1f9d4cb383de21ad6240923558fc7974b4335e097ea6634a642993f
1f468-1f3fe-200d-1f9af.png	2D/png/128/emoji_u1f468_1f3fe_200d_1f9af.png	374bcd056228576a9c04d2441c9aeb2e373cccb3181ee31b6d0e44a4f272ca63	93e0241b1757077f288b0a2320e1a58d3be6c664fe501cc8ad925c9c45dd37a9
1f468-1f3fe-200d-1f9af-200d-27a1.png	2D/png/128/emoji_u1f468_1f3fe_200d_1f9af_200d_27a1.png	937f9c169d085c9f51530d748301c410f7f965c49732972ce092d84daea2a0fa	bc3a5cf15df1945c626b52d9737a5aeca627ba9829b3d6686529c8b6fd0675ff
1f468-1f3fe-200d-1f9b0.png	2D/png/128/emoji_u1f468_1f3fe_200d_1f9b0.png	9ee9ca20663bd7eca2467c7f1eeb24936ff7dc8d8b4a5070787a8656c5abfe1d	21e080e45df2fc4ad7828ec30ccb9c5a7e7142a5976201b6a0ad28d271a339c0
1f468-1f3fe-200d-1f9b1.png	2D/png/128/emoji_u1f468_1f3fe_200d_1f9b1.png	5250595b1b30a4e2e30f667ca44ccaf3ac7b65aa1b225b0c8bdd96d3c7c391fc	0ce82b55da22a24798a3be0aa95fd4daa0cdca65cacbc26f40ccb4c5fb7ce59c
1f468-1f3fe-200d-1f9b2.png	2D/png/128/emoji_u1f468_1f3fe_200d_1f9b2.png	3af1ef43682e9af9fdcb83a1e2257eefbddd4096ec568a8c4241abe5b725728a	a98f3339fe9fb73ca046b0e0a100b9f77d238227a526c9b6d621320fc39209b0
1f468-1f3fe-200d-1f9b3.png	2D/png/128/emoji_u1f468_1f3fe_200d_1f9b3.png	d6fb31025cc5586cd8e873b1bbba9d685bf79c6f5c1a3e6c819d3911812727a9	8150157be323fc42aa5f3ca6f034eb4323eabe8ec7503bc65055b7792ed4d1d9
1f468-1f3fe-200d-1f9bc.png	2D/png/128/emoji_u1f468_1f3fe_200d_1f9bc.png	9e83975218b3ffd1e68f61bd59ba458497bb508320c321869e56c5b0300c7d90	4000a2cd8c033afc2f48848bb856afec4d09af4f49039447d4d5c676c84e030e
1f468-1f3fe-200d-1f9bc-200d-27a1.png	2D/png/128/emoji_u1f468_1f3fe_200d_1f9bc_200d_27a1.png	f7e6b029baa891c0cbd1a8d0eabe1824c2692ce1eadee6eaa0a0e4594e349375	6d6fbcf3c8250b34a9f20223ac16ddcaac846416624d647ebc8621234688e40e
1f468-1f3fe-200d-1f9bd.png	2D/png/128/emoji_u1f468_1f3fe_200d_1f9bd.png	7f11c1a1a74846c5ac58531f5db0c7990312a86454b8ecffa89c5f14f03db776	2616e1d6b552df5db37ae6b1037ce74d55f534ce53e24177f72f8ae494d9f208
1f468-1f3fe-200d-1f9bd-200d-27a1.png	2D/png/128/emoji_u1f468_1f3fe_200d_1f9bd_200d_27a1.png	a94c8ca6057dc996d97430824fe6452399ed9cd12ab8d329a24588ddb69193fd	e0d6acf71e4653b8ff479af11255377d24baf08115e22923f4226ca5e09d6c40
1f468-1f3fe-200d-1faef-200d-1f468-1f3fb.png	2D/png/128/emoji_u1f468_1f3fe_200d_1faef_200d_1f468_1f3fb.png	a4dcd0f525d984e804e20b391524982370b093687a65160cc7bb107b03f6f007	b7038cc869fe1639d589bbb0882131316fa0a8078edc37722cafc875d699bd65
1f468-1f3fe-200d-1faef-200d-1f468-1f3fc.png	2D/png/128/emoji_u1f468_1f3fe_200d_1faef_200d_1f468_1f3fc.png	6ed5dce9e3551ddaf56bef88eb93cd6c841b97d92494de399d6ebbac28cf28aa	17e2f98a83677ecb6fb94a3261a557963950de8653ead478a97e257390111340
1f468-1f3fe-200d-1faef-200d-1f468-1f3fd.png	2D/png/128/emoji_u1f468_1f3fe_200d_1faef_200d_1f468_1f3fd.png	299a4bcff7d453db8b417c58ced05a4e7d8dbda005a55f52cdb0b719ab5bd453	4d281cd833623abe4f67d25355933f1e076099973c491d5cbc13ff2ae340bf54
1f468-1f3fe-200d-1faef-200d-1f468-1f3ff.png	2D/png/128/emoji_u1f468_1f3fe_200d_1faef_200d_1f468_1f3ff.png	31911e5fa3e01ec2c929df591899a759bef0ab46c143516d90645282b6a2b78b	184766da700f94982b7fc049beb90efe498b02e38e0f0689a15c3fbcf25b3745
1f468-1f3fe-200d-2695.png	2D/png/128/emoji_u1f468_1f3fe_200d_2695.png	0eb0e0eb3936c60a43be9c4d9da5cd2910c510729796e99b4887316c6d45f842	54e2fac55998751ae2cda534548ebdd1553df26e9c340b0cec78e7f221bcf731
1f468-1f3fe-200d-2696.png	2D/png/128/emoji_u1f468_1f3fe_200d_2696.png	ca6b1d5fbf693f8c8e218bc3a0b3b2cfb8d26fea5f58107d012688a4819638d2	cfd12387984c793ce34e6f387c999f6cb8d719055d4a68004ff7c34cb62bdbdf
1f468-1f3fe-200d-2708.png	2D/png/128/emoji_u1f468_1f3fe_200d_2708.png	b80ad1dbd085bae84ba99958c52c6ba75b9dd6a561c45cc2805d8189e8e9feb8	36e5c927ca0a668415b6eaf2159a3b93ab9db30942e689319ed8d1f15c84edd4
1f468-1f3fe-200d-2764-200d-1f468-1f3fb.png	2D/png/128/emoji_u1f468_1f3fe_200d_2764_200d_1f468_1f3fb.png	69c37d70480700bd0425be762ba59a9dff34874410edb537452b7a2b7feff3ae	9f63150f99b94e9324fd9bedc97bd3dce04590b3730254e67477e973fdce71a9
1f468-1f3fe-200d-2764-200d-1f468-1f3fc.png	2D/png/128/emoji_u1f468_1f3fe_200d_2764_200d_1f468_1f3fc.png	3f75083ea7e95d6ef0837dc97008e2832f0b8d2d743c55c2f634d7e532a27250	3c8d7b2ee477db76c2ab312b7b8497b0d243eb5ebd2c6ca4e43ba66b02792f22
1f468-1f3fe-200d-2764-200d-1f468-1f3fd.png	2D/png/128/emoji_u1f468_1f3fe_200d_2764_200d_1f468_1f3fd.png	ccd841c7597fcd0ec1815e218bab918f35bc5e3bfe9f5f213e2f0b6ec977408a	bbf3f8b6477ef358681ef75730bee827c2a34a59d72417421be0f20e5cfd5cbc
1f468-1f3fe-200d-2764-200d-1f468-1f3fe.png	2D/png/128/emoji_u1f468_1f3fe_200d_2764_200d_1f468_1f3fe.png	82a918d73cd484a1d1b0b65b03154f0099f01eb9b4f0c7b7918a255ec4ec679d	5173f6e835f0ec347bc26524462988ce82e9392ccf83d33c626a476235ac2fec
1f468-1f3fe-200d-2764-200d-1f468-1f3ff.png	2D/png/128/emoji_u1f468_1f3fe_200d_2764_200d_1f468_1f3ff.png	be37ac0ba474d23c8cb286bc79211fa6539a40c216b2faf21d2b58fbc9899639	7b72d1083c7da4625614e2e6bc4eac855458e0f3a808751e46b5a79022d9b213
1f468-1f3fe-200d-2764-200d-1f48b-200d-1f468-1f3fb.png	2D/png/128/emoji_u1f468_1f3fe_200d_2764_200d_1f48b_200d_1f468_1f3fb.png	ee2cf414524429744956d3d190c9fe6dab592ce0271a6dc5a74c476803b2ad24	b2234bb98812f437723f0c4eec2bfa0864320bf9a7ed741ba3433459bf97a7e8
1f468-1f3fe-200d-2764-200d-1f48b-200d-1f468-1f3fc.png	2D/png/128/emoji_u1f468_1f3fe_200d_2764_200d_1f48b_200d_1f468_1f3fc.png	eb551336b4fef02a63f9ab3b70008f64fd7a627d4143e308fced952d52a6612b	b5133be924453a590ac20d167b55d3fef17daeba7ca99be0741c4110843bda25
1f468-1f3fe-200d-2764-200d-1f48b-200d-1f468-1f3fd.png	2D/png/128/emoji_u1f468_1f3fe_200d_2764_200d_1f48b_200d_1f468_1f3fd.png	17071f3d74f1f2396978edcf0908710a77015a5976d3e5aee339320de91ee3ff	fff09a313d5b9cc69d274bc57d2dea645f2b591b5abb5130b1a1736e031a9249
1f468-1f3fe-200d-2764-200d-1f48b-200d-1f468-1f3fe.png	2D/png/128/emoji_u1f468_1f3fe_200d_2764_200d_1f48b_200d_1f468_1f3fe.png	4771cc059c942c7bf72b0359c5f0408766cbd270e8bae19cf9e0220d9f517d0d	4021b95b6c797fabdfd04ce4dc12ed16cd29d218356225606e51282f617e0cc8
1f468-1f3fe-200d-2764-200d-1f48b-200d-1f468-1f3ff.png	2D/png/128/emoji_u1f468_1f3fe_200d_2764_200d_1f48b_200d_1f468_1f3ff.png	8badb3f3e50275440a85013d6eabdb2f32ef839147e58d252194509d443510d2	e5006395e1b3eec7feee72c1873f3c9ca405bfa653a2de5be05b2b3dfeed29e7
1f468-1f3ff.png	2D/png/128/emoji_u1f468_1f3ff.png	65886e2bcdada05471a63c0cf85c195bcaffc3f65e4fb55a67923c36ba545a09	622c6a5b3a8011bc6bf1f8f521197290a745400df90910377cbad0917fb446fe
1f468-1f3ff-200d-1f33e.png	2D/png/128/emoji_u1f468_1f3ff_200d_1f33e.png	f9bde07861aad1e166e180f7a704e77f447d69ce6ae11ba2c698d79711032820	22531351b87be04b5138a454edfc9574df275ba56da2430d9748ea709c38b323
1f468-1f3ff-200d-1f373.png	2D/png/128/emoji_u1f468_1f3ff_200d_1f373.png	12081fcd880a2d885d7fb87ac4c7b3519a149acaddd66e042e373425192f38ba	1cb3219a8a6595685cc44b95a278ff6f444ee3dec0383b1adb9be7b9a63792e6
1f468-1f3ff-200d-1f37c.png	2D/png/128/emoji_u1f468_1f3ff_200d_1f37c.png	0b4fd9c26b71d6ac0768f49371d5317f64f84748c20b20d15b9839f780a6e1d8	9d59a3d1cde3ad5163a0087e01d79c068f5d1cd170e87a64b177ba95199c0c5a
1f468-1f3ff-200d-1f393.png	2D/png/128/emoji_u1f468_1f3ff_200d_1f393.png	f0e1b9c18f8c68e79a9889eaf1a0239fe70c6a387a1ee307815e54ba3b33ac3a	028f685bfa5f67a0022c2855e0dec5873dd844ed29aad2890b033ce4c31365a3
1f468-1f3ff-200d-1f3a4.png	2D/png/128/emoji_u1f468_1f3ff_200d_1f3a4.png	efec7dbfc603fbbb3ac87d2a1fe9631522ae2fda05d84dee21b899a5d7e4d104	47691b6ad74b9d881db164b6bf8ba50cf0cb12da9da3a219a01d15c053ef1f5e
1f468-1f3ff-200d-1f3a8.png	2D/png/128/emoji_u1f468_1f3ff_200d_1f3a8.png	15800b53eee4840b06b7507a0b9729f92c419710f0ea06ca0abf3df268e676ca	c19e8e3417adacfd3693bc1fb8f96020df4be2e0fb4fa5cd841b9815468a8661
1f468-1f3ff-200d-1f3eb.png	2D/png/128/emoji_u1f468_1f3ff_200d_1f3eb.png	ed9a87ab8b4e76f3da9de9d22d8fdaec223edd814576ad585079ffde1e637261	494af5027b926f14031b88d0747df898620871844418c6f74ed5bb59dd33755e
1f468-1f3ff-200d-1f3ed.png	2D/png/128/emoji_u1f468_1f3ff_200d_1f3ed.png	c1586cf2f7f5e8437058cde84d47a867be7f8ca55417a50dc55a29e523caa127	247517aef7fdf96f60e9364beeb414c4f4813ffb05b5dee755cac5e5b69efdc4
1f468-1f3ff-200d-1f430-200d-1f468-1f3fb.png	2D/png/128/emoji_u1f468_1f3ff_200d_1f430_200d_1f468_1f3fb.png	566af42453ce7f4e42e7611d0f7b8c206572c53d79d8ec50c570f709db08a4eb	35e54ddff1941de89b29ee12b4af399e81a92297ed47f272a9d839daea0b2a7b
1f468-1f3ff-200d-1f430-200d-1f468-1f3fc.png	2D/png/128/emoji_u1f468_1f3ff_200d_1f430_200d_1f468_1f3fc.png	c3cfa9be18e8c50ae31635bb908e3ca2ea1f9b922bd845772e6ed32e874681fe	6b83cbb3ad0fada4100f47315e9f6c9eb36ead7af03f1e3230fb1d2a70aa4a52
1f468-1f3ff-200d-1f430-200d-1f468-1f3fd.png	2D/png/128/emoji_u1f468_1f3ff_200d_1f430_200d_1f468_1f3fd.png	a3bc75c2dad2eaab87eab0534882013c00d4556279620fb097665bfb6b6d3ff5	d68b19992246748010dff763d84b87e1fddda799df8608244f35ef4ef923ddb8
1f468-1f3ff-200d-1f430-200d-1f468-1f3fe.png	2D/png/128/emoji_u1f468_1f3ff_200d_1f430_200d_1f468_1f3fe.png	3965bfb83631d0d8acd57365736a9a102e3e380c4c49ac45e05deb9ce1a67f0e	29527729778d73a87d7e6d2b467c8c927884346f4d7f18a0716287c685d4664e
1f468-1f3ff-200d-1f4bb.png	2D/png/128/emoji_u1f468_1f3ff_200d_1f4bb.png	547e2843dc486d6d0a28f382ff13e4a90b3d52730f675063598148be84480f38	e09c7ccd08a2e2612bed66cf57f7742919f893e29e7094a0069fa41e595f3d0e
1f468-1f3ff-200d-1f4bc.png	2D/png/128/emoji_u1f468_1f3ff_200d_1f4bc.png	e2582880991741d5eb9a7d984bd79b49e5f9a4569d2ebe0758a4de560638abba	a48d39eabb95cc26804715ae1ccb8c2fb8a6bff9d7a03e3fc9cf27319455cd05
1f468-1f3ff-200d-1f527.png	2D/png/128/emoji_u1f468_1f3ff_200d_1f527.png	40f3b080a2edfddd63dbec4ae406e1fad7de675ff09af9ec65bcc5a694af320f	961a74a9b949c323e9551077f27ca134761290c6b4703d16eb84504f62e1cf37
1f468-1f3ff-200d-1f52c.png	2D/png/128/emoji_u1f468_1f3ff_200d_1f52c.png	0337aacbe973650b3306164063de86aa656d84ccb8f68ef2f8595512a3421bec	a08de9543d582e43c97ceb9e8535ee52f89534be155f90eda6d3eeee2263407a
1f468-1f3ff-200d-1f680.png	2D/png/128/emoji_u1f468_1f3ff_200d_1f680.png	ecde4752205419f56636502282e81bab9ef67231ded30b2ed1c17618eed9edc1	45fa827af69211826b12edd495ff803c006de56be43e896434fda2b98eeaa745
1f468-1f3ff-200d-1f692.png	2D/png/128/emoji_u1f468_1f3ff_200d_1f692.png	a821114d93a42c718b3b245b98e262e1774f56e5216cf918fdec81e0857beb57	66b21365bac009fbf68af1079cab2b0f04a040f974531a94444452d41c3243e8
1f468-1f3ff-200d-1f91d-200d-1f468-1f3fb.png	2D/png/128/emoji_u1f468_1f3ff_200d_1f91d_200d_1f468_1f3fb.png	6517f1b32bfc5d82d51c18b7409f993a666ccf17c7092b1d2f86afc1891297fa	9122edda780fa6c53335d328bde0930b3492c9686e5dfecf0ac553b482e46176
1f468-1f3ff-200d-1f91d-200d-1f468-1f3fc.png	2D/png/128/emoji_u1f468_1f3ff_200d_1f91d_200d_1f468_1f3fc.png	3704f45766dc067a08e4469facd3a619c2c38c919b07d5abc0a0296e021949a2	962828a50f17e9eaf3ab12e5335b48218891766d8066f5128b201e1cd48ea3af
1f468-1f3ff-200d-1f91d-200d-1f468-1f3fd.png	2D/png/128/emoji_u1f468_1f3ff_200d_1f91d_200d_1f468_1f3fd.png	67905750e9e91a5061bf2b247485ab888dc09a58f1eca2031ddd69da3afc66b3	ad0b68921ed33f4695421c10260ebac69482f3ecda8ef1178081e59f97c9026d
1f468-1f3ff-200d-1f91d-200d-1f468-1f3fe.png	2D/png/128/emoji_u1f468_1f3ff_200d_1f91d_200d_1f468_1f3fe.png	ca6dd7264d38f0049b92a99667e487b69b20bab9ad1ada1eddc0d327a6814baa	a0438e9535ee42c4b58907b861f56296ec474f7cfc635a7cc3fe712c69cf23f9
1f468-1f3ff-200d-1f9af.png	2D/png/128/emoji_u1f468_1f3ff_200d_1f9af.png	c1471458501481c0b5a2a082e97a9cf43bb95ee96064643bebaca01b29b3bb48	79a67026e55b85781db1dcde528d27d35fd78b97182b23a8bbc51960d0067431
1f468-1f3ff-200d-1f9af-200d-27a1.png	2D/png/128/emoji_u1f468_1f3ff_200d_1f9af_200d_27a1.png	9275f1598f5b3d61d14d50ef3ef1711f425ad37e4b113fa54bae471c13754a4d	dee586a4246a28e61458600e7767b50a6ab09e4d21eba4cf16c8f79fa2162dc0
1f468-1f3ff-200d-1f9b0.png	2D/png/128/emoji_u1f468_1f3ff_200d_1f9b0.png	f47cc23e16facf7f762e1464036a0e6bc5a72a07b5d6f97ee5bc66a02d2d84fd	083670f87893bbac33c710153bc8114e846fc86cb8300ff08461ff831fd65545
1f468-1f3ff-200d-1f9b1.png	2D/png/128/emoji_u1f468_1f3ff_200d_1f9b1.png	ce30269b830a21acd86901b18033bddfcb4e16f3a9090eb9c3ec1524c3b6add4	ce4fecb6f5ecc420083cc0c13e897e5191771c3c98b4fb8070d5bdffedd58a12
1f468-1f3ff-200d-1f9b2.png	2D/png/128/emoji_u1f468_1f3ff_200d_1f9b2.png	f95129bfe5e431fabf001f7e57920a3b656500af2e0dd7a9084c611216a46a3a	ab608de3411f600a1b913ec0b0a67403b856fa054f61c0822bee892fd7a2a5cd
1f468-1f3ff-200d-1f9b3.png	2D/png/128/emoji_u1f468_1f3ff_200d_1f9b3.png	4e40248c73083ca77feb7312e4d6a2557a05b2b8b95a4ba6b6055089977d79f9	005b437658f94d9efb11184deedaebc36a36eaf1ca2caadeac4c4d5f2be49173
1f468-1f3ff-200d-1f9bc.png	2D/png/128/emoji_u1f468_1f3ff_200d_1f9bc.png	93c4012aaf28e885b320a01dc676d02adf30669bdea732be8c12c3741224e688	cd1b02164bf63a99396d5ba5e37ca57a047c692033d4c4c6da0da2cdb8ed88ae
1f468-1f3ff-200d-1f9bc-200d-27a1.png	2D/png/128/emoji_u1f468_1f3ff_200d_1f9bc_200d_27a1.png	cfc1c16f44919fbf315c4cd5fa1235d5010e5e0d84981a702c9adf3d0c3fb03d	d76a957f88392c43e3509ce02bceae86e8b90314233215f63aa07e9025534829
1f468-1f3ff-200d-1f9bd.png	2D/png/128/emoji_u1f468_1f3ff_200d_1f9bd.png	306eeecd079a617a0b97e1f7d5b834f1e0e4e481425c2abc73f17db47ed4fd81	0434314ccd0cca0f5fe950bf68514af2ad194e1247eb8e5806fe9f214e1bd6db
1f468-1f3ff-200d-1f9bd-200d-27a1.png	2D/png/128/emoji_u1f468_1f3ff_200d_1f9bd_200d_27a1.png	557115bb0981f9acaaacfd2e6bfc6fbb33c374159964919d1175f0ab496ff8f1	4e4962607e9fab6654397aa2b96ca510be2ab6d962271d721196f7c6dc27eddc
1f468-1f3ff-200d-1faef-200d-1f468-1f3fb.png	2D/png/128/emoji_u1f468_1f3ff_200d_1faef_200d_1f468_1f3fb.png	b1cfd7fa8471bf9402feb8caf1dee190231ec4109939c43a6028d7882653e369	18e76ba3fa1ca4100c9a419c4db761d14b4a27aab7d803acd95574fe5da04869
1f468-1f3ff-200d-1faef-200d-1f468-1f3fc.png	2D/png/128/emoji_u1f468_1f3ff_200d_1faef_200d_1f468_1f3fc.png	4cdf2de25f61447729fa2047b224763b5ada9d9f40a4e80d75105d47f12052a0	353d86c2841350828a52002cfc306bbf04b33f18b69831217d2c158a75b8ce4c
1f468-1f3ff-200d-1faef-200d-1f468-1f3fd.png	2D/png/128/emoji_u1f468_1f3ff_200d_1faef_200d_1f468_1f3fd.png	3a335d13177d3781f6da07abb4dbd4bf10f98adbc2f34147e95d1dd94be54d82	d535894b3a7bfac5e85a0d858a40327a65f2d9048de09df34b22e5782877e426
1f468-1f3ff-200d-1faef-200d-1f468-1f3fe.png	2D/png/128/emoji_u1f468_1f3ff_200d_1faef_200d_1f468_1f3fe.png	f229a90016544a3bbe896d8c76f56d569d79bd5814bf4afc6be68e06b901cc9d	16c8e82d72bfb44e1ca9dc588dce68e5ff79aa848c1c391e1187825db81cb6bb
1f468-1f3ff-200d-2695.png	2D/png/128/emoji_u1f468_1f3ff_200d_2695.png	b25809c8d20bcf367edc47dc9e6028f61c5909681e30b4a92d1bc4057fe2c0d6	fe45409bc2ab7257682812b27b8427712ef9d58f43249292340f96ec5f3c668d
1f468-1f3ff-200d-2696.png	2D/png/128/emoji_u1f468_1f3ff_200d_2696.png	1d6d31063f87e20f5fd8f90ab95e2dc588b0249dc890caa9c69d9598de37fb98	abf89ee08c74d593274e2c6307a8170b65f605d84d28c732244566571c240b77
1f468-1f3ff-200d-2708.png	2D/png/128/emoji_u1f468_1f3ff_200d_2708.png	7573d2fd693475f64be3a891c9ebfa9872bb527258ff8c2a6aa9869890db5759	e498367f446bb4bb510da16290cb11cc3e58d7032865e1d5b4d51cfbfc97c9cd
1f468-1f3ff-200d-2764-200d-1f468-1f3fb.png	2D/png/128/emoji_u1f468_1f3ff_200d_2764_200d_1f468_1f3fb.png	0596e7cff8dc4beb01c25de98a764a8f09e651662d674710c3aff54dec2992af	57dee14bee666658da03412daf4ea88ca08c4a20f3865b0360f737a86adedd3f
1f468-1f3ff-200d-2764-200d-1f468-1f3fc.png	2D/png/128/emoji_u1f468_1f3ff_200d_2764_200d_1f468_1f3fc.png	96ebfe12e57e8d12b090efa3e4306c0f5d7497485ca1063ecfb8ad2df030d36d	22bcb3190e30a82439ff26f9e1936b202cca50a04b8c7119bc9920bee82a23d5
1f468-1f3ff-200d-2764-200d-1f468-1f3fd.png	2D/png/128/emoji_u1f468_1f3ff_200d_2764_200d_1f468_1f3fd.png	8e3aa806f037645a7aae378256809eaba414da359f3d63a4f5e86ae2b373d6dd	f801e45f2356ee5f546d07af9a9539be7bb6588fbcaebf05c5d1049123d80edd
1f468-1f3ff-200d-2764-200d-1f468-1f3fe.png	2D/png/128/emoji_u1f468_1f3ff_200d_2764_200d_1f468_1f3fe.png	e1ca8cf8800997b18d341ca993770c781065ae2606470445ada4e3893db27dd8	eaa025c83428ba68901700f1c12b478f7486199431c011ecd31e1d466218f614
1f468-1f3ff-200d-2764-200d-1f468-1f3ff.png	2D/png/128/emoji_u1f468_1f3ff_200d_2764_200d_1f468_1f3ff.png	8590bd05edbda8a007d3cfc85be28fd037911bfe7d3c616462e07ad112b400e4	db8f9c55012d1e646591d503dc3beaaa855aae5242fa6d607fdafe6884d1b43f
1f468-1f3ff-200d-2764-200d-1f48b-200d-1f468-1f3fb.png	2D/png/128/emoji_u1f468_1f3ff_200d_2764_200d_1f48b_200d_1f468_1f3fb.png	293580535c4bd09c9c75d58fd24929091982b2620d905d1c77018371373c47ed	4f9912243805edad8fae42e2d335e5f3ed6274eb0cfa5431ad6c290ff14fbe45
1f468-1f3ff-200d-2764-200d-1f48b-200d-1f468-1f3fc.png	2D/png/128/emoji_u1f468_1f3ff_200d_2764_200d_1f48b_200d_1f468_1f3fc.png	e5f2281b6aba8d3c334322229daf38b4594f1a9f2992492fab73412186d03673	f4ef09cec890afef491cd3b888defe21bdd15db9a2a309c68be41a896cec9626
1f468-1f3ff-200d-2764-200d-1f48b-200d-1f468-1f3fd.png	2D/png/128/emoji_u1f468_1f3ff_200d_2764_200d_1f48b_200d_1f468_1f3fd.png	8e3f9c41452eb201a0624b040dcfd47a7b584132ed229e8ff266e0092447af21	72a77fe12996823788f8d2f1f2ee5521a1e8235e868ad4ab84f9e4edc6017617
1f468-1f3ff-200d-2764-200d-1f48b-200d-1f468-1f3fe.png	2D/png/128/emoji_u1f468_1f3ff_200d_2764_200d_1f48b_200d_1f468_1f3fe.png	2032657b79d23b3a59cef11cce97dfc77f8f1b8c577ce1e8a458c28b6029bb70	09f7762871d45cd13b8926efe142a5d4d0ca77526f39b8e37c140ec92333d998
1f468-1f3ff-200d-2764-200d-1f48b-200d-1f468-1f3ff.png	2D/png/128/emoji_u1f468_1f3ff_200d_2764_200d_1f48b_200d_1f468_1f3ff.png	87bd9f7ceb025287f84981f92f9b41f9646e42523a96ed1f5e676dbd9021168f	d35ef5d712e57769eabca19937724285e497d7907a7c0f2a9ca7f3d8d686527e
1f468-200d-1f33e.png	2D/png/128/emoji_u1f468_200d_1f33e.png	1940393f127326d296ec3e8559640fba9826f4995004117d836bc89f7cedaf93	02e2cd074fcda1d70c812eb1d76a241b751444f4873aea43306b34cfea21a26d
1f468-200d-1f373.png	2D/png/128/emoji_u1f468_200d_1f373.png	b82935327ee8b3d54ab683abb3b8f34a0174d61844587625c62a015b34aa7995	6273ae6cfd03bb092bfa74f008e122b29e63baf228f1f5466329d99bc9c3ce24
1f468-200d-1f37c.png	2D/png/128/emoji_u1f468_200d_1f37c.png	b3c2975777fac938248050fbde040ee4db495f66516221c292d8aa39ab1ace7b	f64722dae843aef86dc89056e5b9bfc29362b859c008f5fd7e41624e94bbe7db
1f468-200d-1f393.png	2D/png/128/emoji_u1f468_200d_1f393.png	2523ddb57ae1e6fcb2473135b4841248759719c95e86bf3d5b772fd30949c802	187ab4b2a84f0ac11292ba0ebdaf04fe5b5677223250f7836362f41e376ae5c3
1f468-200d-1f3a4.png	2D/png/128/emoji_u1f468_200d_1f3a4.png	f6883943cc72d9b48a1ec74cef91b09dfce6075b64ca4dc4c51b7a96fead7745	f7d39dd23c773da77a5951882577783b782669ed32ff1381131ac26f0c633b52
1f468-200d-1f3a8.png	2D/png/128/emoji_u1f468_200d_1f3a8.png	7af9d40e355e2b5cc9403ec4fb10cc08a4c017e4b0668f1ce7c7c4db1924f78c	16ad1f47d0559df5f73555f64bf5e9b1691aa47fd0446b42bbf5edbe78de7246
1f468-200d-1f3eb.png	2D/png/128/emoji_u1f468_200d_1f3eb.png	93d185fe4238371afc2f8124667acd7540f90a45d830d674b491cd5f15cdac08	42bb443145a584e286ad0330bc81461e50c8a8c1a2c46ad170bc41bebca3345e
1f468-200d-1f3ed.png	2D/png/128/emoji_u1f468_200d_1f3ed.png	a60e9c7b04756c5fd6476e0f80df27ed807713ade06decafc76f1e7ef2dc8f18	501127360bbd89a797571b3ef4a28d7b03a036df929d8d7e41cf5131fc878ec8
1f468-200d-1f466.png	2D/png/128/emoji_u1f468_200d_1f466.png	9d751bddba07f08b959ae19c088610138c0e13f86746e25d4d9bcf9baba63030	ef54bd56268c9e8346daf837dba24372b20aa8f4026caf1d6ccbce031908525c
1f468-200d-1f466-200d-1f466.png	2D/png/128/emoji_u1f468_200d_1f466_200d_1f466.png	b14a9e9814385912c8a04296ed7dea757743ac11ad19e64f0ae30c2ca70e2269	d47e9f2a03d012a1d488c9a437add9d0d9a86b8fb2eb4739c90933ed3585931a
1f468-200d-1f467.png	2D/png/128/emoji_u1f468_200d_1f467.png	d00956347f044278ab52a51bf490e9400bef06f2c19ab424460caed76b8fb762	b75abdf7baaa2c7eb5dc1bab2943406508bdd61bb36e1f8c50d08b6f752e0438
1f468-200d-1f467-200d-1f466.png	2D/png/128/emoji_u1f468_200d_1f467_200d_1f466.png	65733e634e76b87ee30a20c87b2e6e1dec7b9919d610ad1e42b5f357c18f8138	69c338616c7301ad3e73ff8bf812723cb3591a35cb2773e8f432bf298655469d
1f468-200d-1f467-200d-1f467.png	2D/png/128/emoji_u1f468_200d_1f467_200d_1f467.png	ffaba5065ef1a196896fd6e261c78ee5cc25db9fbd7fe06f070ab8d5d1b73df1	1642a733124a9f38fb91df56d64290607bedb072a721f647858a72fac6a5ad07
1f468-200d-1f468-200d-1f466.png	2D/png/128/emoji_u1f468_200d_1f468_200d_1f466.png	b7db9a220a643d0f893e36c20b2dd57c8b63c00e9b8d1f57903b9aed544d0310	e236380ae602c8e88b51b73a681e7aee7029586ac18a7a7a75e4cf773e712736
1f468-200d-1f468-200d-1f466-200d-1f466.png	2D/png/128/emoji_u1f468_200d_1f468_200d_1f466_200d_1f466.png	7b576bf57601c0da76c0268f68b3e6776aab7fc18ecb381c5f079c467e6c6da5	83699093261324bf230f554159d47ba9cc176e95aae487f3cfd16dc8b1cc964e
1f468-200d-1f468-200d-1f467.png	2D/png/128/emoji_u1f468_200d_1f468_200d_1f467.png	64c8ccb8322c37a717c210f3948aa42842cc7438c84fb444ab644e97c2b2a35e	2089845a0ede07ce5d0178e2075fd17cf5b3ebfde59f5eb954018ee8203ddca4
1f468-200d-1f468-200d-1f467-200d-1f466.png	2D/png/128/emoji_u1f468_200d_1f468_200d_1f467_200d_1f466.png	65bcfba10b7bb98f7907f768bb55d17c24eafe084b704590dcf964481d65aaba	fc1c847b4154c72cf7e7134ba51a60c80bd064f3713389b13bc9eb11a87478a6
1f468-200d-1f468-200d-1f467-200d-1f467.png	2D/png/128/emoji_u1f468_200d_1f468_200d_1f467_200d_1f467.png	59219fe5591cd243df43893c4404c57e0b74e43adf7db6258616c4d7ac839875	e42f640af3b06cbdbb8750d3320a2d0c2c9186b491075460695bf7a170867610
1f468-200d-1f469-200d-1f466.png	2D/png/128/emoji_u1f468_200d_1f469_200d_1f466.png	d4a34cc4235cc3cdf7c118864c39afa1f105054de8d370857a98a11edb040124	aeca2bfa22ce49f2b0fa4cd9a3c2c001209b81c77c41950c70ebf29d439bb4c3
1f468-200d-1f469-200d-1f466-200d-1f466.png	2D/png/128/emoji_u1f468_200d_1f469_200d_1f466_200d_1f466.png	3c75d2bad9e2330bdba7468463b686a3fb23f3c6d6ae3a6bf77d1a3d9d8aac72	abf01c38c2f06c97835aaf5dafed17ddb11b1635355347799b09a829df1ab3e0
1f468-200d-1f469-200d-1f467.png	2D/png/128/emoji_u1f468_200d_1f469_200d_1f467.png	8fb9ec1e0c9a918cd4903cf312197df16761b862d652f00c508e423567d6a8b5	cf77f7b7301fbe07620ff7152386bbc5cb81c22603579e197dcd144192dba2bc
1f468-200d-1f469-200d-1f467-200d-1f466.png	2D/png/128/emoji_u1f468_200d_1f469_200d_1f467_200d_1f466.png	6cbe4a5dd5d4c2590dccb0c5b95c70d1be3162d89132dd856312bd4bc3919ec6	abd80b194bd4d505bc09e5eb4d095f472bfe53eddfe136c4f6cb2379c3e30610
1f468-200d-1f469-200d-1f467-200d-1f467.png	2D/png/128/emoji_u1f468_200d_1f469_200d_1f467_200d_1f467.png	4da60edeb22120d6d35d829e5c8119aa23d81c7e77631e1b59019cb734ab0290	3ad8d6c482df9d10b2a8306c3838fad9188cd793cf0aac48bd1ead5fcaab0bcf
1f468-200d-1f4bb.png	2D/png/128/emoji_u1f468_200d_1f4bb.png	3af352aa53ec6d2c4729c9ca15567cfac7f8547d89d35d895415ebd2109a3af3	5673d1d3ce08a09acbad5152c08ee56a5a82f511481fb955b6711140058bc95a
1f468-200d-1f4bc.png	2D/png/128/emoji_u1f468_200d_1f4bc.png	3e8738501791d8984ddc93868fd0b70033f8c77c7f237955661f249d12f765c0	d45d617552f838c7601bde68ac449b9a128327587349f878d6974bf67b77ad50
1f468-200d-1f527.png	2D/png/128/emoji_u1f468_200d_1f527.png	f217df82c4c80ba6ea1b0d1f196cb6d4bc21de0668e2ce479faf9047597aba30	bd53598dd2cd3817ecaa98cbcd9842c9a9ba54d3340605564352e29719f82a6f
1f468-200d-1f52c.png	2D/png/128/emoji_u1f468_200d_1f52c.png	c1c64e86c6fc3e9ab04d21630c5775a27b2a2c0e1ded6f77a17afa02e008517e	ded677323748f8f21a6f76c855fb82fba4d628616b3b3643bb93954c75fbf274
1f468-200d-1f680.png	2D/png/128/emoji_u1f468_200d_1f680.png	5121572c52ea0ca5e5b92a92245d17623d4a22117347d5031251ca7131ab2405	ee4b47e02c38dbad88678dce2b7c6e3309378a63d1823b45e60188c4da78f2ef
1f468-200d-1f692.png	2D/png/128/emoji_u1f468_200d_1f692.png	b917dd9c7bd21774c91dcefce07c27e68a5b43785aa231b4fbe174267d47a05a	b8e276c3901bd99a9450552a98ce4e9a48526ceadad2c720bb6a4a889db05892
1f468-200d-1f9af.png	2D/png/128/emoji_u1f468_200d_1f9af.png	b1bb6d4766fa3094066cc497a7cf22469bb644c553fb28d3610c224b7ea33e98	2e7fd68dc47bcbb3c8779c27c53240f1b336722f5b4c35a5147e3778a002bb96
1f468-200d-1f9af-200d-27a1.png	2D/png/128/emoji_u1f468_200d_1f9af_200d_27a1.png	1d3841a4b58ae5ca6b75824914193b7aeef5add7e42f08a97e9d0b64db4c5c57	5b484ffc253f14c67dce943365240b342217ffe90b0c72dbe1b9c9dd30180a10
1f468-200d-1f9b0.png	2D/png/128/emoji_u1f468_200d_1f9b0.png	707e97effaa980afa3801b97f5291a59cbbe1742048964820a189bc9f0d8b1d8	f208fe83e35d4a098e2e5789d6f67b25c8351154b53ca960239791180d1e5088
1f468-200d-1f9b1.png	2D/png/128/emoji_u1f468_200d_1f9b1.png	3531a2abe6cc0c468afc2609a6d9ed0d87ddabf674bd287c712a59062dd5b73e	dd79c3f0aa5738bbea9f27017af4f282381c3892c7567d4b377aff8910c8a6bd
1f468-200d-1f9b2.png	2D/png/128/emoji_u1f468_200d_1f9b2.png	303478ede5df2f76bf3277aa2eed18624c8bdd2f446e98b028ec7f79a72b19e3	78876946c8ea8566bc2f5fbf87ecbb1011ff3cda5890510035851a5a91d9c36b
1f468-200d-1f9b3.png	2D/png/128/emoji_u1f468_200d_1f9b3.png	b05758accdb6d88f0f3aa5ffe6920b6b93694f1dfb4edd629c47061ebc58d074	84b8acc2252b28734527974ae54a0f08840c7f23ad0597099ab4b5ca0a4371e0
1f468-200d-1f9bc.png	2D/png/128/emoji_u1f468_200d_1f9bc.png	6274d9bbdf1e6eac66c054af68fa50f50e17aabd86ce29e6b8591fa7a7eb6c66	14bbda5de23926c53bbe67799955fd5bca526a92c9dc027a8e6e7ea0bd2c16e1
1f468-200d-1f9bc-200d-27a1.png	2D/png/128/emoji_u1f468_200d_1f9bc_200d_27a1.png	7081df92e23e40b0639acc1d496826c5a108dacecbcf28c22e5b21c52762bfd0	141024ac55684d26d6f6cc85362a8626b0b9e539af58eb1506181873efa506e8
1f468-200d-1f9bd.png	2D/png/128/emoji_u1f468_200d_1f9bd.png	df76b20bc85aa28eb19a3a3331a9bc80930f69828c2f4efd5b248bf97f592c0e	eb4ae56a646c94b38504ff66d1b1b22938c7c787b761fa2859c3d8282a9b123b
1f468-200d-1f9bd-200d-27a1.png	2D/png/128/emoji_u1f468_200d_1f9bd_200d_27a1.png	fe645a87931e2eb0a0eb20da12b5f1f8967043271e17ba0b5c13108e5cb82518	12dd721f04adcf6b0b1e4b7b67a8b7ee2f6aeab73736395fd6880e0362aab9ec
1f468-200d-2695.png	2D/png/128/emoji_u1f468_200d_2695.png	88df906d1ce1289e96e7f541e5045b67a150e99cef6c824cbd392f35a4aea0c2	3637ef1dc1b425f3ccda3a602e01c4b229460f388d078d791c2f4e1e6f4c5c8c
1f468-200d-2696.png	2D/png/128/emoji_u1f468_200d_2696.png	fb5a7f0862383b028cea91d3d73337d6775cf73190a56b359f391d6c85d4288d	588a8c304a262ac8762787758b18342a66ae7945e7c3472d3857a7845d0b6676
1f468-200d-2708.png	2D/png/128/emoji_u1f468_200d_2708.png	0cc38864b78aaf65a84499e306502e9fe3517926c7b2d1f51c9ee1cc0d4561c4	cb2b24ccdbe90afef6bc6b5f4f9033589afbb7f0fef2c3ecc45e0441b5884456
1f468-200d-2764-200d-1f468.png	2D/png/128/emoji_u1f468_200d_2764_200d_1f468.png	81f646d621ae920fa7e63d3feac21e730545c11e32840aac45f7d33568a57693	bbec4e17afa4973bad88dc09c5bf3732afd7fbc86ec55b071e46046a80966208
1f468-200d-2764-200d-1f48b-200d-1f468.png	2D/png/128/emoji_u1f468_200d_2764_200d_1f48b_200d_1f468.png	638575ab9caeb7a61985e004cdfc968c3fbe88b6cf7bffd27cbcd11e0666a0e3	4b4704b3deb69f26ff9f366423be53f26a3dd3c9363a3d6b0ab6aba35d488efa
1f469.png	2D/png/128/emoji_u1f469.png	41808a44f41e4e8dd1c965daf4d273642b0d0ae3c09329179ef3b60bf80ce0ef	fb0835cf6e72db0c30714f8f0c1073d3a68f635364409bb04919d7520ddd0d33
1f469-1f3fb.png	2D/png/128/emoji_u1f469_1f3fb.png	f298aece7062e7b12a22fc4f2e2cf09a5fcb705c88958b81bed247895e46b367	6347032bebf3320e532ee88e8478e9b54bcb26c561d195e7012bb9822d4835b5
1f469-1f3fb-200d-1f33e.png	2D/png/128/emoji_u1f469_1f3fb_200d_1f33e.png	450dd4484886227775ab2346d3137d94e943b4492b2f4d131c4cb03664be2bf8	ce81c8ef927cba44ff9a8e083fb9e046d5e84f308792793f6f022070c2fb9448
1f469-1f3fb-200d-1f373.png	2D/png/128/emoji_u1f469_1f3fb_200d_1f373.png	9b7468bcbebc87937b6f84d1bc92a26ef7d6fb88a98ff993cd21f241959ae487	5f93f4dddb11ad439302f1ae5d53d3d84b39ef9f8520645d2912acc2bc2a7154
1f469-1f3fb-200d-1f37c.png	2D/png/128/emoji_u1f469_1f3fb_200d_1f37c.png	7ed948dba10894f6632f8cb37fe1e68f033351e236c8886b3144150e83bcd864	9c6ed8954899df412685ddb558e651940808609cf2330c20784412d5bc64ba78
1f469-1f3fb-200d-1f393.png	2D/png/128/emoji_u1f469_1f3fb_200d_1f393.png	e9566292c681c349f47d6c594c4aafee2124bf362f6cef151a3955295e2896ba	97bb198a898184bac148b48888b615305e5b92df6c6ae5e04ed24922cdcb99a1
1f469-1f3fb-200d-1f3a4.png	2D/png/128/emoji_u1f469_1f3fb_200d_1f3a4.png	a10afd2f48aced009e978b215fc999286a518cac73b9d10a14e078267748bb47	5d8993e28d5de6e437d932080944d8f93260e8f57e0510c84a1bff60893417de
1f469-1f3fb-200d-1f3a8.png	2D/png/128/emoji_u1f469_1f3fb_200d_1f3a8.png	821fd131ccc9a0f812e1aed1b1edcdbdc065ca323e4c71e288685eb0bf1384a6	99bcc611e602d8c0040348965c6cf88c9f353353b95e72ee99121e611533358a
1f469-1f3fb-200d-1f3eb.png	2D/png/128/emoji_u1f469_1f3fb_200d_1f3eb.png	abf3fe8111cc3fec006763be5744b23f472493dcc49af82c6ad0e2e522ccf9ec	5d98e6b3731f4f4a1c0ea591bb79aeec4c9b185c1b9b252ebd8db026720f83a1
1f469-1f3fb-200d-1f3ed.png	2D/png/128/emoji_u1f469_1f3fb_200d_1f3ed.png	14980624e5b43d1ee9f44bb6dbc2a53c3ced9b4e5feccfbc54909733dcc56150	9cf4749d0de2e318671fbb2d1aed18f96ca879506b85fcf3794ed48e2a01ddfe
1f469-1f3fb-200d-1f430-200d-1f469-1f3fc.png	2D/png/128/emoji_u1f469_1f3fb_200d_1f430_200d_1f469_1f3fc.png	24304980d1d4cbea33b3f12600c64e1db060d1cfcd69a839a196e31e8bb1368b	53e0112f7e2c2db9d5eec7c2621674bc7fb9969be4b3a04990c906ce329da51d
1f469-1f3fb-200d-1f430-200d-1f469-1f3fd.png	2D/png/128/emoji_u1f469_1f3fb_200d_1f430_200d_1f469_1f3fd.png	11021c2ed9d61db575106137d99c0d7a2a674fec05b1750aff4d073282a1a158	037fd33362ee4a21ac6a55a9e84852d140d0f3dbaef2430817193406050063f2
1f469-1f3fb-200d-1f430-200d-1f469-1f3fe.png	2D/png/128/emoji_u1f469_1f3fb_200d_1f430_200d_1f469_1f3fe.png	7c29078bc313fd3f0fbc1fbf22c80db38a6924747558328738f9956d88e14c6e	06f5963b5b3fa4a64cf5ae9ac9cc0fd6703ae027a86a202dd5946876c4925f5e
1f469-1f3fb-200d-1f430-200d-1f469-1f3ff.png	2D/png/128/emoji_u1f469_1f3fb_200d_1f430_200d_1f469_1f3ff.png	02f343726c8da2fe070a40fcd91a3bde677e66b13e3fd7329ad14694a91651eb	0f3a0af1f217e39891de457912a1af34d28b6f191a058c3f0db023c4b30efd51
1f469-1f3fb-200d-1f4bb.png	2D/png/128/emoji_u1f469_1f3fb_200d_1f4bb.png	ee8fec6156937ee55d9ab45bfd4baea695d08e0773ae888e0a454d94f27196c2	7153e55ebd61eaecb08fa7732c90a3f34bbcacf7b390af0caf57b28193258cab
1f469-1f3fb-200d-1f4bc.png	2D/png/128/emoji_u1f469_1f3fb_200d_1f4bc.png	7c535ac58938fbfbdb3b2f12bb52d813ae375dedbeeb2d05a6dd2b55a4c1d084	baedc652cf4d0d3da214c660c28e80320b2e11b3568feebbc58b5abbb7eae463
1f469-1f3fb-200d-1f527.png	2D/png/128/emoji_u1f469_1f3fb_200d_1f527.png	d9cdfa66dc8ae756133519e79cd75491fdc5058a47a81e3e899c82e69dd60675	08dd804e37b5113c275680d351980430742bd59800f34023d03b241b49ee239c
1f469-1f3fb-200d-1f52c.png	2D/png/128/emoji_u1f469_1f3fb_200d_1f52c.png	d0b59b9d1e590a28e83e630c71857e510ba42ac1dc6d9fbcb99919f41c5b5dfb	86f076c2733bcee69e5c8739434aa46917a7a22b87b1f8899358e79cb5f4f629
1f469-1f3fb-200d-1f680.png	2D/png/128/emoji_u1f469_1f3fb_200d_1f680.png	0bd0dd752517b38a5638add0a4f0ca7e563bcb176ebb321bff2f1a1faf02b8c2	ab2678451b57c198315650fb20342c6b67dbc5bc0f95c4a42a2c10102a191b75
1f469-1f3fb-200d-1f692.png	2D/png/128/emoji_u1f469_1f3fb_200d_1f692.png	033726d8f6b1688bd784b7491f3f45168881fb5258d42867c7861ace7857a989	445d81e36d1dde539b29dbedc8a3efb1acbf164c134ff8b91f629d49c7dac72b
1f469-1f3fb-200d-1f91d-200d-1f468-1f3fc.png	2D/png/128/emoji_u1f469_1f3fb_200d_1f91d_200d_1f468_1f3fc.png	11aaad74fca42e778e7fd773ef31b5171214d4ec3dc918f28102f8cf1862f608	7ea66fdc7a9cd4cab061b794e6473b51d0ce741b75c3a8a23fdecfc98c904b33
1f469-1f3fb-200d-1f91d-200d-1f468-1f3fd.png	2D/png/128/emoji_u1f469_1f3fb_200d_1f91d_200d_1f468_1f3fd.png	c2084b377f01d3aee4ee3dbf7639ffb1bd02e966eb9bb418d916e8448509c884	16a35266f29866124aa043969261907dd7c7810fecf23c755d2a7abf0396ace7
1f469-1f3fb-200d-1f91d-200d-1f468-1f3fe.png	2D/png/128/emoji_u1f469_1f3fb_200d_1f91d_200d_1f468_1f3fe.png	dae51a7cf02ba01628eddd9c1803d95019f6d4d948a693ef0006a3a50983b11d	61244c04d94085b9005280c3bc091ddc55279eef2ca5d2da8f05d6953ca5b098
1f469-1f3fb-200d-1f91d-200d-1f468-1f3ff.png	2D/png/128/emoji_u1f469_1f3fb_200d_1f91d_200d_1f468_1f3ff.png	02e9f29399c27813bbe84ebc9b09ef2295ea9428a0cc17aceea8cf431c74d509	a6a51d893587ffa1625bde01cb2d92a3e12c228a49cc1ad26f14e4cb76a7fed0
1f469-1f3fb-200d-1f91d-200d-1f469-1f3fc.png	2D/png/128/emoji_u1f469_1f3fb_200d_1f91d_200d_1f469_1f3fc.png	e6d74b33d50e9dc8c9581ab3bcf1b0d75892870b38b2e12d00ce495d5d38614a	c970c6ed685d8ebe3c9c17003f4d260ce1e7a547e2b4f456a959be3d3a504455
1f469-1f3fb-200d-1f91d-200d-1f469-1f3fd.png	2D/png/128/emoji_u1f469_1f3fb_200d_1f91d_200d_1f469_1f3fd.png	dc99ed650d37c574a4b2056524e0d31f63bc2a73d289478d3e90b3a4c3250353	d137acc13c2ebee34166c02c18b4616f3ad114b839c7bd228ffc78639c41ab2d
1f469-1f3fb-200d-1f91d-200d-1f469-1f3fe.png	2D/png/128/emoji_u1f469_1f3fb_200d_1f91d_200d_1f469_1f3fe.png	5b21ea3770deee3118bef6259822684b65b00b8df2c930b848c8e27c242b8541	6c5029bdd2ec006bf8129987b49b4b77a7424891a67b8024b12bceb4cc8bd8ae
1f469-1f3fb-200d-1f91d-200d-1f469-1f3ff.png	2D/png/128/emoji_u1f469_1f3fb_200d_1f91d_200d_1f469_1f3ff.png	0fbccb978bb1a5f428fd427e0b30d1d5e0edd790c7f4a2419f9c8347ad8cfea8	ee3c0cb7a35924eaa91cb313deba96d5c25cead25a489bf20e8b3983dd3715bd
1f469-1f3fb-200d-1f9af.png	2D/png/128/emoji_u1f469_1f3fb_200d_1f9af.png	f907808538d4bccf6f3729d845377f5e5e8203b8636af5a2e68f8d3dc04744b1	bf84b5173b111fce2642f6b07b24482a41fbba99fe19ec75319e3a449ce7e0d8
1f469-1f3fb-200d-1f9af-200d-27a1.png	2D/png/128/emoji_u1f469_1f3fb_200d_1f9af_200d_27a1.png	96687399b3c4904ba24b062895509ba6cf6a083955e0cc6e2ed1ac49820d483c	3b04febd6d54311eeec8468991edf41b8f424825a729eb56d9175e0b12a4ee3c
1f469-1f3fb-200d-1f9b0.png	2D/png/128/emoji_u1f469_1f3fb_200d_1f9b0.png	6f46eee89feafd1df42801746007dca5da6a318dbd6b62b9890f1a40161c321b	bc7a9e74e0d978b96bf0e5a4145cd1b8993d749cb36b21e81d425d87b987d7c0
1f469-1f3fb-200d-1f9b1.png	2D/png/128/emoji_u1f469_1f3fb_200d_1f9b1.png	ecbfd1d509b4aa93e25be5f4c590826b723d82b86844b6c3c2cff289387e4d48	e111a232a21d3be329e7c408b1c58b09b674492e2f51fb3ab48374225e0287c2
1f469-1f3fb-200d-1f9b2.png	2D/png/128/emoji_u1f469_1f3fb_200d_1f9b2.png	6cda15aa74e7d4666a066362c6c8c6343615ac6407ea8263672d13754d94140d	90da1ec480650a2cc9be15069cb04a6e8d8c4f5286b7807d6c84916adbfd950b
1f469-1f3fb-200d-1f9b3.png	2D/png/128/emoji_u1f469_1f3fb_200d_1f9b3.png	befcddff41837225e2225fd3106f4600fcf137114976502b0c82b8cae13dcc84	0474bf7ec069ab350784121f4c7544e77033f94c955153db4c6b183de523f846
1f469-1f3fb-200d-1f9bc.png	2D/png/128/emoji_u1f469_1f3fb_200d_1f9bc.png	03fc488c673cb44e1daa55959c9f938e43423eed061e8c8405f950081744ad12	69b153400beb23f2547213d281d8909cc5c4c8a1ba0b753ee307ff3a3015cb1a
1f469-1f3fb-200d-1f9bc-200d-27a1.png	2D/png/128/emoji_u1f469_1f3fb_200d_1f9bc_200d_27a1.png	b8407acc0f3985860a4b352e5798bd57d66a92eb386f89ab533727f67a453c77	db843334753265a1968b27acdaff80ab4814494128f5adc7d9b855555e9229d4
1f469-1f3fb-200d-1f9bd.png	2D/png/128/emoji_u1f469_1f3fb_200d_1f9bd.png	1841109601cc3af25cda2b6587d11fbc0cf780f787babf107cc5c52726c0bc49	823ce2a8e15daf5e49dfbf80356fb9db8ebae99fa309089ddd775b06ed182b7e
1f469-1f3fb-200d-1f9bd-200d-27a1.png	2D/png/128/emoji_u1f469_1f3fb_200d_1f9bd_200d_27a1.png	fd3498f575c8a2962de4b1ac19405675e47d33f9431cc423fd44a08d374ab680	155db70ea0985dd82bbfe3266d291e5c42e32a8ccde4d04b17084105b08e3268
1f469-1f3fb-200d-1faef-200d-1f469-1f3fc.png	2D/png/128/emoji_u1f469_1f3fb_200d_1faef_200d_1f469_1f3fc.png	4ac802dcc7023c4d768b715dc2599d6768304b98a6eefa3ebc29c0e5f8ad0563	e218e15665d41169312a89f64872cb7265c33cf837e3f3729be71c9c29ed804e
1f469-1f3fb-200d-1faef-200d-1f469-1f3fd.png	2D/png/128/emoji_u1f469_1f3fb_200d_1faef_200d_1f469_1f3fd.png	dcd57df8f947369235ba482b9a33ddd231df9a05dacd04fc782ef0f3ca8c7f3e	c8ef26076601eeb2e74e048879908cf2de72746f9cf0c8143c5eec16d4d13792
1f469-1f3fb-200d-1faef-200d-1f469-1f3fe.png	2D/png/128/emoji_u1f469_1f3fb_200d_1faef_200d_1f469_1f3fe.png	2c2d6b389d8c2c5ffc4307d830cbeba1c4d3e2e8d403d01abce181cf7771896d	e5ed8ee3f60bcf564c4f647377c711be02f56b701c55a3a25f9716745b3db2de
1f469-1f3fb-200d-1faef-200d-1f469-1f3ff.png	2D/png/128/emoji_u1f469_1f3fb_200d_1faef_200d_1f469_1f3ff.png	2905576e8436b4a1d7fdffe1771e58fcf92e6cf4302be22b48b3dbeee5ac652e	cb9379db1556551e40395d00c5b6db25a687a3e6dcfa2918d66d7084186761f0
1f469-1f3fb-200d-2695.png	2D/png/128/emoji_u1f469_1f3fb_200d_2695.png	7165ae61260f8d9964e5db56e624f9948c00a99f69020ffebeacfe81c6b8848e	ae6c93d417feaa6ef5fc8e45c5b45099b8ca9a1c604c130462ed29370614c013
1f469-1f3fb-200d-2696.png	2D/png/128/emoji_u1f469_1f3fb_200d_2696.png	c4207d1f806a98800cac68d4517ddcbb03478b84eadd43e8092db44aae2451d2	817d39bf55e01cc48bad63fbc9c604646a340bc5bf7a5f71b9b8651f88caeb32
1f469-1f3fb-200d-2708.png	2D/png/128/emoji_u1f469_1f3fb_200d_2708.png	109e56374d76e0980c62ca1dbee4baecd0603d87a5f0e15a299f9b9951d8a7ae	d6b4c31fcc62256df0613df2ba70a5a12d7ec173f237d1333d2bb0bbfaec17a9
1f469-1f3fb-200d-2764-200d-1f468-1f3fb.png	2D/png/128/emoji_u1f469_1f3fb_200d_2764_200d_1f468_1f3fb.png	ede4569fd22dcd9953f5d0c38b440bcbb5c7d6d3a33ec1f1f01732c96c41c3e0	f185acf4898a5e61cd8e51080050a207ea3993bdeba1ca27d647a5f8b37c2715
1f469-1f3fb-200d-2764-200d-1f468-1f3fc.png	2D/png/128/emoji_u1f469_1f3fb_200d_2764_200d_1f468_1f3fc.png	463b232a7077388a26ba5196ced16bba5d84d2df16041d26b1de6d906a288762	4e8e781d83bab7ef39365dc0597e544d52bb1dc2c7e8462fd59e4144552688e9
1f469-1f3fb-200d-2764-200d-1f468-1f3fd.png	2D/png/128/emoji_u1f469_1f3fb_200d_2764_200d_1f468_1f3fd.png	feafc77bc54269b169c74bc2039b2c3be1983e3186f1951aba6f02414a46b796	6ea2426a275dbbe19ee33ce6439528f57bdca3f2af4bc1a01194acf8827f609a
1f469-1f3fb-200d-2764-200d-1f468-1f3fe.png	2D/png/128/emoji_u1f469_1f3fb_200d_2764_200d_1f468_1f3fe.png	4d5c6a22e4f6dd94fe90e6c5195e7a5c18f1fb089e40f0acc23ae20292b86d1c	084ceae52ff65f6d84bf17a06a5e6d0283bd45c266f48822a53cc819fd0e7f96
1f469-1f3fb-200d-2764-200d-1f468-1f3ff.png	2D/png/128/emoji_u1f469_1f3fb_200d_2764_200d_1f468_1f3ff.png	c2473356b7f1e785f101a3f9836e3a5a804a037df3cebd87fa78900da20c05f9	3af75e449309ae2fba1cb8cae9677151c4e8f3223f8da2043b5739c958b6261f
1f469-1f3fb-200d-2764-200d-1f469-1f3fb.png	2D/png/128/emoji_u1f469_1f3fb_200d_2764_200d_1f469_1f3fb.png	50f66fb6f04029e95ed9188a62b79f70306b84a8df29c8d29a820f7c94c48cb5	534fdd90a303151249c5cd950b88ad95ad56a90153df6f21e3a90c95026b1f53
1f469-1f3fb-200d-2764-200d-1f469-1f3fc.png	2D/png/128/emoji_u1f469_1f3fb_200d_2764_200d_1f469_1f3fc.png	d56b1f6ea66f92133b98c6a572e34392b2ebe1b1554b53d45cf2b01fad8c9a88	6688656d042b553a537a391a7655369cc87be538f0d56b6db8c03159ad4cc429
1f469-1f3fb-200d-2764-200d-1f469-1f3fd.png	2D/png/128/emoji_u1f469_1f3fb_200d_2764_200d_1f469_1f3fd.png	d31b46ad54c69b39365a51ce188cc2b318dc0342aae6da8c0116f773b70c6432	cafecfc40cdda6d903959d7afda65d5bcbd8db1a3fab1cafe4dd71b773252975
1f469-1f3fb-200d-2764-200d-1f469-1f3fe.png	2D/png/128/emoji_u1f469_1f3fb_200d_2764_200d_1f469_1f3fe.png	3e9aac74d09c5b31f882a35ba6ecd9d0b6a97e9a0820c03baa0520cf2ad09d10	06198a76d8fdd09940268bbcccc5cb2b731cd75bf8fd12c48e344db7bcf3faa0
1f469-1f3fb-200d-2764-200d-1f469-1f3ff.png	2D/png/128/emoji_u1f469_1f3fb_200d_2764_200d_1f469_1f3ff.png	1cb31964f370108159f2af1258ee21302efe1f83491228e6e031ea2aed0852fe	d45934d28a7d43c43a929ee04eadcb890962fae9f24e3e954a2ef58f72f90f03
1f469-1f3fb-200d-2764-200d-1f48b-200d-1f468-1f3fb.png	2D/png/128/emoji_u1f469_1f3fb_200d_2764_200d_1f48b_200d_1f468_1f3fb.png	62ae2658ad5e8f58f725ff1b1104361a3a9412c60ad17dde5f0122c25c8b906a	9cc4e21c9cd7e3ced07ce89ba372c0f0b0af606e5d342b8d63a70787964fd84e
1f469-1f3fb-200d-2764-200d-1f48b-200d-1f468-1f3fc.png	2D/png/128/emoji_u1f469_1f3fb_200d_2764_200d_1f48b_200d_1f468_1f3fc.png	52e3bf9efa9a698af21b1f59d0fec8e4cac9f015d6ff610ab4a1fe96cc3ac155	10dcfef533a884bc3b2d20b22564beceb98103ece49410ee2c3a4b8b41e1fde9
1f469-1f3fb-200d-2764-200d-1f48b-200d-1f468-1f3fd.png	2D/png/128/emoji_u1f469_1f3fb_200d_2764_200d_1f48b_200d_1f468_1f3fd.png	e7c33c39169436784d2d8bc82bdbacdf35609ee840a543285503c19a910d1274	d117f7b65ada9fa4665a6460090ac21e2d0ee075b8f2c6aeb6d5464a60fe7bb9
1f469-1f3fb-200d-2764-200d-1f48b-200d-1f468-1f3fe.png	2D/png/128/emoji_u1f469_1f3fb_200d_2764_200d_1f48b_200d_1f468_1f3fe.png	fd3e1a0bd9ef2c5c38956ef4dd3ad1c7aad1f8463bb29ab26efc46beb28a72a8	8feebe43e0db1750bb362ba975ec7e47a408b620e22ddb6a093adacd97218c77
1f469-1f3fb-200d-2764-200d-1f48b-200d-1f468-1f3ff.png	2D/png/128/emoji_u1f469_1f3fb_200d_2764_200d_1f48b_200d_1f468_1f3ff.png	ff82d49a2749893ebda0a5d8652f60ea6f09db2d2cce9654d18b280b260057b7	96564d58daee8d7252cfe803933ab3e84a4d6c2ba526e521f8cbc0872500791e
1f469-1f3fb-200d-2764-200d-1f48b-200d-1f469-1f3fb.png	2D/png/128/emoji_u1f469_1f3fb_200d_2764_200d_1f48b_200d_1f469_1f3fb.png	f8b4a6c04f2c25bcb0494bb5501fc858b251fc078652a8fb698f858c7429168f	e71431ae568b149d3fe416dda839f4d5a5f798999a07440f7b169bdfca1d0798
1f469-1f3fb-200d-2764-200d-1f48b-200d-1f469-1f3fc.png	2D/png/128/emoji_u1f469_1f3fb_200d_2764_200d_1f48b_200d_1f469_1f3fc.png	c54114ec834a8d471ffebaf55d75c1381714100fb6a7fe8fd99f159501ed9d23	4b6e4c8e69765488753c7b28a9fc909f41f1f0cfec9cb077d48dfa67e81680cd
1f469-1f3fb-200d-2764-200d-1f48b-200d-1f469-1f3fd.png	2D/png/128/emoji_u1f469_1f3fb_200d_2764_200d_1f48b_200d_1f469_1f3fd.png	652bbe02ca75881892e666e02761862ad6736d7606152e8605c09b294d945b78	ff4bcb401c485f83df542e3a721c11f8a7cd7d5c452b34e3ad41cf3a381de6f0
1f469-1f3fb-200d-2764-200d-1f48b-200d-1f469-1f3fe.png	2D/png/128/emoji_u1f469_1f3fb_200d_2764_200d_1f48b_200d_1f469_1f3fe.png	edda9157c1f67187e4e2ad4cf516762327c65b76a5a7e1693e23cfe2d7db5f8b	ce787bb14d87c1b35da52fdb6499d843feef50ed506e3e3c650f25439e247d22
1f469-1f3fb-200d-2764-200d-1f48b-200d-1f469-1f3ff.png	2D/png/128/emoji_u1f469_1f3fb_200d_2764_200d_1f48b_200d_1f469_1f3ff.png	be60a8ea5c4f469b37f3e2824db58eedd36d79670dd4a3ecdee6cf3fa7bbc81e	bae6863d6c57ac18ba5bef802377edb3ba370191b73f4c5e9b5de02b5fdcff83
1f469-1f3fc.png	2D/png/128/emoji_u1f469_1f3fc.png	8eac3fa50eb9bc79d5eb026e22ab81db3191d9fa1e6e5b65b526c7444dd45fcc	fc013251b65dabf38094c27a51ce2f227e77f9c879928b2cc286ef4179688de8
1f469-1f3fc-200d-1f33e.png	2D/png/128/emoji_u1f469_1f3fc_200d_1f33e.png	64e06cc978fb3dfd7db13e34fc4231f8bdc6a3b3884d4e4f60a1620a24371a35	70cae942f32715073b419f6f9426f7b4a5214d9662bf5db034decbb052cc7469
1f469-1f3fc-200d-1f373.png	2D/png/128/emoji_u1f469_1f3fc_200d_1f373.png	8032f5de7e70e8b4bf99599fbce4ffe36297e19d9e06aeb74930ea621445b7f4	4683039db417cd83feb751110e8b194dfa9a7a73f23f47265461f68cc865ef59
1f469-1f3fc-200d-1f37c.png	2D/png/128/emoji_u1f469_1f3fc_200d_1f37c.png	d9cdaa3992b2c4dac97ff8637f43609f3966445e5386bd7f910b159631d498d5	4251baacc4f37225bfaaeb8206f3dd297a5f87281261b4c4bd379fbcf57962d8
1f469-1f3fc-200d-1f393.png	2D/png/128/emoji_u1f469_1f3fc_200d_1f393.png	5754a2f6f28518668b72ea0a1006124aacd47b00910b59afb58ac046d5ba7be6	03d03d00a3ec208ef82cffcd805b66c01b1f3a256a98c0d5d985f11fe4a0a900
1f469-1f3fc-200d-1f3a4.png	2D/png/128/emoji_u1f469_1f3fc_200d_1f3a4.png	33f23131f77a94400ca90c6c0c283c34a687dddffed07b1ffcc7658505e898ab	cb8ef9153e4ebea84923dbacd109acd7f5f178d4cdda649437c82743a6dcab33
1f469-1f3fc-200d-1f3a8.png	2D/png/128/emoji_u1f469_1f3fc_200d_1f3a8.png	a2feb2b3fc7f73795ca331f2a10f604e4c1802179b3e1888599807f20083694a	270d725f8257dbae9940cce8b59a85158e35c8dd3f465ef913016ac9c3e4ec74
1f469-1f3fc-200d-1f3eb.png	2D/png/128/emoji_u1f469_1f3fc_200d_1f3eb.png	5ba3d60e8032c5c823b2a0dda838e000da5199f3d83abbf23c037b0ce2b559a8	b70bd437401ae10c47581b9c52dd641a903ea8fb619f0ef34333c5df521b7d2d
1f469-1f3fc-200d-1f3ed.png	2D/png/128/emoji_u1f469_1f3fc_200d_1f3ed.png	2ab5d97cbd67a831e65f1e7e6f4caee1ff65fbe1c73b7fdd375e8f78dd906db3	851f508fb5d354c38da832f0ca09aa163d148918070f4b327c8601e0806a7e5f
1f469-1f3fc-200d-1f430-200d-1f469-1f3fb.png	2D/png/128/emoji_u1f469_1f3fc_200d_1f430_200d_1f469_1f3fb.png	6d0d720569c24566f4a35ff33682085c0d034ac1e60f679a72d41ad2bb08a54b	6f541cacd64d463d69ecc7f2959ad8914a548045d42e0b149e5d4ae0ae8b92d4
1f469-1f3fc-200d-1f430-200d-1f469-1f3fd.png	2D/png/128/emoji_u1f469_1f3fc_200d_1f430_200d_1f469_1f3fd.png	2efcfe466eade8b39f7d1861225331ec93e808eacdeefcd33a32e0ace08bd4a9	c5256af4a2cb84fb3822faf0cfe970be2bc82b93c11ff923277e7ac826a36380
1f469-1f3fc-200d-1f430-200d-1f469-1f3fe.png	2D/png/128/emoji_u1f469_1f3fc_200d_1f430_200d_1f469_1f3fe.png	065a73433248cc021ad4f996053e5185497f05bdbb8f4cc59b2ad0ff7c96fb21	f4a7e8c561b28b7998501ee730fb4330796501e5b8358d15f0b8dd49c5137272
1f469-1f3fc-200d-1f430-200d-1f469-1f3ff.png	2D/png/128/emoji_u1f469_1f3fc_200d_1f430_200d_1f469_1f3ff.png	3dafabbeaf6d520b10b6f6c244b4697e7baf308603217346d2af301b848c121c	78ff94426ff99ee71c06512d89129028bbfd8fad5aa9ccc5152daa3b19594943
1f469-1f3fc-200d-1f4bb.png	2D/png/128/emoji_u1f469_1f3fc_200d_1f4bb.png	1529bde4cc0ad836fd2a7286398918b35c6eb1a378f8ccc321a6c7af65ea9123	ed70ed0aca75115c10d1667a9a0cffdaf1df290a1fead30e5a2446bbce0738ea
1f469-1f3fc-200d-1f4bc.png	2D/png/128/emoji_u1f469_1f3fc_200d_1f4bc.png	97be66f55746b5427736cd3d3c1cd41db98a37a40c44e208e4d7004fbf66b8fa	7bdbb5c4fada3c79e136fddd20b4298c3d1e1884bd016a6a8fb0afd03b1844d3
1f469-1f3fc-200d-1f527.png	2D/png/128/emoji_u1f469_1f3fc_200d_1f527.png	ee096544dd7bd188a48f2e193aa0c49870442c6f823f8aaf06d16aedd6f280a1	1cdcb411d11942cdc4d6d537e1f3acc62e2ad944ae1f0e87e7685444d4332b3e
1f469-1f3fc-200d-1f52c.png	2D/png/128/emoji_u1f469_1f3fc_200d_1f52c.png	304a44ba9131e7583f92aa50f547a50c67d220b5a7e965477b9814799b98507e	b8fa6c103fdd2b1cbf00bccfed0f3c91342d349d091e80fff904ed3548f5e3a7
1f469-1f3fc-200d-1f680.png	2D/png/128/emoji_u1f469_1f3fc_200d_1f680.png	2f4765e29e550351a5af5aa31b0b6ce4d71f803afae922bee27fc806ea668f9b	5d8ec4a58954813abb15a857ba229259f80a7c7200ed2477186287c49d883994
1f469-1f3fc-200d-1f692.png	2D/png/128/emoji_u1f469_1f3fc_200d_1f692.png	8a7e650185b28f3f83173a87cb3ac76bec2f55b870c261a014a0cc00fc74c39a	1e4be8452c397e28d61921b944fca0adab52eb0a191470443ca060dd80cd274a
1f469-1f3fc-200d-1f91d-200d-1f468-1f3fb.png	2D/png/128/emoji_u1f469_1f3fc_200d_1f91d_200d_1f468_1f3fb.png	93d7004ac1d0c7537633733c0b44cbd50b449f3724113070ff16ca7d2ac6bf1c	765f56bec2fc2eae06970cea58cedd0757a42dcde8d59fdb787296e179cfd1af
1f469-1f3fc-200d-1f91d-200d-1f468-1f3fd.png	2D/png/128/emoji_u1f469_1f3fc_200d_1f91d_200d_1f468_1f3fd.png	93002234eb2a000b1ad7e9b61adf1c8221d490d539fdaf19d3d5e9b642532067	22d901f4bd428e08e014dde2ba9d1c19c033f3c3a6369e097e54defe7187fdd7
1f469-1f3fc-200d-1f91d-200d-1f468-1f3fe.png	2D/png/128/emoji_u1f469_1f3fc_200d_1f91d_200d_1f468_1f3fe.png	fbf6c1575c82edcf8d0bc86eb768147e23b3fb228a326b98dd5b0283ef4388af	b7a1378420c04e8984fb066b669be60dd2d5010655979f688f1db541753a1393
1f469-1f3fc-200d-1f91d-200d-1f468-1f3ff.png	2D/png/128/emoji_u1f469_1f3fc_200d_1f91d_200d_1f468_1f3ff.png	896af2b096d70789dc06c306fa5bed965eae6e395ab4ac05e30c415a43ababfa	459fa051902817c418289e924be24ed7e676ca54b09a3aab53818388df2ab809
1f469-1f3fc-200d-1f91d-200d-1f469-1f3fb.png	2D/png/128/emoji_u1f469_1f3fc_200d_1f91d_200d_1f469_1f3fb.png	32f387edb0c96239b6dc34e99a1dbc7468938c57919232db33dfe145da512e8e	7ce62c9459dc09b6e84a10bf4d371621aa1db42c3a10f6926112a1de0a3e5ea7
1f469-1f3fc-200d-1f91d-200d-1f469-1f3fd.png	2D/png/128/emoji_u1f469_1f3fc_200d_1f91d_200d_1f469_1f3fd.png	1e4fef078cb8c1180b51a0cb4202686b846f718598b0783555580559e8e36d26	99ceb6bbd33a2fc1448c346fbe2805c6440a1ed0a1fcbce3ccdc0ae7932cd765
1f469-1f3fc-200d-1f91d-200d-1f469-1f3fe.png	2D/png/128/emoji_u1f469_1f3fc_200d_1f91d_200d_1f469_1f3fe.png	c55cfb6beef3619d4f8be3921aa2f0be38324c216f0156bf44fe45f6bb812cd8	3251d3faede2291d229fe46c218613239cc71fbe72c89db28cabbc195d47565a
1f469-1f3fc-200d-1f91d-200d-1f469-1f3ff.png	2D/png/128/emoji_u1f469_1f3fc_200d_1f91d_200d_1f469_1f3ff.png	60cf5432273032fd76ba46de854d9bd1a07fab8ecf9727466238c701e48cd240	0761f3c03c81bc94b801df1a128966a67327e5a8c2690b0b4e76bb5afde3a174
1f469-1f3fc-200d-1f9af.png	2D/png/128/emoji_u1f469_1f3fc_200d_1f9af.png	1db0f231ab6b51ba59c786fb2cb7a608a3614e2da21c2ba2778987a1845e67c1	db252ddaaa4d2e8f1b45c00ad1175f4ee8db4dcb5ee70737503875d66fec3f69
1f469-1f3fc-200d-1f9af-200d-27a1.png	2D/png/128/emoji_u1f469_1f3fc_200d_1f9af_200d_27a1.png	21e73e264fe3419a062822d7fcf506d16bd028c927fe56be15d047ed9319143f	1022c8b76e11a613d8c1b9898ba2a8abdfce81af52351ff7703e94d7325f3e8a
1f469-1f3fc-200d-1f9b0.png	2D/png/128/emoji_u1f469_1f3fc_200d_1f9b0.png	210a5e244837b971d8e85926a55b7f9789d9a74262339af01af56b32addf46dc	f80c43b5e32c410f448ee5af97bb73260f30c1cdd726e2215fe51964b7a91a45
1f469-1f3fc-200d-1f9b1.png	2D/png/128/emoji_u1f469_1f3fc_200d_1f9b1.png	54ff7a2b84681f15468ceb08c4c72c7f7393191b4c8c430c606542f0adb055d7	271c2386b7e1bd2b8d830c915221ecb33bd976091d0982601ba261ebc4505ab9
1f469-1f3fc-200d-1f9b2.png	2D/png/128/emoji_u1f469_1f3fc_200d_1f9b2.png	26026a447f1a550710aaca0b0e9cfc81dc942d7fe65d941c50805eedd09a4ffb	08932703758cc2a3cb090fc8411951faf6ec610c93ac10ad3b3843ff06e8f207
1f469-1f3fc-200d-1f9b3.png	2D/png/128/emoji_u1f469_1f3fc_200d_1f9b3.png	0e73084034c4dcb480cb4c56df526520fbc8481a29a0150c2312501591f11f68	500405ded0585144e18391ecd8b12fd4d3ceeba4b8d48f34496cfd3ee7c376b3
1f469-1f3fc-200d-1f9bc.png	2D/png/128/emoji_u1f469_1f3fc_200d_1f9bc.png	9e12aa31bcf21902ce7d186cbb643d2ac84137d7143ebaebcd50d7e8a3aaf656	f86524468f9686141f675230b1c06112674b9daf89b156ccccc974a8190ec8ce
1f469-1f3fc-200d-1f9bc-200d-27a1.png	2D/png/128/emoji_u1f469_1f3fc_200d_1f9bc_200d_27a1.png	aecbdfccbbb46f35c57c8847e6142340425172b20b99b6bfb4e94db144343ccc	e05e8f8394e8940a92e130779ea5b39dfda2086f008b147f4040a299d22f392c
1f469-1f3fc-200d-1f9bd.png	2D/png/128/emoji_u1f469_1f3fc_200d_1f9bd.png	bcdd60be9c85cf90edf528848179e8e8df634bfe68c944496da157ec92fe39b5	44c800bf9588cfae3a687fae0ac2575b4249427c6110692af648d067105b2587
1f469-1f3fc-200d-1f9bd-200d-27a1.png	2D/png/128/emoji_u1f469_1f3fc_200d_1f9bd_200d_27a1.png	9cfa27ba825671b590812c020094c315baecfc76478809d1e9a03832968e771e	1cfc24c8df58e5884963b2d49d17055f0ac510be95e3555fcbaa3a0678009781
1f469-1f3fc-200d-1faef-200d-1f469-1f3fb.png	2D/png/128/emoji_u1f469_1f3fc_200d_1faef_200d_1f469_1f3fb.png	3bd97032950df3f8485364d2a1068c393877a2110466c853102d67f5726a159d	acefbc02ef5d53ee3e290e4925a75e9a003fc7d1f59822d3a2adaa145bd994f7
1f469-1f3fc-200d-1faef-200d-1f469-1f3fd.png	2D/png/128/emoji_u1f469_1f3fc_200d_1faef_200d_1f469_1f3fd.png	63f87d2e8676fc28913119a4b14036d11a899b9765361c23b7b5827c4e16a0f4	601abf5570b71468118bf08bfb0bb3e0973c7c93800dad7e4656f28833263f33
1f469-1f3fc-200d-1faef-200d-1f469-1f3fe.png	2D/png/128/emoji_u1f469_1f3fc_200d_1faef_200d_1f469_1f3fe.png	d75af06f4055d8baaf9e69921949a457dd51a97d0524d724eb70f06be971db1b	7bb7f179dc97a5fbbb576b469ea4a32b3f6e66254ca07a43ece30072b0a83137
1f469-1f3fc-200d-1faef-200d-1f469-1f3ff.png	2D/png/128/emoji_u1f469_1f3fc_200d_1faef_200d_1f469_1f3ff.png	ee505d87cd82ef511905c9833628253274f97f09514fd4157ea71ac93728757d	1148a1cc1c068606ae97ce9a0024ce6758f18d9afb003633a85ab485dbd5b308
1f469-1f3fc-200d-2695.png	2D/png/128/emoji_u1f469_1f3fc_200d_2695.png	ab82230ad4c2a60a602ec691aae5e00d908d8d972a62e3b565e472743c7d4d23	2893352be9032d413cb11a58f5342005e46081d40a0996b9774d4ff27a4c1206
1f469-1f3fc-200d-2696.png	2D/png/128/emoji_u1f469_1f3fc_200d_2696.png	a74be62dfb762d226c4152c7b17d778f908bacb1af89c1a395c655c28918108c	43105a3c3f5b60a6675b39eb1abdfdabc3a4f93b0f2b96821d5a35dc6792a57f
1f469-1f3fc-200d-2708.png	2D/png/128/emoji_u1f469_1f3fc_200d_2708.png	17710a4c7b3cd19b85f53d73c5fb083638e0e5700d0afc08f39f91314bb4d718	e7f097feea25b5111bcba8d3e1fedf879d62929ee16d3bee6188bfc08cc65261
1f469-1f3fc-200d-2764-200d-1f468-1f3fb.png	2D/png/128/emoji_u1f469_1f3fc_200d_2764_200d_1f468_1f3fb.png	137d8bf1e13cb94fab8d86cb3ae9967adeb343bf27f9079e4c28d3ee66ddaf25	2076e765fdcf847bdf8f15b6438eceb56dc6cd1cabc19fb4dc3ae754f9aedad3
1f469-1f3fc-200d-2764-200d-1f468-1f3fc.png	2D/png/128/emoji_u1f469_1f3fc_200d_2764_200d_1f468_1f3fc.png	6bf6badf2b09310dac3f4e67dbbabd81f4c0950601e9423c5a99184b273019e4	e2f4e6315d1a70472e63c93080326d9126b510f68aa907867deca74f4ac39403
1f469-1f3fc-200d-2764-200d-1f468-1f3fd.png	2D/png/128/emoji_u1f469_1f3fc_200d_2764_200d_1f468_1f3fd.png	3ec08e8600e01d23922faca83cd502dadc62cb74e05a779c4ac6c49cb6116a2c	2ccf1e63032c40282ac6252bd16f436fdd8763aecf236c54713e21800499dfe2
1f469-1f3fc-200d-2764-200d-1f468-1f3fe.png	2D/png/128/emoji_u1f469_1f3fc_200d_2764_200d_1f468_1f3fe.png	7b1f7bc080792389390fbd94ca28f6781f5cfde4e16f1da89401da9efe7df647	bfb950f60d240b865e521fc7ac345fd3f330eab22388e21e92745d2ddd9e4a27
1f469-1f3fc-200d-2764-200d-1f468-1f3ff.png	2D/png/128/emoji_u1f469_1f3fc_200d_2764_200d_1f468_1f3ff.png	069d75dddb26f8e75e07793310276a34517caf2bbd7850e6427ecadf5d14ee6b	a33ea1455ec34de3fa7ff43bf103ac79903c169890c8af734cbd33d2c029978e
1f469-1f3fc-200d-2764-200d-1f469-1f3fb.png	2D/png/128/emoji_u1f469_1f3fc_200d_2764_200d_1f469_1f3fb.png	44a83b0eba7dab176491eb1e41783c551ede771f665fe42383e35a7a06cd628d	98d659e56eb75218d4d8a8000ea9b490e4dc7f8af090279275b6ba9a28b49f36
1f469-1f3fc-200d-2764-200d-1f469-1f3fc.png	2D/png/128/emoji_u1f469_1f3fc_200d_2764_200d_1f469_1f3fc.png	433ba97f1bf4bcb033adfd1f6f63ee4faf2980abc6e5b6302cbc1df033ecfb38	bd0c944b8c27b91fc666f78cfeddcf528b1050d0715e1e98608c4e9611ee6536
1f469-1f3fc-200d-2764-200d-1f469-1f3fd.png	2D/png/128/emoji_u1f469_1f3fc_200d_2764_200d_1f469_1f3fd.png	580e417bdf99a396235b9acc86d946d0f04e812e63cf5c52054898e30d9d37c9	a07de6a513533b91aa5ea9ad2c69c706f17f6ca484fcbdb35b6fd98fca1c81d6
1f469-1f3fc-200d-2764-200d-1f469-1f3fe.png	2D/png/128/emoji_u1f469_1f3fc_200d_2764_200d_1f469_1f3fe.png	819f8275afcbd3ff450aa680e1d7a8ee539b4bda4e7942fa7e60d5b28275e986	742fd2a21ec10ba6b8efeff4414d535961940cd564032402ddf9653106c2ea1e
1f469-1f3fc-200d-2764-200d-1f469-1f3ff.png	2D/png/128/emoji_u1f469_1f3fc_200d_2764_200d_1f469_1f3ff.png	155ccaf84d8b5f56a0a78c7a1a8fd97f3d26e24b0ebb9fcce144368630d5aa60	6570bd6e9d6e4093f36a8e522f0c3b5ccd5a53c9838dc7831af827fdf923d736
1f469-1f3fc-200d-2764-200d-1f48b-200d-1f468-1f3fb.png	2D/png/128/emoji_u1f469_1f3fc_200d_2764_200d_1f48b_200d_1f468_1f3fb.png	696659e8566a6484b8e6e10ad5053a8d6633633d26d48de7fadc0db00dfec289	30df1ff63b35cdde39d90d5472d1406ff88532cac4195dea6aded4c0b823f2c4
1f469-1f3fc-200d-2764-200d-1f48b-200d-1f468-1f3fc.png	2D/png/128/emoji_u1f469_1f3fc_200d_2764_200d_1f48b_200d_1f468_1f3fc.png	9c6308e5443e26f4800023c8d21e5a3536d51c5887309a37549ff5c0569caad3	3e69e44de15dc714edfa982f5b6752836edeb9624be5835a2661ed8041dbffa0
1f469-1f3fc-200d-2764-200d-1f48b-200d-1f468-1f3fd.png	2D/png/128/emoji_u1f469_1f3fc_200d_2764_200d_1f48b_200d_1f468_1f3fd.png	ccea9f66f99e9e7adbbaaba177c962a4d95dd66ebc2c76f20d47360970155f9f	683ba325d9e2b415aff89f9638403c094d79f13dbe856ea1e89581f3971b99e9
1f469-1f3fc-200d-2764-200d-1f48b-200d-1f468-1f3fe.png	2D/png/128/emoji_u1f469_1f3fc_200d_2764_200d_1f48b_200d_1f468_1f3fe.png	31339af49d2c8b3d5e83298014d623b1ff650168b3075d77f081bbc642275a71	2751f7f3a17b7e720892abf267c310d1cd6ef27e4c01088483728a167fba9fa2
1f469-1f3fc-200d-2764-200d-1f48b-200d-1f468-1f3ff.png	2D/png/128/emoji_u1f469_1f3fc_200d_2764_200d_1f48b_200d_1f468_1f3ff.png	df31acd11ea045ef87213a6029e8afc8a589002b82ac8416d34d9f8037fdded6	5b75737d0b00d82c3fd6b2714cea39f8f4c1376eaf085e2a0e61195b7ca490e6
1f469-1f3fc-200d-2764-200d-1f48b-200d-1f469-1f3fb.png	2D/png/128/emoji_u1f469_1f3fc_200d_2764_200d_1f48b_200d_1f469_1f3fb.png	cbcdeac89ac44a3d7d14492e2b3c6320a7d68d54e3d6aff8b51d14c6576783e0	aa72b6820c787d0da007eba6855da09cbb4dc3af85aaa895d6becdb82daefa1f
1f469-1f3fc-200d-2764-200d-1f48b-200d-1f469-1f3fc.png	2D/png/128/emoji_u1f469_1f3fc_200d_2764_200d_1f48b_200d_1f469_1f3fc.png	97f3057ca142d539c6983868ec0c937e3617b58c83647860f7308c003749aa64	f020940699b990d0f0cf9fb2a77fc83b8fea1639e0beb6bc918287eb64228ee9
1f469-1f3fc-200d-2764-200d-1f48b-200d-1f469-1f3fd.png	2D/png/128/emoji_u1f469_1f3fc_200d_2764_200d_1f48b_200d_1f469_1f3fd.png	ab804ded7000639fb062f6f72e43281e4a0d26bc347d2e058ae43ab878ba8ba6	0ff1ba09c30f19c59d31b3e081c27aade97a15d83de42d1f97ebbbce87a70385
1f469-1f3fc-200d-2764-200d-1f48b-200d-1f469-1f3fe.png	2D/png/128/emoji_u1f469_1f3fc_200d_2764_200d_1f48b_200d_1f469_1f3fe.png	879eb984e04e90c56a5954cfa75589f5195fca8d6871081be9ed06128f494964	25ebb5da8e9b35578307140ce6509ffa092e4b163fc2d084813bf7971b9045c2
1f469-1f3fc-200d-2764-200d-1f48b-200d-1f469-1f3ff.png	2D/png/128/emoji_u1f469_1f3fc_200d_2764_200d_1f48b_200d_1f469_1f3ff.png	be7c5df9ca0be54dcc33cf178f6e83494b085dfec78c0c6fbc006f626aafc7aa	5bf189735e1ec0edad89e9d08e45edd55139228b4dd58af9962b5c92d4de1340
1f469-1f3fd.png	2D/png/128/emoji_u1f469_1f3fd.png	d0b3da2833ceffb4a42b3a64e4eab327dba81e5941b8a5fa3551e5c2d547df1c	ba8dce2792ed3b9159b45bf685cac2e9b6bcb50195644d475feb83dd67e9935a
1f469-1f3fd-200d-1f33e.png	2D/png/128/emoji_u1f469_1f3fd_200d_1f33e.png	b2f997c0f2251b8c23349936cdebefd8a9b03f13d7ad62ba1b3a5ceb48e93741	80c7a64c217cf09c28be5e3456f2986ab2624ee8a6442812d7550eafe654c585
1f469-1f3fd-200d-1f373.png	2D/png/128/emoji_u1f469_1f3fd_200d_1f373.png	7e8a7ed553aa0922ad472337eb64725cdc7ba3b468478837d25a8867e0b360a0	b3658b86de264e8cb4c7f6ed8df65db07dca6a0056a92af0097d5ea89c487820
1f469-1f3fd-200d-1f37c.png	2D/png/128/emoji_u1f469_1f3fd_200d_1f37c.png	90e2802c37a99774935f8ff165d7f4b6fdaf7e84e474c150f94004c342a2c217	e2b3861d9b74b3803a1f588818826a56e20c3dfadd88375ea4ea23c271d9e92d
1f469-1f3fd-200d-1f393.png	2D/png/128/emoji_u1f469_1f3fd_200d_1f393.png	3e3073ae210d208f970bb583e3843d16ef575b8064647f88bc5ad124d16e1e7a	89d5e49cc6682acab621d30a15b8d6269194e1b5e1ecd526de4fc35893b165cf
1f469-1f3fd-200d-1f3a4.png	2D/png/128/emoji_u1f469_1f3fd_200d_1f3a4.png	2ec9053b64f98a39e91385e8b5db45e64462a3d3d32bf5c22f979157dbfddaee	46b263da742ffaa64effadbbf1e85c732e6ca1333f3414c5de4f2a4a6b96e465
1f469-1f3fd-200d-1f3a8.png	2D/png/128/emoji_u1f469_1f3fd_200d_1f3a8.png	bed14f4a7d3bcf011433648855d1fa43697d1fd1f05043838155727d40d4f4cb	b459d348a6ba5493dab6e6ed1bc0d8f71436fd6d1e8fc365f1facee7562307ea
1f469-1f3fd-200d-1f3eb.png	2D/png/128/emoji_u1f469_1f3fd_200d_1f3eb.png	c737eaaa05649803375d7ffee8d2d2d51e42a82c268f060fbf02563c07f89fe0	eda4f80b15510508584b456dcb93efae22ee5aa5eea05422555c4e9f3f3dda41
1f469-1f3fd-200d-1f3ed.png	2D/png/128/emoji_u1f469_1f3fd_200d_1f3ed.png	08f7b75297edb8d11fd0140b74074c1d611c2688b6abb8ee7ee19dedc262ae83	cf873af7dca695c2e0ef6d9981c3a5d8163b64efbb3f7f5018e9e732b69c0cc6
1f469-1f3fd-200d-1f430-200d-1f469-1f3fb.png	2D/png/128/emoji_u1f469_1f3fd_200d_1f430_200d_1f469_1f3fb.png	b9863a5babd3c436d11f0770eb392f141878c217be8055bd6cd6576434abe81a	00642467ba639b9485c47417378c5ce13cf45a9364817fd617ec9864d80bd8e0
1f469-1f3fd-200d-1f430-200d-1f469-1f3fc.png	2D/png/128/emoji_u1f469_1f3fd_200d_1f430_200d_1f469_1f3fc.png	c0c6ac03a521c1e65316ab6b18c7aa46e0a66bea64b4ba8de33075e68fc79e94	d2068d6b2d3eebceb4e697f2f44caf5943558a838d875086a463fc656a07f8b6
1f469-1f3fd-200d-1f430-200d-1f469-1f3fe.png	2D/png/128/emoji_u1f469_1f3fd_200d_1f430_200d_1f469_1f3fe.png	5548c257340c8f20e8c9330d20ba303b7a53ed88dd2abb2e1e14a9d91432489b	67522d2ce0c8ed51bf192ba2e1a501bcd1001d5cb7c3fbf85d2485dc6214529f
1f469-1f3fd-200d-1f430-200d-1f469-1f3ff.png	2D/png/128/emoji_u1f469_1f3fd_200d_1f430_200d_1f469_1f3ff.png	064a7402b35c51a47987c08a6ffcff59a4f5cd22d5bd73997f9483c5c990e6d3	559d713e53e2a8d14504f8de607dc1cd49b0b6b8b065f598607087b7c98b51cc
1f469-1f3fd-200d-1f4bb.png	2D/png/128/emoji_u1f469_1f3fd_200d_1f4bb.png	d4fcdcb83e82c1a83553fee0c2af0be595099e2dbbeed255e1281571d77d9439	01294ad8bbb98296bba11a903355a5a86268ecf6ad4a6bfbc99376e3ec69f3e7
1f469-1f3fd-200d-1f4bc.png	2D/png/128/emoji_u1f469_1f3fd_200d_1f4bc.png	dda321050c3408f9dc612eacf43aec1e03812f8f0d38d655a6a7e6df21f19de2	8b36572a94fb9296b3a8bee06fae3855957d00a278540e5e2e951f22497d54a9
1f469-1f3fd-200d-1f527.png	2D/png/128/emoji_u1f469_1f3fd_200d_1f527.png	1c61a6efd19865f1083e42ebf7e0e2008b4509d5fb0fc844b980ac0e129db0b9	0bb8235ebcd63dda83995ea4c069ee555f0ce33ab5c4b7837cc5416e91a69c1c
1f469-1f3fd-200d-1f52c.png	2D/png/128/emoji_u1f469_1f3fd_200d_1f52c.png	c5704145501b4f8d547579ea3ac8d6bfdf2f42fdb67a5497fe9915b492ab196f	d03fe7739aaab7cf6672e869478982a52727c7fc4a5b35cf89f1db6a6bdfbc59
1f469-1f3fd-200d-1f680.png	2D/png/128/emoji_u1f469_1f3fd_200d_1f680.png	cf53b9e77cec150b4c4544787e8a86f5b0297ae00328655e13df75e487501a59	acc60aea10a1d9dc754c544be2cebaf286cd4dcdc3f47ac59bda55ec068aa41f
1f469-1f3fd-200d-1f692.png	2D/png/128/emoji_u1f469_1f3fd_200d_1f692.png	b3967f8a79cefa1fffd0add8ed218012fc5a10fdeebc896cd1682dd648de5619	4e8ac7acb8d5d8e0ab7f969027720fc0ab1256513c6747651e0799b8e6abbb15
1f469-1f3fd-200d-1f91d-200d-1f468-1f3fb.png	2D/png/128/emoji_u1f469_1f3fd_200d_1f91d_200d_1f468_1f3fb.png	3c137fced5e38ce20df27a415fd2229f4fa4ab0c541a60ee2c8b618b07bb6f68	0548f88cdd8784d042d31ecf2a41602b04f0206130945664e8fd7788682876ef
1f469-1f3fd-200d-1f91d-200d-1f468-1f3fc.png	2D/png/128/emoji_u1f469_1f3fd_200d_1f91d_200d_1f468_1f3fc.png	baf4237948da456f03c1cc692fbdf257735da0cf9dc9e3277ab7855bbca8bde2	07e67e47dce143083528e031ea37e8b78e01d609d162a6c0809902adadf4cb49
1f469-1f3fd-200d-1f91d-200d-1f468-1f3fe.png	2D/png/128/emoji_u1f469_1f3fd_200d_1f91d_200d_1f468_1f3fe.png	4f2808b6cfc98467e4a5a294efb27cca5ab25056d89a39d512977bf0293a42ea	cf14900ec20f3197bcf7813c448a88a76a6e8254be3a688a8a84c1262faee0d3
1f469-1f3fd-200d-1f91d-200d-1f468-1f3ff.png	2D/png/128/emoji_u1f469_1f3fd_200d_1f91d_200d_1f468_1f3ff.png	2fc94465f2197b7101ef11c40dc8b904351411c5f16fc4326a32ee28862f1610	129c234c3916828fa3534e7e0504a47ee5e609631bea875aab72020c1580791a
1f469-1f3fd-200d-1f91d-200d-1f469-1f3fb.png	2D/png/128/emoji_u1f469_1f3fd_200d_1f91d_200d_1f469_1f3fb.png	cf19145760c72174de90c13e3d6bd6f8cbaa25da1d601503151be2274ae69c4b	ff0e333ce56c2ef979843ed9062feff4b342a870787f6d152fce49fdc775b25d
1f469-1f3fd-200d-1f91d-200d-1f469-1f3fc.png	2D/png/128/emoji_u1f469_1f3fd_200d_1f91d_200d_1f469_1f3fc.png	9226a1440e20045161f087ce6b22f46ceaaeeeb61d3b77870521179e0874f4e5	8ea740f64b9cded25ff91d19bc7c3d117c10a014696c33919695ac6bd6a482e1
1f469-1f3fd-200d-1f91d-200d-1f469-1f3fe.png	2D/png/128/emoji_u1f469_1f3fd_200d_1f91d_200d_1f469_1f3fe.png	8d177f9181cf28f105933ae2f5cc01dc7698b36a7454f64619351feb4a061c3e	609e2a0ff298ec158faa354183a617e173cfea63d40a68c4312b57cf53b24c98
1f469-1f3fd-200d-1f91d-200d-1f469-1f3ff.png	2D/png/128/emoji_u1f469_1f3fd_200d_1f91d_200d_1f469_1f3ff.png	2d5355d77306c9ff9e16ce51822923460d983e8a63bbdd3d781af7561e124141	258c09ea846dc3475975dec0458189da172fb66c8e3a7fe5ec8e8f0d4c84001d
1f469-1f3fd-200d-1f9af.png	2D/png/128/emoji_u1f469_1f3fd_200d_1f9af.png	2eec902d18b0f6288ce57b6a8c4ecec42ca3907be2a31cefe0eb158076b3d1bb	547668580f3c4eb8934e8792a14a3c7632c9219101f1c7c4f649096ea4a879a0
1f469-1f3fd-200d-1f9af-200d-27a1.png	2D/png/128/emoji_u1f469_1f3fd_200d_1f9af_200d_27a1.png	d9438759c5895146e82a61b8f88463c768caa48514563615436fa787422c9359	8cfd522844413d55454c5ed4246b65d784256cb4ec209f2b6ed72b7083ab88b5
1f469-1f3fd-200d-1f9b0.png	2D/png/128/emoji_u1f469_1f3fd_200d_1f9b0.png	391c030394e060397e5714bc0c6b350348e5429ee036d57929e30d3b410cf9a8	5d020dfe03d61e4455d588943c3994c713376a528327d5706d074fa7c3d86853
1f469-1f3fd-200d-1f9b1.png	2D/png/128/emoji_u1f469_1f3fd_200d_1f9b1.png	d9791b4de30b71e8906da65b897dafc30ef63cf5f21f25e80076f7b907c5cdf1	7bd823024bb3ff122c301f01ef573302dabc67f400fddf37da30a0d2719b0643
1f469-1f3fd-200d-1f9b2.png	2D/png/128/emoji_u1f469_1f3fd_200d_1f9b2.png	6798ab81a00151de6eb8b20ecfdeef820266f6575b2830dc810f9cb5a578b201	9d8c629f0fb4f2e6b9cab0e94db7fe139cbe3792bc8044365e136468513ae897
1f469-1f3fd-200d-1f9b3.png	2D/png/128/emoji_u1f469_1f3fd_200d_1f9b3.png	7844b91e2134bbff7d43ad923ca4144cf417079e352fc344274539ff6d794141	ff1cf3de8e9360132aeac28921e5e5f459053d399fee1a95033d7618e16025db
1f469-1f3fd-200d-1f9bc.png	2D/png/128/emoji_u1f469_1f3fd_200d_1f9bc.png	4c5afcf735a67989005abee3e7a25d1859534fcdbbb71dc00a83e3fde4986159	63a6a48070ebd725d95d6aee63b94727fd29a58a97060a4cc64937c698fa7c41
1f469-1f3fd-200d-1f9bc-200d-27a1.png	2D/png/128/emoji_u1f469_1f3fd_200d_1f9bc_200d_27a1.png	9d8d30fd80483f58ccd03b189e334afa8a0bbaf7eba60a809c89d4f6ead1f304	831f07c5b74c82a987d096fbb1173f7702704273b8614d3113aedd9d7ed37e41
1f469-1f3fd-200d-1f9bd.png	2D/png/128/emoji_u1f469_1f3fd_200d_1f9bd.png	c3e9582f283eade2dcb749a872411da73d7b81c7177a8ef9a72eb8c922557648	b5c7af4b85a0b75dea46dfe1093e5918f5d31ba74e1a5528bfc0ed04df83bff6
1f469-1f3fd-200d-1f9bd-200d-27a1.png	2D/png/128/emoji_u1f469_1f3fd_200d_1f9bd_200d_27a1.png	e540a382ab6e7afe5dfc09ce7fbca420d0092070486a2b66f6422bc5923a1752	3d2a79e5596e5690fc5bc24892746bf7b804f6ff29c7f7109dbb0242d23914e2
1f469-1f3fd-200d-1faef-200d-1f469-1f3fb.png	2D/png/128/emoji_u1f469_1f3fd_200d_1faef_200d_1f469_1f3fb.png	8e322d05638053e1e8263a4518d3a5743ab7e2366e4ee3fc02a8bfbcd80be6a2	ea8f7582f68172b87db347ec564a438e0ff448bf7a4a49f83c1f1737aadf740e
1f469-1f3fd-200d-1faef-200d-1f469-1f3fc.png	2D/png/128/emoji_u1f469_1f3fd_200d_1faef_200d_1f469_1f3fc.png	fd7b072d123a1cbca69bdc791c82b39cdcffe3d908518f6d96a9b7ad41a3a57c	ec4e58b91c8b842fecfa1691c2dbf55185f4989c78f366b2dfab9e333af1861a
1f469-1f3fd-200d-1faef-200d-1f469-1f3fe.png	2D/png/128/emoji_u1f469_1f3fd_200d_1faef_200d_1f469_1f3fe.png	52101131664ef4d950c3fe7f0c0f61c9406a045f60788c5e43372824b8c2176b	d2c6f3790e95cf4f5fe1de02dd2ef3d9a487e9d6b51bff29004be834bdce5772
1f469-1f3fd-200d-1faef-200d-1f469-1f3ff.png	2D/png/128/emoji_u1f469_1f3fd_200d_1faef_200d_1f469_1f3ff.png	bc0bbad2de2f4f4ce15acd18ce84932c2619a6b08174b9daf85d219787508ff5	bd467b2364c2b89429310bfd03f70f5e25d48b84ae2a9ef8cee81110510b2882
1f469-1f3fd-200d-2695.png	2D/png/128/emoji_u1f469_1f3fd_200d_2695.png	63eef306d0ddc898ca280818d5936bd977a23968f82dc282b405578ea6d93bca	2845d97370d7e5530f2e21b7eb504f6ffaf744cd3dde0b88abd28008691d76a3
1f469-1f3fd-200d-2696.png	2D/png/128/emoji_u1f469_1f3fd_200d_2696.png	4abf670c86742135f5923a97177daa33e21e2858fb23dec4aadf6dc81b93d0a6	e60e5a10be11df5c1dc19b66e2226704f48f567c83d5992d1b7e3048a8e168c0
1f469-1f3fd-200d-2708.png	2D/png/128/emoji_u1f469_1f3fd_200d_2708.png	fef9220fc5160e0e99176513fa771a286db45bb93a9f1cba6e355a347b44966c	01a9aa02f2771ecfc51c91ee364b88ddff06f787f8f8d16a706d4c33a7ec3e77
1f469-1f3fd-200d-2764-200d-1f468-1f3fb.png	2D/png/128/emoji_u1f469_1f3fd_200d_2764_200d_1f468_1f3fb.png	1b8912f055e9bf13e88b7f61e48f54c3ce500520859512ff5182dd9dfe788125	6432dcb6fd027390a9328e832090ad8937201f7a41194183faaa7edde7259133
1f469-1f3fd-200d-2764-200d-1f468-1f3fc.png	2D/png/128/emoji_u1f469_1f3fd_200d_2764_200d_1f468_1f3fc.png	a45d8d76b18e9c1a8b8a57f4b939e6c4d7e2cb3665cda1dbe206bed2365e2acf	e7bf7d044075a691be4cbe3f08e021888434d1af3f249c48f8096c701895c29a
1f469-1f3fd-200d-2764-200d-1f468-1f3fd.png	2D/png/128/emoji_u1f469_1f3fd_200d_2764_200d_1f468_1f3fd.png	9d3d46e9addc699e2ccd4566af89cc13df91a8897dbfc39dc8c7f67f68622b09	0553be64129874192c31da43bbf840a0baeb514e422f6680cc4b073dcf6e8198
1f469-1f3fd-200d-2764-200d-1f468-1f3fe.png	2D/png/128/emoji_u1f469_1f3fd_200d_2764_200d_1f468_1f3fe.png	490071cd02b417ab400813b8932a1633918135fef6273b3d1da36116e7a83040	9771420e32a45533b15ad61f4f7adf30e14d7b9f35c6bb8735577df39eb9ec65
1f469-1f3fd-200d-2764-200d-1f468-1f3ff.png	2D/png/128/emoji_u1f469_1f3fd_200d_2764_200d_1f468_1f3ff.png	eadae7fa04251dac2e976e1794a9e9b890d609a27df21b1342c2911a7fa22b60	e58450a3b714f47f0662f9ea8f5c074c3eff28ceb527382a87d1c9c6c5bb437e
1f469-1f3fd-200d-2764-200d-1f469-1f3fb.png	2D/png/128/emoji_u1f469_1f3fd_200d_2764_200d_1f469_1f3fb.png	840b6220e1468ae8a62c16e346cedf72c4466a2a580e9ae85cfbc9008db91bb5	38a3fbd17e0dc228cf6752a99012c179ea9ff854f004233c6ca3a8d785fe954c
1f469-1f3fd-200d-2764-200d-1f469-1f3fc.png	2D/png/128/emoji_u1f469_1f3fd_200d_2764_200d_1f469_1f3fc.png	b2f677aaa64c2be62dcd78317934b51adf6e5700d3275f5e0307a24186b92aa5	3bbc55f4b0892cdd85d8bdde72ab7fd701dc59b036151122bb68b011f8693276
1f469-1f3fd-200d-2764-200d-1f469-1f3fd.png	2D/png/128/emoji_u1f469_1f3fd_200d_2764_200d_1f469_1f3fd.png	324c4b2378ad6702e858c7eda979c123843d2684b5d9dbee96ce54eabbd98409	abd97f84b41c82869b4bb98e7dd4d803f1e35ceebed53f518bbc58f8833bf94d
1f469-1f3fd-200d-2764-200d-1f469-1f3fe.png	2D/png/128/emoji_u1f469_1f3fd_200d_2764_200d_1f469_1f3fe.png	125c6ca855347d10a290622865b3980a411b10f37e353ab293d8a57c81cc0edb	1cede0ade7ac66c22e02e92860f27269175124971fd7a45a52a9640038d35b59
1f469-1f3fd-200d-2764-200d-1f469-1f3ff.png	2D/png/128/emoji_u1f469_1f3fd_200d_2764_200d_1f469_1f3ff.png	ccc0394f85a953fb889869e4ef3933f5e4ee21716600ad84585fd4706d68b61b	9a0eea3f2836b1fb48f7659f84b136f89a7d4ede396f461d56afc35876694ebd
1f469-1f3fd-200d-2764-200d-1f48b-200d-1f468-1f3fb.png	2D/png/128/emoji_u1f469_1f3fd_200d_2764_200d_1f48b_200d_1f468_1f3fb.png	90a073273505700e58c14eb15475a426f91dc5ceee9a6b45b8a1f54305bb59b3	ddc9b905fe4a948166b44202f401c62d17098515d3bd893ae17e535a429b15e3
1f469-1f3fd-200d-2764-200d-1f48b-200d-1f468-1f3fc.png	2D/png/128/emoji_u1f469_1f3fd_200d_2764_200d_1f48b_200d_1f468_1f3fc.png	72c2efa28bcaeea18c0229af8238d681f1e3203d395488082ac23d2a9c4676b9	6c8dd0dc3bdc2ce10742eb1430733070c2f2aae84c35351e261ee6ff050aef2a
1f469-1f3fd-200d-2764-200d-1f48b-200d-1f468-1f3fd.png	2D/png/128/emoji_u1f469_1f3fd_200d_2764_200d_1f48b_200d_1f468_1f3fd.png	8704841635e44b7d72d769a8ce27029026c2e7957b9b531bbf1ee08301ba0af2	fdb40b29d354ec406869cf67316ae76bba055dc2a6de9c65492e8db436b128d4
1f469-1f3fd-200d-2764-200d-1f48b-200d-1f468-1f3fe.png	2D/png/128/emoji_u1f469_1f3fd_200d_2764_200d_1f48b_200d_1f468_1f3fe.png	40df9393a0d41e2b8f53ac067fa5e4c7c7c8e65f156ec33b0cbdd80d6bc61e64	fcffc251cd44bed911318b9de3f267b51a592a000a203398e11b1879068f44d8
1f469-1f3fd-200d-2764-200d-1f48b-200d-1f468-1f3ff.png	2D/png/128/emoji_u1f469_1f3fd_200d_2764_200d_1f48b_200d_1f468_1f3ff.png	7435210efec146701f9b736dedc709c1bfd73bf17b802114da88d45a4fd218e0	837e39c38d873ef340179894203607951dd51579282d0aeab7ec4cc4431fa672
1f469-1f3fd-200d-2764-200d-1f48b-200d-1f469-1f3fb.png	2D/png/128/emoji_u1f469_1f3fd_200d_2764_200d_1f48b_200d_1f469_1f3fb.png	3e9928a9609c91153b73b4742ed861a09cf77bcc034760b75795449d721049d8	6a3faded9804d0c188c5a6fae6c753dcb36b6a798eb949ee80a80f08c42e9669
1f469-1f3fd-200d-2764-200d-1f48b-200d-1f469-1f3fc.png	2D/png/128/emoji_u1f469_1f3fd_200d_2764_200d_1f48b_200d_1f469_1f3fc.png	1f4f7979c7e1dd3fbb88be48ae082c3e3bfe3171d9a768f0db6d66ec12032248	f484fc40c2321482aa9f08f1131b60e1bc95d48299c07bb7f19209ee53180a30
1f469-1f3fd-200d-2764-200d-1f48b-200d-1f469-1f3fd.png	2D/png/128/emoji_u1f469_1f3fd_200d_2764_200d_1f48b_200d_1f469_1f3fd.png	6f8864607fd3c37b07755880ae54df5f8d7cd96470b84728289413c352b42519	6a0b11998e949de88d45b2d4a76e73d3f47dd54bfe32adbe22e39ff2035fb7f7
1f469-1f3fd-200d-2764-200d-1f48b-200d-1f469-1f3fe.png	2D/png/128/emoji_u1f469_1f3fd_200d_2764_200d_1f48b_200d_1f469_1f3fe.png	1539927d12311bd9ab7d614c748bc972e84321871d6f6cbfa8f6a1557943f7d8	24ce354ed8ba6a59e9be56df284da7fbd144d643871e210e5669f5907c59c58b
1f469-1f3fd-200d-2764-200d-1f48b-200d-1f469-1f3ff.png	2D/png/128/emoji_u1f469_1f3fd_200d_2764_200d_1f48b_200d_1f469_1f3ff.png	99df709d552f17c1707991027ac3cef5d287dadab9098b0bd2d4c5a13d1d3e28	4069cc8945e2a2f9c0c9c099475749c06d336ccdba3ecbc6f7699c7101182c12
1f469-1f3fe.png	2D/png/128/emoji_u1f469_1f3fe.png	5ec2b45083d8280dae52c9a590cc28a70413621dd87ea31bf756527360a0fc26	1505ec0ca6622a7d28d5048a52c853a74554f1b414e7e3692155e64e31134580
1f469-1f3fe-200d-1f33e.png	2D/png/128/emoji_u1f469_1f3fe_200d_1f33e.png	b1fa7a4d9133db46dd74b22044e26c05048147161b1a1aef1eab98924add02c0	e637a4d51efcf8c057e52d83ba045cbc4d7460675c123d6129131b9f85e1f657
1f469-1f3fe-200d-1f373.png	2D/png/128/emoji_u1f469_1f3fe_200d_1f373.png	5cb87dcfccdedbfe72eaeb2abff54b980df9f3456a01c341df634177878ebbc0	32695b498a5d5a271c40eefcd65e28df472103886929b9e172cefe1fd5cbbece
1f469-1f3fe-200d-1f37c.png	2D/png/128/emoji_u1f469_1f3fe_200d_1f37c.png	d39ce1ab44d585d31d93f4c8e5b00988a4c021664151eeb8171fd14a1537574d	5532d5cefd1f2e3f4e128e7354e7b39c6b0b5c86c979c97f504a771b1313eb43
1f469-1f3fe-200d-1f393.png	2D/png/128/emoji_u1f469_1f3fe_200d_1f393.png	8e23a96c7168ed2f826c05f714de6fa00d7790573c2c800b9177eb1c5e4a56bf	6eb7d39a9d39be0041918d3d364afd89509f37af1158b82a81944c25ed2b9320
1f469-1f3fe-200d-1f3a4.png	2D/png/128/emoji_u1f469_1f3fe_200d_1f3a4.png	1987150ba6ee4d4e4cefe6ea979a8c69dbff9785824aa96f1a3b0e4cb8f14fad	864912775856b062c7dfdd7fd2a973977ca5b00175969e27ead7a34a657c222d
1f469-1f3fe-200d-1f3a8.png	2D/png/128/emoji_u1f469_1f3fe_200d_1f3a8.png	7c15b580aefc6a2fac295ba4c0bbb9ee0cabd2a2050ca9bb4215cc027ef24a42	67548ab3910d064c4bf38ca44c438c5b225a2a851a4f7e60a62d22fdf9579f22
1f469-1f3fe-200d-1f3eb.png	2D/png/128/emoji_u1f469_1f3fe_200d_1f3eb.png	f8e0dbbf0240d341a471bc67bcd97a55ccbf87e3a95c7f3ba0d5e75ce158fe9f	e9eb22565e9dec6513442a040b78d6b9ace802effebfddf5a4477fb5ad4872ed
1f469-1f3fe-200d-1f3ed.png	2D/png/128/emoji_u1f469_1f3fe_200d_1f3ed.png	5223116d92253456d5b3c7362a809fda0fcd5647d8713074a2c1d0280aa85bd1	adb9cb6bb3962fffa173342801365e52420a59bcb9d8e92f2d52a97b403fd1e5
1f469-1f3fe-200d-1f430-200d-1f469-1f3fb.png	2D/png/128/emoji_u1f469_1f3fe_200d_1f430_200d_1f469_1f3fb.png	a97d7d877315433096186b76a23245dc96ab8eb6c634f9f9a6f0f5c5616b9960	e08dd8bc710c7b017785f13e12e6231a769b25c67103991f425dbd97c06f35dd
1f469-1f3fe-200d-1f430-200d-1f469-1f3fc.png	2D/png/128/emoji_u1f469_1f3fe_200d_1f430_200d_1f469_1f3fc.png	95d4701e388bd826e59aa90707f2b124461f964da3d5057e9d2475f91d6e17be	d5b8cc308c8c8f6215999cae70d74178368c67634e1a46c3a3b1f80cfc73a9c0
1f469-1f3fe-200d-1f430-200d-1f469-1f3fd.png	2D/png/128/emoji_u1f469_1f3fe_200d_1f430_200d_1f469_1f3fd.png	a11985fc4a43b9f3fcc73ac4c3f35ea8347e37186100b7bfcc92f911d702c017	ae153d44063c6149caa8edd4d121f935a607aec5fe9679ac87c5c04127332eb8
1f469-1f3fe-200d-1f430-200d-1f469-1f3ff.png	2D/png/128/emoji_u1f469_1f3fe_200d_1f430_200d_1f469_1f3ff.png	cec4377cd97bf2e6a301303ed3b37753c6ed9e87d31cbceeac110849d521cd03	8ab3371ecc2429ba6adc17cd7e973cd1cb17813f49055d987f6d35fd83477e5e
1f469-1f3fe-200d-1f4bb.png	2D/png/128/emoji_u1f469_1f3fe_200d_1f4bb.png	a6f62b1549108882e79ff5cca246a9b777f608a70e7891778a5e701f69034273	3b40afe2d9b56486fd186314834529aae2223024d89b3783fc5edbec1811760a
1f469-1f3fe-200d-1f4bc.png	2D/png/128/emoji_u1f469_1f3fe_200d_1f4bc.png	ac7ea0a544c95f37f7fa410148783341b940e82c4ffa9f14bdcb103065ffb60d	8c0a6c2c01704b276af5e8e8ab6cb3a39cdcd7006e9cfe048750fce2e1c3cff9
1f469-1f3fe-200d-1f527.png	2D/png/128/emoji_u1f469_1f3fe_200d_1f527.png	83b092df09bdf31efff56a30ee19bc74a0a78c0be1cfed1ff310811a996f343c	dab1ae7f00e9b02ef596c5757fe28e11142992b7c389db2a15f7466cda78f06d
1f469-1f3fe-200d-1f52c.png	2D/png/128/emoji_u1f469_1f3fe_200d_1f52c.png	36e7634827e219c0c7c3d37603e3ee781d83c8451e8a5004778d433934cbbf16	da34c31b73292db0f41f23cab323286fc3cd8e1f9f17e5d827461398832c392e
1f469-1f3fe-200d-1f680.png	2D/png/128/emoji_u1f469_1f3fe_200d_1f680.png	1cad5b4f7b0238916188ba838cf104263d467f3f8a1ddaf877419d219d8c921a	67c4c88750fd22689b7600ac4c63e1c7cbf00d32739f6bf2d6369ed7c4116247
1f469-1f3fe-200d-1f692.png	2D/png/128/emoji_u1f469_1f3fe_200d_1f692.png	d5b0abdbd33be832280ce35a55ad8991b444e389b5b26b4a1686b0c1a10504a9	76b334c7d98ebfbd6033d3dcd74c53d2df34ec443158a21dd683a493ff077c81
1f469-1f3fe-200d-1f91d-200d-1f468-1f3fb.png	2D/png/128/emoji_u1f469_1f3fe_200d_1f91d_200d_1f468_1f3fb.png	f7ee22809a3452ba9434d5fe16654b689a32c0f26f08e66f43c820526cbd6a3b	75a1148bcbabfa386d6976a602077df68d9a1f1418132ddd60b6ec07cf28e81e
1f469-1f3fe-200d-1f91d-200d-1f468-1f3fc.png	2D/png/128/emoji_u1f469_1f3fe_200d_1f91d_200d_1f468_1f3fc.png	9898d8b96d050d20076c3eead908522e7ff79336ffc484cf101c93b5e17e0836	f0607fa31010bc6b15db0fb65cfae1acaae8cd1fbc18bdeeb4031dd47d57bc56
1f469-1f3fe-200d-1f91d-200d-1f468-1f3fd.png	2D/png/128/emoji_u1f469_1f3fe_200d_1f91d_200d_1f468_1f3fd.png	c6d8ec6ceefd0fb886e009f7ffc4fd78c2722fb906218aa80ad4d6f0bc167307	5a131f2f1d7e5ab377f090734dc934e67c9a42e82b1c64e101ea0a2033297185
1f469-1f3fe-200d-1f91d-200d-1f468-1f3ff.png	2D/png/128/emoji_u1f469_1f3fe_200d_1f91d_200d_1f468_1f3ff.png	76009f31b1939d6216b28d07d5a101ca31dc4515aead6f35787e8af7a64d9935	181add971abeb5cbe3dd86ba1289c1690403422eb04543e4412e5d6176e5dd1e
1f469-1f3fe-200d-1f91d-200d-1f469-1f3fb.png	2D/png/128/emoji_u1f469_1f3fe_200d_1f91d_200d_1f469_1f3fb.png	78506d3c055a64a2ef1f4063ec874e55e45c8398fd53069cd424b3f0cd50c5e3	66aa388301e0028a9c2d0883933a7fb84be75857928128cfd4f18b0a651a9875
1f469-1f3fe-200d-1f91d-200d-1f469-1f3fc.png	2D/png/128/emoji_u1f469_1f3fe_200d_1f91d_200d_1f469_1f3fc.png	1ed948e8313edc08fdb840f00c6636115ac24d3d0879caa15b7ac23dbc5c8ffa	8518002d1df41ab935b2d1b4ea2c702a45cfd3a7e22af34dcc3a13911a1d2f58
1f469-1f3fe-200d-1f91d-200d-1f469-1f3fd.png	2D/png/128/emoji_u1f469_1f3fe_200d_1f91d_200d_1f469_1f3fd.png	b552e1f1963ce7c1ac4342091f6aa48f2b9ec55e5d2c6e78060ca5dfb2fde1e6	f2f567830acc3a2761c49090ea12bc5a3b4f0fb29e6f159d5868364a2413e039
1f469-1f3fe-200d-1f91d-200d-1f469-1f3ff.png	2D/png/128/emoji_u1f469_1f3fe_200d_1f91d_200d_1f469_1f3ff.png	2a1ce462d99499b7c4af1321126c10f338a609c8b50c08d437e86de310f4db66	56d3df1254b32d041ec59c2d5150ceff4dcf03fb4a1440fb41c4853f528ecd03
1f469-1f3fe-200d-1f9af.png	2D/png/128/emoji_u1f469_1f3fe_200d_1f9af.png	213aa1efc17374f9e094317e73b02844ce0eeaf319ed016bc5175199dc36b5c5	665d1ece097f8af980fcc479baaa98fe5438a829523896e8ea51099d90033085
1f469-1f3fe-200d-1f9af-200d-27a1.png	2D/png/128/emoji_u1f469_1f3fe_200d_1f9af_200d_27a1.png	b5aa9aa707951981abd70c3b14316737620f392b86be64983c58d14be1190cb9	fdc7467306846a4e51548f951af1cbfdc7f05ebb55adae99a60a3ae069e81fa3
1f469-1f3fe-200d-1f9b0.png	2D/png/128/emoji_u1f469_1f3fe_200d_1f9b0.png	6787f86298f6af772d763239511711fe682459a3ee9ef53cd93fa9539f4e98ab	06031ecfdf90042f854fdb71b657f26a4c4aa36f74b0731d89da6b078e63fa3b
1f469-1f3fe-200d-1f9b1.png	2D/png/128/emoji_u1f469_1f3fe_200d_1f9b1.png	201012741ba6c0bdc38233023b4c2c8846ae488c9e156c3d6d90c4421cc8688f	53c2f6878a10b441ee9a77ff0fa14be3213c5b283200242375413ab6a9c4f1f0
1f469-1f3fe-200d-1f9b2.png	2D/png/128/emoji_u1f469_1f3fe_200d_1f9b2.png	be50a158ac139d0d9b44482516e1ef208043305b2e7450bcb1c20c989350f33b	5bbed8fc8efe31b69f4717164fbd0cae17ef288c4b3e921194e2da16a3547d93
1f469-1f3fe-200d-1f9b3.png	2D/png/128/emoji_u1f469_1f3fe_200d_1f9b3.png	2b42ea1acf6780d3333c0fe02cd26475de963e6c655eb498ec2d2ce4edf3004c	c66bfa1bc2366c8ee94e1a10fc884efdeb51d470e8518883226c50ef80484be8
1f469-1f3fe-200d-1f9bc.png	2D/png/128/emoji_u1f469_1f3fe_200d_1f9bc.png	015cb256f78c4a2aae4bb14a1ac4f6e8831a975fcad01e09d0d861525806a9d4	60da29fc18b72b8b31ea1c54d87aaca8fc5a1c10158b5061ede9f19b7e7c5224
1f469-1f3fe-200d-1f9bc-200d-27a1.png	2D/png/128/emoji_u1f469_1f3fe_200d_1f9bc_200d_27a1.png	58cc96487eb63bd4f93b4bf5657c178553d9d86a56dcbd5df9a01073822a3cc1	d242b22d7ab4a4ef4240c9c363fe33d14a13ad2fd3d6e5253c14659d9c5416c9
1f469-1f3fe-200d-1f9bd.png	2D/png/128/emoji_u1f469_1f3fe_200d_1f9bd.png	f570cd7afef867c8eb78dd01cc8138400ce8af81a0771d1b95671ccceb4b666c	f61df58edf71abd7f365bddfe60c71c3de3754e73367b34fba41c5247ba8787d
1f469-1f3fe-200d-1f9bd-200d-27a1.png	2D/png/128/emoji_u1f469_1f3fe_200d_1f9bd_200d_27a1.png	39e1635a8f7b090ccc15d4b749295b3e92aa8409414382779f6867c3e663f2f9	de87213de415c35ce15d1c090fb1ecd4f08b9ba5b36473e61f4e3669b39ae1a3
1f469-1f3fe-200d-1faef-200d-1f469-1f3fb.png	2D/png/128/emoji_u1f469_1f3fe_200d_1faef_200d_1f469_1f3fb.png	b0fa66f26f8fc5eb822c10d70c2f68384b1f78e4277ab0901519755be68c5396	2f69bba630bd6d5cf934c94ca188d2c1e74a406048ed04c89d60595e8b524571
1f469-1f3fe-200d-1faef-200d-1f469-1f3fc.png	2D/png/128/emoji_u1f469_1f3fe_200d_1faef_200d_1f469_1f3fc.png	51bbf3c00677edadbda29335bfcab8be833939dda77d2df518336a5ce8079e85	2ec4e469e19fcb2a15bda1c1b78829d446155316b9b76f0661339bdefa89ffb9
1f469-1f3fe-200d-1faef-200d-1f469-1f3fd.png	2D/png/128/emoji_u1f469_1f3fe_200d_1faef_200d_1f469_1f3fd.png	add6cd344ae68936a7ab9448ad925a5615b555d4d6d704b1b634fe8846ee5f18	5509669f71c9f5b29ae904c021ecb8e098d05ad5a104aeb8650d4f7ea20c3965
1f469-1f3fe-200d-1faef-200d-1f469-1f3ff.png	2D/png/128/emoji_u1f469_1f3fe_200d_1faef_200d_1f469_1f3ff.png	10534a3d360be91a4ff54cdeb06fdb0beaf1a9bf0db3dee27275562107cb351a	f15a1e114c2799ff05613d9621c65dd4ea8ae4fdb0ae504723f91d22456fbe84
1f469-1f3fe-200d-2695.png	2D/png/128/emoji_u1f469_1f3fe_200d_2695.png	e15a555c2ddf50d2de7ab0e066967eb469c4315b066846ba03ea447fc3184aa3	a1fdc1550367f27bd95acae2405bc38c7c5add0f48ed3f489efb88033681f326
1f469-1f3fe-200d-2696.png	2D/png/128/emoji_u1f469_1f3fe_200d_2696.png	33bf5a5fe0a60d5219b99193390a3de9183c40f81cbb4f25f8c389bd248e4489	cc050c514c65b179a29271e5fcccfa8e99f31c21eeffeb69941588bdc2a84e7a
1f469-1f3fe-200d-2708.png	2D/png/128/emoji_u1f469_1f3fe_200d_2708.png	5256bd89e1bed1b3e935b58253f1e68cd85b0f9c29a5c76af84d1df7f6e9dd9c	92292e90199ab622646db1691f6380597d8a38fa8c599213da1e1400e830206d
1f469-1f3fe-200d-2764-200d-1f468-1f3fb.png	2D/png/128/emoji_u1f469_1f3fe_200d_2764_200d_1f468_1f3fb.png	c191bf0b0d5b805fd2a42879b3e19b96f279ff47b9fa2adb3eca4767344225a4	adcc6392ab431716b2c303869228f1491babe9f3fe7e57c5ec04dc2a3d621e46
1f469-1f3fe-200d-2764-200d-1f468-1f3fc.png	2D/png/128/emoji_u1f469_1f3fe_200d_2764_200d_1f468_1f3fc.png	953ca29cc94d17ed2c568aeafb5d4903c5bbd53e8a8d68cce71325f3e23edaba	105039ac7cd9fe981ff1c041885287ba51f86829f1d49621de4add5f6add1253
1f469-1f3fe-200d-2764-200d-1f468-1f3fd.png	2D/png/128/emoji_u1f469_1f3fe_200d_2764_200d_1f468_1f3fd.png	f094f982aec7569bc6937363182be390efaaf7e3ea20b5b2584c0d626f082dd9	b7c7e08022ff6a6217d92c3ecdea97f615f10336119e18bda6190855f1b5c69c
1f469-1f3fe-200d-2764-200d-1f468-1f3fe.png	2D/png/128/emoji_u1f469_1f3fe_200d_2764_200d_1f468_1f3fe.png	d4803082303e9f2fb4027945c51bbf9b728be6f8e0cf46185ceffd0d13b7898d	cbcc3c86c334893494e3c50ab989844e1531fcb951df1e83a3e88e7bad1eb0fb
1f469-1f3fe-200d-2764-200d-1f468-1f3ff.png	2D/png/128/emoji_u1f469_1f3fe_200d_2764_200d_1f468_1f3ff.png	22db15346fe0140827f7b9dff6c14f6cd960616b762bfcc32053464b9bf47af4	41bfcfe2436300f8d5357168aeeb9ea0066cd5149325009d03e9bf00785cb79f
1f469-1f3fe-200d-2764-200d-1f469-1f3fb.png	2D/png/128/emoji_u1f469_1f3fe_200d_2764_200d_1f469_1f3fb.png	c01e16870fb8e0ceee27db15c16c83a62122e85f7b600201c5ec0590944a0eb0	f2c72e5d79423eb13f77da2f4d9819edac10e4427fc24a5e86fca6d613539ff3
1f469-1f3fe-200d-2764-200d-1f469-1f3fc.png	2D/png/128/emoji_u1f469_1f3fe_200d_2764_200d_1f469_1f3fc.png	94ce726fee1162a87a5970f992c8f3c0ed150ffa85a3ccacfd594551d42614ce	e896887233cca0fb6ee4062bc11c1eeafc87c50025c7b099ace9883822dcb4d0
1f469-1f3fe-200d-2764-200d-1f469-1f3fd.png	2D/png/128/emoji_u1f469_1f3fe_200d_2764_200d_1f469_1f3fd.png	d513be855eb2dd42bb48ac8bd7232e6d19853787ca9a02874f5b548da0b8668c	ae7da195e7048f984189011b81862e50c8710e5d97e60abf6a1ce78d381ec768
1f469-1f3fe-200d-2764-200d-1f469-1f3fe.png	2D/png/128/emoji_u1f469_1f3fe_200d_2764_200d_1f469_1f3fe.png	684c890bdf476c8357027190ff8d1dee2e68c09ec8144a751ec133c0133a04d4	999e355b97cc731d24add5d7ac666c7b529f144461923de859efcab1ac5f2f62
1f469-1f3fe-200d-2764-200d-1f469-1f3ff.png	2D/png/128/emoji_u1f469_1f3fe_200d_2764_200d_1f469_1f3ff.png	1929b00e24e10c4d6d2c774d4bf4a8f32ee47ea626d54999846f402bf93ace93	7fd5a62fe32a5fb9f1b0d6b0f4ad3cc3d0b416523ebe3b6d69b7bc70143f1692
1f469-1f3fe-200d-2764-200d-1f48b-200d-1f468-1f3fb.png	2D/png/128/emoji_u1f469_1f3fe_200d_2764_200d_1f48b_200d_1f468_1f3fb.png	2f8a190ddf2813b4d2ac9708814bbc17f6d7a8d5ca42aef594229536d71e8924	8dece8516ef1fe3e28b6fb824407a10978cda48bb968e89f093381961d6daae1
1f469-1f3fe-200d-2764-200d-1f48b-200d-1f468-1f3fc.png	2D/png/128/emoji_u1f469_1f3fe_200d_2764_200d_1f48b_200d_1f468_1f3fc.png	7ba422ce2ab9b34810321d4675e778f7c1676a4e5e118b8321a3e357ea4b7adf	2b0aefdef05a34d60678d90c6aae1a58c8933964666194eda0475f956c46469b
1f469-1f3fe-200d-2764-200d-1f48b-200d-1f468-1f3fd.png	2D/png/128/emoji_u1f469_1f3fe_200d_2764_200d_1f48b_200d_1f468_1f3fd.png	5630455dedbcec2e282e072e160e9b1a2a911b16d8902d8bd821d90a2a1f1b45	ba31bb2b3c58656954276d25f354ab64b1792c70e117c859c26f3a55fbd093d1
1f469-1f3fe-200d-2764-200d-1f48b-200d-1f468-1f3fe.png	2D/png/128/emoji_u1f469_1f3fe_200d_2764_200d_1f48b_200d_1f468_1f3fe.png	b74bc4c513b3304291655a4b9f024437eb17494281ebdc00f63941a2ef498209	d871d163d17674767010de876eab74c4832d70575659854f2cc6681939c5b342
1f469-1f3fe-200d-2764-200d-1f48b-200d-1f468-1f3ff.png	2D/png/128/emoji_u1f469_1f3fe_200d_2764_200d_1f48b_200d_1f468_1f3ff.png	67fb76dea5c2e415aa838ead5538898ce520a7cbe6a673efd90765af6d73cabb	89fa599a583ca957309eab9f3822d0d43e9f3317cdde2adb01b3ccfe5f4a94f2
1f469-1f3fe-200d-2764-200d-1f48b-200d-1f469-1f3fb.png	2D/png/128/emoji_u1f469_1f3fe_200d_2764_200d_1f48b_200d_1f469_1f3fb.png	7116e24f62d299655c5db954f0fd7de4a1378dc330f96024642a8057dae8c499	9023f47d1db24a998e3fda8e62a5ff14d81e38296700242f9d0d1a243b32d735
1f469-1f3fe-200d-2764-200d-1f48b-200d-1f469-1f3fc.png	2D/png/128/emoji_u1f469_1f3fe_200d_2764_200d_1f48b_200d_1f469_1f3fc.png	8a8b473b98b877355e9cdda883e1e9fdd1ff75143ce6c6de536a71574507b47d	ed6d90f2bfb34c00994552f542c561f3ff93f37b247c7785ca6d477ab92b5569
1f469-1f3fe-200d-2764-200d-1f48b-200d-1f469-1f3fd.png	2D/png/128/emoji_u1f469_1f3fe_200d_2764_200d_1f48b_200d_1f469_1f3fd.png	d2649afdae66249a48f624034c41c96c6786ea9efce38f9850b89570f9c888fe	437c10e3541bdb5ee39bf4c0a490f41fc7029c1fb7e6f440357bcad3eb275a1b
1f469-1f3fe-200d-2764-200d-1f48b-200d-1f469-1f3fe.png	2D/png/128/emoji_u1f469_1f3fe_200d_2764_200d_1f48b_200d_1f469_1f3fe.png	0be252a47e7b37ef89cca9b8e71f3d5ce4aad7c89b2c4f1381d0736d124beb14	3c2c26b7f69c863fe33b2be1afb91dc72b2cc375d7244181c5d40cb3ca0dee10
1f469-1f3fe-200d-2764-200d-1f48b-200d-1f469-1f3ff.png	2D/png/128/emoji_u1f469_1f3fe_200d_2764_200d_1f48b_200d_1f469_1f3ff.png	2b3c6cd55259f534716740e5520b1d907700c12a024d153163667166c8a320e8	80a6a9e857669c61f2639d290747e4a5695ed293ca8c4fd05c4775656e7276f8
1f469-1f3ff.png	2D/png/128/emoji_u1f469_1f3ff.png	b7a3e482cc8951059b3fe6ab19936759b7f555ff44960f8ad565171668673c00	656ee6afade0b10e7379ed46b088300fb20ac623b5a1ebe485b7155fb36c24b5
1f469-1f3ff-200d-1f33e.png	2D/png/128/emoji_u1f469_1f3ff_200d_1f33e.png	0d2fb9cf62a5b3516ff2dace39edeaf6f50c637e5c859522d0c0af6b91134491	6d0dd9e71f5ebf0fa21ec554d5d801de116fd60683d2a2ca4c9f26162e625d7c
1f469-1f3ff-200d-1f373.png	2D/png/128/emoji_u1f469_1f3ff_200d_1f373.png	98ac40b98b87af34921d83e5d309fef20cf7f2e2eb30fbe264f317095b1b66b7	5d6737c50c5e9480ddca8168ab3c6e1867d30d20be1d51712558354aa4af086c
1f469-1f3ff-200d-1f37c.png	2D/png/128/emoji_u1f469_1f3ff_200d_1f37c.png	2bbc00eb39fb6ee6cd887a23686a35dc65194b91e59e893abacfc93cf40d095b	ed87bd4ab6c7be3613b359291f61cb7204cdc6c3e0a11a952be254f03833cf6d
1f469-1f3ff-200d-1f393.png	2D/png/128/emoji_u1f469_1f3ff_200d_1f393.png	e54adbd03aa07779e9691aac19c231ca5015ca4d7d4f9fa8169d0792fefb53ab	f22fb47022c4b54ae6d7ac4bdc01ecc443831eeed6a136a253f1fb9db4546019
1f469-1f3ff-200d-1f3a4.png	2D/png/128/emoji_u1f469_1f3ff_200d_1f3a4.png	283801367b29ab1b181f746672f3ef8b43e2d797f6fc8c1ff45bf2b838eea2f0	d822feffd7af357a9ac728e795121cabd28ec70172be301b3b80c0e99180158a
1f469-1f3ff-200d-1f3a8.png	2D/png/128/emoji_u1f469_1f3ff_200d_1f3a8.png	6f87a8b786a24103d6f21cff70156ef000ef50e3dcfdde4a64739bde9d098438	84ff4d049048abf2c0fd30a8fce0370b0997e34325c0b0123ca5114417518d39
1f469-1f3ff-200d-1f3eb.png	2D/png/128/emoji_u1f469_1f3ff_200d_1f3eb.png	df241096e2bff827748c021781bbaf95f972e995788be70729e30fffe5ca2615	6c60fa38c067971663fde45f18c36347467787c02526536441a0d62e9bcbf365
1f469-1f3ff-200d-1f3ed.png	2D/png/128/emoji_u1f469_1f3ff_200d_1f3ed.png	b2651d8a54f39f28a076a314657b87114cce20dc3131d7675a15392589887a85	97f388a7649e3d77f31b30b8a37e8221f095062be2f5040414692cd7be9d8fa8
1f469-1f3ff-200d-1f430-200d-1f469-1f3fb.png	2D/png/128/emoji_u1f469_1f3ff_200d_1f430_200d_1f469_1f3fb.png	f550322e1f66356c73e0acc91934d694fa3a80fab2914cde90e3ea8610a1b5ae	0efeec4fd69631f9b8623876df7e2b22dc0e1b20398ed125a819dc749a3f3936
1f469-1f3ff-200d-1f430-200d-1f469-1f3fc.png	2D/png/128/emoji_u1f469_1f3ff_200d_1f430_200d_1f469_1f3fc.png	56ed3e76ff94ad9f00f1b1b06ada46b38083978d98835cede85f46093ae657c6	221ae2834ee21d7eb9f10ad723b05acb4d267dd918dc9f17e322d36774326bda
1f469-1f3ff-200d-1f430-200d-1f469-1f3fd.png	2D/png/128/emoji_u1f469_1f3ff_200d_1f430_200d_1f469_1f3fd.png	424f917ce96cc1b5647809e3962e158991cbf614a2f4582715a283158b387878	d9b7dc16a1ec37eac6e417aa8e7fb19b81ddabf207672dec0a5ed8fdfe0d63fa
1f469-1f3ff-200d-1f430-200d-1f469-1f3fe.png	2D/png/128/emoji_u1f469_1f3ff_200d_1f430_200d_1f469_1f3fe.png	c4bff43ced420f2ccec0fbca622c5558abe3aaddcdbe8bb5daae8e5fb7ae84fb	f1f46abb39e8978c0004c9a411e20fa59cccd4c504c8fbb7683c30249e33d674
1f469-1f3ff-200d-1f4bb.png	2D/png/128/emoji_u1f469_1f3ff_200d_1f4bb.png	f34f526a54799b52a75429c1dd89ef08f6ef9beb82d4e2d0a9d345ca303e0b6e	379998ff8b16906eadadb623e40781dc5e0b8036169149f610e95e72fd8ad867
1f469-1f3ff-200d-1f4bc.png	2D/png/128/emoji_u1f469_1f3ff_200d_1f4bc.png	712577f9643a90830f27c92efb73c643ed60dfaec7d1656701f11ad8c1fa1293	d9d8fca8590eded045944705f6c1d2ccc5839f8eb32c25b7661809cda6c5af8b
1f469-1f3ff-200d-1f527.png	2D/png/128/emoji_u1f469_1f3ff_200d_1f527.png	fbbe716e03f84491ffe8f8adc070f06289203ad0808f08e7f22279d97a82642b	f5263bf523e5a5b06ec43197d17590e74dc7dc7f191df9e9509e4280d116fee2
1f469-1f3ff-200d-1f52c.png	2D/png/128/emoji_u1f469_1f3ff_200d_1f52c.png	0b973ea4a393017d42762fd22171bff572617733cdc0222130809c1034575c4d	48490cada96932cd7a375f4f6495a7569ad2016d0cba4b861f1cf8667d5bbc93
1f469-1f3ff-200d-1f680.png	2D/png/128/emoji_u1f469_1f3ff_200d_1f680.png	ecde4752205419f56636502282e81bab9ef67231ded30b2ed1c17618eed9edc1	45fa827af69211826b12edd495ff803c006de56be43e896434fda2b98eeaa745
1f469-1f3ff-200d-1f692.png	2D/png/128/emoji_u1f469_1f3ff_200d_1f692.png	616579890fae84fb681dd080c16eef7c4594093a9e98438201eca021f203e73c	9dd6b2d9a93a7b63a58bf9d4aa027ab0d1afc876b5dbe94a3c8a364035096ae4
1f469-1f3ff-200d-1f91d-200d-1f468-1f3fb.png	2D/png/128/emoji_u1f469_1f3ff_200d_1f91d_200d_1f468_1f3fb.png	bcd4bd489ad4b1cd02dade654aab44e235f9c7ab92531ffb5d6b63d408eeb09b	e6db9dd91e762fb7b3816491f9db9718e03b6a62a4936de04e903c5cfac31139
1f469-1f3ff-200d-1f91d-200d-1f468-1f3fc.png	2D/png/128/emoji_u1f469_1f3ff_200d_1f91d_200d_1f468_1f3fc.png	570d15c2d384b2c85af2777d7f62c124e1dd1f97831b18d2f4aae647f4efeecf	997320d6025a87e3411f384afdb9723338d256e173838df0fcf78deee8d6b9d0
1f469-1f3ff-200d-1f91d-200d-1f468-1f3fd.png	2D/png/128/emoji_u1f469_1f3ff_200d_1f91d_200d_1f468_1f3fd.png	4f5eea32ad99f9792ff05b2e61ba6f164bd6578ba9bd5ebd09f5803fc5f4e95f	553aabed704adfb01d9c63be127348e6c4c104cdd6a487b4207931761c1115b5
1f469-1f3ff-200d-1f91d-200d-1f468-1f3fe.png	2D/png/128/emoji_u1f469_1f3ff_200d_1f91d_200d_1f468_1f3fe.png	cdba4f3e97e9dca1d86bd1d05494430f5e91db2434afc38471c184850c151a91	3aabc611f01dea5698295fec9c5a0bf77da6689222ddccc5980c1c7ba444914e
1f469-1f3ff-200d-1f91d-200d-1f469-1f3fb.png	2D/png/128/emoji_u1f469_1f3ff_200d_1f91d_200d_1f469_1f3fb.png	99805f64b13816395b76e71cb8a0b2521a039f6a552b4bfea625ef4a17fc5129	8bfabe66cf0bae79d0181e38ba75b7ec94f9b85160ea1e49e9f5ff0d502b6db7
1f469-1f3ff-200d-1f91d-200d-1f469-1f3fc.png	2D/png/128/emoji_u1f469_1f3ff_200d_1f91d_200d_1f469_1f3fc.png	1e5836eecd8ebe7d46b384c04545eb5a755ee085c28f089d63ec2008a3d02a77	ce0bc843785d013d0899ecc0f7c52540a61f0ac43c4850563b29340dd9b655a4
1f469-1f3ff-200d-1f91d-200d-1f469-1f3fd.png	2D/png/128/emoji_u1f469_1f3ff_200d_1f91d_200d_1f469_1f3fd.png	8bcc5ca5edf736aeafe621a381d815f273f6277d848702bc7f9a1d85166299bf	15cd13bdacf00a05a4ba8d5e5a36a8fd9963e3b74a67c2974d535bb7f2abdbe3
1f469-1f3ff-200d-1f91d-200d-1f469-1f3fe.png	2D/png/128/emoji_u1f469_1f3ff_200d_1f91d_200d_1f469_1f3fe.png	8836066260fb2d37f5c82340a8e7b375b8deb50ba15f863b97642f7eb28548bd	f806705d5949a33419ffade022017784f307c837234740ad4641b03f9f09bc8e
1f469-1f3ff-200d-1f9af.png	2D/png/128/emoji_u1f469_1f3ff_200d_1f9af.png	4738b69b590ebec12b94038b775a960afc36be887757ad3789278ac9fc44c7a1	b2a44a4100568da447967cf5807c50ed4bba5d763d649d43648d8243f4ac6f35
1f469-1f3ff-200d-1f9af-200d-27a1.png	2D/png/128/emoji_u1f469_1f3ff_200d_1f9af_200d_27a1.png	b051115018e6de52f38197d8ded0f27772a74b575591c80382af545546d7244e	a8579a54f44ad9d4480e7abe5dc89d6ca05b4bc587c92781c7850e24fb3319b0
1f469-1f3ff-200d-1f9b0.png	2D/png/128/emoji_u1f469_1f3ff_200d_1f9b0.png	1eb5ee12301b81c24229dc464aa4b7d70a4f1c4db1c04a9253316127277049e6	e7231835f0b06e75027fcafd0365a3a6e0454ca90606c1ee7744a90a69e850d2
1f469-1f3ff-200d-1f9b1.png	2D/png/128/emoji_u1f469_1f3ff_200d_1f9b1.png	167e060c16ca287e9a5ccaf767596829f0531e15ab824ab0d24cc70ba3de203d	b5d813865a13f38fa6f1d6afdcec843c0111c9cb52c2b997c98bfd4b40d64b3d
1f469-1f3ff-200d-1f9b2.png	2D/png/128/emoji_u1f469_1f3ff_200d_1f9b2.png	44ee0526cc51c499a9019799302ec0918303499d6b5292813e265936edd24bec	a30eb9bee18bdb555915ac7a0b14b85c35d05ec2c517c59e5a5449bc460fe689
1f469-1f3ff-200d-1f9b3.png	2D/png/128/emoji_u1f469_1f3ff_200d_1f9b3.png	033439c032fd27df421db384c286616b1061b6baffdca6f61a726e050993dbcd	2ca827bb75f0be3a6fa32b8ddac8468fe2072524d65c974d087205da3f79ab02
1f469-1f3ff-200d-1f9bc.png	2D/png/128/emoji_u1f469_1f3ff_200d_1f9bc.png	8b12c345bd7dc6bbcec06dfa78208f9bf0e684015cba3d2b5ca1c8c7d9711507	0291fb78a3b9b0f7b76df85528f4cb7f7465b685872e5b02d1d6cfc3e3c97b51
1f469-1f3ff-200d-1f9bc-200d-27a1.png	2D/png/128/emoji_u1f469_1f3ff_200d_1f9bc_200d_27a1.png	efc8ed1d940030c669c110c0c865c3014a030e8cec5fa0ca1056aa5aaea3738a	37a98489c74fe6d58dd5755a371eb40c5a661a2f6795e178b83ed578f6c492f5
1f469-1f3ff-200d-1f9bd.png	2D/png/128/emoji_u1f469_1f3ff_200d_1f9bd.png	f723596215ffe92fba64310636570103c8ed4ee341113791cedc1795b749a84e	f9293e96a71ceba97fa1ad3e884d16b1793f82e998b34a000838d96aaa5ad97b
1f469-1f3ff-200d-1f9bd-200d-27a1.png	2D/png/128/emoji_u1f469_1f3ff_200d_1f9bd_200d_27a1.png	de6692718db6098de7bec3ca15e7be29c379cae65b40636633cd2dba0c4c13fb	0278937d590ec5d4de77045096a9474605ddb520d3f5aacfaa368fbdfcfbaf52
1f469-1f3ff-200d-1faef-200d-1f469-1f3fb.png	2D/png/128/emoji_u1f469_1f3ff_200d_1faef_200d_1f469_1f3fb.png	a255afcadb0e8716f0bb3736c4acdc27259fc07eb9041a89a1def09915e4dcf8	72d147a69ed30be66cfe2a0cf29db8e81c76407afa84c4d5c6624673ab430d30
1f469-1f3ff-200d-1faef-200d-1f469-1f3fc.png	2D/png/128/emoji_u1f469_1f3ff_200d_1faef_200d_1f469_1f3fc.png	f606c960a75b35aca2392565ae8ed4b94e28d7904d4ac559290ca3bb347fc0a3	fb5fc80c6b2216f6ef3cc4c7ab7e0cf474c5029d065217533063574aa468b78a
1f469-1f3ff-200d-1faef-200d-1f469-1f3fd.png	2D/png/128/emoji_u1f469_1f3ff_200d_1faef_200d_1f469_1f3fd.png	15d205a3b7e61262292f29f00fb052f936878f33c2252ee4f2741ca86bc9fa21	6cd4be5b0a31161c54d13de9dd6fd9ec4970a32a8ddfdd2738cb40082ba3973b
1f469-1f3ff-200d-1faef-200d-1f469-1f3fe.png	2D/png/128/emoji_u1f469_1f3ff_200d_1faef_200d_1f469_1f3fe.png	80c8a7a033fa68662f7528ea9062ad788c8f398cfbb441ecfa5a88fbd379b30d	5683886acfeec8f59fe56dc3cfe3ce2345dbbda7b98b289493b616b20398643c
1f469-1f3ff-200d-2695.png	2D/png/128/emoji_u1f469_1f3ff_200d_2695.png	bfd1c6c5301683ecf0ebc6b6f94ffce08412f795fcaebc663de78b8a5bffa94e	2dc6c2dc0034a4d7c8fa300f0bfd819268af680365892156ec0b4ef1116c6a51
1f469-1f3ff-200d-2696.png	2D/png/128/emoji_u1f469_1f3ff_200d_2696.png	737cd953272593ff488f64d065d0007a671f45b67359152b7da887305a736497	8d2b9aedcd1782ec1cc6b3e5bf52c9646c6b5da7cee4ce60b4aeabaaab6b1973
1f469-1f3ff-200d-2708.png	2D/png/128/emoji_u1f469_1f3ff_200d_2708.png	18aeba2a6b4c906ad6d628e947b841693092eb70380d14eb9f89ef797f5bc725	3af8e0c283c53880c34b3eafdfcc6c559d0cbfdeeaf71ec0de08b1e7469310fe
1f469-1f3ff-200d-2764-200d-1f468-1f3fb.png	2D/png/128/emoji_u1f469_1f3ff_200d_2764_200d_1f468_1f3fb.png	2423c59180107e4b21fb88da347adce13d6410b002f0ebd23b7bee006d3033ac	4dac54f4f85fc935a4ae253e9a8a39718007b614d69304e1e9e20bfc774bc9e6
1f469-1f3ff-200d-2764-200d-1f468-1f3fc.png	2D/png/128/emoji_u1f469_1f3ff_200d_2764_200d_1f468_1f3fc.png	a86500d242fc140054cf2babf0a6fe80d2a74f8bbb0f9686b935e4576bddbcbd	2c36bb7c405cd3b2b83a8713c5170a6eaca48aa86dfe49b6f23db3c10c45c6bf
1f469-1f3ff-200d-2764-200d-1f468-1f3fd.png	2D/png/128/emoji_u1f469_1f3ff_200d_2764_200d_1f468_1f3fd.png	a0a37a49b9bb9c52c456353ae7f7f93e2b2f076f350a59b2229eb80714383a4c	d8f7a3bbb961a6adfd0ae9c12daddf3489b7ec5c538278760339ff4bed835eb0
1f469-1f3ff-200d-2764-200d-1f468-1f3fe.png	2D/png/128/emoji_u1f469_1f3ff_200d_2764_200d_1f468_1f3fe.png	56850423e77c35953169c32201540d983543339f3ead0af674d855ec98308b03	202141964b3c176574255bd288f7ef40cf3b9ce707e995555bad5111c2e09aaf
1f469-1f3ff-200d-2764-200d-1f468-1f3ff.png	2D/png/128/emoji_u1f469_1f3ff_200d_2764_200d_1f468_1f3ff.png	b4ee8101607542781af435c4bed58751b1c935045e65b6bf8ff014836318bcee	987448c41fb1d196d9214ab48a2da0cd73851aec417adf67b4e9fa6e9886cd44
1f469-1f3ff-200d-2764-200d-1f469-1f3fb.png	2D/png/128/emoji_u1f469_1f3ff_200d_2764_200d_1f469_1f3fb.png	d9aa52102ac5cb9609fd0c2990fbe73ed0ba5a58bd534709bb32968a8cba49b7	31300bd31b80eb65037cb50898ea9b44dfe2a731d343e4b790d75d3ca71add92
1f469-1f3ff-200d-2764-200d-1f469-1f3fc.png	2D/png/128/emoji_u1f469_1f3ff_200d_2764_200d_1f469_1f3fc.png	ee60dab718999a7d1c4b947e5a327e148f603bd9c413a48051513ed769978f97	1fca457ad1db257ae9ff6e909f35dba00074fd1306cf3ac5bafe188c16a809cf
1f469-1f3ff-200d-2764-200d-1f469-1f3fd.png	2D/png/128/emoji_u1f469_1f3ff_200d_2764_200d_1f469_1f3fd.png	e29bcfa4ebcbe3a45d63586d7298bc2d6a9c06b373093d793a4f10325e1cf243	d848cfd9037b2db83dfd3876dfdbbbd73fe7b294913d31e071dba900e50f7ca1
1f469-1f3ff-200d-2764-200d-1f469-1f3fe.png	2D/png/128/emoji_u1f469_1f3ff_200d_2764_200d_1f469_1f3fe.png	4809a6083e9630fc0dfbd41d00446f5bbb7e25823cb38d6ab3277a7adab8ac15	a1790690b682434ebfb14956acd2bb2e2f06e311fa404135c9a185e91358fb14
1f469-1f3ff-200d-2764-200d-1f469-1f3ff.png	2D/png/128/emoji_u1f469_1f3ff_200d_2764_200d_1f469_1f3ff.png	5781d758c65d7d5cac60ba6980833d90f23f30a806fa685cf661c71cfff8b881	9ca9cbbb61e38f3361947244f73762c3c3653a5c894dfe1ce20cb3e5431b0290
1f469-1f3ff-200d-2764-200d-1f48b-200d-1f468-1f3fb.png	2D/png/128/emoji_u1f469_1f3ff_200d_2764_200d_1f48b_200d_1f468_1f3fb.png	9885f6a15b8618922c611bb11f30a242f8771e12f30c66c07862b185bd85d966	7ec60ce2477a777b8c7e9884af82fe7cc79be888ee4a7009f96bf0111cee4593
1f469-1f3ff-200d-2764-200d-1f48b-200d-1f468-1f3fc.png	2D/png/128/emoji_u1f469_1f3ff_200d_2764_200d_1f48b_200d_1f468_1f3fc.png	a8b73bdbe689c722eef2caa4657bd0f729e2234cf47ebd44077012a56e5d328b	c59ac242900918fb58523dca5e6f375ea46fc0ba0eccee816bb7df747e20b4fc
1f469-1f3ff-200d-2764-200d-1f48b-200d-1f468-1f3fd.png	2D/png/128/emoji_u1f469_1f3ff_200d_2764_200d_1f48b_200d_1f468_1f3fd.png	765ac3eb710f300f091889b47b451d17bf8d051cc6bc58abe88f24b93276fd8d	945cb1dc8c739e006f04341a1b517f7786e4b79bdcbbecc6c332e0493b8a62a4
1f469-1f3ff-200d-2764-200d-1f48b-200d-1f468-1f3fe.png	2D/png/128/emoji_u1f469_1f3ff_200d_2764_200d_1f48b_200d_1f468_1f3fe.png	c700ce3f0d54ff065f13f0666535d8d8bc2bfbfd66d10893656398e52c70b412	7cf977d1152b9a67136abebeef3ab72566a93e6d5ffe4214dc68628017aa3f96
1f469-1f3ff-200d-2764-200d-1f48b-200d-1f468-1f3ff.png	2D/png/128/emoji_u1f469_1f3ff_200d_2764_200d_1f48b_200d_1f468_1f3ff.png	a6f65ae00fdeca76b835b4d4059913323e778b1a3be8366942c06fdb553fd18d	03aae32e77dd4c41a3543b6ad3e88af0b2386b3124e46a0a3f69d8fe1bedf81d
1f469-1f3ff-200d-2764-200d-1f48b-200d-1f469-1f3fb.png	2D/png/128/emoji_u1f469_1f3ff_200d_2764_200d_1f48b_200d_1f469_1f3fb.png	0c028dc289b0c5edcb83337728551cf1e79e55d5b2989f5c2693eedcf2b592ef	baade1a2446d8427391f9e608f85af0b7cbe14ef1f5b32f2d6cc68424656760b
1f469-1f3ff-200d-2764-200d-1f48b-200d-1f469-1f3fc.png	2D/png/128/emoji_u1f469_1f3ff_200d_2764_200d_1f48b_200d_1f469_1f3fc.png	5024078f0f9a628720fadb0ced15a8c10fe2862fce4b37f2baaaba1420339172	b00b26be3c19b80a2bdce66f9b66963357640846d06945011fc3409303259f9f
1f469-1f3ff-200d-2764-200d-1f48b-200d-1f469-1f3fd.png	2D/png/128/emoji_u1f469_1f3ff_200d_2764_200d_1f48b_200d_1f469_1f3fd.png	38f3f889a766e2cb3c577808d092bb59f1d98d12dcc4ac0b5c2cb873b2bf0a3e	ee3a4bfc8da6a43d2cbed3760678d961550bd483f4b1fe2c1a2b1a56881a8892
1f469-1f3ff-200d-2764-200d-1f48b-200d-1f469-1f3fe.png	2D/png/128/emoji_u1f469_1f3ff_200d_2764_200d_1f48b_200d_1f469_1f3fe.png	0eccf704bc746a808eaae2a279fc0aa8d36aa5095a6cb2e63334c24b9e9d8366	cdb93a303caa9738548a6f7dcc9097693041fb7b54e256308cb83de695ff9e0a
1f469-1f3ff-200d-2764-200d-1f48b-200d-1f469-1f3ff.png	2D/png/128/emoji_u1f469_1f3ff_200d_2764_200d_1f48b_200d_1f469_1f3ff.png	35dbfb4c653cb7c2ac043946f4826fd8c3628dc2306f8bd729e08fd29ffad84c	2ff6c8e541995b7551530c5ae22d31723efccdf4342de4050a5d2e9b7d2804ba
1f469-200d-1f33e.png	2D/png/128/emoji_u1f469_200d_1f33e.png	ea4a30801843e3a317884b78ff7649e5bcba39c5737f4b0b2df9c4f190c7eb72	01e53104b635f7fcfe132510c6ee5ebd7a7af9323d40586d99f2303d3c0bfd7c
1f469-200d-1f373.png	2D/png/128/emoji_u1f469_200d_1f373.png	39afb5d4e5e427c6cb78f1709a6da8f1aa3c8375f257e08d333a08d212171a4a	b4aadc93583d4d0379fba1d13ddf326d8cee8a710d62f3c3a32781596652bebe
1f469-200d-1f37c.png	2D/png/128/emoji_u1f469_200d_1f37c.png	d6b58634c58127952390846e501481f0e674dc294823486079b9652cfe0ce30d	852c5a9bf1374be411b5c76a76d154b977eb2e9304f75a83a3e12ac451ca15ce
1f469-200d-1f393.png	2D/png/128/emoji_u1f469_200d_1f393.png	70febe005a4fe2a535c2aa72e35c4c29d0fd65b6162fc1b3732247a77481a9ea	fb34959d2c5f692cf794702954bc55ae8759f4458012005deffc02c337fb4bfb
1f469-200d-1f3a4.png	2D/png/128/emoji_u1f469_200d_1f3a4.png	2babe2be189496712acb78609a155e9f0c81fe45516c8d6111fedc21d8bd8f23	5f1bef400c7fa23b1eb09b6db2f2ad77585d8a2268fd87feb13a49e194673a36
1f469-200d-1f3a8.png	2D/png/128/emoji_u1f469_200d_1f3a8.png	d5aaeb115c7fcbf498493e68f9390f51ff36dcd4a70f568a8c4286f5908b4d8f	8d1a2ab722adf255202ef98dd6b3c1c548b3f5d62fcea04b045b083473071730
1f469-200d-1f3eb.png	2D/png/128/emoji_u1f469_200d_1f3eb.png	cb99617af34a1ea9e29d4cde6cd2f66662aed83319a2a518809455143f789510	b64292972fda1cc060b6bcc591f0514b28fa2e5bd6d0f0f426140d7e7b52ff9e
1f469-200d-1f3ed.png	2D/png/128/emoji_u1f469_200d_1f3ed.png	80e4255c2cb5327c026e96db7a15aa95fa7a3a458da16720ccefa9703a287bc6	962d68b6d13bd471b427606c7fac20747d332c8469e80c21d4598cd235b0b0b6
1f469-200d-1f466.png	2D/png/128/emoji_u1f469_200d_1f466.png	1c28145604d20166393a9bb803dda213966e8155aebb1f4f41397d9c4cff6dcc	a89079a7a626ae8912f011d0c8bde9eb5c4e10e25b84fca43b9b7b83766f7170
1f469-200d-1f466-200d-1f466.png	2D/png/128/emoji_u1f469_200d_1f466_200d_1f466.png	3d16ed1e80c3504a4cc7bf50f7bc908d200cd027f71618cd82f007c019829a86	49e4743b134dafed6c30932773f7e6e7976eff465cb3782a173a00e91fabb6d7
1f469-200d-1f467.png	2D/png/128/emoji_u1f469_200d_1f467.png	2280c969c65f16c93484c7833ee2b4ada936c0d6e193933993ca3698207eb32f	062e80655980e7ad26fb3e2a5bc00c886989634de6a430bd75bb33f32edf4a8a
1f469-200d-1f467-200d-1f466.png	2D/png/128/emoji_u1f469_200d_1f467_200d_1f466.png	9e5b06b96fd3a15101274d8d13231b158f6173ede06eaa1689009178dc55ddd6	422015aa871b07213ddea81f46c5a3288668610149218e6eb33343ad10a21105
1f469-200d-1f467-200d-1f467.png	2D/png/128/emoji_u1f469_200d_1f467_200d_1f467.png	61fe7bf794f54344c3c88388ae4519295a774dd95815c79e6f59da98d27d0d5f	da9762f9afb676cbbfebcd8c66b316ff9e66692a0b8ab6643f8c3ae9d1271091
1f469-200d-1f469-200d-1f466.png	2D/png/128/emoji_u1f469_200d_1f469_200d_1f466.png	c05de4a69cc38ac271dcdfec74ced48d95a4e76da1ef471ba7f5805e1efd0a5e	032b2e4e6a486e32cb885f56da3bc6313720eaa73d4db4dc43ac25a1723e5e49
1f469-200d-1f469-200d-1f466-200d-1f466.png	2D/png/128/emoji_u1f469_200d_1f469_200d_1f466_200d_1f466.png	b2cb26e0d35fa07fbee16266fea8e65649f73f956e483d13e219e0867b1f6b03	e0b1e51e71aa0d4c4f5ef7ad9fd613d73571a0774061a6ee5f483358792e4dfd
1f469-200d-1f469-200d-1f467.png	2D/png/128/emoji_u1f469_200d_1f469_200d_1f467.png	4f1837024fd0daed56d7b847ca76b0765ae9f6b1bc5b5befd7846aaddb00aad0	0d328a1a97c13abe9f826d1df32898e8b1a22f3851a307c4589996a674583afc
1f469-200d-1f469-200d-1f467-200d-1f466.png	2D/png/128/emoji_u1f469_200d_1f469_200d_1f467_200d_1f466.png	d3d2c391ce2fa8672ff45d467a2f246eda7526341042020bc445838f8d035805	086992a78d5b2f25711d7842d234612bbeee35c5a7abfa0caf80724547e95167
1f469-200d-1f469-200d-1f467-200d-1f467.png	2D/png/128/emoji_u1f469_200d_1f469_200d_1f467_200d_1f467.png	68607be0ffcd3ea2cafb279468f29289303c3c5ab54342281f22c571c591af35	1f29f26ea69b7cebb4fe0526e6be7927054bec2499b991e95c80b634c7e01290
1f469-200d-1f4bb.png	2D/png/128/emoji_u1f469_200d_1f4bb.png	76efa0b50bb60f076a937469c0824ec09055bfe89ab1660cdeae5977478b7e43	b1009f05a08fbc994548983fadbee13397137c5a788decccc2e2a5cbd5cf62e5
1f469-200d-1f4bc.png	2D/png/128/emoji_u1f469_200d_1f4bc.png	1a3f6d37b7b073adb6925b03db13a6e2511b1bd8e516df7a59917a3897f55089	a8e25b9a5eebc5528b02d0e498fc93ff1654225ea091bf4bf857dc0391382dd4
1f469-200d-1f527.png	2D/png/128/emoji_u1f469_200d_1f527.png	2f07ee0a2561fa0fd369d046d16f8339252a1478d0c8ac1f62934ebc4327f00e	a0cb6d98a36394714f06041eb66d4364f40d65c88bcf06154ae4fd055de9ca7d
1f469-200d-1f52c.png	2D/png/128/emoji_u1f469_200d_1f52c.png	0fc2b78fec68bae46cda9447c4681c83a99afd3153f09fbb47bea23a5849f4ef	44697743ea537291f0136d0c205e8b5560fdc17c44fea0a0990efe84d9cae922
1f469-200d-1f680.png	2D/png/128/emoji_u1f469_200d_1f680.png	5121572c52ea0ca5e5b92a92245d17623d4a22117347d5031251ca7131ab2405	ee4b47e02c38dbad88678dce2b7c6e3309378a63d1823b45e60188c4da78f2ef
1f469-200d-1f692.png	2D/png/128/emoji_u1f469_200d_1f692.png	8edf432a48e351446836e1eb15e048279e90bb6bbe01dfe4c36420a6037d121c	79554641521874d964a39258d73acb3d17dac6ef075e83a20b2baf95d7293407
1f469-200d-1f9af.png	2D/png/128/emoji_u1f469_200d_1f9af.png	86fbadeae4e4d0698e04f2be375df9b906f93a104bb10608e16eea11ecf227c8	f4dfed1410be13bba0495b59d52d10ec6bdd7a9578c7a62512b4d6f9173bf2f4
1f469-200d-1f9af-200d-27a1.png	2D/png/128/emoji_u1f469_200d_1f9af_200d_27a1.png	5c1e574955080066f914d37ff3078e727cd1e6028bfcfd4722c7bfcf79b2452f	550f3ffe4aa4ee7c47cf6aff7b8f7526fff85de537f8f396417b0cd5fe5eb370
1f469-200d-1f9b0.png	2D/png/128/emoji_u1f469_200d_1f9b0.png	098c815209e370ae2fbabd450e6f905547811b58de342ab15d786d7e0a19b136	04948dac80e966d8a3abe6695624234ed0ada78d7f03bd42667e402aeb031381
1f469-200d-1f9b1.png	2D/png/128/emoji_u1f469_200d_1f9b1.png	425865596eb5285e309b2382124e01cfa91c288dc28ea9aa5ba290c2286d1d9b	b5ef08c2dfd3207ac3e6631768e1850e0ca9fe633b260adc2077365fd3b6a599
1f469-200d-1f9b2.png	2D/png/128/emoji_u1f469_200d_1f9b2.png	9fe8a80083c0d56609f028a37689fcf18e0c7e96b49712b22d73c89db51656e7	696c304a636e00105993487a6987c22536e7668c40dee9c8f2aafdd4db7eded2
1f469-200d-1f9b3.png	2D/png/128/emoji_u1f469_200d_1f9b3.png	5429d2fe806611fe9fdbc93b6423f79bd2e48f5e9f6d71fe88edd03e85c33975	3ae079734579317b673ba9159ec19d4c7ea8f843dc349cb5ac837f28d1c6e572
1f469-200d-1f9bc.png	2D/png/128/emoji_u1f469_200d_1f9bc.png	b1f89b464714726ea3dd20a5ac4ae7b6856948401012aba2d35057c11e221d24	f2624e38c52c0b1184ce8fd21e55e6ebb6ae032d24e6d9a743c5ed0549d95ff7
1f469-200d-1f9bc-200d-27a1.png	2D/png/128/emoji_u1f469_200d_1f9bc_200d_27a1.png	15d8e3daeb47db89cb5241e7ed1df0fd2e59fce2e129d41398f1fbf94687aa06	dbaf546ce81861876387fbbcf8168687baf1a8bbed623a4615a6401f5b0b797a
1f469-200d-1f9bd.png	2D/png/128/emoji_u1f469_200d_1f9bd.png	540e0470678ecfed6f81ea122a3d55f80b29997d126222e3919ddd17690d0cb6	6718c900e0afe58865a1f771847cf6017bc12f1d6e1e8fc14b238fc4ee2d1295
1f469-200d-1f9bd-200d-27a1.png	2D/png/128/emoji_u1f469_200d_1f9bd_200d_27a1.png	05eafe0b3f23402c7e08b268b2cc0ebafde1d2185917a4582c805c395229136d	ca83bb3cb262ce578a9db3b21100f61ac46d1d190b40fcf4c00f92934fbbc1d3
1f469-200d-2695.png	2D/png/128/emoji_u1f469_200d_2695.png	99970663ef9e2c1840d2eaef6b31162a6e7f438e619e4a267a6dcc31f824ea1c	99719de8bd0be1256719dd189ac7a2f915fb7e1b0ace9a3c8afd09354ee4cbba
1f469-200d-2696.png	2D/png/128/emoji_u1f469_200d_2696.png	e7e7ebd75575b11c35233b1e44f5f9de639819773bb67d57d79e4fe31c982d22	ec508d5037be5ea240bd8d832587add94994b6e69a24d05211220c7d6efbb91a
1f469-200d-2708.png	2D/png/128/emoji_u1f469_200d_2708.png	1b7053f8a5973e9a06ee30e1eec0a508895fe33f300d03700f9bab07d094c68d	6957df7d3dd9d92f9679c20e9c77ba7079cea3c1de6eea49b6bdb7a9876f29b9
1f469-200d-2764-200d-1f468.png	2D/png/128/emoji_u1f469_200d_2764_200d_1f468.png	f9d5ddd5f674ddad45d65a7bf0858733c46b8ed03b1c195dff7df6ef5aa229c6	d3bf7c6ae5dc20e54019d395be45367fa9b15fc6042d9f6552d97f410a9c2796
1f469-200d-2764-200d-1f469.png	2D/png/128/emoji_u1f469_200d_2764_200d_1f469.png	093a9d8cc0a51fef046069ce96ab264a8dd94a54b1623e0c260aad2ea2a65223	ae0f87cb513f8996880f3cacc141af6343e7a7b5b503a5588ad32564d089608e
1f469-200d-2764-200d-1f48b-200d-1f468.png	2D/png/128/emoji_u1f469_200d_2764_200d_1f48b_200d_1f468.png	6d9c1c0c30e55092e6b2ccd91c52ced8dacd193f1680ba7aebeac9bde57c7c88	5e51a38aed939e9d7f70a8970b97810d05bf1f381fcb8029c9632ad42960756c
1f469-200d-2764-200d-1f48b-200d-1f469.png	2D/png/128/emoji_u1f469_200d_2764_200d_1f48b_200d_1f469.png	eb04e13d221009b46b940b60f46fc6e499fb30fad64d62402fcbdbec772a608a	d216b77b651b7ac80c191df9211863004f68167163a8f39f7b18cdbfae1f8d97
1f46a.png	2D/png/128/emoji_u1f46a.png	b7db9a220a643d0f893e36c20b2dd57c8b63c00e9b8d1f57903b9aed544d0310	e236380ae602c8e88b51b73a681e7aee7029586ac18a7a7a75e4cf773e712736
1f46b.png	2D/png/128/emoji_u1f46b.png	ec6a71274af5fb64817e8d3a0d8a9d2d8d8a7dd69ba913a9b7abc51624c5d357	6d4c3720fa2b9aff68af19604108548fb84a21349c0216a0c42bf27d517ad9e1
1f46b-1f3fb.png	2D/png/128/emoji_u1f46b_1f3fb.png	87b127726f85af4ec38ea7f723099f0a45f30aafa3978a33805bd166cafa2367	f7de3cfde0377ffe065947e035caabf6a8e7233410d12d3f0f668ebfabfbc9f6
1f46b-1f3fc.png	2D/png/128/emoji_u1f46b_1f3fc.png	fc89d056c33aefbc364a5daf8d37fd7c542a728da47a5fc9c90539b9f0ecae97	c68789cd5fd647ba5494142dfb14decefbcdb1351277d8b8dd92334e666f5b31
1f46b-1f3fd.png	2D/png/128/emoji_u1f46b_1f3fd.png	f96ffe5962e92d7c0c8525e9a2ac1db22aaadb7b8b1bd8f2d3775afcd833ff97	f3fb5bd32717096fbd9f1813b40babc56f2bb496a0dc07a46bc000e5e358d909
1f46b-1f3fe.png	2D/png/128/emoji_u1f46b_1f3fe.png	b950f835b2bcdebda2726618170bdfa61a199411eafc7007ac2e05e5face97de	78d90f9650eebb82f3f01871518e47dbb47ca54814de37cc5de9b627f4861961
1f46b-1f3ff.png	2D/png/128/emoji_u1f46b_1f3ff.png	5890b2a345ebabbdf9b02e9c78e1a30c3b4be96dbb5387aa542928e767fdc64d	b53d14c430a562c017682a768ec8c080b48057d24e3095d954a14ba3a42ea0ac
1f46c.png	2D/png/128/emoji_u1f46c.png	ba5b60368af4c1f8353d4fd29a47cf369f664eb5d7e4589cc4fca108fa2adca5	674811dd509f88e9571176b5074faeb815ff52020e923958ba239ab3714b49ac
1f46c-1f3fb.png	2D/png/128/emoji_u1f46c_1f3fb.png	3aa6612c70f2a5c250fea81463fa9f4d139825fdb6f3f892240593cc122be9ff	d35018906d29b66549bada1a669a96ed9baae2ab70911376a4e49ba9528dd3a7
1f46c-1f3fc.png	2D/png/128/emoji_u1f46c_1f3fc.png	b7485548a0fa14b19bbed844315f3977561d41f62bc5a410e0603f49f4a765b9	1df74fc3247250d4f0c25640f6a89e2987b849d5a39f89e45b70a5a5b7b69776
1f46c-1f3fd.png	2D/png/128/emoji_u1f46c_1f3fd.png	6062774235a35dde3b1dcd41b53dad8e3ae9c299399af360ff236edd6a68d6c8	07677f4ce4f093121c054370bcf6d05c2e2cd3947bc97fa908da053ee2e60e7d
1f46c-1f3fe.png	2D/png/128/emoji_u1f46c_1f3fe.png	f1b155c7200623a1618c3ec9c9a65646f22d33c2ba462366633cc16c02092b6f	74f883dc1f39089122197c3fbf69719ca2de023d47e4ec801d17b1dc4cf55ffb
1f46c-1f3ff.png	2D/png/128/emoji_u1f46c_1f3ff.png	a8e75237af3dd4baf6183efdfefaad8d88aa75be1bcdcf3836fcfd034ee9af21	44aeac9aac3506d984d26010237437737d04389f5096ba643f9a752a570ac017
1f46d.png	2D/png/128/emoji_u1f46d.png	e7ef7781dfe193ddbc7b12c78753bbb113ed554265c3c6f4b8822e6c2dd9ae22	aeaa2fd425e847b72e978f0524d0c42ec368409a534126cf994f88585abc030d
1f46d-1f3fb.png	2D/png/128/emoji_u1f46d_1f3fb.png	e4d878a3e3fae965eb43dd6ff74a1e6550ee532346d4e3eb5f2f35fcc4c7f7d4	a1db9df4f73431f486033952cca0c69371f7d051a72e176829953ddd0e6cbbb8
1f46d-1f3fc.png	2D/png/128/emoji_u1f46d_1f3fc.png	3f7e6369b19f64ea640f4d5745b5f13150d1386f6c00bc0cb824819091e2d394	f5395c3f57d2b6edbce9c2f776914fda54679432d7b633e4c48d8352068647ba
1f46d-1f3fd.png	2D/png/128/emoji_u1f46d_1f3fd.png	b1b70b9a460c0c841eca3ccbf458b8a37df60bdfda299d022114de6671ff6dfb	6dd8d08e6e25b40b35cd8d51d50374c672251bb79bbb171f760b67b776201cee
1f46d-1f3fe.png	2D/png/128/emoji_u1f46d_1f3fe.png	b82df83f9f8b390bf6bb8237fc3b9e76343c11bca5152cba166b3328ab186bb2	44a660710a2739c2a6d4aa3bdeff023afb8924d19e1f05163137121f7f7bb038
1f46d-1f3ff.png	2D/png/128/emoji_u1f46d_1f3ff.png	9130ff67ed0cfc1cda5584dcea581c9971dab84c02f230ff872f5b99b0d9fb27	1184d2888bb8900f7ea36092280d72c68f6ff3f275a87eef4558b2a4466ceff8
1f46e.png	2D/png/128/emoji_u1f46e.png	f5477a069b870ebada8d97e1ff4c1e4bc9e30e320baab1ed71708f9ff1afa445	e456246dbf1b043f6aca3725b6a90ef8b35ed262d5d76c3d42eb2551c09fc12f
1f46e-1f3fb.png	2D/png/128/emoji_u1f46e_1f3fb.png	4488e473f2bea7561f2e330ea3cf516907e9b7b7c9e8414a05966bf462747ee1	89317cbadfb6310a450f9c3c11bf8172cd610a574dd154a596ebaf0d123f0af6
1f46e-1f3fb-200d-2640.png	2D/png/128/emoji_u1f46e_1f3fb_200d_2640.png	f3ea468d8e02d5a86296594af15b6509bba639b159b0576ed148cc9a0f26ffe5	647e21d7683ec1388725d9b1f58ef121a4671182d29a7169dcd23e98eefca9a5
1f46e-1f3fb-200d-2642.png	2D/png/128/emoji_u1f46e_1f3fb_200d_2642.png	9d5622aedb9be3a5e9c5760e661ce5c6424169d6cb74269271043758bc973081	694f2b62df6b8c6836a464a6f6c40712b2116bbc6a1b48557d4e6c5209594e0e
1f46e-1f3fc.png	2D/png/128/emoji_u1f46e_1f3fc.png	f9ee0da98bd82e6f57a98eac5cebad2c3f5f246b3bdde2f9eac8c43de3839bb9	49341e895e4ef08b0b4b78c7cb215cd85f7b6da607364956e377688b75a68ad5
1f46e-1f3fc-200d-2640.png	2D/png/128/emoji_u1f46e_1f3fc_200d_2640.png	7d50e75c92a53fd63c2936d206d60ee53ac456e884a93165718cf37ddda8f123	1b8749a772b2bbd4b32b3995031940e0657840ea303a7f5d44bae3a1045d4043
1f46e-1f3fc-200d-2642.png	2D/png/128/emoji_u1f46e_1f3fc_200d_2642.png	8b1e8611f5291d16fa29d9aab3ebfccdb65f9a5c7fd1d5d6c47b724d2567d557	c9b5c7ff92374213308c78c0135527f013fcd79d945b235b147a54b16d42025a
1f46e-1f3fd.png	2D/png/128/emoji_u1f46e_1f3fd.png	25bd0c31622c9f45915a15ee3e71bfdbf3171570b767e768832d5882863826e3	673ae8a372f20305286ad31efac902675f239a212117066d45aaf5cc97505049
1f46e-1f3fd-200d-2640.png	2D/png/128/emoji_u1f46e_1f3fd_200d_2640.png	8229bf2ee3ab891a41f76f6dd448dd8f29178e035a26ba55cc0f32a778e21ae9	ccf0ac26ed036513c3ac9160651a5dd012b345321786ea3ecc99ef5906999f30
1f46e-1f3fd-200d-2642.png	2D/png/128/emoji_u1f46e_1f3fd_200d_2642.png	ea520fc84acaf739467290e5201cb550e62c04f0bd059af5983b615b27cd12a6	540852bdb4e6c536de20607bedeb206486e5cdf47eedf3f6575fb44b864803c6
1f46e-1f3fe.png	2D/png/128/emoji_u1f46e_1f3fe.png	61cc63ff1eaa148d45f7a4ce336a6156a6156627aec120e18f7da489d3f57b2d	b19a4a871ddd0db0598cadcb15b5fc8bd62e60091536f4b996c3a60b3d2ac825
1f46e-1f3fe-200d-2640.png	2D/png/128/emoji_u1f46e_1f3fe_200d_2640.png	71c94907650d3214157f8082923a742ce5ac7fdbe930b6cc96128437323931df	682d36212a9cdb0b311c412def5acaa136a847f730e3a3febe4b66b602c115ba
1f46e-1f3fe-200d-2642.png	2D/png/128/emoji_u1f46e_1f3fe_200d_2642.png	bf0b0431712442a112d7c2b3d59ba000d490ed4747d8aea21265f4923046e450	cb49ac22f6b102028ca6049048da7f1f817f5167cf5a0163ccf8a440dbea9d72
1f46e-1f3ff.png	2D/png/128/emoji_u1f46e_1f3ff.png	62ece8ca57f5ed8188c1e3b6a24441774281e9035c3e602a353cb46b5fe73df4	fc8c5c1c92fdb4fc41e6cfd3360b8ad30f866aee0c685ac8560976f42d1df982
1f46e-1f3ff-200d-2640.png	2D/png/128/emoji_u1f46e_1f3ff_200d_2640.png	f7cf67467f7eb1304d49c3efcbbbedb9e4609f1fea19e83ca8ffade494d97f5c	27af60e5b01f428e38c73a27e70c17025c6ad388f963125cc74971241c6be1d8
1f46e-1f3ff-200d-2642.png	2D/png/128/emoji_u1f46e_1f3ff_200d_2642.png	f711cb9c0608563eab001b11653e93ee65d83d38ff6240c569c2dee6ca0560fc	43c93894d376c3cc89cb808595769a112c353200551469c1b4a779a5e98e98b1
1f46e-200d-2640.png	2D/png/128/emoji_u1f46e_200d_2640.png	787b1e58f8414ffcf621e9fad9435f23f99f42618685776e7687269a8fc35ff4	379e98ec356e90a3be251709c2cc71e0b5d6fd0f7108d2bdc19c1d2b7a798f1c
1f46e-200d-2642.png	2D/png/128/emoji_u1f46e_200d_2642.png	acbdbe400f1b2508f03bc4ddd97a52bf6f6f2bdd157ff0966635ed97798e742c	404499e08b43f755cc184341115299fa895e2811ac8941525a32ad71ed2284f1
1f46f.png	2D/png/128/emoji_u1f46f.png	3ef77d19d0dc92a45d52e4075640ae9ea8a158b12099861272b4b815ed29ecb6	56045e4f7fb12f31680cd42951ded6b3e28d0c47447a16e0860da1c704c8608d
1f46f-1f3fb.png	2D/png/128/emoji_u1f46f_1f3fb.png	7bba9f2bebcc8eaa4cba1b1e6c71a3a6bf2b2b55ee3ae1e5a5057be5804d2219	ae186a2d5d3f394ba6b95b95a3b7b523101a96cb96520e183510221708818803
1f46f-1f3fb-200d-2640.png	2D/png/128/emoji_u1f46f_1f3fb_200d_2640.png	42ec17091db37ad29cff81a4b857bd78f5becf1613deaae163c256cd668e5c60	67f4d558e8df23d80c2b1e3d1dad69aba53f8a92781f133dd5584b4985d12927
1f46f-1f3fb-200d-2642.png	2D/png/128/emoji_u1f46f_1f3fb_200d_2642.png	808266048d0058ede1c06d9ae813ff8443aa885acc3255b652b11c20f32eaadd	0f32a8ae8dc451e870f3c783ea40b69417f6d32da4d586eb322c7e093b5965da
1f46f-1f3fc.png	2D/png/128/emoji_u1f46f_1f3fc.png	2b0e00ed34d885b8dd8b4817624136bbd7a9897d382d99a57d2ee20cd5ca7240	cd31805ffe185fc2c3d42d5d46ffac274e06b47b0cf1fbcca8a086cfb317881e
1f46f-1f3fc-200d-2640.png	2D/png/128/emoji_u1f46f_1f3fc_200d_2640.png	b6a135ec5ac4a0d545b1619745b8f11038c307e5ba71825578e4e5a9c2491dc3	7ffa167d04e579a969dd3229a0b6aea62d34e33a046dad54b17ff04b71bd77cc
1f46f-1f3fc-200d-2642.png	2D/png/128/emoji_u1f46f_1f3fc_200d_2642.png	60af51d34a07830ec15e173a172aec7e0e30e076711f1c481a486ee5105c54b3	46f6d82a656bdf8aa7418ad32f66bf60f8b3ac58ee4434af0806aac3b376e57a
1f46f-1f3fd.png	2D/png/128/emoji_u1f46f_1f3fd.png	238813085624a8fbd37ec1a0bcf5d1bad6b33e82ef08962ac1c2fff17c195dea	18c4b0a7994ae5a34293ea0d32bea29f7f110ec696f1acac3d07aa49bf0efe3a
1f46f-1f3fd-200d-2640.png	2D/png/128/emoji_u1f46f_1f3fd_200d_2640.png	a1a9832491bbd943b2f0e1f954668489389319d819284be8a4c2ca104af2da5e	a50706feceafb807bc6506279b8bb167c83134d374a04c5970f67a891a7fbc63
1f46f-1f3fd-200d-2642.png	2D/png/128/emoji_u1f46f_1f3fd_200d_2642.png	acfd182d41c2e7de8b89f26901d32e3fea5338e86082cf0ad78047c07febe0ae	6b12440e0c30f1a5b008099e4e6952de5d6ad2cc91893bb9a16116645c88be9b
1f46f-1f3fe.png	2D/png/128/emoji_u1f46f_1f3fe.png	73fc71601db42564b5f06bb90a2830ce9a46abcb5f3f865cfda752b891728251	20bf5232d7cbfdbcf5954ef7bbd22ac0d2bcdc1079558615ce5c2c82f8d919bd
1f46f-1f3fe-200d-2640.png	2D/png/128/emoji_u1f46f_1f3fe_200d_2640.png	e4f73c1eb1c0d8c2431d7ac39563fd4fff22048eafd675661f393361959ede9e	ead985e0da3105cc2de2d4a962d90b206fe81f79cb51d7e60a3b8fbac08a8642
1f46f-1f3fe-200d-2642.png	2D/png/128/emoji_u1f46f_1f3fe_200d_2642.png	ca71bff8d6709d2fd18d8297251107c4b43d35ed806aad0f083892c3b3757a2b	66ba64fb50fbf695279131ea85586ce774b5d0ee6ecec61fa478a7f90cd9de44
1f46f-1f3ff.png	2D/png/128/emoji_u1f46f_1f3ff.png	85dae84394007ea707aa052a3fbb7becc4d03702da7ae26457cbd06899b37929	8db1ab2da8a20ff56c0777eea15fd987d9995743c8234049f4d095bafe91aabb
1f46f-1f3ff-200d-2640.png	2D/png/128/emoji_u1f46f_1f3ff_200d_2640.png	9c1c9b6e8b2b2bde9d173ad6c2ad7b2cc6a0c328a30816d061d13d29eb844c49	fe7637a06fa6053b0fb302a903e23e3aad8bfef4ffedeaf7c1f1da2aef651331
1f46f-1f3ff-200d-2642.png	2D/png/128/emoji_u1f46f_1f3ff_200d_2642.png	69d1b9cf96eb6a95cfec2750c5d7bc60e773b95e44cadeb7223f8b15671fc5f5	091b5f8ee66871569f359d7083074fdd86a465e35d0e02d49862b58cf5d31938
1f46f-200d-2640.png	2D/png/128/emoji_u1f46f_200d_2640.png	d21aea847ce80c03a117ac55ad9d83eca4b978c603fe1e74fa68284ac9f8b0d2	e8c986261d91dd5d8e75a781da428181ef5d3e98dfe4b4724e5153dd6a039da7
1f46f-200d-2642.png	2D/png/128/emoji_u1f46f_200d_2642.png	a331d3a2d9cf57fd5655ae43ea38f3617d9e335c41d72fc56b897f30ef856e5d	4a3cef2ddb6d883983c6b3ada592a307374e80289c149daf35d4091beaa37848
1f470.png	2D/png/128/emoji_u1f470.png	8ec569809f6aab96e6b4d59c1d4de7568d42ab882349bbdb5f10d40b16cb82e3	db586de6f6be49f319f87a1ad3c4dc2d95971909d424c7e9caaa65a60089e91e
1f470-1f3fb.png	2D/png/128/emoji_u1f470_1f3fb.png	b4110151b03628b32d2bfd7a732bd841998ed5b6af30822c4e9142150b594634	ee207b74587e25f8625147572aa46b008aa94dc7bf28fe2074b4be7347b17be4
1f470-1f3fb-200d-2640.png	2D/png/128/emoji_u1f470_1f3fb_200d_2640.png	f7e33ef0d6d88d6a2217bb0078363fa6ee0616dcfbc002ba377a6668370e522a	5958b6f6d1cab4f914bb5bf44544d7a3818e64b70b9dffe51f904f206fd537e8
1f470-1f3fb-200d-2642.png	2D/png/128/emoji_u1f470_1f3fb_200d_2642.png	c83036c12b8d975dabf663cc0dbb2fce6d4e7cf11986b6f4fead33d56715ee03	5801975a880c2407e6a5d90e55560563f981259dcacdcdc5759d04ff73a6f2a4
1f470-1f3fc.png	2D/png/128/emoji_u1f470_1f3fc.png	39d15df67a0a824cc3e1d3a90dd2749b7730ab41aa65c3840dd736eef18a537d	62ade6b6032358d264686dc60530f786a84d8edf197863404b3b121df3c81c37
1f470-1f3fc-200d-2640.png	2D/png/128/emoji_u1f470_1f3fc_200d_2640.png	24c2d4254f0a467c08ee1b20f4177702abdf95a6a0e677a6f6d346af2fa0c989	bcdffec7b2adb5bface4562a331fd07ed58b980f74ab62304546730eee8bf376
1f470-1f3fc-200d-2642.png	2D/png/128/emoji_u1f470_1f3fc_200d_2642.png	6685a86d09fab06ed0a4be820bdc6f70379512a8a085e167e770d622156fa6c2	fefb33cc2e614fd60b0f906f46396e8737ac936d587eefd601357695608bd86b
1f470-1f3fd.png	2D/png/128/emoji_u1f470_1f3fd.png	4ce5a5226296fe485aea7338e54c3884f77132ddf8cc87133f1d0be6936bf370	1f92b2a9a71989e884bb6579faf702e6f357678d00718d65c5be5eff0f6ccf92
1f470-1f3fd-200d-2640.png	2D/png/128/emoji_u1f470_1f3fd_200d_2640.png	6ce3c80e55c6faf6ca06dc5a70f9db5955d3149aa1ce7e744a9bf6eff212a5aa	3f888341161c0380defdb3fbf5835260488996c0f9042abbfbb24c1f75e8c346
1f470-1f3fd-200d-2642.png	2D/png/128/emoji_u1f470_1f3fd_200d_2642.png	b9c636c454871b9e6b9eedea99a6e7024e31c95290518b46516d95e717489269	db0ecf910da967e0d822bf5688a9ece40e69f31e740b0bf2f84c90c2fed456dd
1f470-1f3fe.png	2D/png/128/emoji_u1f470_1f3fe.png	72e7413913fa5f028880a8a3f75d280b6058fdd13d01456e37921da4977e2eb3	4f90679e5c12aaa0e175d3843116532846e4c9613df6115b7697d31d86e4c5e0
1f470-1f3fe-200d-2640.png	2D/png/128/emoji_u1f470_1f3fe_200d_2640.png	827cf025f2e964c85a10e3bec6501974d9936a89250d74ff937a91613ec15450	e7b05f0d3a4422ad341ddd05d5ed82a4869a6450ecc2695d87dc955112d42d26
1f470-1f3fe-200d-2642.png	2D/png/128/emoji_u1f470_1f3fe_200d_2642.png	452bdf922465cdd22e4889fee43ffeea95752905717d4a635bcba535c3fc7ba7	c563b28d761061c12ab64b77a4970bb2c3ce0f8f4e0e89867ef719bceb83802f
1f470-1f3ff.png	2D/png/128/emoji_u1f470_1f3ff.png	2c65c782992b44165fa9aae24cd5321912bdd24d269b4634c0c9cc5733cf486a	6363cb20faa78244400192085aa769aff8d8a244004ce3bab1843458f4af7130
1f470-1f3ff-200d-2640.png	2D/png/128/emoji_u1f470_1f3ff_200d_2640.png	fc5b72dbb3db6f22d4cab13bd39418fcec62c251365e95271f072e493449852d	e25bcb897d606242f5f7df5f24aeaa7e1ef4f293d64b40e6d653ab9ff5f14230
1f470-1f3ff-200d-2642.png	2D/png/128/emoji_u1f470_1f3ff_200d_2642.png	4e7391daf7c7e2ebe4d574ef3e33ba7a785b6c43613f57156b080fffa0cad426	44aca187dd950c2d1c00c7b223adae1de53fa16a8f7da13bc3e8157877ce4b67
1f470-200d-2640.png	2D/png/128/emoji_u1f470_200d_2640.png	8d7e9fa6458973188a39c012d0889bf53edb7f8053656526a7bfc8a33213a011	0c1eac6b70d541ab35e03027c566976378262d65cc7bf23cb9c89a3124caab6a
1f470-200d-2642.png	2D/png/128/emoji_u1f470_200d_2642.png	407a597e9d46ab9100e8b21741105942c5bb08f7cdf25ca258085ba676812ccd	38ce5bdc7505732a97888d71cc2eee78aabfaf3409d05d20894e56b41798d91d
1f471.png	2D/png/128/emoji_u1f471.png	81605376f10b04f351bad0745d347ef57fd21f2379026857fa3d682c6783ae8e	2757b971beba5a2d6fd92aea03b7bea45a15f31301bf7c110a7d191c122cd6fe
1f471-1f3fb.png	2D/png/128/emoji_u1f471_1f3fb.png	1436e62f062eefc6c35e5eb92a622007d36b535040c63df37e99d05a28706ff9	52b760bc641e88722037a6b244c15e4578d92d2e6e51ac95dd341eb4abb519c1
1f471-1f3fb-200d-2640.png	2D/png/128/emoji_u1f471_1f3fb_200d_2640.png	a7a741467c923dbbb9b18eb8f0756e11a4143f7f4bfb32ebf9fe86f3392c5244	a50bfbf3a0a34fd33af7b14d5075d0af85c427a61adac640b73c1c3c6b3d0ad0
1f471-1f3fb-200d-2642.png	2D/png/128/emoji_u1f471_1f3fb_200d_2642.png	ea4cb88fc61430b63d1baf7e14425d02ecdfaf0052ce9749e1f592041c1899bb	88448a57b59f53c51b808a5f70b13e601cdb44107c62c726a961edb32090a6aa
1f471-1f3fc.png	2D/png/128/emoji_u1f471_1f3fc.png	c8f3603cd332106d6c71e60006eab490bca11d208a0a0f161d9493e455ffc18c	681219a2c6874b97b9120ebc754165299abff40e868372658e1bac2448626b15
1f471-1f3fc-200d-2640.png	2D/png/128/emoji_u1f471_1f3fc_200d_2640.png	b1469abe62f4e8827290d33c7a5d4eab4a5e3f7caa9b5c4da0b6686537c05979	8562e43f1067e9613049a4460fc42e3a0743b00aad5653bc2d350ecc945f89ed
1f471-1f3fc-200d-2642.png	2D/png/128/emoji_u1f471_1f3fc_200d_2642.png	4687a49c464ffcbc46b580d3ca023b3ef5d01618bdf3f4086e04eb6b947e6499	a6b352dc25381c7a00f2512056623ddbb970f688a4a8fa6dc74e6bb7f7068dee
1f471-1f3fd.png	2D/png/128/emoji_u1f471_1f3fd.png	f583f5a6f2f16018507a0ef102ac210002ab4f99c8ebe9f837730ea7200b17cb	ea4619ca88a388ce436b3efaa36d3256beb3d6ddfedf625d1153a11f74ba1880
1f471-1f3fd-200d-2640.png	2D/png/128/emoji_u1f471_1f3fd_200d_2640.png	6a192b9290a3e8bbf2406c1a9fedb6022d579189a0865e320b0a356ec36fc0a6	1801ae8b482d9826c6fe2633f5062cac3e77192820e98d1d188520ff7422d173
1f471-1f3fd-200d-2642.png	2D/png/128/emoji_u1f471_1f3fd_200d_2642.png	c9158bbd399865f3af1e9ec8729a6b4d3e09c2b7ce304b60e36e4900a3f07f3e	f036075d292fbedfd96501155ff8ea1bbb1a1f8753797e632f2b83e35b30b372
1f471-1f3fe.png	2D/png/128/emoji_u1f471_1f3fe.png	724e483d5cd21c9c6bf9df7db822d40642f9a559b2c509096ce94700971a115b	80def89036016beeec60c9e0aea9c2fef0a1530775c0a7e2ab39ce49c7bbccc5
1f471-1f3fe-200d-2640.png	2D/png/128/emoji_u1f471_1f3fe_200d_2640.png	04679ff507b9d424501a8d435dfbb58a082ad609646685390b30335d7641df0e	638c37ccdc3fa25b7e19f845632106f80369794c70793264ed19b1c8ea0898bd
1f471-1f3fe-200d-2642.png	2D/png/128/emoji_u1f471_1f3fe_200d_2642.png	19ec78e452b1e700d7ffb37af2a12c261947dc17ca900c621b2e0270ea586203	25429afa840fab69eaeee5d0b942fc73e4a05c4b4378ed12e2a32d44a0ed8884
1f471-1f3ff.png	2D/png/128/emoji_u1f471_1f3ff.png	71241410fff4cec40f556b6cfdb32c314c6041a6d19efc1f858922fd141893e8	35ce6f4905b427a796f1f1dfdefb2c8d656175fb99c2d2d960120c720f0aed0b
1f471-1f3ff-200d-2640.png	2D/png/128/emoji_u1f471_1f3ff_200d_2640.png	4f741068c001c4e1350f3e9690baae93a1bdd4bb4260d226888bee691e32a6c5	8bb9023548742f682a22446fb71540c4d454bb0740861fc3430138446a9148c0
1f471-1f3ff-200d-2642.png	2D/png/128/emoji_u1f471_1f3ff_200d_2642.png	67fce054e1c49e732f3c532cca34a0d126299fa70aff3003043c7a8dac4286f7	f7a7ebb288186498b64fcbbc37948972c4603f9e86153bb2066be0cfa3187da9
1f471-200d-2640.png	2D/png/128/emoji_u1f471_200d_2640.png	4c1a8fd9af8aa2f72a0d6064931e3056d66f1b8892f1b6a72d45b6c30e34253b	365d40e9549286e634db9d44fbb4f25b5791efd5f111d77f9f6b466357ab713e
1f471-200d-2642.png	2D/png/128/emoji_u1f471_200d_2642.png	8912fb539f878553872142e477e2a04dbdcd80a233bc8444bf4248ba831925b7	33ec3cdd42fa2d0901b386a1b3ed3870a3f39dd8a6c25d36c76c7364694e1fd9
1f472.png	2D/png/128/emoji_u1f472.png	fd2dfccece6b6120daec32cb1ce84a85febe1ed9b39d9dea826c8a0499650c74	25ebc96a542f0b573a2868adbca4044fb4815b799fbc1a7f2c51d97bda14a948
1f472-1f3fb.png	2D/png/128/emoji_u1f472_1f3fb.png	34f80b5402d88e7243328886c47914200b68b6be22dfe465d102b0c154198d79	a2f961596df3b96fdbcbc6c466b509cc962e70d6da954d8579e6e44ad56b4032
1f472-1f3fc.png	2D/png/128/emoji_u1f472_1f3fc.png	25a7ef1f12bb266dd44bfaafae9f82563c2481968b5f90062c2d96cfd7feaae0	09e867074ba1118e12c672ff55bc0c10e7359f0f0704dcaaae37dcda4f32af25
1f472-1f3fd.png	2D/png/128/emoji_u1f472_1f3fd.png	505356d57e1c3e3ccecffa9974697ac3f97b459451ea92133d0e3c26b0589d9e	2340080d0438ef9d32be408d7b0566600eb881fa6abf8d9dba2bb4ec430f6d04
1f472-1f3fe.png	2D/png/128/emoji_u1f472_1f3fe.png	2501501cab4a06badcf6c387b50a5bcaf2bbb1380e6288c4a4502004daeaf67e	2757c9d5160c0773cc867635894a13dec81387f148bcae380ebd6532e77e4b6a
1f472-1f3ff.png	2D/png/128/emoji_u1f472_1f3ff.png	faede7dcf9679fb9845297862c16adbcf5ed82b627797875c495132d1032375c	04e09e74f305916a3b0105f7d85e5b3deb727f8ffb902ea1b4e55ecbd5ca8a99
1f473.png	2D/png/128/emoji_u1f473.png	c9eae7526ce44aa33e57d8761fc762fdfefceb08336613cb3938763298473a59	5cf2fce4e4748a68ab045d900743ba400ed74df034b0559e36cdaab69f3dd576
1f473-1f3fb.png	2D/png/128/emoji_u1f473_1f3fb.png	f42647a93c4ec1556a96419d34f9fdd40e1bd666a11c8e79108583281c56a3d9	35680ad45ecdf9fd2101b8fb7efc38ec2c172516cb301843120dc8fc622e7690
1f473-1f3fb-200d-2640.png	2D/png/128/emoji_u1f473_1f3fb_200d_2640.png	b13c51fdc13c08335105f4c9d3c0e8ff30c89b579553b3941d954d7500473a30	493dbcd26289bfb77776e991dfbd00c89f2f99a9ff6f27a2c361898e9dbe30d2
1f473-1f3fb-200d-2642.png	2D/png/128/emoji_u1f473_1f3fb_200d_2642.png	00fa3535548ef65d9e3774c76bc118efbb84edf00d2e0d4c92c0855a0a567b32	75e621bf9a6f71356708a90dacd66dd50296ba3006d45fba4516503ea24daca6
1f473-1f3fc.png	2D/png/128/emoji_u1f473_1f3fc.png	2f6010ba86d29cd5d9f72cf75d68a05faf4a41bb4968726f424b0a0b3ed8a8ec	1557407fa0aa295be05cb149b40f39ee85ecedf935dba7b97471fae0d25c1c61
1f473-1f3fc-200d-2640.png	2D/png/128/emoji_u1f473_1f3fc_200d_2640.png	99336a28e0eba684980a57ec4664557dc47f79b6bac3f04d18b4149ddeaf3e06	2ecca4c9c131909a7df8ea722d7047934961fa6c7cff44050143bb88984f3664
1f473-1f3fc-200d-2642.png	2D/png/128/emoji_u1f473_1f3fc_200d_2642.png	1dd81bbd1c40ace7e639fe9e75773f3a5cd010182df398b93a26604f59b31067	18f6bd8b280632e348ff8ec662afa285a1bc666ea62cc31922fac5d395f2d454
1f473-1f3fd.png	2D/png/128/emoji_u1f473_1f3fd.png	da561dc58f332fe79070cc57656e6b453ad15e275ed2fb8775bcfda02f9180bc	24ed87df21cc792c2ae9f4ba20626c417daf75ab83af340121dbf2420462fc37
1f473-1f3fd-200d-2640.png	2D/png/128/emoji_u1f473_1f3fd_200d_2640.png	03fb77d27f6ca1cf005dc37245df27ea6bdb8ce34fb95ae28d1294d17e4f1733	c78137a7b58a4dfc1aa3f1ff9a8d410cc947fd315191a250dc255aac52c5d363
1f473-1f3fd-200d-2642.png	2D/png/128/emoji_u1f473_1f3fd_200d_2642.png	448394ca6ed7322665b798a8fdf493c03cd10ab262ba376bdae97fe3bacc0d3a	6469f80d268d20250bb21c2687138a48a97f3c959ed353415827c96cbfe27bf1
1f473-1f3fe.png	2D/png/128/emoji_u1f473_1f3fe.png	b582f7cea83fe0947f3f4e4fa721ca50cee0dea833a89b93cc36179d9b74bf60	d50a97c7bb39562abccbb27bf1e68b64860d5b089658ba4d99178b081b99186e
1f473-1f3fe-200d-2640.png	2D/png/128/emoji_u1f473_1f3fe_200d_2640.png	2338bc15e442fd6855f1067b81ae2d4b9fa297dc1294e9459a299f8ba4978c4a	2b7594836b810c2b4e1a43146dec86b5b56b2a37e017e3b67904332a37ac1e78
1f473-1f3fe-200d-2642.png	2D/png/128/emoji_u1f473_1f3fe_200d_2642.png	726358ddd93b9dae1ce63fb7a304ee45c86ac68169f96d100ad33a4ce5779bc5	82e6db6895713fa1b7803b8f4de48a60ad2bc178b0e6d96b0392de7f90a782ec
1f473-1f3ff.png	2D/png/128/emoji_u1f473_1f3ff.png	fd57879f32fed64e6855bebe2f72159afeb330290d25cd12c447e83219383de6	d8d276284601ba3e90f4cfa68fd1ad4ca8854e718a95257df80c4a59914505d2
1f473-1f3ff-200d-2640.png	2D/png/128/emoji_u1f473_1f3ff_200d_2640.png	209c0a0112fa90192da304c5ca8a594ff10b87de2d1a24d4fa9ab081b4766998	551d24040b4bb4ffe9b05b9e928d994dc74276ea3637f4b0fcd624d012a5873c
1f473-1f3ff-200d-2642.png	2D/png/128/emoji_u1f473_1f3ff_200d_2642.png	249039e0fdaf8822849434625b6f4b717ae031fe01c0d1473985083b9cb7edc9	94ff1471f632ce1a2a744343b566932c132d2c9b8282a0be0572c26e4f1e2c09
1f473-200d-2640.png	2D/png/128/emoji_u1f473_200d_2640.png	5b9a4514151c41dbaa30dec8adc7b3eb183e56b12752953a1200649f7e038295	2335942846fa5a11aa97419ab392d8c9a05cce9964699dc75795ae29df352432
1f473-200d-2642.png	2D/png/128/emoji_u1f473_200d_2642.png	6af6d6c02cb443db19b2327216b1a66c7e55a5adde7ca2218cf82632df57d8b9	6bfd460751660b949e6433a3da7a488f5c4691cff7a770379fe0edf557aadff9
1f474.png	2D/png/128/emoji_u1f474.png	f0b5bfdc442e763e70f608e97b9e62524b3721929de3f15244e4eb62b27b960d	bd081c2d3a63b60328b9bb7b71e6774d496171b6ee589e85d11ebd8d26b772a3
1f474-1f3fb.png	2D/png/128/emoji_u1f474_1f3fb.png	6b646700ceb15562af3a70543904437a2e73a28a7e92715397b6f06a8db67b8d	0d010df9db1dbd811dbcfb048aca2820e5c3fe5fcff0b398c3ba8fd40028d1bd
1f474-1f3fc.png	2D/png/128/emoji_u1f474_1f3fc.png	68d0d7fce39c75f1dd25680caccf9913280568b2012ba493577c676cec5f22a9	85f445320b51e054eef4613b658794678c45f3c96d0d6e2b754ebfa2210d3d68
1f474-1f3fd.png	2D/png/128/emoji_u1f474_1f3fd.png	1dde9a33af40a6bb5d5582c77d9da696571ef8ba6c1b03147219b54b3298fa38	8edf7d068296914f9f2e33155ca52610f1e531fe603964227a2761074240b884
1f474-1f3fe.png	2D/png/128/emoji_u1f474_1f3fe.png	6f09be723e036bb9849c33e7d250c3744a99a5b2ae29c6336cf4debb5a123bad	e83c662903905c5e683aa86cf96e1d5b130fcc814ebb82168a0b0f89963d1db3
1f474-1f3ff.png	2D/png/128/emoji_u1f474_1f3ff.png	4b816c984ea28d72f0c9e76eb87dfe27fbc858b62e6a7022de0dc44722d918b0	5af1c1cb4183eb55fa9f387923bdb5af785e147ee63d71457ba291ee0e3c1f9f
1f475.png	2D/png/128/emoji_u1f475.png	c3818fb812b42818c751b57b1ec1a2a82c8d9a46ff1f9dfb453414b0ac4bbd38	14837e55bee4d8d839246c01046e4d2a361b93c659347c1881f0c994dd50913f
1f475-1f3fb.png	2D/png/128/emoji_u1f475_1f3fb.png	69a0771794e6dcc5d6d7b620fdda9574543c3fb661ffe2b801d230c38ae0fa6a	9ab44eb6a20c5b45d01fc9e52070ffffbf1d6445600e1341564712e5d38d8887
1f475-1f3fc.png	2D/png/128/emoji_u1f475_1f3fc.png	3ca46a1eae0732c18f80a3d28596ea8e01bfa3cc588661a389a4aa321c9ff5ec	64a8c7a1d4a0dfed89c4d9d5d6dd70b1415fee5f1ea9c0bf35c266c8b7943152
1f475-1f3fd.png	2D/png/128/emoji_u1f475_1f3fd.png	2fd306c59aa1a874daf1a99bbbcda67032583f01d66f7225d9629046bf822229	67014db5cbd03a8efe3df53913bcecbcdceadb69df0f87b777789380656a3760
1f475-1f3fe.png	2D/png/128/emoji_u1f475_1f3fe.png	3e7f37491460d04f938019f1c7ac9a0a7c2c9622d236f35dffa33a8661ccfd59	c85dd8439feea170f59d3a24fdbb44b52243aca504f8c729ad34c96ed1626cad
1f475-1f3ff.png	2D/png/128/emoji_u1f475_1f3ff.png	ed762f60111a4ada20943f2ad3da0de512d5c32ec14e4b66480263d70ee84687	71336b8ebca956063558172937d6d5c211878c635700eaeeb6d7c886b6b48069
1f476.png	2D/png/128/emoji_u1f476.png	03b0eeb80051baa59c13f5c45a65c43ca2bb1b94b65e7dea54a951d89b9e415d	c385ca4254ce03c0d52dcaee448e18d9e40623dc670038845c26c1aa69a897dd
1f476-1f3fb.png	2D/png/128/emoji_u1f476_1f3fb.png	06f91bee47c5277f416820aef74ee40eea13aa9fe54b09020d63242e4bee2c83	979c1f41cc1d8273f72bb9aeb99de17a0f3c9472e7e1f2e93c6d96b2665f3377
1f476-1f3fc.png	2D/png/128/emoji_u1f476_1f3fc.png	dda912d55a9f42aae5cfdc3b448ec8c0106882b8816057855acab9e70be9d017	0f1f6689bbc744c70f71d258831257f550501d3c7dee2c1861cabc82b49982a3
1f476-1f3fd.png	2D/png/128/emoji_u1f476_1f3fd.png	e94f61713e927e17a3f5d924c00cbcc5833f1eaee2ba781ce907a49d4ebc44e4	f15b63113e4e68ec1e71a9299838d32b5453c1d9b0c510055d5efeb723a3e83b
1f476-1f3fe.png	2D/png/128/emoji_u1f476_1f3fe.png	e4e5d3da13074b4859a3395e287438bc91fc516913d8ac804f0d3e59f1597997	a8b78a5b129d4d536fb6b892fb6a7f67850a86dd467b46cfaa000541808116f0
1f476-1f3ff.png	2D/png/128/emoji_u1f476_1f3ff.png	3d0549e81634aac7737084ca8bafc0e0681dd98a55410c8dbcd63da63a514f7f	8465117a49e3254c58281cf94dc334f15fe4495f6b5c52791810ca3e09dd1c19
1f477.png	2D/png/128/emoji_u1f477.png	52af29143e2141a6696ab6a70d689c868443e4b1ca6d033d0aa5ca066bb9551a	65a2a05b62c9fc801298355b58bf38918ca06f4f109598312600d9b9c0e15538
1f477-1f3fb.png	2D/png/128/emoji_u1f477_1f3fb.png	39a6ac2e380336a9d1a2db07ce43a4ff40aa81cf51cb745315186aea482d4262	077ef1ab24a54adb3467b001cba11f660704ed6faf99627bb44a9b8b54c6cec2
1f477-1f3fb-200d-2640.png	2D/png/128/emoji_u1f477_1f3fb_200d_2640.png	3dcec2b6e97366bccc7e8a214644e4ac4ce83ebd39a969a628eddafc9a5070ee	58b6b11d24a7f1e1b7915e37c6381ded78b97b182a56a1b409c0e751d6b66618
1f477-1f3fb-200d-2642.png	2D/png/128/emoji_u1f477_1f3fb_200d_2642.png	428cc55687b589269dc0c10d9ff5a0df5542761b073ad4a1df81c596f9e92c48	3c91a1568bac242a833b2a7ad35fa849d4c41f912f865220076177ab3edace1a
1f477-1f3fc.png	2D/png/128/emoji_u1f477_1f3fc.png	711a18237969eb3db049c59efdb282c8bb4a6775cc3dbdd761485a240d91ec6b	13bd2f0a95dccbeb83da5d6ecface03ed670cf9a8bd847c162fe7e4dbedaf468
1f477-1f3fc-200d-2640.png	2D/png/128/emoji_u1f477_1f3fc_200d_2640.png	0c5a2f1c74775396a413fb48195afe06209bec18e9d1afe1d62146f5f9944d43	6aebb3c35651f20a55c83f1d03f3faf30a9d8742344168cc13402b53a0dfd66d
1f477-1f3fc-200d-2642.png	2D/png/128/emoji_u1f477_1f3fc_200d_2642.png	d8ab3fbb1e33bd1e957a9a0e52f5e3bbef4e960bf03044d2e0801c00174ee65b	8600a44c1f870fa3d8a38408fd37b242282fb7883ac5ce457a8711ee457a06e7
1f477-1f3fd.png	2D/png/128/emoji_u1f477_1f3fd.png	6ca0fb35145ca8a2351ed4e8f7afd923d55b19bb169537168b2c6898422a346b	8cd2db196e6b2dea99062407c45191a287898fd6e91893759917048bfd114b0b
1f477-1f3fd-200d-2640.png	2D/png/128/emoji_u1f477_1f3fd_200d_2640.png	28ceffa66026aefe57b15107391e49945499ddcc8020897a8ef58c49ba655c9a	b57b17580529448b0f990343b3b87bd29abaeae4178efa5c0f4f842dfdccbb23
1f477-1f3fd-200d-2642.png	2D/png/128/emoji_u1f477_1f3fd_200d_2642.png	32117e02383d403087a9f4a40eb13ab96fce79c8a60c1698e9f5372250fe9af2	06399be10aec6cafefbdbf726238f6da862204a7eb6e2ab07aa0ef5425d3e660
1f477-1f3fe.png	2D/png/128/emoji_u1f477_1f3fe.png	800b2a07e295dbd33e5bcd5483fa1a230702793781276796821cdd389c301896	f3e7add84b60db4c3111caff91e9bb9437e2d46feed3a484cb65bb909028940f
1f477-1f3fe-200d-2640.png	2D/png/128/emoji_u1f477_1f3fe_200d_2640.png	8a268d0fe7e38812079007d6328c6f2431be608392185a16f4adb1dbf09e51ef	cc90a4a10641247acca297afeef07f2d9d20982bbb354fe311fdd629ea4e56fa
1f477-1f3fe-200d-2642.png	2D/png/128/emoji_u1f477_1f3fe_200d_2642.png	10049dd918f6b7684a034a3f7ead876b70bd97d3c0d3d6e17a44e8865e659d91	2cd181817b1c475b6f8046d02ac826e4769c546f5fe895f3228cecd85496218e
1f477-1f3ff.png	2D/png/128/emoji_u1f477_1f3ff.png	598b4e02a7b83eee86c54e4eb19425ee3deff73193de6e79387040e44a726b97	a5afc2bf4fc1ff2a97ffaf7bfa9658362822b03e778c8112f83bd458abb03607
1f477-1f3ff-200d-2640.png	2D/png/128/emoji_u1f477_1f3ff_200d_2640.png	d81216015ac4a8058dd0a6790c969855fd31af9597ecbeb313ebe24866e2c71b	dab95f69effb4d396f856dc188d72db1c55884c03c447f19027156497ceafd85
1f477-1f3ff-200d-2642.png	2D/png/128/emoji_u1f477_1f3ff_200d_2642.png	561a96cd49ae6d6af6d159849a8149f9a3c0a5eb576ca92202ee6e87a9157d0c	695df9c6f63260b8c2f9eb3514cb6939aac1097506837d44f4bb9283c76966c7
1f477-200d-2640.png	2D/png/128/emoji_u1f477_200d_2640.png	25e00335d22ad1d512390c37f05c87251ce13d713d9aa0f4d7d6288c13c40c5d	9b003e0c1388c6b096447a561784dc33d7858ccf9bceee0786693ff593dc990a
1f477-200d-2642.png	2D/png/128/emoji_u1f477_200d_2642.png	1dcec85ad92a5c478c515eac09734ded18e09fe167816e77f9b1f8483d096984	ada57a1be38b6634719e0f9b0f273e2163970df148f697e0f8e35d6b727df6fe
1f478.png	2D/png/128/emoji_u1f478.png	d4b11a21e207e892f65a87493553d89e6140920d7edb4aa06e8c6833b94dca85	5f59567ca3aee7b465ed22c87f36ce72f892755eba6e87d45e99768e6b9306e3
1f478-1f3fb.png	2D/png/128/emoji_u1f478_1f3fb.png	dd0ef3ea7ebfca3696e4d3f370eb8900ec316b727948a3e1322cd01ace367653	01f8f34bb90e1f117f3c6cc97501cc6236e5c2dc2392dec96081af39753a99d9
1f478-1f3fc.png	2D/png/128/emoji_u1f478_1f3fc.png	6b6ec271bfdb987c07b2fe2ea0b44242bba7740719e1ff1ec5cd3ca7b616acbc	083f249d7fc0fc522310d058d03b552eac2286eb003faeb4c4c1bf6f4ed513ba
1f478-1f3fd.png	2D/png/128/emoji_u1f478_1f3fd.png	c75f3952b8a2d0fad1c32ae225350c0655f8845a2d3ec1a940240668ec1ef09a	c1e01795bd39860295a22d9e93155183e7e45cca1d7ad5cfa7e7b4ea00bac0d7
1f478-1f3fe.png	2D/png/128/emoji_u1f478_1f3fe.png	70796f5f01357ee9b2c1ca6508527f0065237190ace32ce0f258943249a39169	723baf525faf45a46837392a40be0ae6b525ee90c640e8cfde66df90bd9b1904
1f478-1f3ff.png	2D/png/128/emoji_u1f478_1f3ff.png	2419f96eeab40dd1bf328406a5a232b6d16e6f90ff028deafe0a2d38e2b35887	f6b27324cee4fc5c45d472e3b296bec64ff9c04a21a2a49540e7feca64403906
1f479.png	2D/png/128/emoji_u1f479.png	b8966247fdb91f5b719fc8c72184bb394be162f8fa490ca72f6a128fe08afc16	8dadf49d7e9af032df3a25ee0e2714089e2338a5c328fb86d84f916d2fa407ca
1f47a.png	2D/png/128/emoji_u1f47a.png	d4ada698ba6e6b02aa1f318e42bdce40b48e6fbbd6a5639559b83dcef0aa58f6	a291137848249c9092993a4fa2e0352836f89de86c2477affcb55f7ba16c1a13
1f47b.png	2D/png/128/emoji_u1f47b.png	1b136d19087299b780b2ea6a0200eb96440a75cfed3d95eb556bba11a847fe7c	7edf068da16418b218fde1dda2f844341f2e2181768be36532f962003d15900d
1f47c.png	2D/png/128/emoji_u1f47c.png	9dae8d0a9ec2abed3578a63f95a973a49aa95c66a03e8aafddf3bc4a3cf01e36	47aab54bcb603b5c7278d49a047462b3d59d18400a3c4afd8f492254f2f4603a
1f47c-1f3fb.png	2D/png/128/emoji_u1f47c_1f3fb.png	3efd39a92b95752a5fe8a10274755acb9a7249d491483cad3340c45f6b311f32	8b6ca37e8288e9a4381dfcdc55548fc950a072c09827df302135f1dbd033b267
1f47c-1f3fc.png	2D/png/128/emoji_u1f47c_1f3fc.png	cc02077ff0b9e201737e5ea4068a2c0f1b2c8eb5097dbe0a205d52256458e411	f84032c218d7229dfd054222fd977fcfbd13e43456e09cb79c2029dd878ba067
1f47c-1f3fd.png	2D/png/128/emoji_u1f47c_1f3fd.png	d95bf446da7009e37bcca4150b59393e3257ed84d4efbb7b00ce61e7d5adafa7	b66fc3f77e2109292310ddf0a07c662479ab515970cc0a8438ec00accc0dbf7b
1f47c-1f3fe.png	2D/png/128/emoji_u1f47c_1f3fe.png	03dd376da82ac2952f0015dd5517cc49cbaafd3eca3258eae710edc68bfdd166	decb4a7cb1daa4695352f1bd747e442d8302ec7f5b2d0a7a726603a31197e2b0
1f47c-1f3ff.png	2D/png/128/emoji_u1f47c_1f3ff.png	af2924f58f0606712e99b895aaf90755e84e0b7158c67615f8c3c1274a1d8394	0bce462e81826f2e7a4fbbafa4ceb94fe2d1d25ec198aabbc6ec9e4156f75b94
1f47d.png	2D/png/128/emoji_u1f47d.png	7b31af52b0ab78459cdd49457b1af5eb15308addf905b7a060d9d2207c93f3cb	b8c5f83ce01ddd6fb6c975ecec5a53c7c25a4c665f79938e273edd960409d8e8
1f47e.png	2D/png/128/emoji_u1f47e.png	11749a0f411f78967e4e02c030a09f10657578e99e082d2d5f94c9e5ab7179e9	5527af028146ae9a28b4b0b396cbe4361f5a36da281204fd9655038feac17176
1f47f.png	2D/png/128/emoji_u1f47f.png	41a3384426de293db0f79905f3a378168cf2effdc32983f179c65f0fafb9660f	e6d3b0724d4570764ca73a6d1f20f95621c937206d70d657684570b5408a9e06
1f480.png	2D/png/128/emoji_u1f480.png	31e4bedf24c16b7d630129f8faa11c3cd6e494dcb60a1eccc53fa75ccfc26b66	b9ea1ee1d58169b997755b1f7fe5ad6921185aa5c4a30ce9be0cc72351070dea
1f481.png	2D/png/128/emoji_u1f481.png	a25f0e600e9e87ba9ddb0c2531cfb6d1fcdfd221f6160914c4e0674577919c6c	9d43f48d3fddf8f62bd1c5e1b4ce1ec047984d0ed520d3e8e01872f47d054b3a
1f481-1f3fb.png	2D/png/128/emoji_u1f481_1f3fb.png	084f91eff91447a71fe941d8f539c66facdd84c9fb0c18624350f20f8545297f	866f992c5d53508fcfc8c5bdd4b53a00efd7cdbf1dc6781cd0c345d2915491f3
1f481-1f3fb-200d-2640.png	2D/png/128/emoji_u1f481_1f3fb_200d_2640.png	4cc3af0217f0de9f4622f8fe0fa32ce5b7c3c8c32da7e85d8c05ffb3f697258b	49c460fd21975962d86bab8b1c577b5df805a1fbfacee14df7e5557afd45a52c
1f481-1f3fb-200d-2642.png	2D/png/128/emoji_u1f481_1f3fb_200d_2642.png	360a22c947f448e564c00c5cf2814f0e3828c23970260a45af509742e1ab4ddd	1764e44594b513b04ca97c50aedc04fdaffa18994ef4f41f626d7a83b03aefbf
1f481-1f3fc.png	2D/png/128/emoji_u1f481_1f3fc.png	31012be68301e1d812e547726f7e3a22c8fa99937aaaa8f5b6ebaaafc8c539f3	eca07edff972b002dc519c975fc4077a2959598b26ac373e2cc4ab9fce458c70
1f481-1f3fc-200d-2640.png	2D/png/128/emoji_u1f481_1f3fc_200d_2640.png	7fbecb24a4942bd3311052e0be0eb97715f1dd9442bc2226225c3c6ec6be192f	c4017944b52497534db03635bae463e4b91b23a6f91c765627cb861e1fa375d7
1f481-1f3fc-200d-2642.png	2D/png/128/emoji_u1f481_1f3fc_200d_2642.png	8fc58a6477b0014869b841ed07c53b4bdb5714faadc080ca685e7c9c669bcf32	0f02174d11c56a4df45b47628db8ab25952f0652f2290700af1d8861d3e8d9f6
1f481-1f3fd.png	2D/png/128/emoji_u1f481_1f3fd.png	bcdb4160a0acbd9ca690fc7d16e13646a461c52dd9e3259ffd65199e97e4e191	995ec3acede8d447f86a6039f05a294bfe7b568a0a9eb5099178a3a6da443e98
1f481-1f3fd-200d-2640.png	2D/png/128/emoji_u1f481_1f3fd_200d_2640.png	0fdba44b07d1adf3e156e41829ab9fd6ef4cbd1d03d2bdbb6d4560c6c23b0025	b8074fe8d706f2b2d48ff03f1add83c0e0bc59c648d7d7bb5d1f175e587fb530
1f481-1f3fd-200d-2642.png	2D/png/128/emoji_u1f481_1f3fd_200d_2642.png	485818ddc8e6da93437e1426796d4172f12f0e6cdc19deadbd5bc9fda28be27f	538cc67a957cbe565cffc9ff1e6a068a44137a5ebd6fcb14951acfaa0602c3cd
1f481-1f3fe.png	2D/png/128/emoji_u1f481_1f3fe.png	9237ae2eac10799b999ce54e91a020ba481a5d85f7614763b78ae92300cd0528	26ed44cbbe8d94386d860a9fc9a915a2fbdbc3c24604a2542892d614fd16fcc9
1f481-1f3fe-200d-2640.png	2D/png/128/emoji_u1f481_1f3fe_200d_2640.png	229a9da14239a5ba88dd7896ce01bf17d29c477ad7000e8f82bdd2db1ed8901d	fb93f8312b9c34ecd172663f19648d9200c9766d5b10df4acdb63ab878afff66
1f481-1f3fe-200d-2642.png	2D/png/128/emoji_u1f481_1f3fe_200d_2642.png	b5e0c1fae64691ae5a4a54952226ff2be4c9af770768c7149a6c519dc97132c2	cf2f1567f344f92bdc60940db86843ab14f690b853fc8ff8a90876d88c9990bd
1f481-1f3ff.png	2D/png/128/emoji_u1f481_1f3ff.png	97ca9e740b33de2f98535ff7bbf57df905bb29126500ebb9c07b8a6ac7ceda29	e8b5b82b98e50a4d613bd749d662fd550ada5e35869a84389823c5b07690bd3c
1f481-1f3ff-200d-2640.png	2D/png/128/emoji_u1f481_1f3ff_200d_2640.png	d3eeb5a5b6820bf9be7742d644ebd9663826470ee3da1473db5f591318aca805	137e76ff060149ef2e03af0fd38dd8ef427a69fb77b8514722c30c4cf15db32e
1f481-1f3ff-200d-2642.png	2D/png/128/emoji_u1f481_1f3ff_200d_2642.png	afc0a40b524774dfc417c967e86f703be6839c450cfd05cecc68d1879104e7c5	66e92747e7aa3ffb9b960ae6005ee6d3b78de27da6cd339c26d829da0e74f412
1f481-200d-2640.png	2D/png/128/emoji_u1f481_200d_2640.png	cb51e2b1b2a29ec3b4970f010389443c5367423049fec7a216197f13dfedc905	8a57b73e41153bf05fb53365521ca0783f91d2a34edea99b51e77089c9c804c3
1f481-200d-2642.png	2D/png/128/emoji_u1f481_200d_2642.png	ac0a30c7b1e9315d9589af29e2ed24cf92d87f65e5df1a75bde849ca463f7388	f97815de9b1b297e8be4961a8df6aa42eba2ab0fe217ff3989ad83a3ff156d2e
1f482.png	2D/png/128/emoji_u1f482.png	ff331f79a01b41358ae6f7a5b8fed065481c48391ad40ed8ec094f683606205b	8d3a7ff79b1b6c5ffbdf0462a3c254d8c60b4fe4c49f47b1f9455d0e4ab55181
1f482-1f3fb.png	2D/png/128/emoji_u1f482_1f3fb.png	bd054f58fb8d1ce2f1feaf7352e7020207ab124d8b9dab299d0ec7b1cbbc95bf	6bfacb805b3b01dd7ff62daae5c62e6ff5f574a519f6f9bada5658c86cd8bbb8
1f482-1f3fb-200d-2640.png	2D/png/128/emoji_u1f482_1f3fb_200d_2640.png	f93875e4c180daa2a89fa0203a45bca4b97677dbd351f16bc580d12ba06a19c1	e33523acc799393bb4ddff13627f95f57c6702558ce46f0e318966490cc24abc
1f482-1f3fb-200d-2642.png	2D/png/128/emoji_u1f482_1f3fb_200d_2642.png	84ea03520ffd0e2c7f667e2c6cc6afa6139f4c9374db9e22b9d54d42f5c62f3f	8644462ce12b21f6af61c1ce415248d9463380276d71d32cbe4cd6a2771e405d
1f482-1f3fc.png	2D/png/128/emoji_u1f482_1f3fc.png	a95055afbd0a1dc0b95d080e5ce0bdf2029b434cc54e17d824377114faf2f33f	94c8a1ef6599baec5fbe984a19ce26147abb13cc136c0b04593f3fbcf8b0c933
1f482-1f3fc-200d-2640.png	2D/png/128/emoji_u1f482_1f3fc_200d_2640.png	06fe7b76b3e8b1535ded95b1b91682ec68e8987deb31c70de8286bc0de0ef475	77c763dea346b0de845239ec32262f10ada5d989bb0464e0e83f8a147f1af31b
1f482-1f3fc-200d-2642.png	2D/png/128/emoji_u1f482_1f3fc_200d_2642.png	e154b2d16dd52284c63eed7922a74cac1561a213576f137f06dedaadb4f56c89	4f027db7527134a2ec4cd40453351a3d8fb3ef088307fb7d360652106d052f13
1f482-1f3fd.png	2D/png/128/emoji_u1f482_1f3fd.png	0ebad959822648c8e6f102d8d834a2b6fb3714831f51e46ee28310475faec1da	94dc12cc21fbcab3b67a4242d346b75a25febc58741e98884cb8d28107ec30ba
1f482-1f3fd-200d-2640.png	2D/png/128/emoji_u1f482_1f3fd_200d_2640.png	bb58ba6130628200f890b4087c480671bd2579885ab7c75fd38f3eaa196f18d8	fae5a1fd2cae2cfe5495cc8bd65a49af267460b4ac10c074280ad8fa59a3db88
1f482-1f3fd-200d-2642.png	2D/png/128/emoji_u1f482_1f3fd_200d_2642.png	467e5ce684f99d0c4a9bf7f1b574d17c14bd84657d81d247b62b5d7a7f114a6e	f008b7c35ef956d75e4c38f6302c69d9a06190280426212ecbfb8968661df194
1f482-1f3fe.png	2D/png/128/emoji_u1f482_1f3fe.png	9baeaeff83690c872fe59a772268a29d332fff2caa40cbf6203620fa2e2a8c55	91d3aa619b15b89872c213d99d50b251f42d685811ccd7cd7498a0613d96243d
1f482-1f3fe-200d-2640.png	2D/png/128/emoji_u1f482_1f3fe_200d_2640.png	3db1a0310f278b0c3626064fd7677e8861c90988d9d976122260f87aa2cf7bcd	e50fdc9da6d4a7e93818f5a2209080f2720ab17b2d0a40c3286b025a57e6204b
1f482-1f3fe-200d-2642.png	2D/png/128/emoji_u1f482_1f3fe_200d_2642.png	aaff2b34b8b69d806eb39904a60c4730a0713ea0048f5c5b149168670a7aa1e7	c75a713899c5ffd9383b463062d6c353ceb3b250f1a71cdee8553ae4d57784f4
1f482-1f3ff.png	2D/png/128/emoji_u1f482_1f3ff.png	a918f59e0bbf1ad082e15bd744e9a9bc9369051218530638a7312f1b2367eb8b	8b545284affde6e5d90bc86ffd594ab35273707345a5d965f7002207ff3b8ccc
1f482-1f3ff-200d-2640.png	2D/png/128/emoji_u1f482_1f3ff_200d_2640.png	ea9c795c3eed4be86054fc54bd3f813269eacd2db95553efc60080fd192345f2	ae13e48366585f02881c1c0c91e88376303ffa364c62befeca7b43d880c25883
1f482-1f3ff-200d-2642.png	2D/png/128/emoji_u1f482_1f3ff_200d_2642.png	b79f244a6a0a91eb7511d009e6b8e0018663652bd6c394f2e8b2958787dea582	b88773eb4e53fd9c86aa8331344f0e7a6ac44ffa0c76d564a95ddc037eb2c22f
1f482-200d-2640.png	2D/png/128/emoji_u1f482_200d_2640.png	0a537cf1079df15e321f3182d2b01b9d3c9074fa51b028e86fb16ec869ac7708	50a29adb5037d48f0e059458a85b00505df558841490c2feaad95ca52d7484ae
1f482-200d-2642.png	2D/png/128/emoji_u1f482_200d_2642.png	cbd925ad3f9b80b14b4c2eb71f4705b878bbc5c781293dec43506572e69d01b3	b0adc7764423a0d091d7cf2f555d1468b49cdf29cfa76d706b78cff96ea8d39a
1f483.png	2D/png/128/emoji_u1f483.png	ef34ca09f4735e3a39c2c9fcf0a8bb9f57d2e45dff8736d3a0ca4943dc8c8b18	34f4e6be7842cf87910ab0f064b3822114c5c954989cdaf66c81fe2691eb295b
1f483-1f3fb.png	2D/png/128/emoji_u1f483_1f3fb.png	23607aa3bf0f4ac2d28c9b76ca7817a110658b4489132f9740468f3c7736a71a	8f62f2899baf8aa8e12dc5f992479bd6552f4d3366b737beeb3ef7431507cb13
1f483-1f3fc.png	2D/png/128/emoji_u1f483_1f3fc.png	6fcf5a0a91b7a4083d8effb6320e004d05334dd42add11bac03d8e7246172324	3a60deda9acf40ac93f931f3eccbc4c2f35cba55da3ed9526d63ec937f593bc7
1f483-1f3fd.png	2D/png/128/emoji_u1f483_1f3fd.png	9069a486fea3d5d939c1643007e783a163f82c1a679105269f4fb6d1b4300cc4	908afd5ef8bfcbd9baea550d04354ebb2b5249876c1ee9dca92241ac7dbad030
1f483-1f3fe.png	2D/png/128/emoji_u1f483_1f3fe.png	6f4ccf3c83e751166aaaabfa4372f784635e18063834cb281726c502e986a711	7d96b0ffed28440214e191c83c367298a7719a9c89442f2d3c1eb49ac481a43c
1f483-1f3ff.png	2D/png/128/emoji_u1f483_1f3ff.png	5a261d962ec4e309916830fac026908f1e64d29e25a0cfcd596ae341e223c54a	897efa8a441e49c1da754d5197b1765212eabc33eb53ecea10a79b6a67e4a620
1f484.png	2D/png/128/emoji_u1f484.png	df7a50ea44649f6fdf379ba15729ee44945cbb6ddedcd552179af2e887ce9419	1f0b52f18df1c2ceef7fd836b18c26d196e8963a41afefca5924700c4f82d678
1f485.png	2D/png/128/emoji_u1f485.png	bd27798b831ec8913bbcfde1cb5524b2c7ea77c01302fb114ff80a5b3bdc7953	0f2822afc15ef90a46231c6d3127ba65a5be582a14092a1cbf3a516663689ab7
1f485-1f3fb.png	2D/png/128/emoji_u1f485_1f3fb.png	8a9e154aebce162277c30fda2d2e49f84b781bd4eeafa022b0adeca680fa8625	13934b0c79e1878e8a4213e65367ff5280626edd77efa20cdcb8fbc994e7b29b
1f485-1f3fc.png	2D/png/128/emoji_u1f485_1f3fc.png	99ef316bc0d4c2baace4191913869dd546b825b7f9588dd433cd112314ab6ae5	9b33ca643d4b95250c041573cc489f7d6e1321982b069a60a655a5a14ac0dedc
1f485-1f3fd.png	2D/png/128/emoji_u1f485_1f3fd.png	c47496fae8985be42ce365ef57b1794682d82fc2c8e41f11fe6735c329580e4f	f9aa55c536612163a3b6d26d49b00944141d595f531020f24865ba39a88f734f
1f485-1f3fe.png	2D/png/128/emoji_u1f485_1f3fe.png	c6ad286f9e2f72562ec3c3669d64a2a84b5f98e464ed26195b101653fb134663	e33b5524fc7e1df0d9da94c6cb903caebadb3fd694309b03427ded2736e56244
1f485-1f3ff.png	2D/png/128/emoji_u1f485_1f3ff.png	239fe25ac1be8fe73033351aca521ee7fc5c48896e6818392dca79e6c73742c8	6b6a37c6957dd08458c141f6fa0d6ca91ee9e1f4a4e7a36bf01e6bb5f7e0be56
1f486.png	2D/png/128/emoji_u1f486.png	a34cc4706ddafeb6fa55c58b50534ded96e102dc053ed57021e7b6a6e23574bf	e7f2cef3ec6bca0b060cda5d55009dd6ec5ce4f96ccfe313a5957960cdc09023
1f486-1f3fb.png	2D/png/128/emoji_u1f486_1f3fb.png	7cfbb76c046c9f0b01feaf17da2756c621e709d2fd78c278874540cf5bb6ddf1	5a275170803cee5ef684c63587eabb2f8400940a48c58efeb0d3328abc0d24df
1f486-1f3fb-200d-2640.png	2D/png/128/emoji_u1f486_1f3fb_200d_2640.png	fc691b234c77edeb0d7bb8efe54e2946a26e79ee2af6ed9a66c02e60c9d35dc9	6c18f0c63d0f2d51d75d95e3b770378d0aacaa9ac7823a087ce10f62c918e6d7
1f486-1f3fb-200d-2642.png	2D/png/128/emoji_u1f486_1f3fb_200d_2642.png	4770eb60216001877bc0f553dd6406b06bfad9a2d7ef775501e9326f2b19a5af	f3fe5b5db8d14631998d3f7e288fd5bc8bff8137d6d053963d2de7279dceeba3
1f486-1f3fc.png	2D/png/128/emoji_u1f486_1f3fc.png	31c59d5d63c90978d490d7138d97b62fc7b07971e9a08996032fb7912d947991	80530f1fa3204ccf05cd1abb063c31217ad5c5d0f12b99c7a0f592b3f7e16933
1f486-1f3fc-200d-2640.png	2D/png/128/emoji_u1f486_1f3fc_200d_2640.png	f2e83793b48aea73ef40d32f89ad0f4bea5110f4d92ab6135c271476ea798850	d2da09b994607ca787ca77ddf2eccca67950c713f58f765c6a7000157d6fa399
1f486-1f3fc-200d-2642.png	2D/png/128/emoji_u1f486_1f3fc_200d_2642.png	795d579f7b201af4f9f15bf94187481b93eee02ea8733efacb6d5f737769c0fb	8b21c443a43879251e95eaf2e83a40ee1690eba0bc76029b03779a767d65668e
1f486-1f3fd.png	2D/png/128/emoji_u1f486_1f3fd.png	49a932f480cbc612a06a9a8d91bbc2632c6207a6b42ca7a04eccb9379516cd60	8f52559f2d985f2a6f9c9fa635045977edc2c95fabf6950775a80ba241cef647
1f486-1f3fd-200d-2640.png	2D/png/128/emoji_u1f486_1f3fd_200d_2640.png	cb085d1c78d4a36affac6288cf2dc10fb84fb441723ac2961c6350af787752ee	1e64c2f1cadbd3ec854441d1375cf46906071e4754ad32c2437e42cb745536b3
1f486-1f3fd-200d-2642.png	2D/png/128/emoji_u1f486_1f3fd_200d_2642.png	fdb3c984936c9b3a3112d212a1edec86ee19d29ef89094993259a90641e9f963	862d949168f84cb0665a383db8935bc918bd8ead789647645e8f711ced90b48a
1f486-1f3fe.png	2D/png/128/emoji_u1f486_1f3fe.png	ff777f4d326ed08d1cf8e57c384a57fdde6a6e7411d38324ae095b3ee7150335	12e836ab37d984846222be3ccf8b9f69ed75bcfd3ca386a15885a196647b654c
1f486-1f3fe-200d-2640.png	2D/png/128/emoji_u1f486_1f3fe_200d_2640.png	f41d1471b380721bb6a7409b4c406b077af2ec24c820b228bdc72be8af4312b4	f945a053bda17764ae66f55a00215f80517f3f5bbbfc4f51d5afee10769b1e28
1f486-1f3fe-200d-2642.png	2D/png/128/emoji_u1f486_1f3fe_200d_2642.png	a0717fb96c380bcb95cc3f26991ee054c8d622b5ed5dcd4e20fdb6d1b7a60564	093425472d9d521a867e46315874af3ce05f78288c93609f1ee3c28e14a728f0
1f486-1f3ff.png	2D/png/128/emoji_u1f486_1f3ff.png	d613a11ee33128ea995bd7ca353232628204e8c600b4487b9cd1d5582655fb14	c63bac82972d6443eab0b59096c5fc4770890a616d27baf0a85eeaa0cb664e5d
1f486-1f3ff-200d-2640.png	2D/png/128/emoji_u1f486_1f3ff_200d_2640.png	803171215cdac38ecdeb6c61a6adcc110dd79a71072dd36552ca7047bab1544c	20c95a786ca41099a9ef1aa9d58cfe863a6967d6e36eef8d9c6e15a6b8f24a6c
1f486-1f3ff-200d-2642.png	2D/png/128/emoji_u1f486_1f3ff_200d_2642.png	439a0213b087ab564d3ca75a72b76aea8b2e48e893968550cb7e14b6694ed27d	51f83070f6b4cdbaa2e9b61dc72b21a0056498bd3ee8f8d24d849d6d5946cc94
1f486-200d-2640.png	2D/png/128/emoji_u1f486_200d_2640.png	572b271c6715ba860edefd9bca4a029b168723b1bd509ec5c3269e4d982ec6ee	4ddfe684e1b7f02b60df514bd2e331614a23dff68d4062e1c40a06ce36e9d175
1f486-200d-2642.png	2D/png/128/emoji_u1f486_200d_2642.png	a03bdc91a48df14f8a5522aea92d5c4b4a888c115f5e598aa2f2acc378345c12	f12b9d3803edbc31890f53a637c93d37a9126daffc663f4c2c0f9df1d73c0033
1f487.png	2D/png/128/emoji_u1f487.png	99242d30730e40ad82a31367d010d3a7792ed6ec9ee9913f0644e9244934b32d	a62318ef520b7e3ec8b8ab26baf8921fe74d400b5366c3342548a8242609de23
1f487-1f3fb.png	2D/png/128/emoji_u1f487_1f3fb.png	e3309bfc701cf8b1a48056346855b382af42c665c990fb62805aff2de77c06a4	13a973a136557a24093a0b4a5d8e17c240d86f179bd885d313ffed2f328d441a
1f487-1f3fb-200d-2640.png	2D/png/128/emoji_u1f487_1f3fb_200d_2640.png	16aeb96728faaa17a90f19a7f8d01c08801162c3390722653fb0fd9b9452f9d1	3987d83287dd7d18b9bb3482b54c6347ca95ee44c2d15259b76a444e98ddc57d
1f487-1f3fb-200d-2642.png	2D/png/128/emoji_u1f487_1f3fb_200d_2642.png	723433397b9966b4e703a4ed2f94c60657a0c4cc5a9c253f90f47457788aa752	8de207e40b2d205cd993f2d6ba804359a24b65f73c090d8326dbed6fdfbe1fb0
1f487-1f3fc.png	2D/png/128/emoji_u1f487_1f3fc.png	37fc1d30ca0788e645f01004db174b15b09dea26578c3fe96bb232a5db6ed689	9fc40e6d203a7c13ab6a5c07869afee18bb1c05b2fd2f8244688d22b3e86fc7e
1f487-1f3fc-200d-2640.png	2D/png/128/emoji_u1f487_1f3fc_200d_2640.png	87faf2938ae042ac237d70a91d5cb72e24f58d8dae751ca8e061ed64b9466f8d	0f5d184816abb526b211be85c0203ec87682c87abffe79eb97a13f256e11f687
1f487-1f3fc-200d-2642.png	2D/png/128/emoji_u1f487_1f3fc_200d_2642.png	63d35b232debc684952c2f0913b08293a00c6849266945cde53b0f80e8cbe92e	3bcdc6c676a9c982758c9e13483d9353d37077558df1c3dce56e248e0f5da5a9
1f487-1f3fd.png	2D/png/128/emoji_u1f487_1f3fd.png	0132f73d84900467e5d65cb2efed96f5a104bedfb281721cbf42a1056a00640b	2c3808d9d4eaa9953b075f3c8ed8354592bf090780b905e82c44563bef86aff7
1f487-1f3fd-200d-2640.png	2D/png/128/emoji_u1f487_1f3fd_200d_2640.png	fb60ea94ecae69705a888c68d0afd831a29a7541dcd5c78edc3edfcb274d98ae	e9002bca0f4a4a52bc4caf4636737f87a0e20f7b01a678b199673fe24210c5a7
1f487-1f3fd-200d-2642.png	2D/png/128/emoji_u1f487_1f3fd_200d_2642.png	eee95d0f06a9f194c4a5b6c64da78fc2e9789db5aa6b9222ede2268f553b9700	98de81dc787bbae04fbe005bf5f6e345ddd4b27544b150696d8a9988451a4964
1f487-1f3fe.png	2D/png/128/emoji_u1f487_1f3fe.png	c43cacf472ccf7f2ad1369373e718c33a1c2045c346b93eb053b6669c235130c	57cc942a8a5bf99872dd6b8cc91c7c50b0d2b21ba9b6f688853f8671d5f82981
1f487-1f3fe-200d-2640.png	2D/png/128/emoji_u1f487_1f3fe_200d_2640.png	57b3c700bf2f070883d77abee2d97ce795be8ff2a8cbcfc8ffbda9ec1d28725a	dc5934e1f1032a8ce43c57f3104b5c8a3776ab5cbdbcb5908e86fad47e21cc13
1f487-1f3fe-200d-2642.png	2D/png/128/emoji_u1f487_1f3fe_200d_2642.png	83e11d726c1794261a5c4ffc26f4f3ce3a02684a286c885c9d24f024bb5b867e	636a3ea5e2a35dd41cb4b3b5b79aeeaaf825461f5a4570233339a30defc0a2be
1f487-1f3ff.png	2D/png/128/emoji_u1f487_1f3ff.png	b6ecd727c80281c630eaf182cd75dca25b254ee48f01e6e2fc73ac3ba3c72408	c40e639e0fbd2a39f19b53b8f6b10e60bed8764ae239ecea1c18ef8faa08fa6d
1f487-1f3ff-200d-2640.png	2D/png/128/emoji_u1f487_1f3ff_200d_2640.png	6e3e712d6aaaf1b4c75d4100de3d39e16489f8d7460f8f5367107153d1ab3a0c	a3e0fdb26246d3ff33fc84c5385984d6462f857d1bdf7003f640adfc33851424
1f487-1f3ff-200d-2642.png	2D/png/128/emoji_u1f487_1f3ff_200d_2642.png	ff9df2f8b5850bb2cef609d33f8064982e37d830e44f03f2d2a66acfb1a7d8ec	bb9553d860ead03516bd9ef4f18a18dfee374b9414577239f9c67411d58df518
1f487-200d-2640.png	2D/png/128/emoji_u1f487_200d_2640.png	42aa96f6c57e24a088b16e117ae0ff18520294c9c9ca6952f5188a93570de921	f39c465c2aa05f8ccfbee2bd4acf657a7cf79747cbbd64a4a4c18083c7cbd2f2
1f487-200d-2642.png	2D/png/128/emoji_u1f487_200d_2642.png	2c75776c80a0c8f3bf2ca5a0a14e3bdba375b26ef99a0bcffdf475da1aa16747	a0293cd282982773c38271e9b5aa88b0075c0436dd378bc5caaf1e23a4265fb7
1f488.png	2D/png/128/emoji_u1f488.png	342443f2519b4db5ee78170a34782b7665c22ab90893c30b06f66e84d6072ae3	b892e17ca28425f680b0125edad28cd4bbf69a2f66a18aeed6090e17b4f1a1fe
1f489.png	2D/png/128/emoji_u1f489.png	510dbb2741da39c59a8b4e37db9b43b494fce5fb548355509e85eaa4333b09d3	c15a6987c99211ccb251563e1af70cf7bac414f77e0c02d698e94ec4c6835f67
1f48a.png	2D/png/128/emoji_u1f48a.png	074c63be33fd6a999aabeb32964e3d9d8ebd0b209c648381ccd299d38a872506	a5495e906203661a6496e4e6fc2a19479ecaa813be852484f3c3fa8a19d1b52a
1f48b.png	2D/png/128/emoji_u1f48b.png	35e19ebc5d6572029f9e960898f58111a4398f11bc36e31a8f4b9d3bc10cd2c9	088cbb27eee24ffb26def1310f19d804fa0385629b541c8f74b98a0c73f9cb2b
1f48c.png	2D/png/128/emoji_u1f48c.png	1b061f3af12fbc31acb20402a864a50b7cb5c05020ff4d976384739722d22fc4	17d187f882bfb9cb5b9f480072f1fb4b236ccbc05788dcbe48d8c6fd6e2fb2e2
1f48d.png	2D/png/128/emoji_u1f48d.png	69b54acca32c03db1a7c0f60555f56440839acf225421dfdc59c5aecbc37baff	5136ce8a3a8aa6553090f1710ca15eb767f2785c6724e31c86399b0475522082
1f48e.png	2D/png/128/emoji_u1f48e.png	e4627a675c18ceb6a8cc09ab51d4f4fcc4a8f1cfa97cc6e0aabaeb119c36078a	bb92111db4387ce5b87c175d94ce385901f9355a38e92f9b254e8238252fb576
1f48f.png	2D/png/128/emoji_u1f48f.png	b8cf535cb888024e2f0f346e15f678835ddab4c51fc3744c2505cbf272219fcf	fec253a78c6d824e00e03117537b30a28ce4f0e277296090467c311265800aac
1f48f-1f3fb.png	2D/png/128/emoji_u1f48f_1f3fb.png	384d1f840512d0868904af3611155d986c30e815abfd130e002afd5944401248	633769aad39f511fbf682a88d0cb6a8f6c3e9257fc471fae89a293f7bd39ac52
1f48f-1f3fc.png	2D/png/128/emoji_u1f48f_1f3fc.png	33c760dbbe878422ee80fb2b2c2363978d46b82bdca4005e2cf186f928aa56d6	07dcd16c33be41e34eff7f02c0105e4d9c77b9c14a45bb8b57f47c07784e14a6
1f48f-1f3fd.png	2D/png/128/emoji_u1f48f_1f3fd.png	1c06d4de12858698f3130fed78956c43d9d5fd98597469aa1461ec9e77476cd5	3d370e392414f3b86039e984fb375d995bd36ac64b2a498f3b4b97f78ebde564
1f48f-1f3fe.png	2D/png/128/emoji_u1f48f_1f3fe.png	a8e35d8fd0f6773d503a2774f266c5b438605493d9e463f1a456f03e9eff18fd	ae38c245360a44e61e414c8177c984f5869a8d95325ca158acb635cadd0af4e2
1f48f-1f3ff.png	2D/png/128/emoji_u1f48f_1f3ff.png	7e0c965570f69bee2bcdbd180caa5802c00032420d71e608d325a8b5249daafb	676a9e5ff622550a4dbc253f35ee3cf96a799f7bfd3f8ca8c531c9bd62199f02
1f490.png	2D/png/128/emoji_u1f490.png	6792fb82cf2b12ba295c6927de34cfe9c9f07ce979c213533e0a36f14c0b0f01	1cd1e82ef0bfcfa196b710f190631c5d06a56d94aeadb4909cc77568bdb3863e
1f491.png	2D/png/128/emoji_u1f491.png	503c6a69e683ba1b8d4b1f208a2f7fa665c338c5cb9cc04c795623f3e3d03e5f	920bacec7a4a03ca9a184e093fb54305d44660d8ce889e059851e8aefaf5c2b1
1f491-1f3fb.png	2D/png/128/emoji_u1f491_1f3fb.png	6a2d78889f9fc2963542a00db1097dd5e07dd63f0e652d8f884c50780772370e	5bebb0b704e11faf18f9223f6e5ff1ce4f3ad3ced21fb4ab242b6f7b2653b3fb
1f491-1f3fc.png	2D/png/128/emoji_u1f491_1f3fc.png	9f73607f29c6b9ce54d6bdd579efde551ee0fb942d4e60375c0f6441faef6921	8b5795aba1e55c4d44367175ec52fe5d48943babcc2baa3e66e354b88c4f308e
1f491-1f3fd.png	2D/png/128/emoji_u1f491_1f3fd.png	8aa6e08067d0a55bdb5358843cb9f3c3fc4fe7a80e8de07f805d199876e00fa0	c7190286080820a73dc1a621d061bc729b701fce729058a8abda50d6d55bbdd3
1f491-1f3fe.png	2D/png/128/emoji_u1f491_1f3fe.png	ee3de51e03c3bb1a5237a4738e80d2baa5e9b5fe7ffa70ce2733093894846fd0	412b9670de4726a306ebb1fbfaf1c9c956ffe0e1f5810a76fb62a2497dde0dd3
1f491-1f3ff.png	2D/png/128/emoji_u1f491_1f3ff.png	1836367670aef276643fe93a5b2690b6cba8059fa8090bfb8e6d88527fd64978	5f0d674c82fee5b3090303977e487c56d35ecbe3bb0e681d2b6a9e520d907deb
1f492.png	2D/png/128/emoji_u1f492.png	be1da480fcdc560347b92718627608e365d8f988647af6ea1573e9e91a7c21da	a211f0eda90c0dc509a29f2f2933f17a5ce6281d6861d13b78b1f09ef323db08
1f493.png	2D/png/128/emoji_u1f493.png	05ebf7fc42e6aaf963f42ec61ac3718d2ce22490240c5c3121329fbfbbded2ac	2c5f56d222ae282221256e86adabd952365f25226b5a56b1e26b9b2b2f5522d6
1f494.png	2D/png/128/emoji_u1f494.png	6be817230f5bd73a190ced57389d221b3b22f85193c50a862c11b5489e64272e	806c8fadd970a8bc59ec7080b8bdf9a9f78d1e640c27773db6add9d2040efab2
1f495.png	2D/png/128/emoji_u1f495.png	d0a3e1b2ed153b36d09c0243c304249442562eab5cf2fd5e5e5506d66575aaa9	0d1fb0e474024801d5a3ff6392b508172fce451e9525fe8783e74f333892a73d
1f496.png	2D/png/128/emoji_u1f496.png	db762c47aeacd7617fbe8221a57ae9928d2d99f00a35e324d239e3f5362bc233	2b7ed574f872759eeb8d99faf8062dc261b91c600811174ce0c1539f16256257
1f497.png	2D/png/128/emoji_u1f497.png	2f9d139a44f8a7f4a77de5623e1ca8cd504690fe99fa7e4e37729c234e7ccc2d	c6cec29d98ac9d2ba24649a8df6db99941b4f75136a6128d8d93461c3c8deba4
1f498.png	2D/png/128/emoji_u1f498.png	0473a4eca371d6a812e89350cb27e7c1caa4b5b4fe8917d487653203c4ddf8ee	4e098d875db595bd1c305b5abb9a5f4eec2ec32d45885b0bb80ab0514ad56eb4
1f499.png	2D/png/128/emoji_u1f499.png	2aae232dffdfd1f68b9bc6da34e7ce0024bb9d07211fcad03d0bb13b27290c6b	82d213f70e771b6b0ec58c70d3018a94fb8412a5caa8fcc94360f44802641e91
1f49a.png	2D/png/128/emoji_u1f49a.png	1fa2b75388068a2b0c5e82875f840f1af1eec5a369e9edc75cfb690df308fccd	a3ccf445aeaf8c367e402fd9ccf5274ecca6679714a0536218b4efafefcdc296
1f49b.png	2D/png/128/emoji_u1f49b.png	d6dc83c9800dfa15eab158c500257b1a7b642d4e8cd444415d1e5576e5d96c7c	277b02143c8c828d7c71402fe2137334b8649b83c271c40d88aa5d58c899998f
1f49c.png	2D/png/128/emoji_u1f49c.png	69f205feb432e639fba98cf9c6295006e2145f05410ec9cdec59cfb86e458243	4161f91741e54810f2ea7aed36b251c11c9de8ece7c8d81452772adc6d634a49
1f49d.png	2D/png/128/emoji_u1f49d.png	6275f9af05e815813e99d4e247772915d17eaa89e92291a9cd887c6906adebbc	25f5ea996ff9cb84f903e01f93aaccd72f8c4f4cb650bd21614ab0ed8898d0b6
1f49e.png	2D/png/128/emoji_u1f49e.png	e65da424f4f19376607012094ec9dcbf6d4d39907efdad62954d1508c97d8809	cd68411ab4cf8da9c608d947cfb6f69fe67fa74a9a65c3d9c26765c6da7dba12
1f49f.png	2D/png/128/emoji_u1f49f.png	603986c093408ec4c94f007222494c6b3aa109de9cbf18f2bd984ce96410f30b	f0b2860f18919cf6daeef48025b650e7b4b03765c9091a3d2c7f55c8608d164a
1f4a0.png	2D/png/128/emoji_u1f4a0.png	343cc998f0d9e7f9080fe3e740151dc6dde57b4067d789d66455dc488c0eeebf	16bf2c8cf345cb0287b96e0cca10bd1507584caa1f97c8b2636381b7b341494b
1f4a1.png	2D/png/128/emoji_u1f4a1.png	3b57447c18ca9a6bd2df7f17fdf22fb5ee1135bd07fda592e2a34c705060c1c2	dc7c0e15e3e4abb7db3954859705a2fc9d2dbbf19940bd24c0e2c59aa3cd5eda
1f4a2.png	2D/png/128/emoji_u1f4a2.png	828d72236603d8e4fb52089f2e665729fa1ef81f8afe0bb02da16a31b813360d	daecf829ad141c8db3a719b303234e0a5452278e78a685626323cde5a352ff9e
1f4a3.png	2D/png/128/emoji_u1f4a3.png	37d86ba21f2292108b0642fdf90d392ac02ab905f476ccbfd31678ddc0dffd0b	13aee209ebb45849542336daa5ba7ed7a310bdb02e7f218718d9fe91240359dd
1f4a4.png	2D/png/128/emoji_u1f4a4.png	fa69aa6baaf4ad28676c1118ee2ff0da765cb3f2559e8d5e33656f03cb54f78a	ff8b2d212b98b4f130eca22b3ed069f55a8ad957732480a336441ef091e4f8bc
1f4a5.png	2D/png/128/emoji_u1f4a5.png	642a88c313b4094fcf8dcfde69307da99296cac86134fa6ea6259ba6195a61d8	3541fee5e588eba7842bfe4d4fa71ae40c9e3056c186f53a60fbff36d0c4394c
1f4a6.png	2D/png/128/emoji_u1f4a6.png	3deea3fa417b6b3748f6f78d8adb50262f6b1a8f931ba9178a0def6c875a0b9a	b95d74b4da6041cb028556da2b12c2eaad5ee2c8cbcb56361f412c1038a805d9
1f4a7.png	2D/png/128/emoji_u1f4a7.png	f523b07e40891a9765bac75766fc426c4cbcf405eaf9bde95a2657971755a463	803e2db79a66da35b9d5aa501c2978eddae07b3072227f62aa56deaf618b2a38
1f4a8.png	2D/png/128/emoji_u1f4a8.png	26b3b9e559835db84b225cc406227f97f3a1794454b77d4b325a70592a9a1891	ef25a0f8a7419025480b2ba0f9dfa265dcbf2cbfea8610c166a5c0a87ca2d71b
1f4a9.png	2D/png/128/emoji_u1f4a9.png	c5187ab6dcc69f9569c4d605c23da96e3c78150e75ff61c32fd38c052e71d95f	70985cef3fa0ebe1deb6fd3ba3de69016f246b48485e5efeea0c87d288f66c5f
1f4aa.png	2D/png/128/emoji_u1f4aa.png	6b045c171481c0eab16be4967cd1e3e2d93e2f9161de8c727fb143119ae3f354	7caaee8d26deacdc01848b25e4820d6841e3474da417cb1031fa095d763b47fb
1f4aa-1f3fb.png	2D/png/128/emoji_u1f4aa_1f3fb.png	8cdfcc42daca05a8ca5ee5f66ec6fa986a60eb73b5f8d66bec90ed4cb0338203	65c750118464650ffee8911fabfcdc8ae765304010bd8ba908518a46bd8b0351
1f4aa-1f3fc.png	2D/png/128/emoji_u1f4aa_1f3fc.png	35ece6a381c5a6311a274751eee9d96c12690b5dbc176327952955ae4ca7daa0	39eb6a7bdef7ba454a92606371c0cbbb14fa32ebdf392fa9da51b1f8f82fcf83
1f4aa-1f3fd.png	2D/png/128/emoji_u1f4aa_1f3fd.png	f2acb9b94256c1f5e3af390b29bd43e6fc08ca73cbe763aa8a5628a3e7148f19	6be886ad8fc06c710952302be4128088994a90765f450974986db0e7239b88ca
1f4aa-1f3fe.png	2D/png/128/emoji_u1f4aa_1f3fe.png	b6165524e448e1583f3282a6ef4c5e3af5a64a8f3fd3d594019446b168a66f11	51a07b5cba0b1366933911d043bc34154391547d55dad68582767d34a95095cb
1f4aa-1f3ff.png	2D/png/128/emoji_u1f4aa_1f3ff.png	68848d318e369578682e4499690508d7576ac6d08c56455d240b117df6065330	deaf1edac533ad38a68c579887e61c77742d5a5bfa749b12aeac0decc41d4628
1f4ab.png	2D/png/128/emoji_u1f4ab.png	88bd0cff0fd0929a86565187cc624a0b48190efca9745b1df7272dcb3e1cb143	fefb479c4a2c09ac9c9b4b2cf8ccb9abb0b928b9853f6f62d3b09ca55fe2c0c4
1f4ac.png	2D/png/128/emoji_u1f4ac.png	4d9f79c3b149dfa6b80bae0b961d5728a97a4d15fc815959d2eda1f7fe0a1968	cf9e8511201237d72988cb26f36c72366d2a8accfd1da6e103a7cb8130f6e940
1f4ad.png	2D/png/128/emoji_u1f4ad.png	8ef102b6a5d928efdae6ff0b492b98157b65ce43cf64489cc4e91105812b6046	17373900f7801cff0d7538fa5d42df497bd981246fd521db22a4c7f495b9b479
1f4ae.png	2D/png/128/emoji_u1f4ae.png	81fa55995bfce8c4bf152daae0961868010b8d6f59a23b503d65222cb69ec97d	40041d7b674aae5e87bdcf2028682161f94f33efd1116da6df2d2e8f51bae978
1f4af.png	2D/png/128/emoji_u1f4af.png	90b4590abcca8d6225d0020a81ae4cbc544ac48bb2b5158c39fb15b25d3bb538	0b99afc06eebc006b6d0a36077d2a47018a619083660638b96e81d0320c5310b
1f4b0.png	2D/png/128/emoji_u1f4b0.png	bf5d05ca51639a358bd9a979f255310685cb6478e261d0cc3fcf5a23922b2609	06afe9cd7b87fd4e40c3bbae10a115aa5a980f71eb97e969bcc252378b2c260c
1f4b1.png	2D/png/128/emoji_u1f4b1.png	a70f76ba7cdb7ebe539c017aa1e0b67390b6de1def59c7f76c5149cc1efbc0c3	eec47b071ba79aba5b3a536ec88783dc8ad1e13343b1149e73450bdc8379f244
1f4b2.png	2D/png/128/emoji_u1f4b2.png	18320f04bc7746cc531ec7f499fced9a5ed5246081ed71fe652a539c2428c270	3fbf43cd39466ae439d0e121fb4b6f67d694b589b7c0b83fb8a1c1a3b509861d
1f4b3.png	2D/png/128/emoji_u1f4b3.png	1a5615bd6296f351210247772d8665b9766f3d1b0777bdfbd3ab714c3f7465ed	d8fc7b075ef21aeb869c6f26bac7a32b8baf258d82863bfb7766abbe7939577a
1f4b4.png	2D/png/128/emoji_u1f4b4.png	4f7ca3f8285a10e58034d88237a6f436dd0b87af26d5d27a2da441c729b09bcd	34b6610c8de653ef475c588c221ca13acb9bf5b0ff26d2e5761209f2066d2615
1f4b5.png	2D/png/128/emoji_u1f4b5.png	17806acc957d81285ea411e2de3763194ac04d3ca6e7af3efe283546c42662c2	63eb78d73445114513a669c9c183ee688e0ac4e724919fea7e39cd819b1ca6c1
1f4b6.png	2D/png/128/emoji_u1f4b6.png	536581cdee3959fa60e56f5059515d633a116f1b6fbd39392c78f7c0ac37c66a	aaf2b2da9d61df96bf0862a5b53eda94124d836f4c2faca9480ef1a7d9cc174d
1f4b7.png	2D/png/128/emoji_u1f4b7.png	29069937c43ca65311222a2ba4cebb91dce7df8fd83f47fee11583acd92256e7	872061dbe029059b2e960e909ce0a1de2545f5896a50e577037f2327d01768b8
1f4b8.png	2D/png/128/emoji_u1f4b8.png	0eaee37a8b092ff2ce622e2007ba8d3cc2581ea2e749104bef6a7f181bf91b91	b9263d4b15e591226d1d5fc9ee52e3b8eb7df2e2082ad1e5e9f179cd8b29972d
1f4b9.png	2D/png/128/emoji_u1f4b9.png	b0542e091c285361dd2a5feac5c9ac69e790c6375d5d63fa5dfae5c5a0eda1f1	60e98caea119fef9f2beeea879e83d274f93bac639b0570e3b7f708fa67fee92
1f4ba.png	2D/png/128/emoji_u1f4ba.png	6c8392d9a1876ec20962100b380c5b0323e2080fd415edb9934b7fd0fc1c32fe	a98af22d74b0fd4fad0621ff90de9231b23223c3e8f70716ccdc1848736672b7
1f4bb.png	2D/png/128/emoji_u1f4bb.png	dae885e21791135780c0ef6481aaceecd137d6d1e64f1897c5d048d02fa27782	65ef60ba44ef0cb41b77e35ff3704d6c799417bebb3f15239759943bafb4f37b
1f4bc.png	2D/png/128/emoji_u1f4bc.png	df87604e30d8f7e7c41c47c93af89a2d5ff544d74178f8a051982f85d815a682	4a4fd6e54fe28741c18b3be9723117ad8a7f3732e204dca52002022855490549
1f4bd.png	2D/png/128/emoji_u1f4bd.png	d0e5b99f59b44acc97668be44e1f98b108a9dc1d5cb482fc0a20f560f1fd5f64	f1d633539cb188993f33f6264c5dfb1597d63706c381d1872edae662c03ee486
1f4be.png	2D/png/128/emoji_u1f4be.png	b0f76c94f33f0ef65984bdebbe111dd9f8a463f8a8e1c9367238ce5e94c4bf67	8dbb06152ef6c02de9c878018b7d3648d1e6df26ba41df7c56cba1059c69c73f
1f4bf.png	2D/png/128/emoji_u1f4bf.png	5eef9c863de547bf86273f533fd682adba5eaec9d93af4fce45e75b7ad2a9b95	e11f797015595ff41d0b32cecf565d4e84b181610c7daef1822ede8103150021
1f4c0.png	2D/png/128/emoji_u1f4c0.png	de7a07cc27aa8e00c48744741b4c4e78c243b709ea009791196febd5dc170751	27bbb511cc9a926ef90632890de9c080fc859b90b2ac23fecff3f1f90cb7be16
1f4c1.png	2D/png/128/emoji_u1f4c1.png	d223bf1b99bef385c8f6c3609a021e279023ba5c4562bfd6a80b472dfa3e928a	cbf7605a1376745fcda9b0a13f2464eae8d2eeff8cc19dbd5a1f5522cc07550e
1f4c2.png	2D/png/128/emoji_u1f4c2.png	0a404640088cdcc3625dbb49afc99b95e7e1ede7c818d7e171adb4cfc444c64e	4eb5fb75be65d7d64cbe2b34b485777c154d1a1de6b47373c25ef91b406c790f
1f4c3.png	2D/png/128/emoji_u1f4c3.png	a375daab43692c0cd13c76c36f2c026dfc8bde246f2c5855e65f4a067a5405cf	ab6a86675214b7b9302c5e41ffd0ec890beb85ab155ddef3f726d396d99be139
1f4c4.png	2D/png/128/emoji_u1f4c4.png	dc0bf5f4635a80406142f1c6c1078d338361d4ee6e58d2909d67546d3376cf45	dda07c5ba776baa7112021dfe54ad1ae7238e46fce2090db505deaa4c2445383
1f4c5.png	2D/png/128/emoji_u1f4c5.png	e70375f7b1a0b69e82ee9062c7606f4e1ac533601843c3c8af2c461f479ed647	70a2ac67c12112a9dc3243dedd0efc8a3cd23ce7bde0d70fc786d9a0fde3b94f
1f4c6.png	2D/png/128/emoji_u1f4c6.png	3502342f0cb5330f6c70c2d5420cae392671cbd8d1c580f604c4285750a45cab	fd8d16c2b6e01a9afe5997f9daef7def83b50ff8df0d4aef00ae5d47ca05defd
1f4c7.png	2D/png/128/emoji_u1f4c7.png	c34daa473ba4e8d16af279bc5133cce939795e661047c98b4cd3606f896e1cdf	f4ef2bced6a4d020d113438ec0c7f7f61e7dd716c67eacc24fda3e7d004f60e1
1f4c8.png	2D/png/128/emoji_u1f4c8.png	bba7b0436e268398dd04013495aad534d1d6f7c8ac9836eaa38c44d74eb4540f	269e90a438de54420bc86a5c38f88aed47fa5382a0a37c7925d9b67d636d36dc
1f4c9.png	2D/png/128/emoji_u1f4c9.png	72c2a37cfde5ef3da3f07f016ccfd45e0b4e83e745438e1fae615fa289115820	009ce0384bb567362e15cc062d861c9fd12af1997c4bff259f4c7b28d9a09627
1f4ca.png	2D/png/128/emoji_u1f4ca.png	cc64fd6b1e738fc30ade8b256be9758bcf82e200a608c69cbbfc02db4619f475	bdc38bed03a3890b6e6104b3b4a683429db2bbcbe1d2e665ded53dabd8b1616c
1f4cb.png	2D/png/128/emoji_u1f4cb.png	3033e11e7d7bd5687eca5be0e8a8e5c8fe7f85786c0fdaf687a6b1e2439ca00f	f2eeb1ec2cfd3516a2c15b06253764b0c0e60b535911356e39cf5d9efd4fd455
1f4cc.png	2D/png/128/emoji_u1f4cc.png	74f34c13142716437f0b5574fda2f9d55335cfd27163b64df884c08cb5e390f4	43e23e2cd13a3ee3d76a72adeed4c07aee1ed1ed0c2c36003af4a3e3fa81ec8e
1f4cd.png	2D/png/128/emoji_u1f4cd.png	af7256663634706f94ce9f4852c9106586fbc7030d971936721e2bedccd76932	ee93c77001609ff6b4e4c95637120f07bed4b8bfa3e6d0d02ae0667638f18c59
1f4ce.png	2D/png/128/emoji_u1f4ce.png	f80d57562a786e4f8c8248b9b5ef563bb49edf8dec1183bceaaa10ee6e907082	5dc05813a702b5bcac4669f2fc8b19598a2df333995500697c1bbcd54be724f3
1f4cf.png	2D/png/128/emoji_u1f4cf.png	f4e43d747a0698ea794720c0dbab0d93f0af46aa6d6a879cf7476d9eccdc6b8e	4fc8680697ac8e3f603be429d1321f5e5727fe56fb3b5d00f1b6552586a4897d
1f4d0.png	2D/png/128/emoji_u1f4d0.png	3d16b5e8d8f3474a177d1f8801683525dd98a9d241c3a280ce505cc2123c242f	f000b61a24e863968368404157268fe59cfc8f8e7813dd9a3ab487524294feb1
1f4d1.png	2D/png/128/emoji_u1f4d1.png	bf8eed01ca42766d2f62d19c06c7b096743c197291a532480621ad870ac216d0	f348ec5e5c0029526f9026b75106b102fc9fe338493c750bfb35b4371adf69c9
1f4d2.png	2D/png/128/emoji_u1f4d2.png	0e36534abc06607e2c9c47d5cf9af32bc84b11e6f043e693f93e6d583074b62f	1d073a60dd3130dbbd1889ba958d2c35b64da19d4789aaf7d6c4123759cfd333
1f4d3.png	2D/png/128/emoji_u1f4d3.png	657869e55e0a47a44ce93b456272af90afd5bb73ba2f2d0d08a125ddf631c406	b11ec03d83e63c564a236250332f70076e9a879663d690b4f07a2a0fc2ef48e9
1f4d4.png	2D/png/128/emoji_u1f4d4.png	cc1cb3ba877702aa5789c8bf022582e675c40d5a1a702c0e153551958017f4a1	70a576f7917b2038ec2dd413cd18a418feac4281bf5c095904e8c32e546e45b6
1f4d5.png	2D/png/128/emoji_u1f4d5.png	8883ffefa308c92c3bc24d067306049cb56f1fc1942e3024fac59ab372025149	85cfa922ec994c9c751544f2ad1189b0e7445569a47285ee5311b4624b0a604e
1f4d6.png	2D/png/128/emoji_u1f4d6.png	0bf092aaf2eb67d821e12b8dd95d7f9f9fe165bf89cbbe98f53b1e03f9c20379	e4eb2af1b780729719e8a21c2bcc723346bdceab1a6aa29ab5be41fb655de546
1f4d7.png	2D/png/128/emoji_u1f4d7.png	5b54937e7f7ae05ab1b50ef0cc9ba8e5412991b52efdba3d7e7d437e0e2769f9	4bdcae3ec0eb82cf6f508bf1eb433e90d4c5bbccbc6448c824f0dcbdb2fe4f62
1f4d8.png	2D/png/128/emoji_u1f4d8.png	51fea45dabd804ee119eb086d4614524d6546f270dce98066a9942333205f8fd	ad8ad6a8d6e59ae2f8725dc40801eabf0b77c44345b4a83b82ad337b65ffaa43
1f4d9.png	2D/png/128/emoji_u1f4d9.png	5c50bbdc96d7603870a5fb866c470b4b9e7063f002a58614d5292dcaa820739f	cc6572223944798d8ad76ac7246e8d6d3bfb2c3daa5156511a3809831b510544
1f4da.png	2D/png/128/emoji_u1f4da.png	bf6ef5456018c6f087be2a33d182ea265ed5a23989c3df0b02ceea0bde42034d	9d2966e39ff55dc45dcfb1b3ae9d94858159ff7beceaf08d71d3c9391cdd4aef
1f4db.png	2D/png/128/emoji_u1f4db.png	bb9d4b8f16379c9eb19b030a67f498c62141425cbca77797714a23cac8a345d6	9a9d6eafbd275e343e76cbebf9b0fe4d934aa22d2289a4611d8c19183ca83f25
1f4dc.png	2D/png/128/emoji_u1f4dc.png	4430961a26f74e35582f9b4808fbb136019e4d6c8541fda0bc5c7dd03e2230ef	b1ca700e8f76462e8dd866895ee21defa2a2693fb3e4b46189a955366ef4957c
1f4dd.png	2D/png/128/emoji_u1f4dd.png	8e82ef5de620ca9d369120ce07693c83c96a13bc009e64319333fcb624c87119	5738631e7979ce1ba7334bfd78b5f3828c27dc2df9ef1026c68cb5e4c81dddf2
1f4de.png	2D/png/128/emoji_u1f4de.png	1cbe6724ec8c1ac5d47dd3bab147a890f9b9946a1ab4bbdd08089373e8b9c92e	6c351ffc6addcd33c74774d3d5c82e52598bc8a80fa7c42f8204e9b64fecabc2
1f4df.png	2D/png/128/emoji_u1f4df.png	15eeb53f8350e40c89dc4d7169b2d091a1e218503264972bf041059a2df8b70f	d36c74411809f36061745ba9688e9e5a52569b307f061ec6c3c7ba9f252ebf3d
1f4e0.png	2D/png/128/emoji_u1f4e0.png	ab7e5a5c8cc906542ea509077a3a5f110595d3eb7f3a3f3e6ff299e49c209894	df1fe473c1411a79303b2592b4ec82d231a916230f3637025e047f8d750c855b
1f4e1.png	2D/png/128/emoji_u1f4e1.png	cb1ffd2a108ef0fac236ac35d1f0ec9d45704182e825d0191f7b281106e29e19	ffef7d680fb352fe7177d607d7bb34f5f3c7664350d6a815e06d6d6b42ea5aef
1f4e2.png	2D/png/128/emoji_u1f4e2.png	8c44fd864ade0fd3d0fd635284ee7b1e8c666f84ad55fcad3e3baea62552171f	6ac51d5ccdc9da9f15e1ded6151053c3e8294e49338ecc3b116e2707a522c5da
1f4e3.png	2D/png/128/emoji_u1f4e3.png	ad404981cfe0f00afeb1479374953a5d8ece19b011488f7cf1773f06fba39a45	1f86688b9a60e4639be7c8a61f1c705a7d47e73b9bf814e1dbe7b146f869099c
1f4e4.png	2D/png/128/emoji_u1f4e4.png	bca31e85a39d79db4809771bd85c19236626c172b9b89d8abd223dcc9806d0e4	9b6c65e64c729a1d3837f2724de71fc755c05833197bdbe2f6cce72664a97803
1f4e5.png	2D/png/128/emoji_u1f4e5.png	c5b955a8c66d204cd269a1b4a0d579c63180360defd734e21a2bb70fc6bef277	ea19c6d967c5f85da78acc16cef5cbbc31b383460be9b110b1616d2677a9e117
1f4e6.png	2D/png/128/emoji_u1f4e6.png	02497073f64f479301985122ce5eb9e435b4153ac114d392271913c878cd40aa	a86b908c687110c27e66579c3c958afe06f486bb55f1b5f64383bff343935ae4
1f4e7.png	2D/png/128/emoji_u1f4e7.png	c24f62c94f97f239f615193f6ac100a1b1af538dc5b5a7a3ee5218a233aec78f	38c91f84331c4b673a5581f4e1ef732227291ccbbd4cb82d902614da466c9c10
1f4e8.png	2D/png/128/emoji_u1f4e8.png	a0f5b7a6fa99bf37ad924f51971c9d0dfe774929c96a66fb6942919b6f280b3c	0db818aeb29342030bf641bafbf80f8a8fb76e624263a01e6d2f977f29e9df17
1f4e9.png	2D/png/128/emoji_u1f4e9.png	e3e2a87f322390306ae4adb2c2647be70bc8a56a462884a06a9db229d0e03728	cd8a2e426560ecaaa0aeb138f6a61104c61a618b593109068828f355d058aa5e
1f4ea.png	2D/png/128/emoji_u1f4ea.png	d525274ffa1e3bdd8dc375a582b08bfa8c8276fd2773e5ab6f6e559d68e5a9fc	8e0aaaeadb2a55daa823109711db3b4aec6389fbe51eed594ffcce882faf1faa
1f4eb.png	2D/png/128/emoji_u1f4eb.png	5329935d88002222ba1f4e6530ec634c9d29591c2c3448654a6f77ba4740a193	79839160ac02690ca80a7b6224a33591794cd9960036ee7ee0cf5fa9cccbc5be
1f4ec.png	2D/png/128/emoji_u1f4ec.png	22e2ca16003d77c51d6ac43f7e8a4b4661e3a16c6b2b90a8aa57173360df31c0	e194967051a670d101a7237c0b845df4bf20a7c47055793fd50a4d6a1190a2a0
1f4ed.png	2D/png/128/emoji_u1f4ed.png	489d58b0ce0c548cd014907d69571c955575658401d43b6a30358a08fa5292a1	3fe50bba60315c1c4c5be9399626d68d8cf1ebe10d184c2b265df92a28656b69
1f4ee.png	2D/png/128/emoji_u1f4ee.png	321fc6b2f6e11240bcfbf1b7d5147580d219ab185718f36c612e865cbbcf0775	8c084adaa51a94e52a2598e00fbe2f1c39ff40df42404b08b989dafa435639f2
1f4ef.png	2D/png/128/emoji_u1f4ef.png	33a1af2f9347d69fceb7f83a5f45925465f99701fea98543c0f85737ea8fc6b2	019ba0b5028d8de11dad8f5b94abe54cb864fb2a67f142f12e43ac0d0a244431
1f4f0.png	2D/png/128/emoji_u1f4f0.png	ea50a4faf8cc13bedc32f44b81756b26395538999b64e51ed03fdd1fbb760b5c	88db8a078592f78d729aa28a89d3b7a20ffc9b4f7b20f7e55932bb47da4cb547
1f4f1.png	2D/png/128/emoji_u1f4f1.png	8c257b622f16addc7f7911db5410db1582682b0b7bb1e81eed9657735097f67d	04e5e7b2112840a3041bf06f55acd8bd856c25df0439c8168b6540cb1332bd94
1f4f2.png	2D/png/128/emoji_u1f4f2.png	b068ec947d53c2697386c2906ffb455bc45af468a99538ce36c515d8fa3240d4	2575e2197025059b0626b55ed157841e8f9753f09dbb5c32986871678d96abf0
1f4f3.png	2D/png/128/emoji_u1f4f3.png	d3c753a28f781d2ad9b9a93c62ddace937248df91550cd1611b171dc6250b6e1	2e449f7563690a50e7e9152fecca99a930c6ed5820431d5cc7e50b5f3c80bf7a
1f4f4.png	2D/png/128/emoji_u1f4f4.png	a3ca93cd9eba0c59b7c98c3bc73e66ca1920c4defb28f42160524e5da20c5ea5	cb36aa89679dc00ef6dbf7c16b7480ff80b96bb173b4a1f78c6c0714fb753e77
1f4f5.png	2D/png/128/emoji_u1f4f5.png	e121015d3722773b41e583104a8bfaaa851b6eee95181dc3bb427b2d74228823	48226cd20f010b8305f7f74c82e2023c3ea97b67691babc9dddf9123550b7db5
1f4f6.png	2D/png/128/emoji_u1f4f6.png	db449990f1843680d39c64e72067ebf3e5b675a5c4f880c4668607c05ab9f669	7908496f6b6f6e437355759fe9348de5ded4e6c3d45e7f6441f8d91ee9b14b55
1f4f7.png	2D/png/128/emoji_u1f4f7.png	605c65945d9b8bcd1d3855cf96c881149b86fb378eec5ba9c270bd3da7bc0670	2ae22132c74210b813618815e2551b4276dd577f26d9d5c5b10ec8519cb829ab
1f4f8.png	2D/png/128/emoji_u1f4f8.png	97f7de4d6a45a0bca84de2a61c8f850489ad7be499888888e7ba94fe0e97174a	3100a0eaf907acd88c890957742f91378a5f6396fe2fb2b5df2fce621e1b3d69
1f4f9.png	2D/png/128/emoji_u1f4f9.png	fb5a365a2214376ce65205f820706a2fa012514c833d3c5abca1f182d69d0449	573bd6b8bc5f0245b7c2fb3325c1b0d180488caeb3e0f983b6347841bbbac86a
1f4fa.png	2D/png/128/emoji_u1f4fa.png	fbf508dae2cfc0dca1be1b7dab7d5c8c7154d7944dc05723e479df58adbf1d33	6554bddedb176bd639a1fcf9742aa6c92619d8c4b1193d349a9cee3ff441e6c9
1f4fb.png	2D/png/128/emoji_u1f4fb.png	c6067644247e5843297bccd0ddffa356f4fad76ce0c0d33ab63662c4bcc0636a	9481537cb11e9f36d3cc16690144752ebcb92bfbbaa365ca9d9b45d19a40de79
1f4fc.png	2D/png/128/emoji_u1f4fc.png	b5e4c4d4f78e10970966de53c14d1111d50ba5b4a42d464480242b448a7e1137	74ffc9db838ee16b30b371b00497f28b31bcdbdd5b0b8e4a54b13d720a9634c0
1f4fd.png	2D/png/128/emoji_u1f4fd.png	7988e2ef91fbc3e924010c79ad8806f161b20d14f2714dab4f22741c675b5c3a	5e3b78bbb5bdae43fc15f8ca92eb30ce88337585ab378fca1ac88ba51ff29c42
1f4ff.png	2D/png/128/emoji_u1f4ff.png	97e6ee6fd242dc27235c8fd7a823bb0f23bfcac3f373a45478e349b7d1ebcd94	45e767ba1e9ad0f5b651fc84756da1f1d8c39c553a4d2d1a04996ca3c7505464
1f500.png	2D/png/128/emoji_u1f500.png	32304f7739e79bd693a4260b6f4d6b52bbdf9b754069e26573a21e1cea00efd0	150ca603ba65ea0f64d19168ed9f53894b4a81edc6669ebea17b71e1442aaee9
1f501.png	2D/png/128/emoji_u1f501.png	4c65be781d066b3147e60954ada442eafb92c644902b6c52046b85f593323c91	e224db8ff7cb8b71625a67c032f891f8e4aa661c9966b0fe9089b02df89af2f0
1f502.png	2D/png/128/emoji_u1f502.png	44307d7870bd2110f7c75e5537d5d6e702317165eb31efed3735f9e7af182cea	f6516a905357f9846f9fa467e620b3e346e65adc7c9fb29e005e4d570864a111
1f503.png	2D/png/128/emoji_u1f503.png	ae92e5d4c6d428719a87804956ae05a77d4ec29f8a791528c3c3b4473151c34b	0202ae0c3b27827a7f64215f8dbde90f164e5a092e697962973cc640d4e87ffd
1f504.png	2D/png/128/emoji_u1f504.png	00c4bc126717a97d9bf41b00e5672f7448d5dc464ef2d09e08b9afcca177dd56	931795874d8ac5756f985d8d019acf12bdba5a4f5c34d0ee99c4a2f97c63ee87
1f505.png	2D/png/128/emoji_u1f505.png	9f9cf985ee0650598fbe1a6333986be4ad8793e009dfa1d60281f4e5396529e7	5376e0499e8309e4db029b46d4b596d2d8c9e5b1db14b5cb7f20801eb253d7e1
1f506.png	2D/png/128/emoji_u1f506.png	0dcdc9b6cc6e7b38680979d316123a88272818c14ea0ff9c3b82264b8a0fae9d	8fcb81ae093b09d87dbeacfed77e7bfd6ff73e16c907bfef163f2f864c41a1fd
1f507.png	2D/png/128/emoji_u1f507.png	7257ad6e2da766d94c5cacba0c947359052b2fdcfb48f3726da888dff0b3a66c	d73d2945a31401c59f4f90f779c7ee77456166494321a3b352466a594317b5c0
1f508.png	2D/png/128/emoji_u1f508.png	f94643ca4bc09cb827787e2bc441085312f038c7bd168b6fb1c507edadedb070	5edde3ac3f190f57492c12f5ddebcacbcab01d28a757353c3cc542c30a84d5b9
1f509.png	2D/png/128/emoji_u1f509.png	98fb666ca67fee5b39828731d2608a9a65d36f4e831eeb30ba489a8d4cf43211	1002a318a4a43794856fda118e4b63fbaabb376a7ae0f8570d1c5816f3c27b39
1f50a.png	2D/png/128/emoji_u1f50a.png	c979175d8243f3688028ce958b1109c30851766bd932d293ae349b3c2d19b3d1	c98c3ba84413dddc8307f617e15814f68d248a1420529816df0897875942ef80
1f50b.png	2D/png/128/emoji_u1f50b.png	93439e0b42e0e6ccd003debdc2c1d8b4c5d8d8f84bff9acf8b33cfe4f57ddc9b	addeed899bc0afb50e989cd5db30aee360593016e0435ea86eeda40300ab5136
1f50c.png	2D/png/128/emoji_u1f50c.png	66c4961b4c2e24c60b38f3428e13afe5872c488cca0aa3a6057cf43b1106bb7b	e9f33e34cf25cc9ebbe2fffba77ce5147823447504f3fb7dffe13498a34491f2
1f50d.png	2D/png/128/emoji_u1f50d.png	b101d9b1dce9fee7d8b3270de1141fe87bf921518e4482df419fefb026e0df45	2d4f802383f9e306dbb6cd83cefebe3bdbc99e27984ce8ba38f6365aa81dfd0d
1f50e.png	2D/png/128/emoji_u1f50e.png	8a663b70aba13ef83a8d7655620e8168122be3d5294ea74b01ef6e607c4d5b8d	5cfb956397f0e96d4132c6e2d9f1d6c233d5a94d3c79f28ad8a946628aa9efc6
1f50f.png	2D/png/128/emoji_u1f50f.png	dad7939626e69639c3de247052efe3848c281682af91bc1f1758aa96dd6e1fd9	74775a767310aae236e76c788f0fe8b85f2dc66c3d8d89e789320a6c5c1e11d5
1f510.png	2D/png/128/emoji_u1f510.png	5116140b70150884312d2e452c641df64fee5e1dd5860aa1beb1899ddf9d9d6d	25d87a8761d71058f07f54f1cfc368008e7a613f5913fac05c545e9c36b8cabb
1f511.png	2D/png/128/emoji_u1f511.png	1b74e064b98054fc363ac00c95ef017da051455af1ca787af10146d19a119e31	1880421ff5271b96bfd37042c5462f3ad6edd3361c06bf9c8b4740eb88990ab4
1f512.png	2D/png/128/emoji_u1f512.png	ceb7dce999dc3487ae9598c66e546d72f04967eb65d9221faeacaa91f92be087	92aa93e2e38f602c547948946fb9e059657bbede104baa57a6b5d89a91554243
1f513.png	2D/png/128/emoji_u1f513.png	6292daf6de1646d23f22d18afea7a041f126824dc95d7cc57d18086440f4b69c	f5395bb23dcc26930faff67845312f81ae56eea3c922cd6243b396626f7d27d8
1f514.png	2D/png/128/emoji_u1f514.png	546f1d98cd071a2b80c094b1e5c4b40f1bf3c963d94eca6a891ea624ae7bd8bd	a6117aad9838521f69e7dd9683429313d279b3d59db7680ee316890b5921d2b6
1f515.png	2D/png/128/emoji_u1f515.png	d5254472ba9e8993565d10217bef2c4e1b246473402aedac7e1273188fa4e86b	b89833bde8b6297ce3942d0d8a5d183dbc999c0ee218d676e0eeb7b38ecf456b
1f516.png	2D/png/128/emoji_u1f516.png	478cdb7f0dc2b19f3c98fd0caecfc11da5fe1cacdd726c218d98987563a60d7d	5fbd970850f0e1fb3ee1db50b49cdb1ab0ba2931f6a10961ccc04572c1ea0f01
1f517.png	2D/png/128/emoji_u1f517.png	7a872ad8104755c6838c2f4af4a4242398c0a5c86fa84e72b48cd9d236c92705	b8fce440f54414cfc145cb58af4e22782c138cd74ca9dd6a68d3dd9c43d6d1ab
1f518.png	2D/png/128/emoji_u1f518.png	3e6ad463bbae5e63d95c12ecd9a9e69be31fe6ac24a9ec8f69e22b8b12605729	a00d82325098097bc5a15777eae4480a325bec3eab9b32a88c1736c36bc9f55b
1f519.png	2D/png/128/emoji_u1f519.png	690e8d4866f3b42a653e5a048f52ff997a71ab0b8da932876787023f0fe095f2	d76444d0cd9eb82c5fdaec8d133839da36c6fe4f77af5f8262ba04d2365da677
1f51a.png	2D/png/128/emoji_u1f51a.png	58b8f0163b73ba3cdc2436bdc179d6a85d6dc967dd3721c604d09e8a59b79900	79546c48824d5c3b01572e257a68ef2c9d586c8b5ad1a493eaedf90be38c8ead
1f51b.png	2D/png/128/emoji_u1f51b.png	a60d2b545c54266fa349caabb864be3108fa4d7057e9c19acff9cc0b499cba72	f4d45717bd9af0cc0e7777bf046856928eabeea600ce37c705a9460541b70d4c
1f51c.png	2D/png/128/emoji_u1f51c.png	edb12eff4cbdcf24f32df692e834c57293cf7cf7f456d72391e5e3ba228f9fee	61d8745e9af6b92fd9249927618015ac29dc3d63db412bd78fcd140026e82c88
1f51d.png	2D/png/128/emoji_u1f51d.png	49b36d470014735fc22b18112dd126711caf9b4bcf9b6e6657a70e2a65efd829	553c1f2c72245aae35823b03e3bff373333a439576450321b83e0a8cdaed0797
1f51e.png	2D/png/128/emoji_u1f51e.png	f5828972b81bc5e6f65cc0ff784790d9517ae113ed6cbba7e11f4f4f89badb3a	d45d80acb55a0667e090a0ee57ce5414a525f7933806460e985279b424cde7c6
1f51f.png	2D/png/128/emoji_u1f51f.png	6f7a004b1a407b2b43f10118469b932d7a7d45ee8d8e9aeb0e46a9ee1a864d69	82f0d776e91651daa5b376127571c0c65b20092426e6c075b656f164033b34a8
1f520.png	2D/png/128/emoji_u1f520.png	1dfaca4b2714046cfbd847bb91f5f8a35cc5016cd7a8a09e86d00046df5d6d79	b083d82f6e3f9106ef2d9d932a8f25e24bd33011543140d3d7c20c30205ab37c
1f521.png	2D/png/128/emoji_u1f521.png	59c8ea175d92d1f4b340bb8ab0586c1e15dc52a6c191d533baaf6e7ea558e7d6	ebbaef7f454ce1ad4f14005c247b72a3ae4233d0e981a781e1ed7f2e1957b1ed
1f522.png	2D/png/128/emoji_u1f522.png	e69a6c7efdbb490dc844f358d26cd1e577bd50edd3e764323f80ee7311d268d6	5097100e9ee9464f2f835fb4741b6f651adb10bdf1cb48f9c6f94d48f1034732
1f523.png	2D/png/128/emoji_u1f523.png	079c47622a74069e6e9de835ed8162e2ee97ee126828f2d85c647096171b08dc	72cd324b009f2476221468b28a06987c24feab3f0a5610e146d378f48ee036fc
1f524.png	2D/png/128/emoji_u1f524.png	a054096020dbc669ed20fb7e656005d7bcb7dacf01701150e4447a1b8234dadb	607223ba5c28fede5589a65d92cd8cb9b34d9d89c2e42b7ea672d11c1316c0ac
1f525.png	2D/png/128/emoji_u1f525.png	24bf25eb9bdb8b89a5254fe303b9d4d8f3f96d722b9a8eff1afdec5cf40369a5	8a59a1aef0d81fb1d55a60fcb5d6df0b7687471c6f4899f8466492c983424029
1f526.png	2D/png/128/emoji_u1f526.png	b0f15f93d92281b443eb59314e8c9834b3e070e89b8e4ce3ded192365ad64d46	c047bd9d0883e134f4175f7d6aadfb9532774030701bbca8bacfe49bec831701
1f527.png	2D/png/128/emoji_u1f527.png	a7143f02c2f9c37c5200f25b0f02d3018c55056a8d7f6ebeffdad78ab9f1ab58	272d4e080dace2962e267dd2012f3850173eb08c277fd9e5eff97c32e257c617
1f528.png	2D/png/128/emoji_u1f528.png	737f5801dd1bd0a44c4b1ac4b695cb06f581e2ce674736452c6bff0cbec52053	a24bf31e55a2dcc1495f8a3b700a9f195eb7e86d2a50d33802a4451e0ca82a59
1f529.png	2D/png/128/emoji_u1f529.png	8db960fc462a2461f8a47f71cd42cd6ee6ad2b1bea9a30fa9c8e370bc8d2be98	d9472752a6feeac5826865e00bcf02f7457af96929a2189848406d4013e65727
1f52a.png	2D/png/128/emoji_u1f52a.png	12fecac174d7e56b9f440735f2ea0aa586387a0e3031265a76971054f7c16476	5e56a558baaccbe6142fe688f49df11ba6239661689b1da8799d627a53bf4994
1f52b.png	2D/png/128/emoji_u1f52b.png	1edbf9d7de2b9ed25de52110fe748c7801f22b3147a608eb1f5b06ca31710680	a34c7fcbdaca5875898e4b5c2ab9ed24b2c441d08a78f39a4c3d1682c40fed13
1f52c.png	2D/png/128/emoji_u1f52c.png	b810c336c49ca4e0fd029e70736091468c67df45e4f8feb3f3c4e2e09ebc91aa	3885c09093a670003fc1587b8afae70a998d354aa9b45d59c6f4ada79bb9d860
1f52d.png	2D/png/128/emoji_u1f52d.png	40f2793bf432650b1b605c28c32f5a309b4c4ea701a2033b49fde2d1c9e28ee3	e08411fcc22dfa904baa938aa6c78ead75dd5d1b21423358e0c0204152a15c47
1f52e.png	2D/png/128/emoji_u1f52e.png	0c34d47d5cdc05582055dfa1889bbee821ab934c2fa33695ba2a93cc9241b7a0	1a75e6c088651c13ae7d500e96e6dc679fe640b3cafbefc2715a7ee3ac372da5
1f52f.png	2D/png/128/emoji_u1f52f.png	3692cddbc5b14a5fae0d7b7ef5e8f92df3f2de6412f2a678b0ff9ef1c6475f8b	7797dd0c162fe0b50243ae3805efea973bec942565c982619686025fed0b10e5
1f530.png	2D/png/128/emoji_u1f530.png	10848a66c597b7500bb42e5105113fe98e0770efbe09ebf9cea03e900273185e	a6ee4a47910d54bbc4daf69b45575229b46bd1227603086a370f4b28f47ae632
1f531.png	2D/png/128/emoji_u1f531.png	2b9b080afde22a50964260df6f07c42865e425948a876e11e4ebac21912b8321	acecd013c60b9c2a5b79a4efdfcf935a9fb3563b8f2cb40bf623c104efc0c7ce
1f532.png	2D/png/128/emoji_u1f532.png	1d098df4c04c80e49a4f10a56b2d3257ca4e815b378559b4f334ee9ce828e8ed	6a5e766f13652baac52b644521ea337a934d0191bc576d784e1e52ce515edced
1f533.png	2D/png/128/emoji_u1f533.png	3f54c963f017580b3fa037461792512abe983d77831aa7742f4495d6a7a18aab	63c4a6d393d97d3d6c24f7ed661e4de623a70615239db1afdfbe90b0dfa5a82a
1f534.png	2D/png/128/emoji_u1f534.png	0eec80e1a7f3dc3bcf898f70a75211493e4ef5f2372b4ca013e8292564c4ff6a	73da8256c56454e34a6f12722be739c7985c8bed13fcafcf7a6cfff43bd8ed70
1f535.png	2D/png/128/emoji_u1f535.png	614e4847d4740d118ec6396a68836ec7725c5cb6eecfe88a86a999362ebd26c7	d7e18a216509c95f26d880e00745c94a6c269468216c1217ed3c95e6324939e2
1f536.png	2D/png/128/emoji_u1f536.png	10eba9e6f719fb772be909bac30f33ad2cecc3e2c311dee720f7de9dded72169	e993712861fd9d7b7ecca80a3ca48c7e00387dce679cc7dd96ad546cc305f4db
1f537.png	2D/png/128/emoji_u1f537.png	5dc3ae291d0661952d50feefb12d05b2f9b84f46f352cddc8a83606b64245b1e	c08a0f81ee582d4b30f51da1ff42aa66bc7389bf098d04bd7fe74d51e2f908ea
1f538.png	2D/png/128/emoji_u1f538.png	5bc5b68c64c43467ed5add12099381750d587ee4b60f432a8a4afa29abdf0381	d6f81178a5566f64ea78a1eac0e3c1b4252c5cfc1e4f8753f768629e49b75046
1f539.png	2D/png/128/emoji_u1f539.png	47d0328719ff408cfa998d972ee9fa4c3c87b34c3abf2c7198b0ac45beab86cd	d90d9885fcc724c30cf58937c41602cce0b77b5722acb58c8a9d713fd33e3f24
1f53a.png	2D/png/128/emoji_u1f53a.png	ae10560080d7ec1d565db49bd063b58f1a9baf5e7beb9aa2ba7e6abcd5691147	6e1196d3a9328af3fe28e2b4ff86765d4372674486feceb595940f2971a157fd
1f53b.png	2D/png/128/emoji_u1f53b.png	a62e8f964fadf4af7365119a224e13586e1739e7cf3a2fccbf33278af630ea78	7f84909066f607f3473783d180d4d6c8d59b8e1dc218eb4b61f432ab554f71e2
1f53c.png	2D/png/128/emoji_u1f53c.png	d96e6cd37e2fa225d687fc23c2cc10441c3aa14185c21919009f21099527a58b	969d1319ed2aa845ac90a6cfe5d694c0cfb56469e87663e74c75bb4d8c36100d
1f53d.png	2D/png/128/emoji_u1f53d.png	17360122d723872ebd2484855b491d764a711eafa6e9a594b2dfeb25727a15b5	3b25526e050187406bfedcff6eb64d09603a07f422029381f0938c722b90c0ba
1f549.png	2D/png/128/emoji_u1f549.png	8542819a11c838d7e26b4f5ac1ea49f330cc27220c39cb7d5e82b4a76e88eaa2	45aa1e0ac05e89c9f6ea79535b6b75426e891a91d80096d489cb59cabcfb686e
1f54a.png	2D/png/128/emoji_u1f54a.png	956e2aff4f06cb357d682ff4d93ec91f6b5cf3b2859930b01d0b7c49690c9591	cb32034195467502fa9f958e0d811486ce70a6c9bf4e384d844753525a0a2be6
1f54b.png	2D/png/128/emoji_u1f54b.png	fb92284139ed04655cf125e6793a7c14acec1cce954ab2aa4cad244faec19fa1	1e67c85a728a24a32abe0f84b04d5628959f4d7054900c9b63c2598523a450ad
1f54c.png	2D/png/128/emoji_u1f54c.png	19d0a585b154117089d630e695ea2b4578ddabdc4d3c83269d6cd6f1330567ce	6c8a37bd091805b09bae8b2f52b3e624db7c7a2475f3914c709c3e96eeba16ee
1f54d.png	2D/png/128/emoji_u1f54d.png	5516d570c75e37d76a9462c73444473f12569b086b7f744c41b8132898faa1d8	a66a22c8790d210bfe559fea62661de24fb15e1ab88b47dc0ff22a7ac9e5aa5f
1f54e.png	2D/png/128/emoji_u1f54e.png	ff2f62e375b5f8cd15d1bcd756645e685953da5fa667e6a6405251a69c953afb	636aae991fd1780babea9f3b7254592d7e911455548cabcd5ffcc13c9afb12c6
1f550.png	2D/png/128/emoji_u1f550.png	cb5bb13848ecaf2cd58213d0e36578fb0b9dcd376c52c992e950ef7281f0910a	272817d9e5fdcae0dd24acbc25e70fc444e637774fdd43787e1b661eec0ff320
1f551.png	2D/png/128/emoji_u1f551.png	be9899c1e87f23ed3db95f89fec4c8aa36d51ef63281d396951c4616de7e6f2c	0bc0dc6f78893286f492abc4fb73011473716900a402431360771fac07cad369
1f552.png	2D/png/128/emoji_u1f552.png	d5a05352adb2187925fa3859c7bb81b0f174b3bfb9890015b07f1592c292972b	247c50f47765f66d5ba9169282a7eacdbc9cf96b9464abcc9545f02fab207573
1f553.png	2D/png/128/emoji_u1f553.png	f96a35f668cfd62308bfa8d5f65c9db249c82560cb23ea9bd559bc60d18848b3	6ed91438b0aa3e1d7b52a226b8cff630bff310536d1285bd3445b7fe345b39cc
1f554.png	2D/png/128/emoji_u1f554.png	7264743d4d4f4cada2236de70e821acd781eea63d0f4dbb6d71fb33779760c2a	3249b4711c195d7004a7f0c3a203cb96a1e9ee5044bb4ce2bca17921da26b705
1f555.png	2D/png/128/emoji_u1f555.png	f2d53fd617652e6711420e8267ee8ea3ab939caf4763b8f420a300b02ed04fb0	4ace4601d531e6f5b7b1df84171bff8c1cb04686d27762c070f5f57b090ed4ca
1f556.png	2D/png/128/emoji_u1f556.png	8e4f0c7117c201320e7e9c717b2b923cd9f646b2a4c2c5ee8e90f8fd276046d2	c4e5db435d5f0ddb87d41540187fd5a7106b088093e4dee87932c92c52d746a3
1f557.png	2D/png/128/emoji_u1f557.png	00cc724a52c5f94f1f566086bed45c8775e1e594c199eb25a7cadd5463584f7d	e59fbcaf011d088f361fe55efa03263c565525197a61de7658f61030310a3471
1f558.png	2D/png/128/emoji_u1f558.png	152b7705753510e8cf0c6e5bfd5b2eabc750ca4e30d795d0ffc60c7c2edf7528	39ea5d77a8c2fb5bd4bdef976e32e85187f839f99c7ebe78287ce0a3e8b25b25
1f559.png	2D/png/128/emoji_u1f559.png	be4672fb6adea184bcb8c36dd0c3e7cec8c90eaeb5eb6c3d059e4160b89a9efa	7546ca96b0567145e265392facd96ac6c4738d66c8ad04af0eb2a8d5b9b0da5b
1f55a.png	2D/png/128/emoji_u1f55a.png	e0f8e0a9bdb98fbbc9a02d130a81fb41ea2207112bd28a2bf5fc2674a46f5f50	7cbcf34acc15cc6ad8d1c016e6593ca60a481397cbe12c9bb31c6560e365cbac
1f55b.png	2D/png/128/emoji_u1f55b.png	8e27c0d74e84c4e35209781819742dcebcb42b379e48e91ce8ea8fe80ac32c11	36f2ec02e2749a58d116b4103bf337dfd6b4f093c2b8c82a45444e96fade9076
1f55c.png	2D/png/128/emoji_u1f55c.png	a4e44a8934f58b7753fb4a64ac6190a27edc39d6cc0ed8a092fbd6a3e09fb54a	a57bdee4cb742106334952463a88f8d4b39339bb485ae576a512030e6f80a30b
1f55d.png	2D/png/128/emoji_u1f55d.png	c0d817cc8c36dce42116d17371c5d61f43fd963103cd4f2fd35e5ae951b48413	5591843cc7eabd8fbc19793377f8580d5b9d43ee7b465cc271b3a16f500c47b6
1f55e.png	2D/png/128/emoji_u1f55e.png	faf4273caff835a6fcb44a66a763ca252d42e8675e75781ce05f587c3d9a5fcf	42da5d28e3f9c2c616af2a5ad3c30b3aad02f46fac6a14f779ce3fe1662460b1
1f55f.png	2D/png/128/emoji_u1f55f.png	6f06f0666f59b21b6d559131ad9929186e356c03d41cf68a1583e03a942290aa	6c69e2b77380c8a3391867d9b474c0f5e5e4b0b97afe93dfd28c966be42c4e08
1f560.png	2D/png/128/emoji_u1f560.png	b082c64c72bb1f568f7bac66601d74c4790642bad6254f0a881d833d65ad802d	c3e08a92c8d4219fa1d2ec84529ee6c04e0c1b89d1c0f7f7bee5ca945cd47ac5
1f561.png	2D/png/128/emoji_u1f561.png	e2553d74312d4d18b8def7ba27e0a3615f9424eac493744e2cfc25c8a22c7e38	a9cce83cb115cf800fbfac488cfccb94f192fdc67da2282ea7594c5cf8dc1766
1f562.png	2D/png/128/emoji_u1f562.png	d7dda449c2544d7df72e9ebba4cd46132f12973ecc23045eed44d43a5b1d484f	41cc0275ab337d7a86ba910a5fc281e234aceba72d167355c26f522a64960ab7
1f563.png	2D/png/128/emoji_u1f563.png	d4b49633941a08767cf25f39296b44e199a5b0f67486a56382350aac4ca32cdc	37e7a7385cd0b8bd660c48f70ed71ca5118775053f3c9bc2822cafc8f57f5009
1f564.png	2D/png/128/emoji_u1f564.png	e9f40e932ba695dd11c847718cdc780e570869b9666c04a3be3705cd5e3803ab	978ee441b9423315b017beba4d92aab368c4596fb0a40e8a5cd118d75b50b55e
1f565.png	2D/png/128/emoji_u1f565.png	467ea1f808c8e2cecfce6a129f8cde0852cd3693d7c067bbcdfde0a70750fe2e	4892969955a857762a84e41fe4e4c92ec10d4b5f17e0cc6127010f3a751465e3
1f566.png	2D/png/128/emoji_u1f566.png	6337bc9efef4b8a1e7ced88ec47c2f1e7b2104dd4393966d1865984dc5913383	599dd65551aa4071bf797d73d82bba4d0f932f6b00206c0cb028e039a171df3d
1f567.png	2D/png/128/emoji_u1f567.png	ee1462c06ec8f972276e33cb5ce10739dd8a888d46208a0201d38569a6494b60	3f95d8e878f9380f5384207786b4be579f77f7102a609550a378402054fd412d
1f56f.png	2D/png/128/emoji_u1f56f.png	a158a6815498ac853dae69e1d57d966adbd86eb1ac025d911510051b5aa78683	e05fec9f3b77fdbe6e0f66361255d28eabd62633fc9a26508d78aaead7260b10
1f570.png	2D/png/128/emoji_u1f570.png	dbdf3f63881d9a8c88c3bcc3ab15a30845ae796e4c4d7d107b3d3451d94026dd	aa78797b79edeff0dd65fca4659d4582a23a00ec9da4aafd8bb2aa4101fb1996
1f573.png	2D/png/128/emoji_u1f573.png	e235d2716f2a7c1340be2b668ab09c9a90e61827464acd5bfd748a8fcaf7b56c	289e5cb3ab7ba02fbc5ce21e29197e8dfd8dcc455577de4f80329f3f6d0df50e
1f574.png	2D/png/128/emoji_u1f574.png	b041146f34b8937f053a8f1944530c896bcd3c9d4006d10eb0a8a63d630e8645	3974f956b88b07a422295de23fee8b10949be8e754221bedb4dd3cb959a1cd79
1f574-1f3fb.png	2D/png/128/emoji_u1f574_1f3fb.png	e706cb1cc6484a2e783faf9cec977ad51ad42f8408a935bf9210ea3373f42dd9	19deb48cfced94053a31aaf57a4eb3ecaad4a5d1b85dc98ac4bbbf19bbd1f9e4
1f574-1f3fc.png	2D/png/128/emoji_u1f574_1f3fc.png	8fe31dc30a57044182c6d8a628707fccc7e786cf33aef7ab02a16c2584a9f8f4	c0eb89cc3b17b672793f123ab79ab565685723428ba192d79e66bba4b4c4c3de
1f574-1f3fd.png	2D/png/128/emoji_u1f574_1f3fd.png	bf5e0036714ac494c5a4a0e97d15ecc4f6243b717e978a837cd2d01ab0bca545	4f18ef997b8e47f2f062f865a0093a3956a82bb7eed27216453b8d6d8d38e3d8
1f574-1f3fe.png	2D/png/128/emoji_u1f574_1f3fe.png	7416448cbd38e5e23563f10407a64ce4947f78d2b83299e8446a85ceacf73c61	cc4dfe4b8e8140bf50509396b2aa3e1d157f7089bf30c879048bdb1772d7c124
1f574-1f3ff.png	2D/png/128/emoji_u1f574_1f3ff.png	d757ff898a423cfc9648e6a7a0d28f6bc7a85137ffe1c3c76d45a1ab8ce682ba	bdc98fa64e22139a1aa63fc25911227daf73436777e3ac3aeeb0e4571c109ae0
1f575.png	2D/png/128/emoji_u1f575.png	e60c4293472238a7d9b56d2a8d1930f75d612e28cdb12b5f68feed26ef47e960	276d44497ff18fcfcc99885b3910b1e146a2e63103f29223dedb223c8118d22c
1f575-1f3fb.png	2D/png/128/emoji_u1f575_1f3fb.png	5d62a4232a03986004e23e14d3d542332303ab5b0c617ec180023e2bf56e20ef	73724c3085111d590f5b650bd912f5a6fd458a84bc82c81791731d7f62bdea6d
1f575-1f3fb-200d-2640.png	2D/png/128/emoji_u1f575_1f3fb_200d_2640.png	e9aa827580022a60d6d346517eedbc74d7e703372b885fee20e8ffa13b5d5ac3	5307f83443c820dd28b1aa967694bf5bddbfa2522abf74077f7095dc971e378e
1f575-1f3fb-200d-2642.png	2D/png/128/emoji_u1f575_1f3fb_200d_2642.png	7d9c9f4fc95bf608e5e18668d47208df9b5cb7377315fb6e0a67402ab917168d	40298d2a81641e4ce4bb2ac6d7281740d25170a15bcc5d5a55e3d70d14ea07db
1f575-1f3fc.png	2D/png/128/emoji_u1f575_1f3fc.png	2c28f805168f229363719bcfa2d72664951422f1582b56b34e7df6d745146c3b	30a00df6739956dc31b3d8cead10112d7b81982b13c25b45e364793b3188a509
1f575-1f3fc-200d-2640.png	2D/png/128/emoji_u1f575_1f3fc_200d_2640.png	6573d4ab0e3829fb88702fbaf5fed550c4479ed6e43121d4311485f98c01b8c6	aa9ac3f799d2b63ccd49ed75959690e1e5784aa30ed7d06948b7c4e3ac6ded35
1f575-1f3fc-200d-2642.png	2D/png/128/emoji_u1f575_1f3fc_200d_2642.png	4a459841fe9674cc3beae1bb1cea1ab0475083b4f88daeb9e5d14aa0e1be7e5a	6975fa96f0d421462c5395f711e0fb29f69c73adfd54f4829438bd0a3d694d88
1f575-1f3fd.png	2D/png/128/emoji_u1f575_1f3fd.png	d339bb366d360c09f2d19dab70b8f1cbbf54f6c95c3b60181714e21bddfb2580	1713c9b9149b5dd47ff2b0e5913bcf053bac57ee0aeacc2f9b080c81edfb4589
1f575-1f3fd-200d-2640.png	2D/png/128/emoji_u1f575_1f3fd_200d_2640.png	ca1bccce2ad7a69670ccdce2c7919312f981af55784b97f78383e05e7958a42d	9b1a0bf6ff295034cd7f44bbb8e3082477d62d81b1051419cfddf857ebb6a1f0
1f575-1f3fd-200d-2642.png	2D/png/128/emoji_u1f575_1f3fd_200d_2642.png	b542629313b1f8e249c0d8b630431bef85bd563bc5c5a0957ed916bf80ee2cf8	12e3c7c5677be26cb7c76adc22215614a7b98ab7e8fc8c2816dd7681296c7c69
1f575-1f3fe.png	2D/png/128/emoji_u1f575_1f3fe.png	6c353c0f9647b236d4e92516311c94862bca2fbd777867fa174e3c77ac2d53e4	39172a3ea57f4bb6d677cb03243d8fe9714353faeb527e36881d716685f3c429
1f575-1f3fe-200d-2640.png	2D/png/128/emoji_u1f575_1f3fe_200d_2640.png	cb1c6ec09f2a6ea8307b7cf6a362faab28ddf268d803def9d48a2b00d95f20b3	9e2d487a55b1daf781de1e66606907784e3c720bf10e6280888f2564e5c864a0
1f575-1f3fe-200d-2642.png	2D/png/128/emoji_u1f575_1f3fe_200d_2642.png	bf40816c5a77a3389a09570edebe6043d82d3421e82b75e26e73d04074a9de13	5bf2a54ac114c6c14535bf0ad9f8fff6c5feaca3088f14a0f6b4707453ff1fdf
1f575-1f3ff.png	2D/png/128/emoji_u1f575_1f3ff.png	4f09f3e253a9c1a700e5c137493674f8ee23d66b2172611a19088b2e37f07ca1	8e999f4596670cf50b56cc2a95791c98e494a6cf1d65f553d081177306781fab
1f575-1f3ff-200d-2640.png	2D/png/128/emoji_u1f575_1f3ff_200d_2640.png	d8bc53cf4bd72a61e33015af1b65402024d1286d166c0b00edc3a50e3cf0c3be	36232a93b12069471cb5bb524a85729b2db376f73f8e47338ecb5aef345a9497
1f575-1f3ff-200d-2642.png	2D/png/128/emoji_u1f575_1f3ff_200d_2642.png	4f25d51b7ca9bab1a478725829cc092e682030d23ed945c1e2f2c7b333a8de93	eb0d31fcf500e91454bc61900d668302281714c223df91e6b4db54e47036b5ac
1f575-200d-2640.png	2D/png/128/emoji_u1f575_200d_2640.png	2d8d81c2baf3e375a2b86c7c097f9ddd3b24844a05813d9ededa870f6d484f38	da25b1cb2696e2202817e0aa60cde7fd4a6f688f152939b8a66a30bfc22501de
1f575-200d-2642.png	2D/png/128/emoji_u1f575_200d_2642.png	e095f5a899b893707393340b501f8a5103afb791b189ba1ba921b91a2d7c02b2	c5c3e05ac70cca33cc142f40c24d51699e0b6badb421d5971beb633116570c11
1f576.png	2D/png/128/emoji_u1f576.png	8a88635a21cf9c9afa6d48023f2d9e4fdfab9209476ccf8c325c286e7cf08944	3e3166213c27b31eebacef6d99fba3d01228143e8b18586504d6c4c4b2ae2ce5
1f577.png	2D/png/128/emoji_u1f577.png	a780e1cad913b00da8287e669407f4088db708e937966d10f414f784d5e720d2	d62f91fd2af7d9a59a9615de45b96e346236f32cd37f6b42963036ef7793c95a
1f578.png	2D/png/128/emoji_u1f578.png	9b663ae2421ae840798cd09e963c5aaf3893ee890f902af194e2fc820bfb0845	7e8b40b42062fdd089d31f68f7f867ba67f23202253186c7bef94069d356f92d
1f579.png	2D/png/128/emoji_u1f579.png	e974d9ba1568e7d4eaead5d56ab29e1a85c832ae00cf43ccb90a0decb3b6e67d	27fa54ec3504684bf969750028c6bb2ecafdd320307e7ec7975bc26cfdb37300
1f57a.png	2D/png/128/emoji_u1f57a.png	d96a477c772d154f62ecfe6883b2f8250dd57b4190d4be9a304df721f587e0a7	635f548835d7188f8380d66305b47fac37873052c0b000ea8c359c4a77014aa3
1f57a-1f3fb.png	2D/png/128/emoji_u1f57a_1f3fb.png	d5bbe7af8cecc9b0d14dfde75568b4a828b69a3ab07eb84f7e6df2b9c38ae26f	5e4b8cf8b62ff59d4bda19999eeb4e9c4ea7c7727c95d65c60fdafae2fce82cc
1f57a-1f3fc.png	2D/png/128/emoji_u1f57a_1f3fc.png	43cf3dca65f3e9e44b6dad67ebcc0b5b103463c83ac6d3aef58217b65630e26b	c5070c9e1c7ff287ed5d263c36e64daf8c24caac44fb793870ff50d1f863a6df
1f57a-1f3fd.png	2D/png/128/emoji_u1f57a_1f3fd.png	ccd636efef01228d5f5639151d3bc1749f7601fb5c6754985cb14040f7e8d2f0	e53448ac281527b06fb8016f10f163d16665727bedd380a3c4bc24da1fa69eff
1f57a-1f3fe.png	2D/png/128/emoji_u1f57a_1f3fe.png	13dacf848d1a2858e29f0401d1c77d4a1f8d3d1c4417a54a2bbdd12729957792	906034d08ff01d648053ef3207bb817bac0b14ecf1e956793c16aa13f019b819
1f57a-1f3ff.png	2D/png/128/emoji_u1f57a_1f3ff.png	e72f4cf2944973227d8026ef5ee9981c5de118eb2fc911ca3932e0cec64829a9	4b8acb83e865ea93c63a36e4098d7b13a00c6b8712e9ef869ec14f0162497315
1f587.png	2D/png/128/emoji_u1f587.png	819a10cb4fef8503da0fc979485ac835de264760043af863fd2f768111cddb29	22736adc6071b38a7fd7b58d9519aa9c5ec4d552ebe93c07e5057e153a1d045a
1f58a.png	2D/png/128/emoji_u1f58a.png	631720e8f3326c08b97d3893cba2aae665ae96286fa761cb048a799630d8fca3	7afb3bb2d6b9bd19b0b61b87f0c1b9ab032a21b8e5eb3d61e7ef4eec343ce839
1f58b.png	2D/png/128/emoji_u1f58b.png	734b06e77ebede5e42567796fba7190e672067f531d6f0d83904bcbee66a0d97	ccf8a6e31566b22b1d588b00b5f98126e41e45169189f9f05da358657c9cdd0f
1f58c.png	2D/png/128/emoji_u1f58c.png	99c94ca925fee4b7c2d06f8cdad3fee7cd3164c4d898a5169ffae3cd655d1c8d	2edf59d8516706a0bc6d8c2c5f12c525d1e71e6eb78724beaca7868243da6262
1f58d.png	2D/png/128/emoji_u1f58d.png	f9f2dec273b41d2c9f2eb8f9795d70b5c99f59f60a7d3160f9b2db8eb4e0e84f	75e446c0163080cb0fd704fa6f8d345fb0c4b72f36c7b367212350b44073c2b6
1f590.png	2D/png/128/emoji_u1f590.png	0f87598822604a5b0868b7e56d249c9c87b4c6b95195053d554dda24bcf51c9f	56250da6b322545fe93518fc27a0ebf719a2a9651fb2c8b6bada7817e2aabe54
1f590-1f3fb.png	2D/png/128/emoji_u1f590_1f3fb.png	0581edbcab435df833303fd312ec4974d7ea1d249b0aa5c1b8a052e920b3e727	d5603687ab742737c6f55d7a4d047a88c672ecb399e84bcd54bc58499fd80530
1f590-1f3fc.png	2D/png/128/emoji_u1f590_1f3fc.png	96b25fc32b0bdf23d248e188130e4100da61712836a869d612b664600284d873	59f250f6f67e3ad4c05b1ffeb9512ea57caa5201f129e666273625c102180d26
1f590-1f3fd.png	2D/png/128/emoji_u1f590_1f3fd.png	34faa5ade0137aa38e6d3f52bc681672d72547f62044dddef8b402ad6322adc5	c8f0bf01161611f7e9d40386d469a4c08f120b958f4d2cf4cb753c3c94fec6e7
1f590-1f3fe.png	2D/png/128/emoji_u1f590_1f3fe.png	7e04fc2288e7cf427d232a78dcce36e0d784c6153adcc7b8baf54912dfcc0b67	fc56bde9b2e4c6ec56cc196c2a80ef67a18aac394f1f5166c6bf1d248e72a34e
1f590-1f3ff.png	2D/png/128/emoji_u1f590_1f3ff.png	0f66ac267709f7efe045a3a9bbd197b8d0b2b5a8af3e34f342cd66eab2348481	c59bc074c9985a121385da005bbe954c9f205a87724f83cdc65cf5c60a64f239
1f595.png	2D/png/128/emoji_u1f595.png	c1ab56f5395374bbb0f8f58c5e4931901cb02a3d3602b55b4b92235c5de3b80e	2fceab90976bd6d11f0130af7e1d9a77d6b8471800e71a72ff5d339db93e5e1c
1f595-1f3fb.png	2D/png/128/emoji_u1f595_1f3fb.png	1750a6e273340080f87267952e4ddd697805d158367e7d857562dc6425d32a8b	a4eafa316d3e9c8aabebfb842def7468e40e53f935f9ca69aec2bfe9d3f8f709
1f595-1f3fc.png	2D/png/128/emoji_u1f595_1f3fc.png	490c6885f48b48cf1cf88a3e7009e0963413f3b8ce95e27f7be391152c5ce763	785c55de73917774116931bde617fc95a873ae1e2a82cff3a65038c2a892f971
1f595-1f3fd.png	2D/png/128/emoji_u1f595_1f3fd.png	c9839a54cb2224b5794884566fd8eea8babd0316284ca5b462a16a2cbc0337bb	d561eae7f5faf6a6a5d7af9e84597b1cb4a21c2754d2b7d07297ddb954d487e4
1f595-1f3fe.png	2D/png/128/emoji_u1f595_1f3fe.png	682645d6fc9b907f484c5b18f58c3c0427440e824d4674775253c7efc8d49c20	dc7005239bc9734a5b0a70f1732cbf38f0a63ae14c591f24407798adf8e32a57
1f595-1f3ff.png	2D/png/128/emoji_u1f595_1f3ff.png	2f2632b42a6f6ad5d7c096dfac5e05bb9129e64a7d8077830b1652d70ac1eb4f	87d4b1f62b346a56461936977e56d8d1381c398c7f35bfb63b02e1a7cf880301
1f596.png	2D/png/128/emoji_u1f596.png	07f2a389106e60703629adff60658060dccc75735e766236a56755e2d699d305	43f3cb3935b99a8579dbf41c1ae67d716511c11a35c8ab89ad17d5e422245a8d
1f596-1f3fb.png	2D/png/128/emoji_u1f596_1f3fb.png	5395104d3f77a04e8bf4870761bee235011e3a41d950dd63b28123c7c748161a	8a0bffa3d246f2e5e7dc85b378acfd08eb1daf7908afc4a5c1de7476b52f2992
1f596-1f3fc.png	2D/png/128/emoji_u1f596_1f3fc.png	cb3b276a5789f46fd9023a403e938eee16478928a835ade4b37ae5dcf60302ec	b1ab041588b5ec7bb826e039007a0722b52aa70730fd9ec3708e8d36f2ed616d
1f596-1f3fd.png	2D/png/128/emoji_u1f596_1f3fd.png	ec267ce3cd97c6aeefc6a406e3a5d232ee6199ba5c99cd437dd069042c09e8bb	e76a24b99beda95c9aea579f1ef818d912cf250963f600882ead78849c183e49
1f596-1f3fe.png	2D/png/128/emoji_u1f596_1f3fe.png	4ca953a947512dddfc9a7eb4c4a08fbdf4770d91a98f102d628b28af4ee61c93	e9bb82ceb0ceb6fd952edbf81dc22fdcfff334da78b355060f7b26a361a920dd
1f596-1f3ff.png	2D/png/128/emoji_u1f596_1f3ff.png	551f2c9501edf0422699d8a904b192115440dc3272e983014114cf985c6c13a7	c44b75b09c9388e0da99fca7fdabc4fac043178ef4814bc4f31646d0c7b32794
1f5a4.png	2D/png/128/emoji_u1f5a4.png	8a058464bf2320f69f4ee01894bacf65135ee49ecdefbaba902029e7e6ea1418	d00bbfb33c0d73fae0686b3edb1cd6e3b68315347a303a60404472174c517725
1f5a5.png	2D/png/128/emoji_u1f5a5.png	f4ca6a13b750f1ddb2909d7bad2a0087d43dc376c8e576a38a938a56dae9e0cc	008d80664a55cdd564a30b54577559910f514afa8178e13d24d3bd096dbd8dac
1f5a8.png	2D/png/128/emoji_u1f5a8.png	cff56fef8177e6d15e233ce8cfd8befb15712a1107a17a1ea56bef5fb034e365	c537e36035536069ab2b655928756c85c886d44015a065b4824ea0432bf2c513
1f5b1.png	2D/png/128/emoji_u1f5b1.png	c4872bf6ad204fbe139c020ae72844fcf0ff35914bd7f70939482ad1c5a781f5	6bee3a59b0010e0f13d63e01c7b12b245c74673de0f0c2f7ac75d51225fafeeb
1f5b2.png	2D/png/128/emoji_u1f5b2.png	7e38a10a9381b52488b4396390b3e0ebf80888d84a4e3dbcce718e999b9fe662	cd91ee62447b676d2409008e0cf9389cae411029330380c08ac035890c41de8b
1f5bc.png	2D/png/128/emoji_u1f5bc.png	5dc7a9087b2b9de75b0d7cc985e99cd55282bfdaa8b2366faaf961bae94ca08f	0291af61af29c147ce7670eeb80fed0cf9d853fac3573a480a1d201d1ccb235b
1f5c2.png	2D/png/128/emoji_u1f5c2.png	889068ded462bc1b2a1ecd8a025a66eda105e5ccd0bb664b56323db7ae0e42a1	b82c7b7f180c9e8b72a178331bde366bcb8064df799059392a564075f826734c
1f5c3.png	2D/png/128/emoji_u1f5c3.png	f1167b079915fedc82dc60ab3afaa75b0f68594468accbf84f4799793acab714	047df136575b04adfae2a39c86cc92d6c0274eba9429ac938c9b37eef436b816
1f5c4.png	2D/png/128/emoji_u1f5c4.png	2af9098e81362f6fe2eb66ad68149edef750659913de35cf3cee1bce98103aee	ade199590232256ee93db59e088e036ed823b8e7dc40d017d8797d9813de1942
1f5d1.png	2D/png/128/emoji_u1f5d1.png	8f5d8d10ee7ade866f2f9f2fbb8b3229f21423db8958932331485a72b52ffb12	8efc68efe71ebe474038a89a0b035c2d0c79b3b6e736a3918833c1c4f96dbc80
1f5d2.png	2D/png/128/emoji_u1f5d2.png	c734a17c8a1968c7694a23782b8e59a476f4c0485bdcafb8040d52d83877dbf1	a8d14272364f9f6be146b21e64fdd178ff433cecbc3aada8557129d25a59c187
1f5d3.png	2D/png/128/emoji_u1f5d3.png	cd4a4f9ed9a80bcc8c56a484855d9e99c5a01bb2c80112c07fc318aecc05d623	0e09c1974628c10c81e8d2b3b208824df859b74d9fa2cc0597561de776a86775
1f5dc.png	2D/png/128/emoji_u1f5dc.png	da446128e867374c6ac9ad84d1586942b1ce7a4cf68084ab6554fb2e262b304e	6dc0ebbf5a4dc2840af57cf14e9dc47fb17be42f624c7cc2cc550e71b31091ab
1f5dd.png	2D/png/128/emoji_u1f5dd.png	763a66341c77be3614819aef4e12aeb6baf3e01aaa9e994bafbe8a0f361f1404	bc1935c43a0e2f77da5666b580bbc91749615b7f43c0602cce2661bea9bda5e4
1f5de.png	2D/png/128/emoji_u1f5de.png	c73eced56f075b15e0e316cec22aea8b2b69c3bd193f1e9c30697a25f972c3f2	54240ff1ed24c57af157462816b3bc024ee0fc9fa35a948321309d08db553474
1f5e1.png	2D/png/128/emoji_u1f5e1.png	0bc3eadcb29153492331ddf70507cb8c67d9b19b17e08f76090638ae8577a37e	20e6ae23d6b63085a428f30adaca217ac5daf26498046c03432416a16cb59250
1f5e3.png	2D/png/128/emoji_u1f5e3.png	bca360d5c583f823d35b66acdd0ef9576559cad649d4e0366ec99f5174e24027	e7f28c99b561f43d8fa5f388e0d4408bd9de305bdf459bb359c06fd96567d126
1f5e8.png	2D/png/128/emoji_u1f5e8.png	576d265c39213115187ac265c5d404cea61a3c33e6db64fea8542749e3af56ac	d319c188968f6ae9e0cf8f0a701f4b6bf12462dfb547491cf02f1a517da648fe
1f5ef.png	2D/png/128/emoji_u1f5ef.png	39bce63984d378fa9e53e9a2571311476f863b6e2ecd402bd9d39b1a62638c8b	4960489b34a70de58dac3dcfe84ddb92c11383e2d12a3bc8a3d3c2bfadb81736
1f5f3.png	2D/png/128/emoji_u1f5f3.png	4fc11f641bace422c8edd6def90833cddfc00a412751269bf89a039c0a90a828	be59b7e77fdec00b08477c0e7fe46380df7d65f551c74245306162fa0a09b982
1f5fa.png	2D/png/128/emoji_u1f5fa.png	bee00084d9e5c246ff3e65ed40501decdc9a41157b0a782de5a85fa424d2ac44	13311e3bbd484d885ebaa4965580aaf63463cddb6f8a0588ff120a22e62aeffc
1f5fb.png	2D/png/128/emoji_u1f5fb.png	44be4e2e5a6ec48eeeb97d8d7b81110f8c76e16b3bec11c798a239b4de025a84	91ad4ff70e589df98af141d46ea5696c81687e20d4d01773b1071d88fcc678d6
1f5fc.png	2D/png/128/emoji_u1f5fc.png	43f3adad51f3a72e85682883c107343b42cfde3f5661f919fbbc47f80e52ae27	fc80123659e9e60403bd6eb5360020bd78479edd76bcf9c52cbc879bcfaebc7e
1f5fd.png	2D/png/128/emoji_u1f5fd.png	f35ff37bb456921f359809e99ae0ff78faa940f2b7a20c1a235e792d188ae4be	b0433abd34dd2af2fc3141e69634540697aac2d00fc8c5662c79f79aa1c70558
1f5fe.png	2D/png/128/emoji_u1f5fe.png	ed3a6d3832fd8eafef308a767fb7bb701c06fa4c372c10ecca4d46530a171a02	8e37609a44fe0e4f4faf2b94264a0b30668030a7089d44351f393f48c33f47f6
1f5ff.png	2D/png/128/emoji_u1f5ff.png	1741362bdea483f7383041f4a38ab297c2fc15a85220af615c2301ccc698316e	b9af5a2b3c0ea23ad231e5cda63d8ef0febb0f4723d179c88c9c6bacf4ae0ded
1f600.png	2D/png/128/emoji_u1f600.png	b6f38b667fadc5765e956c0b87e2016c57eead7351e5107253536584ae0ef441	b1b799cd7fcc0b79851e5105864e7c64314d653c408f9636765e4cf9f7402fbf
1f601.png	2D/png/128/emoji_u1f601.png	80e11cdf4dd8a3109e8e56efbf5d140e4226e94ab8ff5e4eb4c51582a8e058c7	3f903d03405ff0d9f0131a6a4777fa6346be8d05c96171bbe1d3a5e0f53bff15
1f602.png	2D/png/128/emoji_u1f602.png	15952ae860a14f39726198bc3d0ed948730d8fdde5afaee488140b0f76ee566b	47831d100b1e461c1998ab8b3902ef5fc974f9190a0eb8bd2a5a09cfe81f19a6
1f603.png	2D/png/128/emoji_u1f603.png	76dc6aa32934c268c435da39398e9f2b4231eae1f3d8cb2fa892122cbd02985c	d13de9e2571d588336b607c630375a1df7c233de19792ca7a67c9546fd1a9c3b
1f604.png	2D/png/128/emoji_u1f604.png	86fd6a83b6a0d000c2437df5dc305da8c93c59fff1aba99c3b6156378e1f492c	863d74b2a8db6739a1f5a4ca713eb70ceffe7004c93ff9508d949846802880d0
1f605.png	2D/png/128/emoji_u1f605.png	ec80c1ea8076b862cd88834d66d04200dd2fc7997fb29c2ffe8c39aec73ffea2	adb323ab50ea9b07c507c4d8a8a1e38d412302b65bba8df72947aa55e0fedcbd
1f606.png	2D/png/128/emoji_u1f606.png	496030ce339ab0091b584cb36b115610dd81e11fb7c96a4575de08463ba09d3e	406535572ab522f2c7917e847384c83fe8e8cb221b61f617f760b43c8eddc35c
1f607.png	2D/png/128/emoji_u1f607.png	8fc50ef61da433059a7b7675fbb34f701692cbe92ee709e012008d460607df3f	a36a4ec1d3e1eecc58069984dfa71e631c33af42282bdbe18b63ed754b2a91c3
1f608.png	2D/png/128/emoji_u1f608.png	637507504cdf651f4c897ae0a741aa8840e9201371ab51a924c0ef45bb8a2eb8	29ebbcf1165fd0c355d7b4abe857257cf859fea085e8257ace0b39cd35c60f32
1f609.png	2D/png/128/emoji_u1f609.png	e8251fdc5aa3cc051d30ba5a507158ccb1ba2d34e60980550ec2cf9777e21a63	9829ebd5c4dd48921a0c13daf15b03b4b6f67099fa633f28411dab629ff646e5
1f60a.png	2D/png/128/emoji_u1f60a.png	a8bc555153219d2352b1f567a7d6b2c6e14a8ba10a4cddd6268f400b46606a52	1b55b49a314bc186db23ed958d0225397cb70d032e096c4f4c0896e174abb4e7
1f60b.png	2D/png/128/emoji_u1f60b.png	faaac23f4a6684569d41ff5a568fdba0060ef02e17e26aba757a74491eb96d49	edada514f6c13d1fc8009a09c51c442c16df8fb0d973540c61e542dd82cce892
1f60c.png	2D/png/128/emoji_u1f60c.png	d2f346316aa9a9c489f65be26fee056c8597964892d1d37257f348de5742918f	982a2e70a9abfb86a4d59ae03e75cc1592475924fbb83638e6a2d6985aa7b804
1f60d.png	2D/png/128/emoji_u1f60d.png	29dc43614f56e119a0f83ddb11e144531401ee41f7fcfaf5e067bfedb88267dc	5fa336267947b25ad63081b9388fd6453dfec9d86000099d1f252d6261e388b2
1f60e.png	2D/png/128/emoji_u1f60e.png	f9c79c861760ba2e360fd3a009fc68f0f7075570d0d6a4291e48823c606f9a69	9037e619cf881630e4d560b9e8ca1cc96e84509f7a22789d4f69132e3ca6f4fb
1f60f.png	2D/png/128/emoji_u1f60f.png	8ddbab5be8c85859fb1587ee44d8a5596f2d1160bd1d6b1a097b5aec50f390d7	7fc7d90c6fa3e9401c468c95ee15cc320601a10890ad2376017207cdf85dac62
1f610.png	2D/png/128/emoji_u1f610.png	b5ca3d8d94b2d148942c824ebd408ac84c0fa46d26dc6e409f32a83a727a96e4	57bcce884d97d8ea947205af8e99001d142803772304937cb09406a2eaef5b09
1f611.png	2D/png/128/emoji_u1f611.png	f6d4742ef047762193f0f0e8e80f20090646405fe7a1ef8d63a32bdedfe9328a	e5050c575f8660523e38b928b6002ecd70ca80e2541ad240988b9986e81ed6bd
1f612.png	2D/png/128/emoji_u1f612.png	5be3f85f83b105f57741711b87789d92ba2c8c474415107e84a752c65fc8e5df	9e6536df4c0c173e66607986d3692b4fd4bff76f25c6551fd873157de73bea53
1f613.png	2D/png/128/emoji_u1f613.png	833db4db38bf86c5fa00e48c8fa6b50cb64d685ef079668367cb93b65eb63488	65c3e6ccda2d715c18ac394dd741d7875dc4d47dbe5861f2eb5f6289d79d249a
1f614.png	2D/png/128/emoji_u1f614.png	eb6f043f66fe3d33b4bdee8ccf5e4652589db6b9129d7f820a8d0343c6c2a4ba	46410ea91bff48caf1c15515e098f6771b4f7298a30f7f3803eb9520719d4e9c
1f615.png	2D/png/128/emoji_u1f615.png	7b9f8cdbe75ab665b984b4aa343e6da9614f1be6fbacfbc6f8978b6e63c9598e	0ad137c409a9f9926a4c0359726fe7ec7595aacd91b68c1b4ce725c620335208
1f616.png	2D/png/128/emoji_u1f616.png	84e031c434e47fd61dfb0ec49331abd9383119db58e43fb3d02961b75a2dfe24	16cde4d8134281d336969a1a32d154cbccec63f8685468b6d6c34cac27814df9
1f617.png	2D/png/128/emoji_u1f617.png	6d7db44cf8c4603f96a8512d330b82ab148624c1ac210ef4f12b6731f755b6e9	64b1213aefbf41af4b72dd578ceb32f66bb22313482acf12471772d066c15483
1f618.png	2D/png/128/emoji_u1f618.png	098ca6f22dadcedb7c3a6e803fa68739426d4b7826ed17744acc8a70d992b759	965c4e10f33da21bf7c25b42be44d9968912008bcac89c2a6f6d03575b2fed49
1f619.png	2D/png/128/emoji_u1f619.png	edecb85d4b6a5f48ffb376b6be7bde2300be539fcd9358806305078878895d3c	1b1af294c5ad271400edeacedc37d12cde18dc75771eb50ae1588c16d2c12ee2
1f61a.png	2D/png/128/emoji_u1f61a.png	27e85fb24633665f5bc3591ba39c7f4b25e036377d57b09e3066ccdc206c3051	66535da0fc4988392228bff2d2c8ffbc7e95e21747dfd80fe630ed326121f527
1f61b.png	2D/png/128/emoji_u1f61b.png	9609c6a3835e77e59406d42096dcaa0ed82d32e20686a265a2a99a2a5f006ee2	3aa824206adb69479d9b825e816d807a6d71643df6e40dbce427c0dfb2d60e38
1f61c.png	2D/png/128/emoji_u1f61c.png	0529bbb777bbfe87285e135bc850e2703da59e7439b69b407747a6d0de606c3d	512eacd12433032cb866f735e86dc65d8361f581e20ee272ebd7177e9e0d4edb
1f61d.png	2D/png/128/emoji_u1f61d.png	c51627746ecd009f9257ef4a6713f9c6f187f8ce18407bcfc4339a9736beeec4	b6096c18378eae1a1dee1ff5cfd277aa67bfbdb746d9a134952c29ea741b6cf9
1f61e.png	2D/png/128/emoji_u1f61e.png	de27d9c743b6f032dbe3807c53ee2693a59974fa2a1dc54abbb28997d83dbe20	43ae53069ed7e58b11c99a9f7b43f7739b7128f62f9bf874ed8d4a3c1fc7e99d
1f61f.png	2D/png/128/emoji_u1f61f.png	7372afd3bab74f399e1df956656816b9a884c1cd861aaa16df352ef3b587589f	ad69b613acbf6e8c109e9e4b81d35e3a155830381dd3689833d4b12c87eb729a
1f620.png	2D/png/128/emoji_u1f620.png	c4505e92ecef5748bf35af0f61d43650b53be20e51c8e9c40dbd25ab6b92283c	929caff078e287a3f557c0f717bf6c6fd766dffa98a97f3aa0083c0bfd214890
1f621.png	2D/png/128/emoji_u1f621.png	f299f0ca39caa34ddd99a6d0299922ff8c1480d35c48e43be29677154ab6168d	db97677b8151f38eebdd9970b2f6d669a4b40ec32eb3f9f89d81dc54f2691af4
1f622.png	2D/png/128/emoji_u1f622.png	09db75cacadbf2171fe120c060fd622f54eee0ee8d11cb47191f6a019e23231f	f48054f9249fb956fdcb2f110bef552632a36812c08b845f6bca6a0666434aa8
1f623.png	2D/png/128/emoji_u1f623.png	f3749284b21df7530f331a15e380a73822f996db9b3a5ccb19c8e752faeeafc6	849a2cc278f01d0741f5df7b5c55e140e4613dd3ec92c997cedd5a8b8b547dab
1f624.png	2D/png/128/emoji_u1f624.png	2f610910dd2210ef3766db522cf9970983362dc498ff0bfb6645c9fa7cfcd13a	6905e30254320fdd7e61a8799fb1a3faf315863c1be15513a6c851ef73272a88
1f625.png	2D/png/128/emoji_u1f625.png	f59f71ae93fe18afbb7a699028be2c9dbbf17b26205593b3993b08944c572523	5d49eca242e9732799c6a8f691a388d145d04799bd21518db7e594713554f2f0
1f626.png	2D/png/128/emoji_u1f626.png	b1b4bafdeaf3efa53831a74879450542edc2087a79293be0db5fe03b7a479064	6eabeb19d052f81388513a100e3b20972b99b5942148cfb68de986dc3da1faeb
1f627.png	2D/png/128/emoji_u1f627.png	7a29256edada1a71c6bf457b2d1560654978edef6234bce428087e04eac302c6	cb9e5ca8d73945388684fa8f922fbab0a136faae65e4ed4ef1cd18c7c89b89a8
1f628.png	2D/png/128/emoji_u1f628.png	e00393e78ce843c66f5aa2a40093dc441383f46a2fb41ba507ad0b7f61dc5729	11cb69d6904d6282cf362b3b72124d3bdfb76eb681323a29cd14dde6ae489e36
1f629.png	2D/png/128/emoji_u1f629.png	9158a5400641bf774e5f405fed58ae0d4b1983eff9911212d6e8297a0e3ad189	8b4b0208c5c2d1e777e49055818f610159c1ad4c0f77d85aa4e248cce9ef276e
1f62a.png	2D/png/128/emoji_u1f62a.png	9951bc4f1d088ac95a6a29f1f1023481dc79e1bef92348ae686a5e854bfcd63a	7621663e3db1f80aa2b49c581ba7f9a8861fc2f3f518c01f765158654b6a6c5d
1f62b.png	2D/png/128/emoji_u1f62b.png	ea5bd8dd43aba6665107896fb2793975029779c4d5e81ce8b8a9688a20dd1cd6	57960171f1a11f27c7ebf6767b5fbc52d3242b6011ca0dd9b0e06c30639b3110
1f62c.png	2D/png/128/emoji_u1f62c.png	dc6429fd2c73d3990eadd8f5bc080d2bb3d94199be68a455eeb8d1b4908a198e	2dd20155031aa9806740b69421b8588c71ae8bfde2a0d8139f4dcd45c056b7a5
1f62d.png	2D/png/128/emoji_u1f62d.png	e2eed5a559395fc18f45875458192f9a200d24cb16f0f0fe1c62e8f01d18c3e3	2f1d6e45148c6f488cc41ea5628d3ea7c7e2b7bb2c48c441c9d0851207266148
1f62e.png	2D/png/128/emoji_u1f62e.png	11958561f8ac3bcb5db1ba802de7e248c5e47d0fca709efac24db4a4d605402d	5d9ccdd096abcc32f5edff2142d326071b8657936f015297360c8a5b39d621ad
1f62e-200d-1f4a8.png	2D/png/128/emoji_u1f62e_200d_1f4a8.png	83beeff2f333500cba10ab0f1dc5888024f53bca55ab0bfa6138fdc7e4696d99	171fbc2b205fd6ffa76878a2a570dc801b0daeaf1dbcfbff70cae567ed7dac68
1f62f.png	2D/png/128/emoji_u1f62f.png	a279bd312bb98222b4de83b31c40e0326d0380a2cd9609c1cf75a2486ee9a4de	c9bcaeedeb787fdc5c779411ee4647e01c780fca1be6b361f6d967b444b8cf95
1f630.png	2D/png/128/emoji_u1f630.png	50b279ab9cdf5a51387439ca832dd0bd6426d41501079990b299db606fedc944	40aedebece7f3e1192cf3909b44f9bd80ff4effb79be3d2f9a618542c4d1c800
1f631.png	2D/png/128/emoji_u1f631.png	4d4a174f8091498ba9fa903b44e47a970f2f9c9fa0cc5429b261e6cca829c219	ae9008bdaff2ace726657429bc8359048cee97889516841b91474516ea443f51
1f632.png	2D/png/128/emoji_u1f632.png	bfd2cd132b41b225c2c9bd16bf67e95c90621a4247f3ad2635648e0ec03a2062	2baa7173743988505ce2106959c99a1cb039ae943e900fcd72447c019d5889a4
1f633.png	2D/png/128/emoji_u1f633.png	15e3b1bc4f42bcc9c1c5a465ebc0078a133e53e132945b15d6c559481f81efa8	0b316006ec45936e511a1362ba6a624afb7f23c2c108318fc701f3b388a4f3b3
1f634.png	2D/png/128/emoji_u1f634.png	f9224b8818cfa8aabcf2a964137045b7bea5fb34f23d0667488e3692ab3da15b	abb43a4841850c4027a2e7d872986acc45f128efb27c067f6a0d5acd43b85674
1f635.png	2D/png/128/emoji_u1f635.png	e6472cb29b0c62d463e7a6841300b70faa3f56d8efa7318dc0d12eab5e801a2a	8063d71b85177cc1284148681057301a6839b3c332a616b7ddd9851bf829e68f
1f635-200d-1f4ab.png	2D/png/128/emoji_u1f635_200d_1f4ab.png	28c810aa57d1d2eca00eacca731915349b7a7dbb6e6de7829884bde3750e39f0	07623bbcb84010c73359775ad2aa53a62b290ac12e38cb23d674e73a45c1a9e3
1f636.png	2D/png/128/emoji_u1f636.png	e58047d058f5d2bf092d7cf2c58081724f46049a2bea303e9e42f507284fe4ca	71cfc7dd312a261aa6dd4fb5434ec4a01a51b6a4cdfc239c7f39e9750c39ac17
1f636-200d-1f32b.png	2D/png/128/emoji_u1f636_200d_1f32b.png	5b997838e628d1a876d3fde0568e54ee03cfacaf4d25c2ffba8bac3fc213a401	fe731a728ae01ebb2c472e84fc7d8827aa8499c4803dd29b31197bd840165f67
1f637.png	2D/png/128/emoji_u1f637.png	059bbf4a8589a0ab6f9c257469da63b9dae3217162e859361498e2ae4e0171af	caf00c338b86afa56ace3d4aaf1eb578f02fd55e652d95733fdd9396a173458e
1f638.png	2D/png/128/emoji_u1f638.png	7bf642df9901d778071833f6c7ca21bcd7e728d9c6f0f6ebb300d89694c9b0df	ba113782d9eac946a85f7cf6fe376cdf989f1e5c933d05a8e77aa93b73b48ab3
1f639.png	2D/png/128/emoji_u1f639.png	e4d6f3184ab6d3f845408bf143b2c12573c0a0f5e17b6932e274a7248d365250	fb75ce5a9c466d95d222b1cd20088a659134c53de46e6137842e67b941748711
1f63a.png	2D/png/128/emoji_u1f63a.png	27b9fb83eeb4d988d7a179276ccbdc4be9cbb94e2daabdebc91f2612c5bd2aa6	b4c2250f83a16b7a3955d4bcd3168adb6b0176db4d7d923801d6e7dfce17c385
1f63b.png	2D/png/128/emoji_u1f63b.png	52306b365cacba41b3165a357a3503075b37b6b28e24ec03b186d45dffb2903d	cb6477ed6cf061137b3984fb8d8e929be006e9aa06bff46b1123eb8c16995ac9
1f63c.png	2D/png/128/emoji_u1f63c.png	282f1cd99b9a9a6355aee1d1b280b1b2560f37022523af2d3e6c3098645fab71	5f3ba73d59683c6c44f2ca459d6671bae0805f35788e8237bbe4cd67f17fe444
1f63d.png	2D/png/128/emoji_u1f63d.png	171c942bf0c002aa5276317b026b85f8649153790544fa203076dc35eb165fa8	c996a61d026b19377819919d69008ce036a52db37d6ad4d6ae14e0bc9c79d60e
1f63e.png	2D/png/128/emoji_u1f63e.png	5412a47c120fb6054f5a9adf2984de3546fc1df668d4e38704ac1ed488ea6249	3e375abb899fb9a7f9c7b4eb32eede4f77372a1244649fe78bf4d1415ae6173d
1f63f.png	2D/png/128/emoji_u1f63f.png	9c5e7dd640128cc9f0bf8d79b1c14c1908563ea7cf9459520c5be4ced03b5a33	ea2cc1788b5603f1c7e74ad00f76ba8335e9bbca9ec8ac5080991a50e93889b7
1f640.png	2D/png/128/emoji_u1f640.png	d3282c807930f096a188816c651dafb078dae19cb8e15ee2889ad08ce363260e	9e3b5b955067efe5f0defbbdc6ceeb26762d6e36537dade6e10b2a2d60538fb2
1f641.png	2D/png/128/emoji_u1f641.png	1846ac492c1a9ffd2eb7983ee3874525c344261da3276270e8162e7f0cffac85	82a2ec858df6c75686f0d929352fc82d37156259c485b6e0fd91274cf41f9a02
1f642.png	2D/png/128/emoji_u1f642.png	c5dc56d16507c9673c245ce6b1ba7ba0962823e687bd71f8238502743d2782c3	20588c0162b94f8869675cffe39b8fc675c1f3cee65b4cfd6e2755edf9720826
1f642-200d-2194.png	2D/png/128/emoji_u1f642_200d_2194.png	a42b5b233eb1569fc291a02e780f37bfa0e05c3db94002c593e829d08e2300f6	cd82a3ae15ca50c280228b2c7d55302349129a99f76094e2265dcab87462e95f
1f642-200d-2195.png	2D/png/128/emoji_u1f642_200d_2195.png	79e7db1ec06daf6eb8f15955ec0b3d204a1f57ae37ab65622a545d0b91877af9	51089d8486b441bf5a0f4284f011ea77abf0343bd8d3115202d869830d1c93e9
1f643.png	2D/png/128/emoji_u1f643.png	0cbb253563bdcf32ae8d0b087cb7f3591f8071001c7ef9558c1b2c2fef158476	b418691880aff310460324cebae9ae1757c2d9ee2ac6fbebc49c22d9fe96f10a
1f644.png	2D/png/128/emoji_u1f644.png	e731313fe55d2670885ad42d1c8cd834c1c0faed7b3d5262c5e1d1e6721e86d5	31c9f235f217df8a09e88cd9d882c0338c23e8e0e058171f48f8419a9cf92aaa
1f645.png	2D/png/128/emoji_u1f645.png	745d94778588112142edbf85ffcd3f1e327f6531a8058ad18164de1b0a47a94d	c63aa61f5f634386ce00c174a750d1bf1c617c7a9a1d3d39c5a7daf72a614bf8
1f645-1f3fb.png	2D/png/128/emoji_u1f645_1f3fb.png	97edb8115be72023597be73caad71daf06f10adb7498f15487bdf5c2b9fadc73	d3b92956a0473b7f225dbfb463249e54143e234e42436eecc120ed0c8330f032
1f645-1f3fb-200d-2640.png	2D/png/128/emoji_u1f645_1f3fb_200d_2640.png	8459f9f4307f0caea91e65599845deef0a2ac819c21d830a9441d705aba0eb46	1d8405b466b42d9c7034279463b5c845dfb9b13e10e894085aec9454fc85c8fe
1f645-1f3fb-200d-2642.png	2D/png/128/emoji_u1f645_1f3fb_200d_2642.png	3fea7e7994d6065edf89eef53f77ae181d6718abca7b399033696a8aed32a6a5	813ee95b7e966ea47fdf87d0f1e12fc8ec55449e0c69dcac1b090aa7659c63a6
1f645-1f3fc.png	2D/png/128/emoji_u1f645_1f3fc.png	f8eaed743ec20a535ca3cfbdfb0e3c988ea55343de4a8ba59b46c9c43b3599dc	37fc27555437e8da423ef5dbb28ea970ad4941fc1d88a13d908b8f63d322b84e
1f645-1f3fc-200d-2640.png	2D/png/128/emoji_u1f645_1f3fc_200d_2640.png	ab49fa7cdc4429bcbe19019bf26889afbaf2309f713ad73cb6ef5fb079120b7d	22b9f0b46a19f3e4726fed0bde9f6031dfa7d15e669983cf82414ff00df9ab27
1f645-1f3fc-200d-2642.png	2D/png/128/emoji_u1f645_1f3fc_200d_2642.png	8cc6446431dbcfc3622052b719b060adb4ad889753de3097bf5ab85e54ac1437	38a27f863dfef5db11b31c683757edd74a542cbf5e47797bc95582adf17afa8f
1f645-1f3fd.png	2D/png/128/emoji_u1f645_1f3fd.png	c55591044393b9772bd5dae5ebc87872c57b202c0171fbbe3a2581d394044a66	96df58ac199bbdeb27e93784b4d8fb828d0557a22c1a68a4286b27b5af354cf9
1f645-1f3fd-200d-2640.png	2D/png/128/emoji_u1f645_1f3fd_200d_2640.png	7c72f49e48e6050045f49aa370a16b69f7f503c1f4a2730eddb4728f798e3f5f	ce29fc6ea7b34274f23249f3a34e50b3cad2881437b9e4ed40084b84108f4ba0
1f645-1f3fd-200d-2642.png	2D/png/128/emoji_u1f645_1f3fd_200d_2642.png	2772b001859828008a10684970b196c4a3d8d208f6a9af3ec55d3634f403ffd5	71bc5f6f9d75648f30f263922a9e7527248776175879cf3e10ee60a739654125
1f645-1f3fe.png	2D/png/128/emoji_u1f645_1f3fe.png	07bd02b5ca8730bf1f85f43c65fd75fb8f11df496c3a079dbfe3edc3cc0311da	5e2f8907787f92cd5df77edc78d5abe0f27dd175a402f196e5f3b869904d0fff
1f645-1f3fe-200d-2640.png	2D/png/128/emoji_u1f645_1f3fe_200d_2640.png	057168b3b7482398bb5d16c0c1c9bbb0e3347452167f202f1300af6d2db05a31	3ccdfb84fdd1ecf69ea751ddb183449d5002d9bce2849834102ce1cc3f388a57
1f645-1f3fe-200d-2642.png	2D/png/128/emoji_u1f645_1f3fe_200d_2642.png	6bc1699a4bc517e11946d6795fc55420f4a1fdf8f5bf7892bb4017767f036892	c6cf57f2a04008afcdeddb23818ed5898107de3ea6b125d3a8fd6036cbb8f203
1f645-1f3ff.png	2D/png/128/emoji_u1f645_1f3ff.png	3b0d82d4a925588bb0e9cdfd51ae2ae377ea4defe1a53b244a9bedaae14b303f	798911853b3ce4135a28cdf8a63c8bf916adec06230489be9eb430aec460c73f
1f645-1f3ff-200d-2640.png	2D/png/128/emoji_u1f645_1f3ff_200d_2640.png	3aca9c5047f64a18de675ac06892c2fcf4a1812310d7e965086a9f14a33b5b42	472ca4e9dbaa3bb50e9fc7d6bb7df57640cd87807c8f19852d25475368134a8f
1f645-1f3ff-200d-2642.png	2D/png/128/emoji_u1f645_1f3ff_200d_2642.png	c242e16440c74b3f92a54a0a25b8b8034f3c7dcf1ba8cf53c63caf7510577f00	150077a4bc8bdd5409791bf6744a8aa2fdb67da63ddb25b5037735116f386a7a
1f645-200d-2640.png	2D/png/128/emoji_u1f645_200d_2640.png	082a7f76c160a3a6f48435a2344380193ffbe454eccf94426fed2507b5593bf4	f35b15a91d420edc8cd55ae7cbb7fe42736cdf92f308248d2821eea3fde40cca
1f645-200d-2642.png	2D/png/128/emoji_u1f645_200d_2642.png	e3cbe787dd048364e89374465017086c412b05a801e18a9048f6a9872d31695b	aa61eda7f350e9cfed5caf6c86d988386b6635d0f0cdc701fd5cc763c4599fa4
1f646.png	2D/png/128/emoji_u1f646.png	69ce3e4cf5362fb52f0a6e179a8e3404ed758cc0d774aba620418dba0411bd46	9ac0268fdd59bc706eee8e3367d509b6f5d739c20db47b4f95baf7ba7ba346c7
1f646-1f3fb.png	2D/png/128/emoji_u1f646_1f3fb.png	0a345531027f9c601f033d2be5f857221854ba2b27617fd75aaf4ba682149ca8	1e8e40a124f54e5dd44e8f231a9472de1a8dfeaba926826242d583db0627b228
1f646-1f3fb-200d-2640.png	2D/png/128/emoji_u1f646_1f3fb_200d_2640.png	f1ba2ad2b49337018f569ad508eea10ca27b14da4e8a4587e7a21ce284134002	5c247b2766ab2d7111f2b0faab23fe9ca6418cd06f000e9493d1e06da3a1ce85
1f646-1f3fb-200d-2642.png	2D/png/128/emoji_u1f646_1f3fb_200d_2642.png	36f915e46a8cc8a8dac65e4604b6e53c6e68074c9bae97e3f616c98af62d0802	e8c0a910cd2db44db456fb224b1d8f2f75ee48401869092ddac2db3037ef3c53
1f646-1f3fc.png	2D/png/128/emoji_u1f646_1f3fc.png	53d08f95f4810abd628e28fb1443890dd630a3c7fb8cd07653e1e2ac8e128a2c	0f42bcabffaa7bc307405e68f094d415480bdcec121f3c652e5f497a513f7047
1f646-1f3fc-200d-2640.png	2D/png/128/emoji_u1f646_1f3fc_200d_2640.png	f21a64f35ec53034e33a87ddad6ea00059f9e2e785876704f29c447c1c36d6e7	b3f54aefed48eb2f215dbb1df69f2e664d48acd8b61c0e6f861438d9dd22a42b
1f646-1f3fc-200d-2642.png	2D/png/128/emoji_u1f646_1f3fc_200d_2642.png	4cee1d05b426c56caba961582a9100f9b3aa71585063d84e97505ab5572d9875	34f7cb53dca4288000db5ac08cbfbdd59c4dad027cca00fb282194c67a34a33f
1f646-1f3fd.png	2D/png/128/emoji_u1f646_1f3fd.png	0d4c31782e3111c96975ac8502c9dd25c59e67e1e4c61c78aaaddde3e7f48134	ee55e1805a6134e39a2ece11371d38710383d9d977fe1036e428f656142b489c
1f646-1f3fd-200d-2640.png	2D/png/128/emoji_u1f646_1f3fd_200d_2640.png	46290f068d0f556e9f214ac37d063b8e53de569054fdd11b55b09f3a9fb5cbce	ed8b2e9290485050bf66808414092579c95e8748bcb6621ebde25fddecb90040
1f646-1f3fd-200d-2642.png	2D/png/128/emoji_u1f646_1f3fd_200d_2642.png	d413a7d326ba7a207a973f5372841b0c2eb3a8d1d08fd55cb4b8067d6a3613da	dd70e40b75672d3b554eb0ce083bcfc8247052ba6e5f378e950e5f6a1c61383e
1f646-1f3fe.png	2D/png/128/emoji_u1f646_1f3fe.png	01008170aa74c00f956311dddc4b03b963ee5ba26a39e299df6120ceb5c9e7e4	f1f1e820ca1d78e33dcd7e9ef589c6c404c75d46786aedda4b8e742ad58a0f5a
1f646-1f3fe-200d-2640.png	2D/png/128/emoji_u1f646_1f3fe_200d_2640.png	63f56a6969fded933903849195453443ec8012ccce7abb4fb3380d4a0ca781f0	66f3912529577dd0e6c7a16ddacbc0582355ca8b55da033a111791189a991a34
1f646-1f3fe-200d-2642.png	2D/png/128/emoji_u1f646_1f3fe_200d_2642.png	b136d5396ee43fb6bb12ff78056a5041f3e931fc76d749f9c4e345fc749a85a9	6ecd49d545950725346fee7e2d78d8da2238c26035612ded2f7dab4f4e5d835a
1f646-1f3ff.png	2D/png/128/emoji_u1f646_1f3ff.png	18760c4bae1b5405f08598a78c7531006601f1b2de025016fb8252f9d26a4e48	863d1d512433456dcd38f3bfeae2d2dcec27baa7a4954f835322c87c9cc2befd
1f646-1f3ff-200d-2640.png	2D/png/128/emoji_u1f646_1f3ff_200d_2640.png	1b33b0702c5a4ff7de03547f4ce3f129a7d84375b8340ebe780421b1a41476aa	2641c8d70abea964100bc230c4dfd06977a1a6ca85912f1b96c5645a689ef241
1f646-1f3ff-200d-2642.png	2D/png/128/emoji_u1f646_1f3ff_200d_2642.png	eaa332fbd4bfda3cdf6f84c726039d995ce8fba67ace3034a1253ce0a728448c	84427e5c645302aaff22f7d1b5b1d7c2e9f2711f927d277209105aad3b74e027
1f646-200d-2640.png	2D/png/128/emoji_u1f646_200d_2640.png	ed9b44e44fdf4a72e0cfb970ba9adc1df3d9ebc91664596f47be4e67dcf15842	1af1c7eb5af383e7f6b87a2cfce3640c4384688295b4d3c691ea0768128016d9
1f646-200d-2642.png	2D/png/128/emoji_u1f646_200d_2642.png	be72751f8c107eecef8f5e004c87fb8817cd3e0d8611a1480e9771b7010305da	494ec491f9c3855638b5df4e9fe44730ab1a2657217cfdef7d72252c385816ee
1f647.png	2D/png/128/emoji_u1f647.png	ece941f0a84a5e02482a9a70663bf2a25b3a99a522944b8876a1f181226adeb4	d130d0f772436070db834b3e274593d47b14d27e5c4701a16dec540e57d991dd
1f647-1f3fb.png	2D/png/128/emoji_u1f647_1f3fb.png	ff25c0db62427d6be97323f552971ea293bf7f007d5adb41e6be3de6661b959d	22d89a3e051699e8e3538501fd833c6007ca0a6725a3c907f2be748533fc8b95
1f647-1f3fb-200d-2640.png	2D/png/128/emoji_u1f647_1f3fb_200d_2640.png	ea83e125affd3ee2eaf7f9e7e508b03c7d0ab26e36edd0b8ce8547a1690587f0	dd31b12f5ffa8efd6fa7825c1a55c2fc44bac02efd82817b466faa0bb82a61f8
1f647-1f3fb-200d-2642.png	2D/png/128/emoji_u1f647_1f3fb_200d_2642.png	ba5579f07808c03da3b04b82da851901474ca9ac816955d91e66597f20c9c692	c44f26f6692b0737f878d88d0718abca3a3fd2c2cb5bea432b66518432a1d97e
1f647-1f3fc.png	2D/png/128/emoji_u1f647_1f3fc.png	44423f197854fdcc695f3d1d37d3173d7fbd6ea7e8a894cfddd5e2145f190eaa	0892419b593636be0ec9808f634fa2d14bc5909756e6cd2eaae52cb5a7e8dba0
1f647-1f3fc-200d-2640.png	2D/png/128/emoji_u1f647_1f3fc_200d_2640.png	f802ca1bb3f05e97d36e9dc0961f1d4b4a903632f2734432f05088da4ab49923	4f91028d3cf668730a8d11254a70ede15bc3de71a59df46c8728fff749ee1ae9
1f647-1f3fc-200d-2642.png	2D/png/128/emoji_u1f647_1f3fc_200d_2642.png	83dd8f84f9402019352bf2c63d1ba8c67291248c08d7a667d3792495586ed1bc	e45526840019191f304fb398d90f8a52ac5012888a0fa9f43f521d4e06cd883e
1f647-1f3fd.png	2D/png/128/emoji_u1f647_1f3fd.png	897c0ef50bddb4a12d55b0bb4399465d9bca30b90c3b2f5efd8bdbf4d6361bb2	88d0bdc074a41fb37b0a3570c2bb9be1f1e1efa260f09bd1a10e341968f00a17
1f647-1f3fd-200d-2640.png	2D/png/128/emoji_u1f647_1f3fd_200d_2640.png	4cc8325d896058d5391ac4dfc8b5c71d971d9cb1aa8741661252a4892060ad9d	526f00dc1465cf610a1efe0c076e47823df6f24840f2850603174ad83aa91963
1f647-1f3fd-200d-2642.png	2D/png/128/emoji_u1f647_1f3fd_200d_2642.png	000cb1d037346c299030bc6edc7aedbd324fffcf46115da00f4a28d5bd82b9ae	6353c248e08360021df545ad1bc75861b7c937c1a2c087a0654b1822cb37cb55
1f647-1f3fe.png	2D/png/128/emoji_u1f647_1f3fe.png	fb20c8c6dd77d3d6ebfd23df1cf4aa5c2aaa600f6aa42dda06ec819584b2745e	6b6a25538a67a6e295d39d658d00343a33aec35dd2146855323a019c137377d6
1f647-1f3fe-200d-2640.png	2D/png/128/emoji_u1f647_1f3fe_200d_2640.png	4d80f9e56acdff362a79840b910383ac3cac913183283bbb3fb92cd4e44d0944	9a6be9a4b98b942bc1d5fc6adb04757f081f189a7d962433246e754f6ea66eb3
1f647-1f3fe-200d-2642.png	2D/png/128/emoji_u1f647_1f3fe_200d_2642.png	b599809945305e0d71f278d700455aaf95a2c18f5d72c5a7f430a15ee2ec39f5	decc2e77d2e2ffc6e38659e41f3c42745bdd6b76a1f9dfe1f9ff6d582b1d10e2
1f647-1f3ff.png	2D/png/128/emoji_u1f647_1f3ff.png	5d36958ee7e8da0941ca1e3c14be5b72a5e2bf476ca381bf364103a95280daa0	8f4d0b703170d7b816c59c7a4908b217c61e1d8644c7609bf5e6520daecf49a8
1f647-1f3ff-200d-2640.png	2D/png/128/emoji_u1f647_1f3ff_200d_2640.png	6bd502dec7e8e30431d4c7edace7a8d1bb23e62ae65df2269e6362bf1ad24489	e58dc1052c8f518ec194d8c06f1cf9d9da81f59568aba1b373efe86c041700cb
1f647-1f3ff-200d-2642.png	2D/png/128/emoji_u1f647_1f3ff_200d_2642.png	d482790646620e765c590172574ad36a645ed030dfcd53fdf9b0d2070ba3883a	30f6a10fe455b85f5c4d3b033e5b822d73deb321d0cd0fc3443cfda3142d31a2
1f647-200d-2640.png	2D/png/128/emoji_u1f647_200d_2640.png	61787bb8ff096e6f0b50a0cdb8b9ca49075abb9e20cf18d0db1dc06f33c51c27	08a3e5c909174c9b7749c8514e8dde50ad78cd9794fcb7da4a618956c1742c69
1f647-200d-2642.png	2D/png/128/emoji_u1f647_200d_2642.png	e29fc8d06d0e295e85ef9ba82cd62bb07927db98f419c2f9dfb97b426bd21ddf	0411efa2b9708b9e03dbbe5aba7aabbe4bd736873221408289167942cecea945
1f648.png	2D/png/128/emoji_u1f648.png	5ddda9eb858bfcd4da36e251bd08c71d1f08bdb828516822a223117f7febc56f	fb59942a4f9dc381c5406a4bca77cb29b383e8a816423d61ee69c6d477e2018f
1f649.png	2D/png/128/emoji_u1f649.png	bfa9b8b46c0ee3a7f5f4a30ce370031e7ab3fa84c0c0ced8ed7d22e447aee50b	0e67d6dc5591399d0b79347acc73d80ea846b1a2e4186c780505ee214d971f07
1f64a.png	2D/png/128/emoji_u1f64a.png	13547db2ad4289922f471392eefdaefc68d398e1aea046e04ded35deb9730d78	e0f5aa6eb3b8642a18b9570da17c4a1ec4d53d59754569cb7fae76862f8bfaa4
1f64b.png	2D/png/128/emoji_u1f64b.png	02c8cfa3a167f5544800088aba9258ce79f1e40ef6d19193c28f344798721459	fbf0dc90f516fb2e030c05deb79a1557cb6dac114174f71ae7b869977584cbb1
1f64b-1f3fb.png	2D/png/128/emoji_u1f64b_1f3fb.png	7a95efe32a0152ae91296568e688c18ee1e41818148c8a6e6ec3fb25658956c4	8e6fc39097ba7e060026c141bbf53b562d933746fd88380c609dc97e712d004a
1f64b-1f3fb-200d-2640.png	2D/png/128/emoji_u1f64b_1f3fb_200d_2640.png	e8710d56922af2cb8c7f271cd29204b45c7608125f07e3bfed7511fcde2c767a	557d87644800e25e8bc499b1ae578951e5213e71c3fab5c6414b6e51f35a39a5
1f64b-1f3fb-200d-2642.png	2D/png/128/emoji_u1f64b_1f3fb_200d_2642.png	a7c8135c1f585f5afbcc879f759f1e18d7763c710682dd5027c822dacaec1e2c	4f610ae1e95a1e7d3f11496b4a03dd5efc140db495f3e32e7231713311e82870
1f64b-1f3fc.png	2D/png/128/emoji_u1f64b_1f3fc.png	e7883850eafe5886be731be8b9ad57d8f8bb359ce2fc9c5606de450b98e1f3fc	f8df9612fec99bf26d0270c7df58e3f31d4c4b8d4a82f8b855a238db3107818d
1f64b-1f3fc-200d-2640.png	2D/png/128/emoji_u1f64b_1f3fc_200d_2640.png	e0e052d7829d6d91697ef3dbd95be6564dc20b0b76c1bfa25d05b85f15930c80	cef8b54a51f7646b8a67d6bf70dffa0790fab77e44fe09a37f6a4ca9d25ce604
1f64b-1f3fc-200d-2642.png	2D/png/128/emoji_u1f64b_1f3fc_200d_2642.png	d6ecfd6f19c5a5a0532465343b661489a1645f09058c67df21f65a57ad6c3ad8	7bad84a4e408d5f6fca0cbb9ed2e6ae71657d0213cb5a09c06549ee41ee87e6c
1f64b-1f3fd.png	2D/png/128/emoji_u1f64b_1f3fd.png	9a0378447c92ad231bab378874140269cafaeaa5e2538343a370693bd5a4109a	c14737b4a0ff9d30eb94a01fd03b18d4015a2ccac782664edea122a25bbb146e
1f64b-1f3fd-200d-2640.png	2D/png/128/emoji_u1f64b_1f3fd_200d_2640.png	5d5142e5173366396c6bd895ee45b810ae3de9735556f58333a201c0f7f59d41	55b0fc8457a7abc6ffbf0925bd2e50442fa27ba7dabfaffc2777d93142292f3a
1f64b-1f3fd-200d-2642.png	2D/png/128/emoji_u1f64b_1f3fd_200d_2642.png	148ec74e749954009c5c3b09b36178344169be785510afe4476523b32460b0fa	8cf9a71f528a3fea922154bd5e8194fadadd516d217fae74b0c0f702a7358770
1f64b-1f3fe.png	2D/png/128/emoji_u1f64b_1f3fe.png	3666d0e56c97f69aa7cb5d5dab3caefca89f9b78fb5be5fdd457795c4d68f2bb	345eca2734b9a9f76c49fe82454f7e8ee3aa767b79b4ad2cb20e09d9bc2790ed
1f64b-1f3fe-200d-2640.png	2D/png/128/emoji_u1f64b_1f3fe_200d_2640.png	ced9369e6e7aae3d97196dccd61df49f79f600c8fee8c4b69e7f8251b8c495f2	c077c7f90c07a1be8a9b974bb9c8e5beb328555d4729759504655f343d65a1bd
1f64b-1f3fe-200d-2642.png	2D/png/128/emoji_u1f64b_1f3fe_200d_2642.png	c8299ecd2ba38ec88b4f64ed006811fd516720343f5c76be79855290a5511bc2	872963e10dd1c7deec27941ff85a420431c5bef2c7183bf22b74ed1cb4b34855
1f64b-1f3ff.png	2D/png/128/emoji_u1f64b_1f3ff.png	eb54146e9f53ba0e158a974bac0d742bac1335afd20db49264fbb406264ebe9d	ef72be7d42da27ea31afc11079fe7b676c28643a802d9af6a13f1cd1b9ce9252
1f64b-1f3ff-200d-2640.png	2D/png/128/emoji_u1f64b_1f3ff_200d_2640.png	f5a29ccde3de6f3a2ff868e0c132ecd05d829a7e5b1ab4a4e99a4ea8a1455a89	75c7d79209058ab3025df229ae7675e83324e34700d200244ab78454a15530ef
1f64b-1f3ff-200d-2642.png	2D/png/128/emoji_u1f64b_1f3ff_200d_2642.png	7319e28226f61b65d34d3871a048d4b549912413937e8e53d193b0a944cb30e4	f1a336fb95ba1f22bb2b11942868e89a024fb468cb4f8a1b03aadaba276d032e
1f64b-200d-2640.png	2D/png/128/emoji_u1f64b_200d_2640.png	00306e927cbef3a886151092500982196aac5b811b16afefd8feea53a06012d5	0f81fe14dc138cc8799d6eebf786b94f7142ba9e3ea62efaf9244cb531a8db3f
1f64b-200d-2642.png	2D/png/128/emoji_u1f64b_200d_2642.png	5698c6c6bb1a790377475d023b4200bba4296874713dde699cf1bb121986f513	acd9f0e23bc44c863bbec8d3245cb95e8a7a39b410d1841e4c8abb87b228d235
1f64c.png	2D/png/128/emoji_u1f64c.png	4c3e869eac434d6dc0ef6126e9099938b5ff879fe82a398429b093236eac21f5	1eb53c284b0cb4b51fe3079ba0cbfb2fe9b2e7fbb858d065af61c820c357c5f5
1f64c-1f3fb.png	2D/png/128/emoji_u1f64c_1f3fb.png	e0d8550718c5d0f78212491abe895b796cc03e9133edafa450ba59c734787249	264cb26c90dab1996b79497b528061867c15408f46d755391e426172cc9edb7e
1f64c-1f3fc.png	2D/png/128/emoji_u1f64c_1f3fc.png	24e3b310524856de67e2c374b08c4542e95247705bdb36fa9fdd9aa9e1b58d9e	32ec572976f2959f16056d5c1ec3be483ad5116062f074ff2811858ddeaecf09
1f64c-1f3fd.png	2D/png/128/emoji_u1f64c_1f3fd.png	d5de9945f64bcbb251a4cc87c96a0580b748f99a5f4d8c5a85c63cf80b7b6e8f	1465021ec1c37d9ad902735bfd45425f5210e959bef2a500242f07e42ae86c57
1f64c-1f3fe.png	2D/png/128/emoji_u1f64c_1f3fe.png	2f9b3bcc9522b64c6215e5cb435ed649a2c9980c139d67d8dddbbc398d0cf637	74b9bb03c30904a9afac28ba0fc0c9910ef0ecc4a58dbfe3dc390557463426f1
1f64c-1f3ff.png	2D/png/128/emoji_u1f64c_1f3ff.png	fd14769383f2b0590fd27fb9d7f6acaae3b5c7f1bbdb6c50506490048d6760d3	355feaec75b1162f4d33cd7c8cd2c1b80676887922956911d90f2196cf93265e
1f64d.png	2D/png/128/emoji_u1f64d.png	30fdd5a30446160a6fdadc33b8b84b094a586ea70ae58d07e0dac808c1c09e4e	5eb2c9ec90288d167168cd21edc593290561cbb902580a60c9111f9168f13bc9
1f64d-1f3fb.png	2D/png/128/emoji_u1f64d_1f3fb.png	ee36a902d1a213c45482651afedf9a8725fda25047e626d2fc53e6002f95d08a	56135711a6b2fcdde5db443b14ce7e7dc3031f82a6c66d0f18d95bf7734012ea
1f64d-1f3fb-200d-2640.png	2D/png/128/emoji_u1f64d_1f3fb_200d_2640.png	9ad6b7fbe17ffacc99b672cae0e76660b244e6d941ad10194484308771c057ca	1f63328b62d25ded798382f9792b7904c2f11817185f6af5714da29f9bc60c69
1f64d-1f3fb-200d-2642.png	2D/png/128/emoji_u1f64d_1f3fb_200d_2642.png	dd3378ed7dc9da99006429c67aa0b81108ff2a94301bbbbfe0502c1f9bab087b	6652123b376bf71d002ac6cfcd987470ce070590b76aa8ccd2f39fc6d9aff82a
1f64d-1f3fc.png	2D/png/128/emoji_u1f64d_1f3fc.png	a64614315d560c7561e8fe7d87acc1a2b95ddcccd0bc7265d69be05c9bc0f025	3147c6b63d0a4b31f36085796d43932f26f69be5e9feaf508c2ae89328cd1b3a
1f64d-1f3fc-200d-2640.png	2D/png/128/emoji_u1f64d_1f3fc_200d_2640.png	8dd6a17c1b15de27b8ea5b0d31d8020d4ef606204fae265b23b74ae7391efe11	d195c6356df9bff02cb3e164a4bba85dfee8634cdf306583b7038e5d73a3154c
1f64d-1f3fc-200d-2642.png	2D/png/128/emoji_u1f64d_1f3fc_200d_2642.png	c62112b308415cd929d1acb3f181f70597d30175c5aba6a166076088644a1030	dddf582c484c7de05d87e024c492b94057be713f9c9de4048af5d0fe8f14d4f6
1f64d-1f3fd.png	2D/png/128/emoji_u1f64d_1f3fd.png	bb43ca9085963c3fb70dac2a9f2c1109ff351e055b3ceb24b24c39bcd74b1e4c	e25a2ea721dd3cf22b5cb3afdbe7251e55e8184983ac976e2c6230767194e348
1f64d-1f3fd-200d-2640.png	2D/png/128/emoji_u1f64d_1f3fd_200d_2640.png	423f4c3c1e7df893de47701e6ea404f488475b246a2e48026558604055751a14	b5ca2b2ec9434d9ae0d6a58f3b28a11614cff4f6de03fe58471eb2f2965a6407
1f64d-1f3fd-200d-2642.png	2D/png/128/emoji_u1f64d_1f3fd_200d_2642.png	7f57275cc2f7e063a0337b4e776942d5d586dd4bfe02ceff842693bf1b5e7318	c444a7534537f954d104aa6b66e5f095860f892da3ee20c80bf72dbd5abb7a40
1f64d-1f3fe.png	2D/png/128/emoji_u1f64d_1f3fe.png	0835bfcb8d8bb8b100fe769e5afd843720e9fc229f2a587f59336bbef6b29502	ce00e1489a54f2627f7cb76df45a4dcf9e9fa3c02ff410cd8b4f12f318092226
1f64d-1f3fe-200d-2640.png	2D/png/128/emoji_u1f64d_1f3fe_200d_2640.png	7f0f7fa15112c3967aa03b634006e9f67049755f703f745246fca81a2d73c9aa	1b21ac4019efd3c6eabf0d0174b714aaa8a328bc6c58ce8242b9bce707abd2bb
1f64d-1f3fe-200d-2642.png	2D/png/128/emoji_u1f64d_1f3fe_200d_2642.png	4eaf5ae880062102b104b75a3c0bc2c5eae3b63a82b51fdf50084e45456e1a2e	3d6165f0937e48a328e336e0e7af7a909ef8c5c305992a3dc3a8f91d426e6e43
1f64d-1f3ff.png	2D/png/128/emoji_u1f64d_1f3ff.png	8e678b883c42291fbc67024c544130dff2bd92bcab9ffffc5c67d41d00fc1d93	b277a47c40cbf82a94587ca1efc9005a637268e1704069f1e00dd17f792e0834
1f64d-1f3ff-200d-2640.png	2D/png/128/emoji_u1f64d_1f3ff_200d_2640.png	468da067b091d1cd666c209b43b81b5667346e9bdafb2e674130fa33083b25db	a344e41591cf3a5664d60658a6ae2fbcbcccefd808e0d05c73537a36cdbbc7a8
1f64d-1f3ff-200d-2642.png	2D/png/128/emoji_u1f64d_1f3ff_200d_2642.png	4525e05730f64da6bb412d8465ab38ba8cb688ac6cb42bac3cecb986919204b6	e12636c2f94e3157b0866d47912463735c74a08191738c8776daf9f84f04a2ed
1f64d-200d-2640.png	2D/png/128/emoji_u1f64d_200d_2640.png	7240baee8f7ade84911fc13b7ac207e16346afff8c67cd1dac0ad02c2dcb8094	858f975e82d6c2be10f8fbd5770f796019d60d4f364415929d617661b97f4a96
1f64d-200d-2642.png	2D/png/128/emoji_u1f64d_200d_2642.png	197dfbb284071aec20be08d0d22f47685682359c50f01c3ac9991edba3b9fe73	c71622941f0fd8e553d0dba0811c0433ad228e70eafa7ee2cc8ce3098e5fb6aa
1f64e.png	2D/png/128/emoji_u1f64e.png	f7ac0753969e2d9e89e31284dbe4413c4efdb047fe584d0716d9ec1257daee20	2ba3b003fb2e1ce84909c75568485ce4b71504fe73980b1863f20f026b279882
1f64e-1f3fb.png	2D/png/128/emoji_u1f64e_1f3fb.png	f7c2e3596196ca251e5923582fec12b402ab191ac74449029b005cc907d94322	b4fcfb3a45c427912232fc97cf7accaf52750d6ac212302f2bedd3a25c72baec
1f64e-1f3fb-200d-2640.png	2D/png/128/emoji_u1f64e_1f3fb_200d_2640.png	5d603613f8924a1ecc67092abeb6fcd05977f291641248aa2e90371853148172	b034fcca94e079bc7be14dd53ecd4de703c1f367ba7af9e559599f9b49dcc2b2
1f64e-1f3fb-200d-2642.png	2D/png/128/emoji_u1f64e_1f3fb_200d_2642.png	4ed4c81a8b6334fb975108acd189f877f851860d51e365bda9a2231aeb31cad6	d29573892c06da2caeed9a19291fb43c26bb703572770f6f21b4b01dd72cde5c
1f64e-1f3fc.png	2D/png/128/emoji_u1f64e_1f3fc.png	a82046a189643cdbb292ddc8faefc3a3f6b1b6595447da04258f3453634598f0	28d28325ef9cb1930b92f53c9dd5291524ca890cd5b3afaae0dc1b7c2ced9baa
1f64e-1f3fc-200d-2640.png	2D/png/128/emoji_u1f64e_1f3fc_200d_2640.png	0da3c262a79bd905085c0520117d4013ad9bdc30f35a2d5a284d875ddcfa54a9	763a2a2b40bc82afe6bc77bd0b842de79ead29e1f8ea85ca310ba7178c931584
1f64e-1f3fc-200d-2642.png	2D/png/128/emoji_u1f64e_1f3fc_200d_2642.png	194efc974258c7e52e402aa0393b6610fdfdb1e1878bb6fc4b09ffc03469a108	e9af3a249f706439160eef2dc860d75f5407f498603f4abf5243e258a70337fa
1f64e-1f3fd.png	2D/png/128/emoji_u1f64e_1f3fd.png	a09454fa0b12e92ddb92961908604a0f425179db5090f037e8197559775c028e	a2adbd133dbf323ae898dc529869a8de0153bc25390641655a6807c7c9769c69
1f64e-1f3fd-200d-2640.png	2D/png/128/emoji_u1f64e_1f3fd_200d_2640.png	dfd9a1336160c220dbe5dad9428b443ce3a8b48504d5bedf32ab4fe85e829412	87cb365e76c9d111bb55429b1ef4fb95131beb8931f08c1318ec665bf8c43e1f
1f64e-1f3fd-200d-2642.png	2D/png/128/emoji_u1f64e_1f3fd_200d_2642.png	e3d59495f81ec0de714c02d05e039fe64e42bcd84bb40c19cf135293df47327f	9133e2765ec6630f57a1ce7307c2ff3009862d1f798a005443f6f135012bcaf2
1f64e-1f3fe.png	2D/png/128/emoji_u1f64e_1f3fe.png	c10180381145482605fab3024d578b857a7e61d219f84eb15572998fadcf438b	f762822ae74a3800944529a880716b282890d5d8165766f3adb9df716fd402d9
1f64e-1f3fe-200d-2640.png	2D/png/128/emoji_u1f64e_1f3fe_200d_2640.png	e0bd383112c0ea3ea704feedb166403053d31605e197b0d99621e5025bf85dc4	6e2b6aa660ee1f10979ace14225b12793635b829704a2fb6ae1f0561d4d316c7
1f64e-1f3fe-200d-2642.png	2D/png/128/emoji_u1f64e_1f3fe_200d_2642.png	a11df40020e346db949f4f482996ced4feffa06f42f5567048bf135ab2030008	18fe750be9df1f720e0e0f04cdd02f898166d9b0cef8fc77b1ca2942cea79d14
1f64e-1f3ff.png	2D/png/128/emoji_u1f64e_1f3ff.png	5fad76162be324756685e5f76f800b93a91d1834830bcc214d122b6c1d33d3a5	b5dc847209678605e3066ac284c1c7831ff371a213fe7ca459c58ba7903e5fef
1f64e-1f3ff-200d-2640.png	2D/png/128/emoji_u1f64e_1f3ff_200d_2640.png	d1ec0a2f79188ce2b4eb1d7a6030072a761343627988884796ffbf431a0ac882	65824e1ab8f78acd3ae86fbfa6b9a83785fb05687949235f47729eb01c966e20
1f64e-1f3ff-200d-2642.png	2D/png/128/emoji_u1f64e_1f3ff_200d_2642.png	da37d3cfe24818acb1ee7d37582bae7f4726811ee3b069481de3467d53f38e6c	9efcbd084a67b09009a0f723073288298d04f43295af8781791f3c99c7d4ecd7
1f64e-200d-2640.png	2D/png/128/emoji_u1f64e_200d_2640.png	8cb8e55ee46f2239d25b4bd9feaf687b47ab481700af72059b7486fcb5331bbf	2a52fcfdb906265f25aee25f3c594f90143a1d2593d214549891e2e595d87d7a
1f64e-200d-2642.png	2D/png/128/emoji_u1f64e_200d_2642.png	dad3a478ab55115c8ef0769d0881310a6cd9fe6ddcd087497ac07411fe35e07c	acbadfc8e91586c3917acb53623be75921d98791ccc169cc3d1469a7ca32938d
1f64f.png	2D/png/128/emoji_u1f64f.png	622fe626654195732630b7be5683109dc48944001f23688099d03ead4c023bd8	7e0df7501585308aed04ede9397271be9f25e54cfb5ab79b26b4ab4f9ff9bfae
1f64f-1f3fb.png	2D/png/128/emoji_u1f64f_1f3fb.png	a4e9c28b6e96c4b799f4cdfe9b3949d007a771db6009fab0f5831a0fe3264bc3	7cab69e34e7a1f9f2ef69fd67ed7da31bffd5c5cb61460a87985425c6e75e988
1f64f-1f3fc.png	2D/png/128/emoji_u1f64f_1f3fc.png	44715c17c0c7df6b14e8742e5d5af507d079583424847f79509445283fe55a6e	e3520ba07a4c7ce7ecfcddb026aa6e41857c6897485b7c43e953f5092838c7ca
1f64f-1f3fd.png	2D/png/128/emoji_u1f64f_1f3fd.png	df59ce435b073ea858a72d52ca89c643de27f2f6be7a3ca47b79362e29d5b339	c7bcc4aa15bf162ecf4a250901f14858a29706365a22df0be28a4dccc34cab3d
1f64f-1f3fe.png	2D/png/128/emoji_u1f64f_1f3fe.png	2a8277031d257ae469bfd54743a7d69c30193e9f2a9c7b6d483f77666b5b004b	8b826e20f0929a6fd81ce61fac1e336d05014f0a727547bb77f22b7a9723bd25
1f64f-1f3ff.png	2D/png/128/emoji_u1f64f_1f3ff.png	a2557c648b1ea455533dfabe178478bbc8fe673c16858321d783f34ae8345692	e443564525c6b98101cae037191c872cbc14f60726785dca9d53bb61d926e303
1f680.png	2D/png/128/emoji_u1f680.png	d9b82f12caa1a7708274061407dbc25e11557dd19931c9ef0b2c07cb45222db4	06c40905299776cf84597e8304ab7fe56153771e7ab330ddd4fb977cf59c081f
1f681.png	2D/png/128/emoji_u1f681.png	306d02c4b2d83f96733414f3fc0ee879b62d8e2c1ea4152b28e2114f9ac0fcfc	b177fdc9f1f4a1bfb32161d89182270caef530b080d5cde0916d56c4f60dba28
1f682.png	2D/png/128/emoji_u1f682.png	b9e973776f27b0f5117cf41039acd9a47428db17aa321af4b4874a39cf6e49f8	b97c13fd114f5af54fc9d28e03a78b2ca5e2e5caaa38c58a552d2b0e7ffac525
1f683.png	2D/png/128/emoji_u1f683.png	a283283b38ff8d1819d56039084952804e891f670b5f9be44f84d62fe866b7ba	32602ad9fa9264fefcaf31bf3c67f5353582cc8a44757ad9f15b7811fef4ae63
1f684.png	2D/png/128/emoji_u1f684.png	756af6286b7914efcb5b89a3244b7faba4fd8e0dd0d1f4e279565fc2cf58a5ae	35654b6e8cf457100c280df7d8ea8ecaaa1748dc608bc5ccffba5c746ede8f4f
1f685.png	2D/png/128/emoji_u1f685.png	86edbb8df7cfcd2542189ec3e78797adbdd9b1142de28dcfaf0b3ac1b8a3d479	79749623bd1dab64abda83327c130773c78d7dcfe58a31bdb4d03f04c495fafb
1f686.png	2D/png/128/emoji_u1f686.png	23c928bf97b3653b07080eb66d5bba7ff323e33f0990e2c3e03dada63af7e140	6daaba79c381dd20bf2167b1b2692c2827ab45f38e8141734c7de86b4f1328e9
1f687.png	2D/png/128/emoji_u1f687.png	aefab6c7bef535cb708517257c710da98942bbc7208e1f5d9c5ddf010ef4574e	db617c80b108336aa5420b9003a37292f4a7389b7af3171b08f56cc25ceec7ad
1f688.png	2D/png/128/emoji_u1f688.png	652f11fa32fe3225501fc3e65e2d3dc432bbbcb5a610511af1e6976410cb88f4	6e0d768031189b2b5d00107a115122db1381165b52b2f64d92b361cccac20083
1f689.png	2D/png/128/emoji_u1f689.png	f1ed6407ee9f68d8e92d0f4eda9005e98199e18a2a96fd3b6bcb6163cb42d1ad	b6b5d2f6c7cddd77d4b6529ff6d96b30765c42f29939c536d1025f24b7fad344
1f68a.png	2D/png/128/emoji_u1f68a.png	ace87018c0629ae7209d37071638790c6844d906d87924c6dc81c912ecd196f9	857e47afc1bc5d25bafee2f49f2b618c1afc49461e2a76e43b512a5dbaafffd1
1f68b.png	2D/png/128/emoji_u1f68b.png	8e72fe4bc11f7c58f77ef0af464f498ee6b0b999b358d7fa75a47fcecd5cecf1	9f5f3e2578dbbddf5584218982663ffcb74d3b15dced49ba1c6fae6aeb71c040
1f68c.png	2D/png/128/emoji_u1f68c.png	0d9cf707058658243e9b5db663547855d70462993ca652e4bfea93a220578c83	a0f18dd246100591052b00f497c8ad2df7749551f538bc1778b0b75f05267277
1f68d.png	2D/png/128/emoji_u1f68d.png	b02841ff965ab7f8289b2f74d19dd23afcb449f18b5c2a33fa321df8c01c6653	0195975519bdba13c7e3c4dbfc9a545f273e513f6ac23dba14c2148771435ef2
1f68e.png	2D/png/128/emoji_u1f68e.png	398188fe5a5b69d8fc329a21881e4bbfc41399ea2f5e63a3a0925a4ff9c35475	046cf162d904a61e15fc1eb779f0159585f6f8682c3ed5d92fc3be1c3a8f2cb2
1f68f.png	2D/png/128/emoji_u1f68f.png	02b003256dbf25305e002096cbc2d69851b5e08167e42257a0cd33f1fd7b5bed	a3d9f4e43e2e69ae5052ec57d31ca0272ed2a3ebfc30c1e89dfaea49f61fd741
1f690.png	2D/png/128/emoji_u1f690.png	d3f7f15ca76dfd7a6fbb13e6a14c9da6322f13964e080d01a6db38db42b96f23	1c001b4462cb3433187415fc21e393e55bae65bf1638275701fef2e2dbfee10e
1f691.png	2D/png/128/emoji_u1f691.png	38bcff106c8935e7c63661228e408c32c3240e3a419bd908a37414ebeb37c19f	a098bab8a666e2025c45af217c108d7f0877d1e843665e86ee7594155b6bfc50
1f692.png	2D/png/128/emoji_u1f692.png	261080533d0ed56405692f7ef51e00d58c11607bb1cf07352ee67999ff6b6965	ad0a3c0fc348885dfa34aa9a818d8ba795b8840e66c2a1856651f41ef8a5108c
1f693.png	2D/png/128/emoji_u1f693.png	9f89e0671b299fdf248c77f576e42f5e5db9964b03a00ed3e650b5c8a72cfedf	f46f671d84f743bd0a696466045a2479dcd53ca9efc38e395d3393d9ab6972a7
1f694.png	2D/png/128/emoji_u1f694.png	921195be51976df13fec1b9b1a5e76ea6c232980f93fa245fa3e3f9c12097308	4602dd0461ff9977bc8cde1cdebc527b3b0563413c68dc42d73c9102b691bb04
1f695.png	2D/png/128/emoji_u1f695.png	e47c2d8c80770a121532b2905a5432a8fc17e11578991539c424ccc831ef6c78	7fca126e82a5bd3958f908d77e7a647b7f611861ba8c2b77a88cdcdf640f116a
1f696.png	2D/png/128/emoji_u1f696.png	b5039e269dfd16c1fcb5bb6fcc8846374f4cc6f26b41f094bfe9e22379281556	bcda124564b84e1156e622bb6f5765f77889895923ca3dca9ee582517c5a57d0
1f697.png	2D/png/128/emoji_u1f697.png	4ea67660883cc63adb17d34b44a340be15ad85745d785991742d7dbad1f12f83	f6dd71186e9c9593befaeae377ae1b6dc49151e99bef0a1a3c171bcf970be79a
1f698.png	2D/png/128/emoji_u1f698.png	e5a1a0fa1e5659aec8594343ef2696a412e65ed97c1e193baec90c1a7d5fde99	26abecc98ee11ea369e0b02877c634f68caad18db2f12a19793293b5233d3ff1
1f699.png	2D/png/128/emoji_u1f699.png	4fcdabce96692f3ecc2774a4a06d18b51cad158e41e6a9f70fe770988859a1a6	9677bca8e42ebca7069786ed99cbf305773cac9d81456b9299991fdc902890a7
1f69a.png	2D/png/128/emoji_u1f69a.png	7f83f7f28e653a58c623ff25f93cd5a1ba3606fc613341cc2d1a1672e7edb259	f136a67f89cfbde39d14e5c09b69d790aabafc9a3373027058182488b4929504
1f69b.png	2D/png/128/emoji_u1f69b.png	fe7971592ca61903cad726cb26be5bdddd9055adeabf95ff95f91b3b711970f0	11038831e0d90ee6434ff81e4a7bffa2ebc33125de46483abd4d2591613a4e56
1f69c.png	2D/png/128/emoji_u1f69c.png	c005396511cd72df5d4cafea2afe34ec16747d57ee0bc698f69991c2ca70dd67	4d49bde91267b9bdf6de533471829e9eb04373b20b36bb79ce4ea1bf8a0913fa
1f69d.png	2D/png/128/emoji_u1f69d.png	6f9ffd5c3969e26cc167c261fb93d752729c35027666346b6add8ac94244b8f7	58a1f4dc044ca60e809ab2031522461d4d198bac4ea488286cbe04a5470c0ff9
1f69e.png	2D/png/128/emoji_u1f69e.png	af70a1888b8ad7d3c32246cb9c9d5234b8634c2dbb32c6c39db540935985779d	9ca83980cd3b0292afd6588c06bcb2055e0a2bfd305278b5d42d48b316f960c8
1f69f.png	2D/png/128/emoji_u1f69f.png	1dc4a6a87eb61f12c8fb55c5da321fce69f07dbfeaa92922449617a21903d253	d51eebbd3b85613817d123db0fa0e5d23c7019e0f9b8f848de5bd8ccda6b84fa
1f6a0.png	2D/png/128/emoji_u1f6a0.png	acac45f1b612c2bdc5ba24395dc4d5d73d00b3e4d634570412d4942480b42d10	f448fa4d49c36df3adaa760df22c06b3a41b2a6c9e6e8afc5fd1e300c286ab56
1f6a1.png	2D/png/128/emoji_u1f6a1.png	5c0e81d010f543d28bdc2f9827aed695f9019bcba245c4d239af6fec601ea094	3c96adb03341713f950d8ac0f33aa575e5225e263265952f97b712f42c0e95c5
1f6a2.png	2D/png/128/emoji_u1f6a2.png	d2d9640dbe05fdaf519e4b38cc9f65be315a749bff7f79b657f62e404932010d	f14d9865fa046d24e639e8fc613eae29f7bd2687e9d30dcc87072c47e2ecca46
1f6a3.png	2D/png/128/emoji_u1f6a3.png	a4de5d737da39c531f8ed30adb3b49312b07e2584c932c0984e6b598977a6463	3591e7629c608f154b3afe52d9f7c4cf6d6842c9f0c0a00c3c20511c2fafbf63
1f6a3-1f3fb.png	2D/png/128/emoji_u1f6a3_1f3fb.png	0190bce7d9fc50b6b537396365ca38ebc4eed487349cf64f301e1fc70757cd72	3caa4eec45e51e0fab5d2386b3a352ba6a209748ce077bb89e4c76c38ef0adbe
1f6a3-1f3fb-200d-2640.png	2D/png/128/emoji_u1f6a3_1f3fb_200d_2640.png	3883ef5a06bf7da53e46cbb757cb1aba141c2dda1153df982eda03100f26200b	0e09e7afafb487e4875ed21f61fd2cdffcb2426ccea47529b045f056b67bbaf2
1f6a3-1f3fb-200d-2642.png	2D/png/128/emoji_u1f6a3_1f3fb_200d_2642.png	24fc73ec8915c4672e45aa330661316c8d6c6718b051ff12c8c489f70f715874	a43cd5a908889a3298adbd33a3e31f7015af980a78c9849fe5c2f3de0c0c2579
1f6a3-1f3fc.png	2D/png/128/emoji_u1f6a3_1f3fc.png	667a0730150b52e39a17654977e071b7fd3f7939635cd87f188dacbd893dae79	98df8c9faa64424da41dadb29ac9645da7cb451f5e36e1d8a921885beb4dfd7c
1f6a3-1f3fc-200d-2640.png	2D/png/128/emoji_u1f6a3_1f3fc_200d_2640.png	6b285d2cf4ad0faf5465164997daaf28a22859178def717639eeec60f896f174	7fd92bbff242319a50f7c597cfd2b28e1662eacfb39d5203c4d5bf26692d95c1
1f6a3-1f3fc-200d-2642.png	2D/png/128/emoji_u1f6a3_1f3fc_200d_2642.png	683144fcada1d9e4d1db99be9a49ea6e127b2ccd6ea998e56780876662886ca0	508f68c3ae18c6c702d1d8e1a0a7b1dbdff1052a1963a3eeb248bd5150327ae6
1f6a3-1f3fd.png	2D/png/128/emoji_u1f6a3_1f3fd.png	32a40c674657ad6573d9e18710e17f2ef2c1ee7fca7fc7417513aea8224f442a	64975cca58c42d03a3646b8b4b41dee05c591653aee3e13071e04ac7946bd54d
1f6a3-1f3fd-200d-2640.png	2D/png/128/emoji_u1f6a3_1f3fd_200d_2640.png	575a4676ce03e08d103c8a3c48df33fbf9df7819ea4346f6a9392c1fee60c5fb	20ff1231f6cc80325b810b276d2df077ada52f3fb4923841b8b9b9ee253c9368
1f6a3-1f3fd-200d-2642.png	2D/png/128/emoji_u1f6a3_1f3fd_200d_2642.png	acefbcc1a32f5906beb0f53b130f68c361a3514f9b72422f857b4422a2b37a82	154ea3f199c94e60b11b277fcfc7c00e8fb70d4ba7f3dc2133881016b565adf2
1f6a3-1f3fe.png	2D/png/128/emoji_u1f6a3_1f3fe.png	1c75214b6c4b9292e6e67492abd895214bf0e706c0e470c8aba6e865fe05c1c0	e838377e1d43cdedef6dd5941c164470e76560073053b320fd575b2b998e8fd6
1f6a3-1f3fe-200d-2640.png	2D/png/128/emoji_u1f6a3_1f3fe_200d_2640.png	94584597d5fe2cd4b52f80d45aa5133343ed0710debcf958e781a76354daa15b	fa4bb60c829ce7e51ca4bac93b7989cf2c12f26c4a5a6708a95fe396cb20fe4d
1f6a3-1f3fe-200d-2642.png	2D/png/128/emoji_u1f6a3_1f3fe_200d_2642.png	5da99923785e04fc51a8957064d6d36221b9f201b2affc2f3e78a67a66da8ebb	c9317cad544f8d8f8a075ff8ebb083aab6fe2e9a7f9609aee7f57bf3ddc63f16
1f6a3-1f3ff.png	2D/png/128/emoji_u1f6a3_1f3ff.png	4993677d7ec995670e21b92991c65683936fbfaae041c9273dab98d92525a246	f9c32caea73bc8f3240ddab745a26a1444b9ff14aac8e350b277783fd82f9a42
1f6a3-1f3ff-200d-2640.png	2D/png/128/emoji_u1f6a3_1f3ff_200d_2640.png	a424e9395062d7c4d9f62d312d8689769e0c97a5dc6ee036dd8b4654dd611f2d	0bb14fee2ce0c6e8dac25522d2777c7b8db20297e488b481d7c9a990fc5cd217
1f6a3-1f3ff-200d-2642.png	2D/png/128/emoji_u1f6a3_1f3ff_200d_2642.png	5a2ab6d76fb3d0eefc51323ade7a75b2fa030fb31063e5dbe7d327d1dedeb5fc	57890312c172d80cca2819dc38ca7765322cdff422d4b3aa0a9870a4b138bc2d
1f6a3-200d-2640.png	2D/png/128/emoji_u1f6a3_200d_2640.png	2fc1a2aecb8fde817ca1c95691e978d0c9164b5b097b0a856da888f3a008c76f	48cb40b32a2a12d6d3d0bda23ce68d4ebbda6542637635bffda0d49695dc51e6
1f6a3-200d-2642.png	2D/png/128/emoji_u1f6a3_200d_2642.png	76133b656a941ed87c1b1935318ea8c5347663ea06a2951562ce5c08534b3b2e	b5e683af47ad84f593c9c6a6e77b998a372f7b917e8e8100be354ee2fa90c066
1f6a4.png	2D/png/128/emoji_u1f6a4.png	7ee7401f520780ec161caa142f8332c73515533428f43df63970015d48249166	8fc6de4a7173ae1126bdf347bcc1a1ffa0687073e51968c1fd392e00475d32fe
1f6a5.png	2D/png/128/emoji_u1f6a5.png	15aa2f64c9ceb84041140ed465efe14d2a58eb30ef0383a40d7afda0bc3d8624	eb82133e4d22b75905bc719d8f778f662bcc906cd25d0e6e28da7bd401fe5a1d
1f6a6.png	2D/png/128/emoji_u1f6a6.png	0911fd345ebb3216ffec0654e062c1592f69974078b566f65cc65732a23c43ba	614fae30f77c0f19c90c642db41ad003a74b0a5767efb0909b83173f7597d03c
1f6a7.png	2D/png/128/emoji_u1f6a7.png	2763aed3cb2a69a50a8fc6fa28f396e4f173c5823103c9c5e7559ea3bb016d89	506fe1147c5fa29c48d905838feb859f2de61634d29a187784830680cf227118
1f6a8.png	2D/png/128/emoji_u1f6a8.png	e5ef9cbc593a303f77aa10cba935718820edbdef6bdd98d18b11a4b2cb901a77	caba09ea393f8c4fee224523358fd57b1aa2000396be494aaef067aa40bb4c93
1f6a9.png	2D/png/128/emoji_u1f6a9.png	84f744cde9b3ab16c29c5a6bd8b267fd60629228313170b03b551ed38429b863	6a3446103c03f02053251e1ab38bfc1ace0eb7ac4da3365fd58bec78fd3bb4c6
1f6aa.png	2D/png/128/emoji_u1f6aa.png	38af01c1bd50ee0b2630f2c7d23ed6c74168a8cb3245ce98eb57d58425c5f802	f7607a8f246902c407d483510c4bca0309c4b7f63e9252ec26f58438a833969f
1f6ab.png	2D/png/128/emoji_u1f6ab.png	ab4c115fb12ff933cad650d53c90a12601d337dbe9826198ad87f7a10c866bd1	6c1018e4ed7f9d80b1d8bc0affc5ce5dee234018afb6ff00f4ae97bd47a31f67
1f6ac.png	2D/png/128/emoji_u1f6ac.png	ae36095b67e48fb81c41611450fbcab0eeb8b549901fda0ff94275407f7437cb	9919f2a3190a4ef194a7e7ae88083a6cd116d3b91972925c345c4ee0427fb07e
1f6ad.png	2D/png/128/emoji_u1f6ad.png	4259bc31a516e93cc6b07337f044231783e0d27bfa940559ac489a8fb5b00d30	d215d8ffe5cf2aa3b5d1a33f1b74c8da2799aa9586e9ad54425d1ab9dc226b11
1f6ae.png	2D/png/128/emoji_u1f6ae.png	df67bddbefc39d5a8799c7baab263b112fb9f55e1ce96b3a66597b2a7850b198	1febfc63daaedcce289638d71dba8b6adae55df57a0078dc9ecf235b61a725f7
1f6af.png	2D/png/128/emoji_u1f6af.png	0b7e686aef7e0bee1bddb7c46962a46ec6b73fcf1cc12f4109f7c9bef41ab941	ddd5a8b535a9ac7bdc2b5e01b38b39c9dedc0e82210f009d5cbcdabe8897c057
1f6b0.png	2D/png/128/emoji_u1f6b0.png	144ab7fdb77f0fdd709ed51c8c11b15b06acabc1d04cbf292c0ecb11d10f056f	e608256c221a101ca14285eb92e8963d0bb40ebd6cb4abe1a444122df018db44
1f6b1.png	2D/png/128/emoji_u1f6b1.png	a2de94d1efc8ede202fb9d6fa8a0c0fe49e45be1f5b5bed5b54306464c08bd1b	c5c0b9c7300ccfcbb5bd21e2b362889d28eb1f5e4bb79f54cae2fb06c6148ec8
1f6b2.png	2D/png/128/emoji_u1f6b2.png	64a4b1cc8a369174b4c05d62f700bad8fbf27eeaf3c22212c3b31150f76285e6	3dca1bf12c5191ec0bf2ec1a13a34641a22f1ae5aa6da5c0406a594bf7ae7739
1f6b3.png	2D/png/128/emoji_u1f6b3.png	1d24f48611e61c7126377bc25662654d1f227cbc61907e8f1cecad9fee2517f8	237d70575be87b3f332438bdb34caa6cc01d507332ff777585f301f956bad376
1f6b4.png	2D/png/128/emoji_u1f6b4.png	0248294decbb6c0709220d9c814dde8683c3febfdde40d9bf97b822ed0531db7	dfe25d331f434215efdd3bf00fad6501c2eb411d8cdc9236efd07e269a44367e
1f6b4-1f3fb.png	2D/png/128/emoji_u1f6b4_1f3fb.png	2cf3a85270ed06c692861d51f64bed74202a457ccdd77f391011e50c30be3560	05d9219a778d245ff2f70430f0d5ee0ac225795b12831d8d879ab8075fc5823f
1f6b4-1f3fb-200d-2640.png	2D/png/128/emoji_u1f6b4_1f3fb_200d_2640.png	d1d046fa482e2864b69f2dbd6d0758b9cf276e59f4c5fbb93f991a4e10c77e5d	22b7f4da7b9b6bcc721a3d745ea3a2bf291c84513ac59c5d99097e00e574f6a6
1f6b4-1f3fb-200d-2642.png	2D/png/128/emoji_u1f6b4_1f3fb_200d_2642.png	23f3839950d19c82153bca7a200287f285dd70b046f41de93e950ae0bb0390c4	ddb09019416c3500841778ed45b22d06076177681fbd35555e73b1595123aee0
1f6b4-1f3fc.png	2D/png/128/emoji_u1f6b4_1f3fc.png	f59603468ede8a88b3ec1967a0bf3e5dc5523a0f8b2e6dd3f392872b507fa38e	7f67d5f1aeab03d56f3b22ee4fe96afd188230d2aeac7afd15c4421951f787d6
1f6b4-1f3fc-200d-2640.png	2D/png/128/emoji_u1f6b4_1f3fc_200d_2640.png	dbf0c3c73d45629175620b43cff851f9a246906969bdb9ab78ff88d6087bbc62	6ebd7a8016d65aa00eb9942f79595b1ee27ec3f198e7bf4d1bdc9713d773feec
1f6b4-1f3fc-200d-2642.png	2D/png/128/emoji_u1f6b4_1f3fc_200d_2642.png	6fc29eeb4cf22a2049cbc33e8456a64f87b3329c132b58058b85c98c82682f00	642896b9e53f07698fd9ee5eefdfd84880acb58e9f9cc77a40ddf5144e149e32
1f6b4-1f3fd.png	2D/png/128/emoji_u1f6b4_1f3fd.png	4099a93902993d5e0e71001fd6d74d7262aedf154a218cee96fb13f07c76d0b7	b6f12cef9459a2b0cc4e3bd7537b3204602d4a79d510fa62867a4f27a7482261
1f6b4-1f3fd-200d-2640.png	2D/png/128/emoji_u1f6b4_1f3fd_200d_2640.png	2aa7ab4328a807c98bd69a52e980a246947c4bdf0c0c665cd833d5058fa5c311	3e811cac4604a765943d6cc9e54ebd5aec0c1706ffac377ef2359a49f0650a56
1f6b4-1f3fd-200d-2642.png	2D/png/128/emoji_u1f6b4_1f3fd_200d_2642.png	455c774b2d6eca5037e06da3872b07cd1a36e7bec10e79ad652784544194b939	8be50eb41e70cc75017986c6e7ecd0c22c3a7e783138c810c5046a8e2b69dd78
1f6b4-1f3fe.png	2D/png/128/emoji_u1f6b4_1f3fe.png	e11174b9ca7d188d47a04c044b9a77fab8aa3bf87d0ded7755cd7562f37551cf	2e8532399423ef726c3ed40d971d4680659b8643bcf406eedd46285e2688edd5
1f6b4-1f3fe-200d-2640.png	2D/png/128/emoji_u1f6b4_1f3fe_200d_2640.png	4d830d12bc6e100f1d11546c6cc573c0cb89ce308cc8794acbd3f522936b6088	dc4e8b5deaa1946b94eecf5eb530138ca6ea94f0d950c05b3309572a0c13a40b
1f6b4-1f3fe-200d-2642.png	2D/png/128/emoji_u1f6b4_1f3fe_200d_2642.png	d4f9e812bd8c0882320fb9d66241b946c42420ff8aa2a488c597ab83ce6e918a	4f8098af756cfd1a6703cd0570c1010979d07fe369ab690d122ad7a204456f7c
1f6b4-1f3ff.png	2D/png/128/emoji_u1f6b4_1f3ff.png	ba1277e03cd67f56596cfa171fac12b5f96f055f4c7f9bcdc48740bd0f4b9828	b0c92793dd12e4e87758d0f5d86339882c95d5dd7704db4917ece5269e2b46ca
1f6b4-1f3ff-200d-2640.png	2D/png/128/emoji_u1f6b4_1f3ff_200d_2640.png	76c1e5b0bcb49afe7333435ad84d60a8575a4f12d111c17b206d52a2d6f14004	7ef07994f44f97c48baa5c37cbf26b0a85cb323164d9b1435fec06695fa41720
1f6b4-1f3ff-200d-2642.png	2D/png/128/emoji_u1f6b4_1f3ff_200d_2642.png	5b5cd061a5ea27dade6d5180b95c4241c83d1e8e7e03b8b5e8604ba93bdf027f	adb1fd181af65d567fa7f4bad91e276fd0e4d8dd483d969ec54c94718f7bda0c
1f6b4-200d-2640.png	2D/png/128/emoji_u1f6b4_200d_2640.png	9e50677005921170f492cf66d51e24fee8a3e12d224ee2c71ad859b08fd45956	a2057f91da93666d39092451244e6924c96790153ebf9fd8a9298fc86529196f
1f6b4-200d-2642.png	2D/png/128/emoji_u1f6b4_200d_2642.png	636938c0b8144c23d504eadc84d1529741cc8090cb9188fd7e2d65d539e438a3	62dfb90f6c424e149c8f3961bafdbfdca6ec2d8f748d3674a4b399aa774f305b
1f6b5.png	2D/png/128/emoji_u1f6b5.png	ae29621d0bfd42d06071c93afedb861b8fbe472184b652aff6fa5f30d747bf68	0f3c0355035c7b1fd130c0dc3f0f92b7bc1d72252e9c4a0ea11975aa9ac2b466
1f6b5-1f3fb.png	2D/png/128/emoji_u1f6b5_1f3fb.png	53fa2cdf5f1d11ac2edc7613004794f09bce9e58fda6ed1262807676bd5dea00	9cffbeaf55cf1df6a405bf75c2af6a66b849e90da33f61684c6c5ca880357adf
1f6b5-1f3fb-200d-2640.png	2D/png/128/emoji_u1f6b5_1f3fb_200d_2640.png	c898566e8afa7d1e3b2c7d1b3393e2d60e7e86ee250cb6df23b328a8f54c9412	e3e5a8ba87ef6781944df14b8f6e73e0338380563ab7c5c3ce8e840b4c525766
1f6b5-1f3fb-200d-2642.png	2D/png/128/emoji_u1f6b5_1f3fb_200d_2642.png	8ad55b1abc99c8059a3435b21ba45feaebb91df836a51a943af08f703ff33095	f57108dbe27c942bea25603d04106aeaffa329a70e2954174c4d0c9376e55bd9
1f6b5-1f3fc.png	2D/png/128/emoji_u1f6b5_1f3fc.png	ba63a567c81283d40e6d488319b68ba6794afb0e957fccd1d9ebcbd7451aa08c	fe4169b951d820366243be4520d9761f4ec70c5e672f65a9f50b38248c4416fe
1f6b5-1f3fc-200d-2640.png	2D/png/128/emoji_u1f6b5_1f3fc_200d_2640.png	160972196b1a93114ffa145855043ba0336ff53dd0ba95ae239d8d59abe732fd	2a89805f1e01b6f46996bbc706f0fef462e5a79b76663d9ca2da5c4db49f1ff2
1f6b5-1f3fc-200d-2642.png	2D/png/128/emoji_u1f6b5_1f3fc_200d_2642.png	76f38132048da7dc343fd5dd98ede1d30cf6aaef2db0066a5a89e9d1df01c965	28d1e10ae9ea15a01083e84d7fe176873e4b907565ab497c6e2393bcd3306d76
1f6b5-1f3fd.png	2D/png/128/emoji_u1f6b5_1f3fd.png	507dd520ee2a91e61aa91db67f29469d73f1dceb79273e3e962e493f22c3d95c	293295625ae9c2987d91d1774e44497e83139eec10046375d0222a8a99cfb88e
1f6b5-1f3fd-200d-2640.png	2D/png/128/emoji_u1f6b5_1f3fd_200d_2640.png	7ddeef0b33c27450c95291479cf4b5dfd90d29c62426184a1bb0ef8b0ff09d99	f140a95f765d3035c38206abbff4d922bb6739edb156c21582247cf18f457483
1f6b5-1f3fd-200d-2642.png	2D/png/128/emoji_u1f6b5_1f3fd_200d_2642.png	a5647ec5b04d8e458f1eb5abe5f3e14055fd2ebe26cf4778b2ed0723e4d02bd8	b15c876ef159be30729b4269034a8132b919f64fcd1419581e8afe3bd943320e
1f6b5-1f3fe.png	2D/png/128/emoji_u1f6b5_1f3fe.png	977f70509a7e8cf7e59d4729f47cc7720c4c84f5d351607f383d1940c14a8601	38aac3aa17de9cc7f051c763df5d46dfcdec3b673155ac5f6e5a2d651d6d6a94
1f6b5-1f3fe-200d-2640.png	2D/png/128/emoji_u1f6b5_1f3fe_200d_2640.png	d1090d6922a525b5c1b7f2308871256b3f792d414d2bfab8285e95489ca87cd1	2f16c852a908132313b5d8bbf15cf2e5f93f7e799704f7314a9f442c2cff70e6
1f6b5-1f3fe-200d-2642.png	2D/png/128/emoji_u1f6b5_1f3fe_200d_2642.png	f7ee07564f3dd6bbede6aa4dd6a316c2cd0510bc331fb4aa1353d0ecb5e09061	edacdcf90db741b3f04b750f76d23e93065fdabd15377b72fdaa7a1adb56096f
1f6b5-1f3ff.png	2D/png/128/emoji_u1f6b5_1f3ff.png	2ea84080bb7aaa1643b716e05aeaeefa08872e51862e33080ae40a5f064f1c70	70a57bcd0e5318990049bf255a611b838024bd2282a847b167d932dc56e9fb1b
1f6b5-1f3ff-200d-2640.png	2D/png/128/emoji_u1f6b5_1f3ff_200d_2640.png	0574f23c5c8c30e6830a7a378177ac19f1c2ce392fbafcb8a71173c5105b6209	65c103074ed9e8c50d94de0f590a4a4b85ba576a3349ae09fab59f9e6ce89888
1f6b5-1f3ff-200d-2642.png	2D/png/128/emoji_u1f6b5_1f3ff_200d_2642.png	a08f90a7fef42bf3b75d8411c01910fad39ddd1a13e31b78a9a9a4b142234e70	40214c692780f55526b511f7715ec582f4558a053a0aaa07c347ff1c831a4cd8
1f6b5-200d-2640.png	2D/png/128/emoji_u1f6b5_200d_2640.png	384062e9d6fefb55a07fd5166a5841e8170f1bde6ae080b2fdb4e388dcf5b6e9	ec8bc551d94ab1763115ebeb780f76f1e1feab2ecddbf40d2e82cd811af59ce1
1f6b5-200d-2642.png	2D/png/128/emoji_u1f6b5_200d_2642.png	8636f102f3819f886afe7e218aaea26e29f49e70f8bc25c13c16ed7a60b0fa38	fb3bda48019c9b148bfe6fda5ca2aa994cf74e8dc22ee5278ded364e9005563d
1f6b6.png	2D/png/128/emoji_u1f6b6.png	d369bff9f24494040660cc3280dc5d95fa149d3319d2abf7f812ee3123303be0	6316400ae3e05df6440bc7589aff5a2d8b7f95ad844b3e74d68ec3bd2af8c3c8
1f6b6-1f3fb.png	2D/png/128/emoji_u1f6b6_1f3fb.png	51f0f03caac94b4bc855d05d204e3ef2e713829f782a6f4d5f2b6ee2aace8006	22b189b7a32ca0ab80cce105bafbd687aba2c1990c3f4048a5bb0e7c4cfcee1d
1f6b6-1f3fb-200d-2640.png	2D/png/128/emoji_u1f6b6_1f3fb_200d_2640.png	5815d10aabc40da49c80ccfcda6003cdc4608796dbc6445013282f4988e1b754	610940cc93100bf5bcc8d31805c4fe1bab63f6d171fe24da6db8099bc6f45191
1f6b6-1f3fb-200d-2640-200d-27a1.png	2D/png/128/emoji_u1f6b6_1f3fb_200d_2640_200d_27a1.png	8e17eef6aa4cdd6972483a800a3670b9ba81ab2759579aecb1d9b75d9284add4	dc9257991c45ea20a6be8664764bbfdf08811e2776f187cbad1402aef3f547eb
1f6b6-1f3fb-200d-2642.png	2D/png/128/emoji_u1f6b6_1f3fb_200d_2642.png	0317a41ee707cbcb2428a614d14d8bff3af8aff3d14d7f56e826a53cda4b3692	7ee6c8a73254596051b3e57db818c8710b7054319654f0233fe7235b40cb53cd
1f6b6-1f3fb-200d-2642-200d-27a1.png	2D/png/128/emoji_u1f6b6_1f3fb_200d_2642_200d_27a1.png	e4fc6d72701aa7b456f478d25db005e73eadfea52e5e5edd1c1804e7245168a3	c8d8acf045667e8573ed48850b1529a2dd3f7fbe8a36edc6b9ab6a6e8b1b4bae
1f6b6-1f3fb-200d-27a1.png	2D/png/128/emoji_u1f6b6_1f3fb_200d_27a1.png	161716c9717a1d311631c80818b01b567d85ab06b38762c354cc1ea675ef2209	fd0671b82b62b82cfb0e7aa617d7d586edf1b2da2f5247ca8d60b32b14071d6e
1f6b6-1f3fc.png	2D/png/128/emoji_u1f6b6_1f3fc.png	e35df3d35982af62e735d7614205e974ac195aff8e531e4afca10574851db858	93ee5c250e262583f1f22c8232875b351c9742231391b9cf646d27f26ce58548
1f6b6-1f3fc-200d-2640.png	2D/png/128/emoji_u1f6b6_1f3fc_200d_2640.png	44a4fb6aeb3aab06014f78a73828d10fdad562f09241263e05305f463fe1c196	14fa6bb0dbe95aaf7fb85904ba307bc2edf54a4d034781ea3a6f7809458d8afc
1f6b6-1f3fc-200d-2640-200d-27a1.png	2D/png/128/emoji_u1f6b6_1f3fc_200d_2640_200d_27a1.png	33d8447f0303d492f079be14b4619e8788da1bcf8f8dc6c5575db87e55b692db	e97966ae117acf3d62ee755945dca176b2e7a4f7375ce9906903b1f829dd5700
1f6b6-1f3fc-200d-2642.png	2D/png/128/emoji_u1f6b6_1f3fc_200d_2642.png	ec02546d4d83e19ffd7ac844eacf07f09a9a621f81a660f5f84961616586c892	7bacfd8c179b815256b991ba9425258f34d4fb67d2aef374760d244e3b113c3f
1f6b6-1f3fc-200d-2642-200d-27a1.png	2D/png/128/emoji_u1f6b6_1f3fc_200d_2642_200d_27a1.png	cc0e4f1ed112fb86ecf0d3f7c8a95a0725d8692df317e671ce009433d953599e	ec43802f1f71640f703471b91ca3733c1064c561aaeea96b5d94a7a166a39058
1f6b6-1f3fc-200d-27a1.png	2D/png/128/emoji_u1f6b6_1f3fc_200d_27a1.png	7e61aa5266f00db9646e55aba4ad5d129bc0b60f1fd2240487e9b72f71ac2819	40181e9a0d650cd46945fe388bec3c5687c1d2916d0501c275af44a1a79d6ce5
1f6b6-1f3fd.png	2D/png/128/emoji_u1f6b6_1f3fd.png	ee904b6ab8c84c6165d06eb64eb60ca1576226d416e96a10b899c4affd53eac8	e20de134ec5c2c6a45b0b5ff6aa53d3db080c33e26224cd92ba561d35cbc3446
1f6b6-1f3fd-200d-2640.png	2D/png/128/emoji_u1f6b6_1f3fd_200d_2640.png	7593c0063a56118a439c89e7d5eca56028359dc8d70ab58b422d0ae59c55ab2b	f7d40e472dcabfa6fea1a8516ea936c359e55e959575d6a2543911a56806af7d
1f6b6-1f3fd-200d-2640-200d-27a1.png	2D/png/128/emoji_u1f6b6_1f3fd_200d_2640_200d_27a1.png	3b96c9accd3880e91a219e72129f3a0041843695dccdf130904052f52dfd5ad3	df3302a0a4f41d65e9c2d033232fc938f76c8ff8c62bbca1f521adb9a40f79fb
1f6b6-1f3fd-200d-2642.png	2D/png/128/emoji_u1f6b6_1f3fd_200d_2642.png	592091d3d16517d9ce7aa98ca39ccba67f29dac6d4babed169447bdc5f493edb	6288ed561e3f6bf81bd21931ec407f1e1eb6ce5f4aa8c0999ce400602a701252
1f6b6-1f3fd-200d-2642-200d-27a1.png	2D/png/128/emoji_u1f6b6_1f3fd_200d_2642_200d_27a1.png	b7b7a64a9bf19702d48f0c332c854c3c9dc6b42de8c99c92d36c6eb806df0611	3ff752f602ff6bcd8d04ea522fbeabc8ae29df244882e39c11635ddbb6f82b67
1f6b6-1f3fd-200d-27a1.png	2D/png/128/emoji_u1f6b6_1f3fd_200d_27a1.png	fecaa344f16eb919b9f372dc0cdeb896ca433d30b32a36ac3d02be2be1b593bc	298df44b6d75e6c6d784d4d49edadfd2d176198784820950f9a9e407e4f7d49d
1f6b6-1f3fe.png	2D/png/128/emoji_u1f6b6_1f3fe.png	25932c0dcfd24ae3616c09d5f9bcb1eed53eabc7717c6204c52f8f1f99973822	3cb9e03bb57c4dec6917e2b35c5906a71350ac38054ae9eeaf76e3645e935d2c
1f6b6-1f3fe-200d-2640.png	2D/png/128/emoji_u1f6b6_1f3fe_200d_2640.png	2b6cfc4c7f23a1c395514e34421da27255a4299f2a6e6460abdd32c1bcbddc12	f7747c1329d55957b7c92a8ed0e4764b615273b95bed7370ca752f12661dbe6c
1f6b6-1f3fe-200d-2640-200d-27a1.png	2D/png/128/emoji_u1f6b6_1f3fe_200d_2640_200d_27a1.png	3b89c99016a1d755b406be3c73e28554836615eab86a2105f2759fdf896befc6	a13761bea66bbb6c1308e3b91fa3eabf09046aa8b4984e922cc6a6916dcce7ac
1f6b6-1f3fe-200d-2642.png	2D/png/128/emoji_u1f6b6_1f3fe_200d_2642.png	715fc99ed2cf9b119ec7c86b5b536d75f3fdbbc6238d0a67371f867489cc9b84	2b49d3edebbe186ee68ad376587578fed9fd338d37b79616edf0eb86a248f3b5
1f6b6-1f3fe-200d-2642-200d-27a1.png	2D/png/128/emoji_u1f6b6_1f3fe_200d_2642_200d_27a1.png	af3f26b47d5e963fb1232f3aadc3744aae2e2972786b4353bd2431fe2fd2c88d	8c5229e4704b5e41c120581bf482ca1a589e68dc83a2f9cd7d6d760999a9845c
1f6b6-1f3fe-200d-27a1.png	2D/png/128/emoji_u1f6b6_1f3fe_200d_27a1.png	ba5feb25166bc71ae33d4591ed8c6571e3722e6e0c297c7924d1cca7c081fc1f	4e78f13f51ec77dbed45764913774a8982bc57cb4c4b188dcfc9337c777cfd85
1f6b6-1f3ff.png	2D/png/128/emoji_u1f6b6_1f3ff.png	1d64c5c7fa34c0b0249a6ef51fd51068e46314f615b2e314a6bf737e85f48bad	cdb9152bb8c845c8c98a78bd485b9a0878b363f32ae2000f120954c6a3f4d801
1f6b6-1f3ff-200d-2640.png	2D/png/128/emoji_u1f6b6_1f3ff_200d_2640.png	1955f87788db8e217bc7832b6ef3803b642ac2df07c11e41cee613e0ad3fa22a	11ffbd28dc3111257cc07663c09d7a601f6966b14c6abff5ffba9aeea8621e72
1f6b6-1f3ff-200d-2640-200d-27a1.png	2D/png/128/emoji_u1f6b6_1f3ff_200d_2640_200d_27a1.png	29a1ff2676ab746414f67a26afd57c1abb193f3b8774fcc72fb4f93bfcbb1cf8	d95662fde2c12dbfb845a67cfe5dd5c318b3fea6c8d8c1f965d895c0e472076d
1f6b6-1f3ff-200d-2642.png	2D/png/128/emoji_u1f6b6_1f3ff_200d_2642.png	c6e5d35a6873fb38a9b8c180ae6181a6b08c3514576aa7279c879698f0b0a4bd	92a9edab0cf98aef49702e5f747b2e7f3da320030c9d1ee971f627a37647b328
1f6b6-1f3ff-200d-2642-200d-27a1.png	2D/png/128/emoji_u1f6b6_1f3ff_200d_2642_200d_27a1.png	015cb3fd2255af0a0af1dcc2a92fe0b5962b282ba5306e4bfcd3649afd4688e8	c112d3940553b94e22f4571da6267a6513a3e1e648ec1b7635cf76b6361f0313
1f6b6-1f3ff-200d-27a1.png	2D/png/128/emoji_u1f6b6_1f3ff_200d_27a1.png	6a3bc6df00c3e3ba68d70a8b9bc0489784a9b66bbf49ed73a2b0cbb7a1f679e3	e41ea22bf6c074b22054dc55181b5f68acde80e495196f94d320c8623327c23e
1f6b6-200d-2640.png	2D/png/128/emoji_u1f6b6_200d_2640.png	d454349ed216654ee2adb780be07006be0e8ec6febcfdd01c800e9540d123ad2	67298b06ec940cccd1645599285cc502b2da63ccd360ef0837de2ac9c8cedf14
1f6b6-200d-2640-200d-27a1.png	2D/png/128/emoji_u1f6b6_200d_2640_200d_27a1.png	6ca8f9a2217f732c4101741b7c345ce5eedeff3a0834f2297dc01929e460e78a	a1b099bed84b6238aefff1c82e56a526de91272b20def071d0aae2494861ecbd
1f6b6-200d-2642.png	2D/png/128/emoji_u1f6b6_200d_2642.png	16dc757754861cb4cae1f174b020c87094bf89641343a70b15e1c19d10dfea7e	548b9c20385f5ed5d72889c2512e18715016f4e2eba40e63bacf18c6fb3756dc
1f6b6-200d-2642-200d-27a1.png	2D/png/128/emoji_u1f6b6_200d_2642_200d_27a1.png	1f0b5e5a1ca5dabc2683ef309301bf71e140cee462063ea924461996a0e2348e	1a030ea9af52b3b109d5c860cedaca17d32eb10b16316f1812c639cfb25dd990
1f6b6-200d-27a1.png	2D/png/128/emoji_u1f6b6_200d_27a1.png	2e7119197751bd5c17340a40ea346c33fd20aab0e59403c084a62ce933033f9b	c4d73b3e08429028ddc76ee2a00f4652779c8bfbf2fb54ffe1cdd92b0ca66583
1f6b7.png	2D/png/128/emoji_u1f6b7.png	d6e22ce58b22ba52fb6eab78f09c30f35d5781b3fa1ddffd02c96991f3407fe5	50f15af724184bdd298648048edf0e8c8a66d540a877b29d268246155922e284
1f6b8.png	2D/png/128/emoji_u1f6b8.png	295ba50c64074f73746c5ac5673bdcb9526897622b7ffcc1e2ea50606e6a15be	98c4c41594318bc740e56354f8da3693af877c8ed29c5ea525535de461e4b5e2
1f6b9.png	2D/png/128/emoji_u1f6b9.png	0085b803c444b13db63dd8fbc2121af8dbd1009dea80ff6793bcc460a7653e35	50f1dda6f5bd3ca20634718681538c20349017d4f30f8fe53de878bd1a4c9752
1f6ba.png	2D/png/128/emoji_u1f6ba.png	c1f43c38b5680ce28d3a06348e7fd10ddc46e81d2266bbe296ea4dd61952be3f	5d05c5a96b176160920a27cfac039c9e4311ed2859e954c83beee01d3cd5aff7
1f6bb.png	2D/png/128/emoji_u1f6bb.png	a0c17be37a0a85f8dcb4f3e681545ccea42660561f2b3e5c3f9e73193e28bd23	0eaf50e49b10214d6a8921e7349a7f725e97baf4b0e50afa707e016d1b125a52
1f6bc.png	2D/png/128/emoji_u1f6bc.png	d8699b00aa98790b42f9b69d26720c68a0a364229f28ef6f128377ebc3eaec1c	3c02d3a48d1943ccc272e4266b030f500ab5e73808226c3d5d77181d2729d518
1f6bd.png	2D/png/128/emoji_u1f6bd.png	c474304b5cb98f7fccd2d79e32a085911490600f49142cda06a093bfcdbd04b8	326438cc5a079eae975af0a8ddcb7564894f0487d1f5cbf526d831d364556807
1f6be.png	2D/png/128/emoji_u1f6be.png	d67172b0786b627084f8a64b7b8f8fb2e5aaa08610c4c5da594ef8ab8ada9fc9	8ebba3c7c791fc14ced96ca8c020d9392e990cf144a3ad718adc710fcb2a1875
1f6bf.png	2D/png/128/emoji_u1f6bf.png	6c7051d44b83c3278a03ae0ee7967fd5879f3885046e3731ce8c107e04880707	a411e3b06478ae15b170243e12f01dea146744242a1d892237666e2b251a8acf
1f6c0.png	2D/png/128/emoji_u1f6c0.png	6992ef98d5cde807196e2f1dd77b6bc92e9490f859285d1445ae24af024874e4	30fa50730e51cfbcb7fa47f2a151283c4bab6e9e9413c188b3746c92c53f508e
1f6c0-1f3fb.png	2D/png/128/emoji_u1f6c0_1f3fb.png	c1f8afbdc6fea41472bf497cc556c33dfb9b04c07fe14d1c25847d4ad1bb816d	34377c5fd88535fcb550a8c67dd29cb92940e19eef8c99c21e0e253482680e30
1f6c0-1f3fc.png	2D/png/128/emoji_u1f6c0_1f3fc.png	172721f00badd8d5d2b0d1175e2c97870076c5a46dbcea6c63d7e0ab943dda05	8fe5683c56a73f1320a91dd7a404ce8cfcee5718601b0577a61d8a9bcd6d5b51
1f6c0-1f3fd.png	2D/png/128/emoji_u1f6c0_1f3fd.png	3495534cad0410de37776937e60ebed88f29d481c577ff32806e41bb7b3d4319	e23e7ac3dc194c8a6148541f5944e5bb095ce08444850b193bd0c20229e94e70
1f6c0-1f3fe.png	2D/png/128/emoji_u1f6c0_1f3fe.png	81cd78d698f0908137b6807304fb6c84a00ec87e2f0583f68ef50bdcdb0456f0	53ce9ced69c1280ef6c29faf998d86617ff6d6f554ea06919d7b3850c442f3b8
1f6c0-1f3ff.png	2D/png/128/emoji_u1f6c0_1f3ff.png	83aaddae6ad28137dcf8fabfc3c3f64e6f67821a3e921b42f91306354acabc90	72c1660d4393894076626341b24c50832c3194de695db273bdcbc1d499c4af00
1f6c1.png	2D/png/128/emoji_u1f6c1.png	730a660f2e5d4262961e3b4fcbc45346c0c22dd3b40644dc135362d632e69bba	7545d6c6ffa820106af3befdb33bf6089924c5f41534089da4ae909a6fd8f210
1f6c2.png	2D/png/128/emoji_u1f6c2.png	12755358c4a568757befdc67231945fefb8eebe4b70ca2fa063f7b46d8c1afa6	94ff20e5b1788dceae7cdbffe43f683224bf60e78a5e1b3f95c4da41f9f86187
1f6c3.png	2D/png/128/emoji_u1f6c3.png	a5cbcbd2437b72e2e3371ff60bab3905940403ad979561941b6bb6d3c607a928	e258924fdc570276653441669d05378ff8e4b3289defd14130088bf5bec16ed2
1f6c4.png	2D/png/128/emoji_u1f6c4.png	299145fb5c2e8be79f4889bae7e3fab1989d07d799ef8f719cfd729b1267210b	784398b61edd27fec8cc989e9458e5c860872bc55c7ab99a75e65da8bb1e0678
1f6c5.png	2D/png/128/emoji_u1f6c5.png	19d72d5c71bbfbd104b0cb8e32c34d26df7de0a445256763472b42ace2ba9b64	4dea0bf96fb8522649118ab4d8b769956c4b3e0c855d8baae784403b0c0d8efd
1f6cb.png	2D/png/128/emoji_u1f6cb.png	989d71609c866cc65667ac1c153a9935f64af02b8d32ebc9509f80cdff068432	edce809ecc80fb788bdea2dd4375ec0eaaa81da2ef4253856d1470ddbbf938c4
1f6cc.png	2D/png/128/emoji_u1f6cc.png	ade138a5994d78c61c6eb5eaf70a00e1171dafc5b44ebff7e50648027b3c5f02	aef075862178d18b8de8a079fe97fe02f0769d6d4c009cbbff738101e51437ad
1f6cc-1f3fb.png	2D/png/128/emoji_u1f6cc_1f3fb.png	b6aa20217d409f39fb059ea2968f64cae86c1235452c1fb1489939c236c014a0	50c81a7b982c216154b29f5afa34f1d6aff083e729f7a59d317a95b436eb00fb
1f6cc-1f3fc.png	2D/png/128/emoji_u1f6cc_1f3fc.png	5014e5088acff5a8f400a7d7b90637f8ee5efdba92733952f88475d8a98ff19b	693b21c7cacd66bdf9ebc8ffc1c01a903ed498abe2b5b857f56e9a1cd1446349
1f6cc-1f3fd.png	2D/png/128/emoji_u1f6cc_1f3fd.png	b26bbb90d34f7b9caab631bb297874988bd168f4238af9e7ccc5a0e19896924a	8154ec6a9a310a2fb30bf07267f882a17e0234323e1b973cc7689d81fc23f46a
1f6cc-1f3fe.png	2D/png/128/emoji_u1f6cc_1f3fe.png	07af38ace9946492c9eacdc6764e4acfe4cc893ceb014e4107b2556078d605e0	31832bb3d5c460a1321431b2f3f8406db4ab69eb08c7379630414b847c56b33c
1f6cc-1f3ff.png	2D/png/128/emoji_u1f6cc_1f3ff.png	444427bc72f9fa3442d1eb3b73e624bffe5c222c005359b337dc6b51850d8c45	ce1b24c28082c8977718665c5d1d7c5a19cfe9cd0535bdb87c99d83a2f9a707f
1f6cd.png	2D/png/128/emoji_u1f6cd.png	ab17734c735a4fa92e165985c6b7ac1d196ef835e6e031cd6790c52eeb66c506	c566e960896bc5b89b0db912a15603a50437bcb60fffd6b166846ce645e173d7
1f6ce.png	2D/png/128/emoji_u1f6ce.png	2057e0e0f140205e279ad1f183436435abb545c1ba5ffbcbb3e0d825567d84aa	811ea0b53276be426c86f310fdef5c4b8597475d900dd6803e48281fa8400b12
1f6cf.png	2D/png/128/emoji_u1f6cf.png	9ea076709d12bb4f5adc2d1aba7cba0a80bd868588f20500b6a9ee1b3ab8e949	239decdaace19a60348a58126eb85ecee7b62c2419aae057ccb182cee3a1715c
1f6d0.png	2D/png/128/emoji_u1f6d0.png	1ffb59652d4ed57f19a7fdd9c058585bee49f81bf508fb89568fc8ba15914d56	91df9132ac64be6634b73f2affdbc3da9047351ab519f5f5c79eb01a48810328
1f6d1.png	2D/png/128/emoji_u1f6d1.png	22968726e1945868187e60990b0d8e9002ad549c9467e6aa03e0e360ff2512e2	bffa2508eb484f60a2308cc962aed76aba1b602f1746b5cd8d03dae8eabad91b
1f6d2.png	2D/png/128/emoji_u1f6d2.png	b95ccee8d8e690f259872f37211eb0fcb72413e6f94ab465f56b2705b54e2810	78b74480618a43c5597cc39cbc5e8abee73faa19681799fdd58475988eca49a0
1f6d5.png	2D/png/128/emoji_u1f6d5.png	3c1890a51bda90fd0c11ebd4d2ab630ed73c357e4887480527b4aa43af251eee	81ba2f9702dd57d64bdd6cd511b7afe0d6991d2a81748196f80a3ee7389912b8
1f6d6.png	2D/png/128/emoji_u1f6d6.png	8a0f77a8eeb18847a44a0ae8c09d2c0c708f00052c65045644b4139c5c563b19	2a4334914a6d548d69f6b148f2220cb8f40d8b49dae1842f1cabf40220a48ff6
1f6d7.png	2D/png/128/emoji_u1f6d7.png	9c92d7b84d89af7008937aec2e186ac7af24cb7ee449de49acf709f84c485566	6f02458c7f471d86f2fa6e64cffa41378d1ae8456eef1b315a069e11a9a6627c
1f6d8.png	2D/png/128/emoji_u1f6d8.png	5856b9afc0711b0b1e07ca9f30677d465e14d49b96c0a901db20581371463cd7	730ddc2267d5f3b1879874890e2d812a5837fa0aba946aadcca9805d066ee138
1f6dc.png	2D/png/128/emoji_u1f6dc.png	2b4120111df9695c40f8a1cb85d9b02dcaec5bea34c7eb280540797e54f5bc42	bf067656146de6b6cc7f2fb9010cbaaeabde12db9dde4be657ecf36ae665c4ac
1f6dd.png	2D/png/128/emoji_u1f6dd.png	61947982dd8eb69c7a8bd5ead12052b1a4c0bbfb0eef06689c1990709665153c	e259cc8f69e470e3c7da0a3fa5a49c032b41846e1c5f548de00ac62fd2bfde55
1f6de.png	2D/png/128/emoji_u1f6de.png	212d6dff899011b9f300a4626ed79b6b8a85103486dee46a6cb392f907333a05	bd5957c6732af5f50bf4d93ba8a454a9b2eb6a5a4849619fcc6b251d39e30cdf
1f6df.png	2D/png/128/emoji_u1f6df.png	cd587e823e9a054c6419f3b36f55e9537b7fa17833688f351e26512e872f74da	f778da5dee2f340103015492732c787f6bfa1f02e0eacfe0465bf24a5a1857ee
1f6e0.png	2D/png/128/emoji_u1f6e0.png	ce006f45a878891182c81d1782a87eeca6284a9a26a756d227429df69a04b886	ec8e0cc7b682391305253a5a38b96644b5f6fe9ac7631227c5609cdaa53e3e4d
1f6e1.png	2D/png/128/emoji_u1f6e1.png	405148406dafde68303e45078ec2c80961eaeb37fd04d2527afbf56471751407	e66b97dc781abafd2bd57552b2e1298924aa1f2d64e1e62dee7850ccc9c52045
1f6e2.png	2D/png/128/emoji_u1f6e2.png	ec94dfad1cf6ed83f5fe6d991c3bd244f7a1fdd09f0be009725f5abb4e2c7028	f02db2acbe7c263f1cbd47601b09941f27d9427b77fc723d64a523f0832d54fe
1f6e3.png	2D/png/128/emoji_u1f6e3.png	7476cacde7a66c50a5ab2b8994e64888395dea3c7bf9609e9a005d19e863bfe4	042f5ae2c603bf634687c3632730673adcf7ccef3dcac6809d2820d67deb2c05
1f6e4.png	2D/png/128/emoji_u1f6e4.png	04af8d7cf17cbd56271115383d98295ef97f4c1ba38d770bcec94743283da3ed	f50d8fe7f236f52981e0c778661473dc7009428473334af4329cae87ed6656ab
1f6e5.png	2D/png/128/emoji_u1f6e5.png	23e130b8023a62eaa54d55efdbd662b38d140cc20e237edfe812337b483b9453	b334d712ee9d586b6a71ae28ac92d3a649708a1f7fc3691c45bfa3adfc87db58
1f6e9.png	2D/png/128/emoji_u1f6e9.png	a63e221f263d33a2b4c004e3291d505bfd70ecb14242e8edfdc46b6a9f1266be	680c26baafae8664aed690143fb271b998f92d58bada1489b30dec2ea5360f3a
1f6eb.png	2D/png/128/emoji_u1f6eb.png	28561b2c82f1a7be83459c87cffb320f1fe3c80ff905f733a0edce54219875da	8432a373a3007e52401317d669d14953c98974e082cde6ff809a7989a0d11d6a
1f6ec.png	2D/png/128/emoji_u1f6ec.png	abec07aa2e6dc134f84bf9f55f23a6945e657bd5b666f9a9579152f0d84208c8	482baa909d1455e9c8f86a0aeb8975a603d24f519b4a086fdbf96d3ff4ebcad5
1f6f0.png	2D/png/128/emoji_u1f6f0.png	d53dc1a167ff6275ae0a3559f166aba0b796ebb2858906854d572c63d0e29859	e200117f9e2764a3da1078f2f974ff0f8350f1b7efee163af9ff58e93260cb79
1f6f3.png	2D/png/128/emoji_u1f6f3.png	38049a1b8df7470514869c02f07b396e73bb12a33209bc8f58e6a5a052d47861	8281da39b127ac234ff0a2aa0ccc13d9fe42e8fe4a140730caf3b4859b6e5f1c
1f6f4.png	2D/png/128/emoji_u1f6f4.png	32bd689920641621e65ad74482c744b70c9a50d870d988e0b8ca83d70ebb9dad	f1e6e1721082bf07c44e341ebb7bb0b4b53bd1c4a2ce9211929b268542c9a199
1f6f5.png	2D/png/128/emoji_u1f6f5.png	1d3666e7c133f6012019e23d534b0863c5b9b9f4cd0bf6902a47adb9d4e4cbdf	9b3eaf1e4dec29f3af8e7ba6161591201e1de8bd557008658626f73968cec2a3
1f6f6.png	2D/png/128/emoji_u1f6f6.png	84ed23395e83d171ecf487d8771bc0ae0da7e6b9b45896e993a45735179355c2	16a1816d90d4f98c1c5611366650e17754ec36d24d58671777542f2266b2f0dc
1f6f7.png	2D/png/128/emoji_u1f6f7.png	984a5b7cfa84a02e4903ca907d9d6168e3dbf131e47903ee31bb7899680cfbe7	6510c99d9066147db3b6c83503def2ebb8ef98d196f93ef68b17b98026c9d32a
1f6f8.png	2D/png/128/emoji_u1f6f8.png	21a7dee763ea6e71804bdfee2d790cdf52cfb3d0ffc06c30d91686aa62156535	3131851558e9c02ddbf6d5e0ead019bfb4a3268d9ce3f8e2c052b08e42935435
1f6f9.png	2D/png/128/emoji_u1f6f9.png	52db9f9abd3d1e45ebf8edcb027c3e07d24c41d0e237346d35a3a641bddc4c4a	3c7f3f9c945e4ef3e0999a96158106a401ff3e4667b0a47385065b6258d6be8b
1f6fa.png	2D/png/128/emoji_u1f6fa.png	508105b2b01258e2a0f5b97d6cadb9eca1374a8394ebf084560d23edb5a66559	eafd39b600626eff43f36e0a757a012e91788262ee17815d5bb4f6e0907df81c
1f6fb.png	2D/png/128/emoji_u1f6fb.png	6cbb19350d667d023b671a7eac44c8ba6cd89d1612a3029f4a336225a95cb59b	6d9c4c97971cc9233bc00d7ace1a5f25e4e4f3bc1526580a7254b52d1549a146
1f6fc.png	2D/png/128/emoji_u1f6fc.png	4e3ce659720e415f7354094387dd7f3b7a38cef805bba197f20a8a92d5e0e9b1	67281d4220e084e6e154f09a8acbc7b6f1631cb33f6d514d763b83c17ae98b7b
1f7e0.png	2D/png/128/emoji_u1f7e0.png	1acb6b49f4ec670b6639e6b8569d732f8c613a4e0f6d438b18365605255af7f7	aafc765a34d8213cc1609923898dd5ac4fe5a19d032fe3e9095c3e04ca03c5bf
1f7e1.png	2D/png/128/emoji_u1f7e1.png	df7f223cfc250b2789e0268889b5eaf199afa2216320a1304fa300ca657fafac	fcb4cdc1a709cdc91f56f2552652302e8de965f88ead6b594bc6a5b748415971
1f7e2.png	2D/png/128/emoji_u1f7e2.png	e9a6f5d46d586e7ee6f4f315bf536fafdb0bdbe6cb51a5deea1d0842e5ee5de1	b16c6299b24abad717bb39e87d1d34f27a6c8706c183b6d8b99f4eb9dec440f0
1f7e3.png	2D/png/128/emoji_u1f7e3.png	f9db18ea961aa0464e643bb12130b175501274ded76b3cf476714806870ed7b1	4e7ef0ade1ee6f21f44d978fcf2ce1f83d5cfe7f59e553f9adc828272ad875de
1f7e4.png	2D/png/128/emoji_u1f7e4.png	961e5e9bbe3becb6f0f8a7971863496f8efd7aa8b8bc7af20e52f43e871464ee	6cd2d6e235aaeed3c5647f6de26af0c0d8f27e10f765bf31188b7a9588e1f807
1f7e5.png	2D/png/128/emoji_u1f7e5.png	a896aa3bf906579aa31ef05c2b1911f566500ed97e520b4f73048317ae911ebe	5870e52b6b01d46e732509658278c217ae3db53120eb98a68c6cd064a1f785b9
1f7e6.png	2D/png/128/emoji_u1f7e6.png	02586da3766842648e1768870f974f5f8f775b563fce78237d1cf355b38954fe	1d942fe5a70eb37506ca406594981c1fd81530d691e1c78ace7afd16318e7e29
1f7e7.png	2D/png/128/emoji_u1f7e7.png	9fd37322463dbf458418ff859344c4cad085fe2c0359b591c15b441578277ec1	8828004769227f6ff5282b035a478e9b077bd7719579b7064b267f410acd2811
1f7e8.png	2D/png/128/emoji_u1f7e8.png	d24e9acce36fab6196136814f3a6b50acfb599a81ecf7ec3edc178527fa67722	d0b62c26fdbd1eaaabd7a3ee79bc58fd8ca960f51f5e3d00a83c5a8607f19cf8
1f7e9.png	2D/png/128/emoji_u1f7e9.png	c227e6bc54946065b516abb04a1eaaf38aa2ad1af157ec05b31e4c83d24053a5	d23536db42d855b429748e96b9c0cd3bdfdf37034ff950412b698b1de34a90f5
1f7ea.png	2D/png/128/emoji_u1f7ea.png	ee8b968831a4cba726e3afe2fa2cfee18b1d88da0b960fe065c295fe9256395d	a110993f3cd9c1e532d500eb6f66f3bb2f651cc5f823811fe315019126ca5a1c
1f7eb.png	2D/png/128/emoji_u1f7eb.png	a6ca2496018fb89abb4b9975eb103a4f2833780c199fc08c6748b37c32a7d548	77b0d39a1ef6868b1b529cb1a566c5382462bfbc6320ef2f9f905a5a3a0ff915
1f7f0.png	2D/png/128/emoji_u1f7f0.png	6776405c0be4c140eee51eae057c70cedc3625d5e6361034de39f752d9f9c14b	e20b5c2353ae425393111185b30ebe995f4345fc4106e9f437957a64d90ce223
1f90c.png	2D/png/128/emoji_u1f90c.png	8e7d46c608834c57c9350fc2fa0c67bc226fda9f6f7f48e1a0227d82d59602ad	9cf82323e59e7a3f2587b734ba932c84de4d3c0ca72076d1e07f76ac9bf77898
1f90c-1f3fb.png	2D/png/128/emoji_u1f90c_1f3fb.png	42940d92c0d2834f9804e52074036c3d28d7c88a036b7f04c4ba8c2f1331efb6	cf39cc10b41ce23e25fbb38edb79c91b9cf58e466702ebdaa71fb0caf52fd63b
1f90c-1f3fc.png	2D/png/128/emoji_u1f90c_1f3fc.png	4eeb9208c2ad7ebbcd13e20651ce588731bc26dde8e39c7c18ad0c43ec29106c	e594cf3f6e74ee9733514b8e2db6d652ee1eef5a749c1c92c72b03626643a398
1f90c-1f3fd.png	2D/png/128/emoji_u1f90c_1f3fd.png	3e99b7057234e9c6de060528930670e9d4938dffe7fae9283f363ba7dff2e4ea	c8c2655437565b4943cc8a71ab6676a72ab28a920ba0dbea1d32f9fba683c035
1f90c-1f3fe.png	2D/png/128/emoji_u1f90c_1f3fe.png	05da4cf2d766da7a66aef7cbe9ad95fffecd78683e4243f84678499eb0424ab2	68a8c8362164e5ac05a885c3a413a745a9d97c913779e887453f51967ec977ab
1f90c-1f3ff.png	2D/png/128/emoji_u1f90c_1f3ff.png	7a72b0703764040d690ba6eae373fa94627cb27bd05e40870927c56ceed755ae	e9f19e55bcd820b339c7e093f245ccd1ef8e5c6727ad3de5ddbaf42d4a872f71
1f90d.png	2D/png/128/emoji_u1f90d.png	815d58632e8499f7a609a1686836067c8412bafbe4a44af1b2a94552318efedd	ac1a9466916567bb2dcd282479817b18b55ea91063f7c46392a40702b3b9a1c6
1f90e.png	2D/png/128/emoji_u1f90e.png	59602b105120b591b49bc8199dd5ff2a947bc773917488988c8d30d21d80f0fe	2424c68b50e961b4f74a13260705b0ebbfa7678e7bff5b48e8d10d49f30428d6
1f90f.png	2D/png/128/emoji_u1f90f.png	1d3fd724689868fece404b5019e08b0cfea986fc389ae861d5d17c11db487652	296354f42dede0df62365ae24b92cdb2075631ee7aee7b1ba7bbd3559f5ae01d
1f90f-1f3fb.png	2D/png/128/emoji_u1f90f_1f3fb.png	89bae0faf33c0deaec649ce3ab11c632d76dc1448f11c3fb3c7e73c6c1fac9cb	fd5b865274ca8cdb0825c2fbb8b3e249df231de396677bde222c500cf296c261
1f90f-1f3fc.png	2D/png/128/emoji_u1f90f_1f3fc.png	66bd7b4d257744bd29130029629636d54bd54414b45754f68dbefa0717dc54ec	78f6e9d8a9b8ebcd65ceb9a465f36e653e661bf8cc5b3cf020cba997fc4a8eca
1f90f-1f3fd.png	2D/png/128/emoji_u1f90f_1f3fd.png	f576bc36004cb4670398fbf6a71531d6705f25e57f868ffbe2651c2ff8eff756	f6b714609722fdb01545260daacb080321cda6572cd0d4ca2ed67c0d3bb93634
1f90f-1f3fe.png	2D/png/128/emoji_u1f90f_1f3fe.png	7813967d46f56c527f840c6d8d7dbe514c72c883a2224557da87c0d79299a7a6	da5e84e32cab9e6082133ca5734d31eff33e0ff1874a6edb963fd6c727f83052
1f90f-1f3ff.png	2D/png/128/emoji_u1f90f_1f3ff.png	9e12fe92a77aeddc79979e84ef931baa82677c61f681006ab60732cfa3e88aa3	079888672aeaadc2ba59057e858a5c172d74b3e45e873fa33b644405c0c19e99
1f910.png	2D/png/128/emoji_u1f910.png	5434f0172cc6510b909b8656203104e735fe82852176fd593e8dac9f6bd1abcc	c860acf5c83b1d84f036e8043d1985538733fd56c8ee04a9dbe7862cc0a9358c
1f911.png	2D/png/128/emoji_u1f911.png	69c3b9fb3e6ae0ba17e6946c7d62a9e40afb91f81010386a40b709b849fe6806	8a6f9bdac2adbc4303545a4f23a3a6ee70bdb3373305955226670b1d30ec8e55
1f912.png	2D/png/128/emoji_u1f912.png	534ca166445c7088d303fc714bc0cce84516f4acf4e4c860beb747e0283f6351	1f2f10dae556d4a460f060be6d11a12dc795ce6d1ba1d95af2ab5fafc9930276
1f913.png	2D/png/128/emoji_u1f913.png	1be85591b7c80302dce3f6e7d6a38fb75ae58696598d890434fb3ccaa6db4be1	2a234adda470cd1b777f620faf857e7248a417e48b68c5e64d5ebf05b2fc1f87
1f914.png	2D/png/128/emoji_u1f914.png	785169a150cb7a3b66e12155899e7b5fdccb687f3f30ea8efdb8bc96419209df	4c69e6367a22a2bca1e5cca494c5b9b30bd3d21b47b7569580c8e0a3f5b3cc9f
1f915.png	2D/png/128/emoji_u1f915.png	f614e4074cec3a900b1435f0d370b061fd09e01254214b53ebbcffc6bb15dd04	33fbdc8ba9d64b0f42f59597cc03bcb5bed3c4bf0837a97c1b96a98fc438116b
1f916.png	2D/png/128/emoji_u1f916.png	562ebd6e0cdfedb3fcd699969e04b5e9d6a94338fe0d73cc30efe37cb4434a2b	df4a1b0f06004748b88ee83b50d56abef058a04ecd8e6f5d6928c4458dd81724
1f917.png	2D/png/128/emoji_u1f917.png	18ca8d43504e56fbace0f2fc20b45dbbcd46acdb9a93112da12583302a9032a5	65feb37839a92fcc46a40a8e917544eeff7ab9d3c52b08fee0b2ffb0cbd9ba50
1f918.png	2D/png/128/emoji_u1f918.png	dc5bb082ef621d40c31bbf220ce805d1f96a9e4db192a45a2d7af5650ba33d71	f06a4cf831c7539f29c120b31ee04716156e53609ef027adc07b07fbf14d66d5
1f918-1f3fb.png	2D/png/128/emoji_u1f918_1f3fb.png	b89cbc9234160453e6574173490a1303e5722763d19202c42ecb93d2f7631bc6	2849b5aedc8f302e6548ae05167c7945b588f4d425b85942760682b615499222
1f918-1f3fc.png	2D/png/128/emoji_u1f918_1f3fc.png	4864b365a74af75c8f64266658e2593602e2462546e1c9aa7b21e765d4169116	2db0ee030056bd56dc3c56d3b9b9729db190f196a4cb06617f028ae2de9e5af4
1f918-1f3fd.png	2D/png/128/emoji_u1f918_1f3fd.png	819a9c57000a9b09eed5f5eb4c95b6e72e9e00b49a419aab116bca97db8b9803	f48c1f9384cce333b2daa4d67a7e894fcf3dd759660cdb826d6644205ae70e16
1f918-1f3fe.png	2D/png/128/emoji_u1f918_1f3fe.png	d20d823cba6589d6bbbb0963c151e02a26b2a4276d2dd22d7ae7b867bdb23369	ee6ba0510c7554cd71da564bba3e700784a3782d0ec5675abfe26296f2be0b4a
1f918-1f3ff.png	2D/png/128/emoji_u1f918_1f3ff.png	252b2a8ff0c1fa3ee161a4a6c7b97d13f1bec80ed0ddcc9caefe909e90ab2e2d	22a54456671a5af8e40faa54a9e3759a86b644288a05f16dece0a1f6242d24a9
1f919.png	2D/png/128/emoji_u1f919.png	921ed74e5e312271896a0f988a41ef6a4f5667518efffe865ecae5a7f16351e9	40f46712c70b34ccf6ec7067729af6671773d971287cdf6f6f313302a8498070
1f919-1f3fb.png	2D/png/128/emoji_u1f919_1f3fb.png	fdb8d82259b5c92c46a680d47bf4c858c5ce60bcc440783fcc02c563f9af3e8e	08baff3e1856a50e6cc6f34ed08d75930672068a7ef58d7cdb90a14c62825e3d
1f919-1f3fc.png	2D/png/128/emoji_u1f919_1f3fc.png	88245d1716bc9bf36ecc511a067b546591e52033e8bbea1809baa8f5aac212a7	7e10500fd4d2d1d7c19bea6bc2374ddb7fd53a42410c9b2d3db2f74e6b1c2faf
1f919-1f3fd.png	2D/png/128/emoji_u1f919_1f3fd.png	7d607e1402516e5bc2e40fed906fcedb57271d8407b21f69cd3ddc8295daf833	9f2428832ba35fbc8af4664e7fe4b1decbdefcc25a767b77e7a87ca50302b49e
1f919-1f3fe.png	2D/png/128/emoji_u1f919_1f3fe.png	c8e3f4c95e50a033b2e45ab55a8b0a0f3abf9bb5c888b98dadd448a230eb121b	cde041efc9ccf79056a9877ea5c8c6a45ae409ee41995eea9ae7eb9aa9b1ad97
1f919-1f3ff.png	2D/png/128/emoji_u1f919_1f3ff.png	ebe640eb12af2235518e15af4728818afbdc402282859beb9b42f47eb45fd390	4c30b3db554d21293ad1f6d42bf1e6589533a716a7099b65d49d370081ecb9d6
1f91a.png	2D/png/128/emoji_u1f91a.png	f27b30c8d914c9b82b02698a42aad6ce5ed8a923c2381330a2e65b067e9f7091	96e2135423f1aca66aa0718ca60c1d15ab007dcce6d1e0dcac9d8ed7af72b4e8
1f91a-1f3fb.png	2D/png/128/emoji_u1f91a_1f3fb.png	3c62b4b7435fcb0df319cd7df93244dd7a2087b94b55d395f4a13aca901167ea	b0e87c4dab804e3d24407d2b71cd3fee60e7d88624a21cbf62d3ae11d3598467
1f91a-1f3fc.png	2D/png/128/emoji_u1f91a_1f3fc.png	1af4422beb664e0a2a2e2e98d451862bbddb4502a0bc9de14b5bba345bbcacba	68e7299c81f59408accf6d66b1fdd53c48be855296cd88c8fbaea7431efb125d
1f91a-1f3fd.png	2D/png/128/emoji_u1f91a_1f3fd.png	05e4eebd3ca5e40a8b79fdf6a1d1228ecf81870bd4d0bb9e5764cd1d998add88	c38052959e3fa14a1dd635f3b2aaaf289bebd924289c960f84953cbe879f75ae
1f91a-1f3fe.png	2D/png/128/emoji_u1f91a_1f3fe.png	49e088ccd1a12ccacde516fc39d8c33cf6c08c5f449e926b738de5d59895a439	7d451109302f0369d8d806b0ff888035c5c3fbec870d1b113ed0f4e55a5d9368
1f91a-1f3ff.png	2D/png/128/emoji_u1f91a_1f3ff.png	26da0590b729a959f68b2020848f16ee8026122b66eabd1ad8fefb1df7bfcc97	a192b9900e1c96263dac52b8e8dd6e66e99df1fd873767a7f517df9a8c8331f4
1f91b.png	2D/png/128/emoji_u1f91b.png	d03a9f0107c2b58ff4113369090ad745b70329712716935bb374b02a52b0800c	7b3e3eea3d46a52373b00a031f1813f510c030003a32c07ade350d0992960105
1f91b-1f3fb.png	2D/png/128/emoji_u1f91b_1f3fb.png	81041c41c2aaa2acdc96588c79125bc9ca0399f06eb60609821888523555df46	3d852be0e5fc4748bd557067154122bf038754f0fb3259e196d3cb814e16e7c1
1f91b-1f3fc.png	2D/png/128/emoji_u1f91b_1f3fc.png	f85b9d09c5fab539c5d782dc5f20ae8f6c664d5da2a088e5886220f18abe1a0f	5677d6014f9604b517a852bf7fd0221d9d3541f2c0cd1c746cfc85209f089b9f
1f91b-1f3fd.png	2D/png/128/emoji_u1f91b_1f3fd.png	232bd7d25051e30b5cdb6c9f8a99fed95f631f85a48411da3f86c3d7903fc66c	a8ee51210db4e36b2cfc0627bc01f3cca6f9fc0c8ef6bd2937ad85dcb70e206c
1f91b-1f3fe.png	2D/png/128/emoji_u1f91b_1f3fe.png	067b4767421e59e18a8a3e2180eee586e5da4c08c383e426baf196dd8efbac0e	7b7a196585e74c176ba3cedf1d90898c47aa86c38819714d86d34c6cbf34b0d3
1f91b-1f3ff.png	2D/png/128/emoji_u1f91b_1f3ff.png	f7e098d571a105cc384aa83fc60b46645e68dd18ef15d9013d44db9ea6a4da4b	645f42155d1ead994b2c638126b1be76a7f31b929dda512580767295ab61ae05
1f91c.png	2D/png/128/emoji_u1f91c.png	75d89f229f5c7b1fd11198e857c096bf13f3912eaeb7d229caba7458d8037d75	305877b11170ecbc6f6682a887740898c1532f8289d64f6828706b3fd56fb85a
1f91c-1f3fb.png	2D/png/128/emoji_u1f91c_1f3fb.png	133af3b9325a6ba15046190c3ff9576a8f822e186dbd29cc54f6e385d59f61f2	369236eb531ef96dbf7891cef3834494e74ba7892ea40fd363bb24f43c268bd0
1f91c-1f3fc.png	2D/png/128/emoji_u1f91c_1f3fc.png	1d47ba20e49d6bede503037fbbeaddde8f0401b61be5acd3cd6dccc9e806ff1f	bafa98f17657b9e2d1966135684324a2ab3325968813046214d33ea8695d4715
1f91c-1f3fd.png	2D/png/128/emoji_u1f91c_1f3fd.png	39eb4c2564cd2005fbba10852e246769f62131be23538b39e28e54f48f12ec44	fbae9327822885591f5e1872c590bf75efb6ff4a65115358d7feb774d962d5e4
1f91c-1f3fe.png	2D/png/128/emoji_u1f91c_1f3fe.png	f0547c4091e5ac95462981ddc12eee5923c427003143a5696a2a188e9cdce2cf	fa3e35d04d38c19185eddc693d63012079035fbaa33d0fd365b51b98b58f811f
1f91c-1f3ff.png	2D/png/128/emoji_u1f91c_1f3ff.png	6bb39f40374c10e2dfa5de6f3fe725c73723494b142d32e9f27dddf0d8c788be	cab3f7003805f5fd4a6207bafce4cde9a51f45e10bf3e255dded4eca9ab7263c
1f91d.png	2D/png/128/emoji_u1f91d.png	ece70d50775522b067df9824e0288a167cc240c08c679805be060936b2a52df8	7bb89de73761d7e8624c73cd45d17b019b3624c9ebf59d9d8af417da99b7d2d1
1f91d-1f3fb.png	2D/png/128/emoji_u1f91d_1f3fb.png	ff9c88e302b6c507098485f8bc2d5c9eb3731478df470799399be99feb9ac1a3	d11378595d8a9e0635d84e46db7c9c3eb37b358decb5d00069fbfb07a73d0771
1f91d-1f3fc.png	2D/png/128/emoji_u1f91d_1f3fc.png	6202b5eab9e21430083ebb0f3a229546f416640e56db2f8bad08a46a903ac5d2	8df0ffa1789095ce4d147aee252152bd8290c49e9dddb684415817ab020614de
1f91d-1f3fd.png	2D/png/128/emoji_u1f91d_1f3fd.png	6c7b64defc5bc0696888d43ccc1cf5ea4bcc94e602aa75d798dd4d241422486e	c31319146d4140bfd51d1ea509788a61953e212c2d78ecdfd49186aa462467df
1f91d-1f3fe.png	2D/png/128/emoji_u1f91d_1f3fe.png	4ae8df32d377c5830367902aaf9313c6001dbd4b757b0897a0c2d64eb66886a3	4e0c248f1d986071d497e1dc29d08e794f1f159800220030b8a9085d85341c23
1f91d-1f3ff.png	2D/png/128/emoji_u1f91d_1f3ff.png	e33352d862256fed93b7ce5392a0dbc33760b14fc0341b998ef7d6d391c9c55b	f70fdbc7236a9bfe05cd96d56e5b8af31f92ad0c9cb584545d1296768cee02af
1f91e.png	2D/png/128/emoji_u1f91e.png	7c31c3e7208452d99f76b2005f87329726d778f677e7668825360b77a59a1d27	33f3b458304160833cac1a552c08863044d6c4575c6415c4e73f435cee7e3c04
1f91e-1f3fb.png	2D/png/128/emoji_u1f91e_1f3fb.png	458d21ad6a98068078b995521aca0177006b8063a073bb06eca380b464663438	d72f30bd69a409ccc753a798ea15e6a639c700beef4f953d4454bdc44ff2a58c
1f91e-1f3fc.png	2D/png/128/emoji_u1f91e_1f3fc.png	26c81eb449589bccf6c44a960352d0ffc5451fcb209b0f02788f8094fd179205	29d5fe9c3c521326498ef2dd36ae6a51d2aac49a54c3cb5b2f891e678e2f4f1b
1f91e-1f3fd.png	2D/png/128/emoji_u1f91e_1f3fd.png	6f71e70f23cb8fc3f33ac92f7e39a7de9b5c85e26cf9f4247d1beca09ea30e6b	f6a98bc6ccad0f318f358a81a9354376e598db7d233ed04a9e84c319dce2ae10
1f91e-1f3fe.png	2D/png/128/emoji_u1f91e_1f3fe.png	51c3991290c3ae76172215fd5871358c3c14dd3042a433d8aabaf221355c15c4	f0c6b8fb41eae09384c4449d62eae2563d5deb94137ce68cd13f8909b41f0b26
1f91e-1f3ff.png	2D/png/128/emoji_u1f91e_1f3ff.png	2b38d45d54dc695f771ab6161f57832962547bf407dbe263c09f2ec06197aebb	91d5f7f87e79f08542f0672e6a95d15281a297bb745b686c198cb15acc537c9a
1f91f.png	2D/png/128/emoji_u1f91f.png	8b2f1d4023c7f11d5dc1d3a1d4ae04ddd59fa5ee676dbf1730bf6793b982b3e3	f001cbbac3132b2fac1471a2580079ec4069dc628b9805eda23bbbbce5c2b5b2
1f91f-1f3fb.png	2D/png/128/emoji_u1f91f_1f3fb.png	72ad059359de7b30842660ee61ed6c29c69c4f17be060fc172f62b709e963c8c	d98e35b6f5366173e73dcc7fd91337a70e4ca4f731b93d5d1a0d5d1752be9dd1
1f91f-1f3fc.png	2D/png/128/emoji_u1f91f_1f3fc.png	9a094fda3aaf658a177dc3ebac0c846dbddd85438608ddeb24f09b425fc1506f	746d0f72fe21a7e91cbdaa10fa2a27a36cb3c39d711b4e44846e9c5cf3e2c7e3
1f91f-1f3fd.png	2D/png/128/emoji_u1f91f_1f3fd.png	c5341c80be778c203e0680a08804081024479238af4a11df30a83f15db45545f	c588036a01552481f9a729f8d14073b956a717a3ce383bc3cb811ddbe57ce492
1f91f-1f3fe.png	2D/png/128/emoji_u1f91f_1f3fe.png	d3a4d7ee4486936dcea577265fc1c317032c5039300398b1c81d809b51356a17	d9fb1f00f48f79d56351d2369109a5eb6bd44bb99932594255a7a73a4f1128f2
1f91f-1f3ff.png	2D/png/128/emoji_u1f91f_1f3ff.png	4da3d0fbf524ea7c6bcb8a776a1822370c11adde00fdb008914573f1497bb402	2978388c6608b9af9cdfcb1e3858409542afb37599e65cefbe27626a6a023e17
1f920.png	2D/png/128/emoji_u1f920.png	b790e83cb8a98efed62303c70d77ed64acbb6ba78f04293f78c169040f940e59	e73a2431b74d27cb5ebe336c31ccab371e89b0fad1b44cbfab20c8c49899c06a
1f921.png	2D/png/128/emoji_u1f921.png	c9e20b0b06774ca082f6eb976098d91cecbb757a6a551e63ae1c8d0c23589dc5	ca8a29dac908dc0bec6f7f1f7d39291bfe682d24976a3fa8b14fae1dec6e0275
1f922.png	2D/png/128/emoji_u1f922.png	30b80d750c85ece80593e36baf59a1d6f7b36cf212fbfb312639aba2bd8e1322	70f1bf73e9965075b55fedada41804bc0c232692d7d966b31aaf36d4daa992fe
1f923.png	2D/png/128/emoji_u1f923.png	c7dc7a7f5f535797db0b01ad8052138833bb1b1b934ef1470dbac3f70c4fbdad	b315ff5335093107043db23deef9d55dbd5f55af0caded78014ba9d7d1e52297
1f924.png	2D/png/128/emoji_u1f924.png	a4ec845f1745cab568e29cb9cff7abd98a3d34c4784205d92a7d51fa5c1c567c	87fc9fccd7beb8ee02853fff29c2ff54ab9339fcbbeef9886b754d0092570dd0
1f925.png	2D/png/128/emoji_u1f925.png	be3ddfc58a2b3d0d4a79c39c6b87d68cad441c8317b32417879e8e6838aae1ff	a47b59c2cdfae46bd91038fb909ff05c95b9cf6a233fca553a8844d00918c2b3
1f926.png	2D/png/128/emoji_u1f926.png	1e93ef63a0f8c2b8461e315fb079eb25a436236cbac6b3e495840f7ffcd5e5dd	0d99fddef4d383e2462389833b44a065b02e1aa3a94719a5f3a13e8ac869a38f
1f926-1f3fb.png	2D/png/128/emoji_u1f926_1f3fb.png	d6e565cf3b1ff2f28cb97662901246ce97881bbe9f442b24c64e89fbd4e9d8cb	174e4496f41cb64e9d749b37726c6b1d1acbab8a71d9bbed2bf02516ebc567d6
1f926-1f3fb-200d-2640.png	2D/png/128/emoji_u1f926_1f3fb_200d_2640.png	5808435723856e86c862485cee217f30c2102f3233963c3817b4d0120071deaf	50f160325b1dbdc5584467362566daa58c9f8cb780ed5fa5492e44180be9ea65
1f926-1f3fb-200d-2642.png	2D/png/128/emoji_u1f926_1f3fb_200d_2642.png	44316db2c36411e8d78a18453e581084c9e125cad9e27ba63695d0a4a39d0e27	7dc30c2663d8751126049a8626af413c17ed48de28d77df67a81836c0b603756
1f926-1f3fc.png	2D/png/128/emoji_u1f926_1f3fc.png	42970d962abe1f5a6dd111f3c6a1dcc062c0d0297316f93988209d72aab7e869	13e6b21633f1e211f54e6f01456971af9192b63fcad98065690fbb9831ede646
1f926-1f3fc-200d-2640.png	2D/png/128/emoji_u1f926_1f3fc_200d_2640.png	2d1c4db5b2c73222621a2ed8bddd5b95cc83e36e8988f2bbf371c52a881c12a3	6e4883878bce9bae9127fa53c4c341700cbdcae08f9bf26bf3a3201284cb7c10
1f926-1f3fc-200d-2642.png	2D/png/128/emoji_u1f926_1f3fc_200d_2642.png	715a7a5f12373fc3812b6db51431738e018e0421b43410259e951cf936f38a44	910c90922428b97a3ade795b5f6d5bedf678eecb155658587c44f9ae1e4f67ac
1f926-1f3fd.png	2D/png/128/emoji_u1f926_1f3fd.png	55ef96fb6266b788dc31bdeffcb94783ebf170b7b6d744d2a915b6bca71a75f2	3f9d80d6b4c71a1039c7819ba6430569bbcdd3d01f7c59bc38f708739722cb12
1f926-1f3fd-200d-2640.png	2D/png/128/emoji_u1f926_1f3fd_200d_2640.png	92cd0e88be0128dada907e661686c8b00d6c70136fe3540975be3e71e7903585	f90934e70b3dfa7b356cdb96ca4623e60e0c083fb3448c49b86b7efa03d90a5f
1f926-1f3fd-200d-2642.png	2D/png/128/emoji_u1f926_1f3fd_200d_2642.png	4f023cf9f37080b44488b752191ae4d7aff0b3344e27c4c391a8fc8ff4031214	b75469dfca309171b3411ccc020dec067649157ca23f4db1ce3f992434c25221
1f926-1f3fe.png	2D/png/128/emoji_u1f926_1f3fe.png	ddddc66b40a37df489b17f1f884d53399a438c143a1b138fda117b766e48a3dd	f9aa49ac237d93230a7e3e3f5ff275f8b1e19ac2c9e6b5fbcd9078eafefce612
1f926-1f3fe-200d-2640.png	2D/png/128/emoji_u1f926_1f3fe_200d_2640.png	c009e8e6f0e56e249ac7b6bc190985c8c30af7ae2eb627e4537c34d08b6d2872	1c79dbe7f79ed5282d96657579fcfb104255c0fc4506c0cd850d6e28ee8c7dfa
1f926-1f3fe-200d-2642.png	2D/png/128/emoji_u1f926_1f3fe_200d_2642.png	186a99cee6b389838b0309d1bcf29d6581355fc7f56b786c107342875d924c6e	8b56965ebcf9ef718f3e17236f70cf561bb6bfb99abdef887aaed734bc38ef96
1f926-1f3ff.png	2D/png/128/emoji_u1f926_1f3ff.png	de0d7d8ae63e6c103d7de02de0f74a1616e0a1deedcdd6b95fd5e0aef5dc4e23	1d7e8294bdd5eb3e372f5658e23294dd14aa50c72df02bbc06e7b900fa37e06d
1f926-1f3ff-200d-2640.png	2D/png/128/emoji_u1f926_1f3ff_200d_2640.png	04b81e9a2d6566b1cc750f5743035ba451d48df9962420bc7a43f1d1d14b97b4	9824cbed9a6888dd58219c19bdfda5863f7d5cb8d2971d2875e00dab11042137
1f926-1f3ff-200d-2642.png	2D/png/128/emoji_u1f926_1f3ff_200d_2642.png	db841c8fd427b208155b06cf2591f6560f0e0c0b398d5a3ddbe4049505f03b51	1cfb05135c84638e26de2ae4f609d87e1a638f720840e35c51e698ad2d5626e2
1f926-200d-2640.png	2D/png/128/emoji_u1f926_200d_2640.png	e7c212a453121226ebb5fe1e8ddb60db168da4e98d57a588a38792b9bcc617a2	082d6391d5daf55865dd136476ff65c39a97502d9798a20c6aa5e3b088532b2f
1f926-200d-2642.png	2D/png/128/emoji_u1f926_200d_2642.png	30bd8ae6dec2236273cf361c5326b270f4f2f4c5da85ff4f3bb40f18c9f172a7	6fba488408b239522f19d692a2378791e73bf5e9f8c8cdc0568cfc794e658ffa
1f927.png	2D/png/128/emoji_u1f927.png	751897ff9ac9388b7cd5d9f9ca8308804cfe3672b324351615dcc86ccb8641d3	11664dbf97c603160c0b5b26d60067a33db6e1e265841453a0c0a7eff6de903c
1f928.png	2D/png/128/emoji_u1f928.png	69b5a1db7b328d890f15201e3a610135d78ed05f8c9e1f5f0357517b54727057	143ff5f46fbed689f11f4ed5668cc25b82eb43be5009e3c32262662b554c4cf1
1f929.png	2D/png/128/emoji_u1f929.png	a44c16bda5f84a5210ffe67c315f7804501d01cf89996ca49a94cd8f53d03efa	8aceb1c639d787a8b6625d304a1cf0c20da1d6d98b36290aaf9cf85793f5a465
1f92a.png	2D/png/128/emoji_u1f92a.png	47b8b9e9391395b5a2493ef5f050102a0f28c9cc2bea73c1da2d2fa1b2573efa	588830f0a713fa76cf8149062f27e6903fe406819e1ef18192ced8461f68e9d2
1f92b.png	2D/png/128/emoji_u1f92b.png	3b14e1fa6d9c4971bcc32c2db40d84c44fad5b7631b0755e095e92444bee0545	68227b7a881a1b2ea1d15bfb72da988338256f9e606c60a65fdea9391d7cf1c8
1f92c.png	2D/png/128/emoji_u1f92c.png	68539be8fb5bcf64d3d4ddb4694142a4d01d6c8d2881e4ec29ba82bb9845aade	add2b8ef9710c868aa619d40fdcaa92d2e7bad1af0d605954d28001583ca4d36
1f92d.png	2D/png/128/emoji_u1f92d.png	ef8870f19330f4d077cc0c3c1b77e10161458a3bee046437c875373b1e76d452	e09abae55fe4f4414b75aed5acb63105a5dc48c4f42328326dd4055a46ee9569
1f92e.png	2D/png/128/emoji_u1f92e.png	9cb841c1ca3e99b55c785633039bd7c469538e2863dd7aa9d6572d67dd7f5fbf	00f22cfff8f3c9388f3e54509645624db850e1beaa61a34e356e3191638bdb33
1f92f.png	2D/png/128/emoji_u1f92f.png	b080d6a8b9cb33ca69960dfb5706ebb71a08887d0c2dfc76dcdb6afd1a2f4421	29e3b8ce052ba0b823d1a4a85b434228f2380ca538c8ad579be9ad8cb74c3b51
1f930.png	2D/png/128/emoji_u1f930.png	555222379b7e62e363aab329a08cd0762dcd311fd680a55ff2ec67220d017294	7adb76e5571458e3c79d852f6f828d905986ec020c5290c328c543bcda36f9a6
1f930-1f3fb.png	2D/png/128/emoji_u1f930_1f3fb.png	c0a734917d61ea00f04b731c399aecd1beefbe5ececa3bcd4a8c8d34dc17578c	76de6a58707da6aafdbdb750f616519d2641360bd80bc1fe8701836906a0d811
1f930-1f3fc.png	2D/png/128/emoji_u1f930_1f3fc.png	b2f676e16264ae4d44e280da2f88976a6ca7eb747d1782c1c5399cf57b2b9a1b	b071c22a3e59878cf2603f3ed6f536c3cb17085ff6d039a7f7753078ba7b1d80
1f930-1f3fd.png	2D/png/128/emoji_u1f930_1f3fd.png	f3c2518c1d97a1b79c2fc2f9f208a854e639bdba14b829f48cf05ad6627d9fbd	faa8e36f13f40808a000f6434a55ae9d8eded614756949ab9322321817fc11c0
1f930-1f3fe.png	2D/png/128/emoji_u1f930_1f3fe.png	a4d345e7aaf8ca743769efff2259dd0ffe8c22be874dc8e7028bdeaca44e8bbe	2ab90c64816b96c055e5710b757bba2678ca201a7f46753f163f72a151bfd13a
1f930-1f3ff.png	2D/png/128/emoji_u1f930_1f3ff.png	f0586db21d359075ac9f0cc7f702b4026f3381bb509836961ed5a7f44b41b668	ea8150ca413befcfbf52a1beb5754a6a45ec98f922db9b15f7588cf05d2efdbd
1f931.png	2D/png/128/emoji_u1f931.png	491432b3fa74a97502a00c42fc2a5631d7afc42e9aa27a6f03b19d2acc2b26bc	633cb98b701dd5c96fabe1cdc3ace49a232101f2582bd898333bb2478ab485e5
1f931-1f3fb.png	2D/png/128/emoji_u1f931_1f3fb.png	23c888d472678932c1487c411e8237827347b82610bcab2908c6bb8ffb46b519	5db5c09858a1a84dcee44361d4c4918c7e90ff000c9701462bffd7d77b092d65
1f931-1f3fc.png	2D/png/128/emoji_u1f931_1f3fc.png	03686425b4717b8fd5eb0d8ea16570f533889e0f8f960ca9b5e001f0c75fa9b5	d1beeb6493a3772264d668df064cda045446e88871e2ea810bd984489c526088
1f931-1f3fd.png	2D/png/128/emoji_u1f931_1f3fd.png	1dcbf00f820a80a61a389afd18bbaaebf34f2a01f279bde9b5564d2d999c8042	05fe994780f0001748820d2b6b7e30a2ec529e9fdcc7e2bcf81de5461f4a400e
1f931-1f3fe.png	2D/png/128/emoji_u1f931_1f3fe.png	ca64fb97f202c8e981cb81752daf8f4bf3735c64464237ce52f141dd9850b867	b38124bf4f96725e26278ccc01dc78a233e761f551a23888ebfa11f0aa7b6bd0
1f931-1f3ff.png	2D/png/128/emoji_u1f931_1f3ff.png	198e35403c5de9605dae545f8e69672dcb6ce4549e431de33f2706eef5deb714	896054fa9b20ed901978ae561894527ff4ba898c701bda2cae8b541dcf0a714b
1f932.png	2D/png/128/emoji_u1f932.png	81988b254a0c0d17952c5e2ea9ea01c08d6f3eeb7598a5d2d6eee93c8a62ee4e	6b4ad5cd1c1108a6aaf1eac5c53697bfe23315db2b859535ff3c0cb8bf616e08
1f932-1f3fb.png	2D/png/128/emoji_u1f932_1f3fb.png	073f3b5f933d094fd622890a2b5854c1d8ce36125f6fd16bbf8d15093c7a9f80	87301f2427da4fe1f9412ab8adf78f92aeb8bdf4827fdc559c2f169df4aec0bb
1f932-1f3fc.png	2D/png/128/emoji_u1f932_1f3fc.png	506be495e82067b0322cf3efdb82acb9e67d5e0da711806db5c9a8abdc6f09c9	a00665f323d6a61288cbbb1b8d6e8a51b44bd18a11386f0fc41ad6bf24fe0859
1f932-1f3fd.png	2D/png/128/emoji_u1f932_1f3fd.png	60669ef4646d63e9a43bdef66e681dd081f8bae78123b33474af303054647153	65ef792142cd98a36d03f522fd6392b60f376d3b01096477f7d0cd156137858f
1f932-1f3fe.png	2D/png/128/emoji_u1f932_1f3fe.png	0e419500f5c8ed8a5ebd4c58d7f4860708b86aad3865f485405cadd8b3db8259	4fdee5e6d681999b59fcc6d93a4fe0ab31afbe53cb576e01fb5c65c943383d54
1f932-1f3ff.png	2D/png/128/emoji_u1f932_1f3ff.png	5816dc046cf186889bc58877d671332642e3c53cda4d9862c9d627874dfba9ee	a4b1390cba0575aa56d34335e8975841e7f1a806c474d8d43940d3f74cb155f3
1f933.png	2D/png/128/emoji_u1f933.png	e6890c9329e43ff7083766bc6e3387fe601992a89ba1022f9f45bc0c64e4c2a6	2d59d4255163935e66043f446bfa3eb718fabf2e7315920b11c408dd1480c4a5
1f933-1f3fb.png	2D/png/128/emoji_u1f933_1f3fb.png	8d8a2ba041f51eb844a3488b415082beff350b92a6872a960e244f389f3c4426	307247874aa532986c3bd3d2d3168480d11bc5f5e2f5dfc5f5ab0c41e8f188f2
1f933-1f3fc.png	2D/png/128/emoji_u1f933_1f3fc.png	4d28d730a7aebcede7954484314c061fc155783697154f854d2b97c7d550b790	959bad84d25d0220649c5b006a659648701d7ee0c0d11e4eeb43b54cc0b13ea1
1f933-1f3fd.png	2D/png/128/emoji_u1f933_1f3fd.png	097ea5b1614943f3ff633bb9722b2b68335f7487f259f667a98ebfd2aade271d	97259f9982fc3f4fdc3c94f3aa2b984cee41372febcbea38dce72430a5af2995
1f933-1f3fe.png	2D/png/128/emoji_u1f933_1f3fe.png	ee4e77ba4a37c0c6d30d2f682501463f131d0d7f3a7f4250e177a3826e6d1a1b	3ea09b1869d2958a90186ca587149cb5e7f5c3b63e25181f6a477102d4614d89
1f933-1f3ff.png	2D/png/128/emoji_u1f933_1f3ff.png	d8b96dba7ff455facbc6e0e56e6f4b2c5703f54d53666ba4dc41e183507f674a	f228d4a8598e1759ed91424020651b950735252eabc633e27ec1298dd8f92a42
1f934.png	2D/png/128/emoji_u1f934.png	98c24da4b937eeb37f28de86a17cf3f46e6412341225d48c634333c5ad6e8fb8	2e2452f3b9f632ca14a9377323b97fda45fcc166445a9076fcf1073fe4e891a0
1f934-1f3fb.png	2D/png/128/emoji_u1f934_1f3fb.png	ed301fe1c193569e0541707df3af95991c693ecc3aea912bcb79023c6a747bfd	a6ee5a8f9f3c8d3191d565d25371ac1985b5a301d8a94797fcf3ccde894dc233
1f934-1f3fc.png	2D/png/128/emoji_u1f934_1f3fc.png	9eccc6c6f75becd710717e520467234414c42fd1669fe91c9df3043e30b368c2	e4f25165ec44e34fd6d3211c51de62b098f74172647afeaab5beed7c12c2e5f6
1f934-1f3fd.png	2D/png/128/emoji_u1f934_1f3fd.png	546a784a054c3954db58cd00c2a85645bba0e50be55c41a3b1fe2a5951457cb0	85a1adcf14e9311a3fb33a2c135097c7a971d44d334073cf1002f35e83450c0f
1f934-1f3fe.png	2D/png/128/emoji_u1f934_1f3fe.png	d2708b0d4545d51e21d7d1b8c45813b35a3867858377cd998d3608974daab2da	9de65992c1f422c7f668106851a8595b1ddbfd9cddb864f02b22db119863a8cf
1f934-1f3ff.png	2D/png/128/emoji_u1f934_1f3ff.png	a0e5689146fce8f4eb35cd8c3f14094480b8d07057a82f428a8e92dce685916a	5efb1dc4716977482b4a29dc67bdc4e2d2ba64253fd3754c4235144f2a392ec0
1f935.png	2D/png/128/emoji_u1f935.png	73c50578d3e9bf2a3c1e0143e2d5503e05f6eefbdfa2c6d20888ec1a879646da	78adaa1c15e76b59d3c73bb6d43821fbf96dd9b4d4dc351c4e6fd4e1eec0a2e7
1f935-1f3fb.png	2D/png/128/emoji_u1f935_1f3fb.png	c30dbfe9c4cc938602378bd26fc18f3e6b69ca3905bb2a038d1e06c6be5bdd80	65baef4a0fd2c21fbc2fe44c2e3a538b80bf5476777ed37cc072a7eb748dd922
1f935-1f3fb-200d-2640.png	2D/png/128/emoji_u1f935_1f3fb_200d_2640.png	7d53112947d5554008bdf6b5859622ae145855a5ae003decf6fd239b678c22e3	2fd6074a049abc06866dcbf607b702c5764e49e6762c7beb8000b87140099a75
1f935-1f3fb-200d-2642.png	2D/png/128/emoji_u1f935_1f3fb_200d_2642.png	e3baf59b0b6b161561d02f15a18f95292169f9555b534a636b20a447b64ece3a	84068eb4a2b955f6ccd7818a92ad56d62d7b6db2ba356e7b73752c30bd7b3fdf
1f935-1f3fc.png	2D/png/128/emoji_u1f935_1f3fc.png	39dc0c7596ec3f3e1c4a5852b5ddf5295ef4642bdc1ea991d8d6ec333226003f	d50861a8429b8f15e131aa8156698775a4d07a235afa7f1a3d94af4a155162dd
1f935-1f3fc-200d-2640.png	2D/png/128/emoji_u1f935_1f3fc_200d_2640.png	cda20a9e43debe75f01b4de8436e66f9c3113a04cdb8f83ab03a794719bd51f5	70a188add2fdec35dc2968541412955f22d4fa1b68a84dd68cf1b34d3a5bbf58
1f935-1f3fc-200d-2642.png	2D/png/128/emoji_u1f935_1f3fc_200d_2642.png	533091103ff2355089725c2be676704a1d42c880614e86fbf1cae7f0d81ab7da	6f4dada0db9122cb97e0350f5063727e36266306710976c0e35edf62d7be52ac
1f935-1f3fd.png	2D/png/128/emoji_u1f935_1f3fd.png	ff1e8939adc34dab0df32c5a53516d8d1838cdb1f368283ef88599b3fd313742	0188446b7007563d5f44e9c1228668aa257d4d1f3eb48a4749b08c7543d144c6
1f935-1f3fd-200d-2640.png	2D/png/128/emoji_u1f935_1f3fd_200d_2640.png	3fe613e9e8ea923a66542ba946bb6ac366b3f2cb34f2de77fa515c18a24b11e8	3cc9ce1d8ec98345adfdd2fe9ad7200d4509f8ea601e0a1cb6812756eb190c4e
1f935-1f3fd-200d-2642.png	2D/png/128/emoji_u1f935_1f3fd_200d_2642.png	9043647df745c77752c269360b8d147f75a3e0e9b471685d57b5888060b76870	95ced5ddc8878f2beb2ff269c5a732459220e50acf4747018b70f523b4b4ccb4
1f935-1f3fe.png	2D/png/128/emoji_u1f935_1f3fe.png	d44a34e6a9e3696061afd6dd92b15b172ed6494679f1e307bdf7a5149c80b2ac	2a573ce9b2da3c6fa083e381fe2890a4e573384bf1642613588eb1b6cd6a5e72
1f935-1f3fe-200d-2640.png	2D/png/128/emoji_u1f935_1f3fe_200d_2640.png	dd67476d2d6687a99b03655920188ebcc18cbe209a6f8cf235627f9345b81a8b	c9d4b322f586a9749e88d13a8082af90f644de1ef82c074dc00da0845134f8dc
1f935-1f3fe-200d-2642.png	2D/png/128/emoji_u1f935_1f3fe_200d_2642.png	aaa594fae6586b93a2167169afd671e12008dbb76c59a3c163b8e312d5877ee4	3f639934a68f2666ac74b9841d27abeb95ff8727c40547ee952140a3789f995a
1f935-1f3ff.png	2D/png/128/emoji_u1f935_1f3ff.png	c3d8665a693db0181c0ddb506f2d9ed59df38f634ebb93001bce149e828bc32a	0f4fb307553d20e1dee53d5b9b126e77593b1cd2d22246c66b76b1a1e4dd0c03
1f935-1f3ff-200d-2640.png	2D/png/128/emoji_u1f935_1f3ff_200d_2640.png	69c1be0ede712d3f86fc36e5bbc212533571b890481f20f5524222a9c96309c9	a88151c152147587a72e085ee5df0601947d2e5fb06c3c71975534f9338967db
1f935-1f3ff-200d-2642.png	2D/png/128/emoji_u1f935_1f3ff_200d_2642.png	a967d7f52e0239c4c47bee1f9b33325aa930ae8d4ff3587fa2993475b52ccd9c	d67bec27791ad0d6e1a0b9d5c040432e683fe252aa76654b219fcff4da1c0221
1f935-200d-2640.png	2D/png/128/emoji_u1f935_200d_2640.png	95d7a1c33f40d66fcc87a26480e0682a96c6fcb984587e42ce277ecf308d7d66	18df2d9e8b18dcbe12a38dde72183fee8e3256b843cd2e09ff96ac0978244a20
1f935-200d-2642.png	2D/png/128/emoji_u1f935_200d_2642.png	858f8cd68c126d3430e522498422eefc041a8f05e055624cc051778f49791838	e7da4227ee38d09f751d9a1ef2088fb47952dc9fdec80cf1ce6f7806921a2909
1f936.png	2D/png/128/emoji_u1f936.png	7b81b66d8f018b1f5c44b42701df32c01703be9fd2c4a1f5728709ef9753b313	aac7ed10da3d62d05461d3a2bb5472b118b42a406d52063e971e88b254e66875
1f936-1f3fb.png	2D/png/128/emoji_u1f936_1f3fb.png	cbbb83fac26cfbc502504801c4712de32fa56d122bde18fe051439c4eba50a7e	3806834542eb886739c89fd455e5b537e7e39b4a43a8a38bcceca7d021eec782
1f936-1f3fc.png	2D/png/128/emoji_u1f936_1f3fc.png	4bccca80a5ed8f0a7dffebee9204d1ec6822490c3d0df942156c99e493494d01	b057120d93546e1524a7d9851fd959c862e3a5165a59b24f25189450eb74f223
1f936-1f3fd.png	2D/png/128/emoji_u1f936_1f3fd.png	f4f776a34da194e9590608164b6564d22b3df072eab2d4acec6fd6e44f8b9c07	5f4649d324d00751618a7f19b2365e1b268f486213bfde155d0a5a2420b91da7
1f936-1f3fe.png	2D/png/128/emoji_u1f936_1f3fe.png	f982a3982e979a4e67eb8c165d1805a477d801cf3c934663043d8816b37940a5	9ccac6023a1f67500324ae2ee28c4d3e95a5be3fcaf54e9d22d201c04bdcf56e
1f936-1f3ff.png	2D/png/128/emoji_u1f936_1f3ff.png	a3c8889a121ab6f35ed1e7cf1a1f95aaa5f1fbc52b58175a0ec89bec16a99bf7	69431482904ffa7bf4c03964e27eb22f8f2cfd967f8828111af9713ca7be38d6
1f937.png	2D/png/128/emoji_u1f937.png	f8198c0ad99a60f938e32cc9108a95189dcb7405ce9ff1a620259fae4499c5bc	46245667ff05fa1892d4d5e6ec5b7a56450dee18b5514e1a060ca8ba9feda4cf
1f937-1f3fb.png	2D/png/128/emoji_u1f937_1f3fb.png	1be94379bc8040d68d771ce4292d7adb0284522457ea80276ca0e248922082e5	a5b2faa19e078b7fd53f352e9aae9ae01a6920f70d0a6bc66741538a139be4ca
1f937-1f3fb-200d-2640.png	2D/png/128/emoji_u1f937_1f3fb_200d_2640.png	00ca7caf103a7686b1594c761777ad61042243d3b15bd27dff44aaa4fa0803c2	c70676d7a6fb33db07b412765bb91a0d1daaa62bd42b04cad9e7ab6effa0e897
1f937-1f3fb-200d-2642.png	2D/png/128/emoji_u1f937_1f3fb_200d_2642.png	644c1c651374faa0448b31f50abff2dd1ad2e277da44dda5067c07daaf768438	b387a521df3b24567230e58a2e2f0b87c1ed8a0cc2e26913394b5467777536c7
1f937-1f3fc.png	2D/png/128/emoji_u1f937_1f3fc.png	337f447b21525b1282f6d0f359f9a071356baaafadaf164d5696c2f104656f52	f56fb8df39d608574ae3b874e32333629e972748c0b87ccca2bff0ee01bd8e68
1f937-1f3fc-200d-2640.png	2D/png/128/emoji_u1f937_1f3fc_200d_2640.png	f2a7b1e5b22e7111bb4c3c2c0a3cc2c03db1725de8daa2c140579dba566ed312	326c01d4587a766888e2d084c8c4cf7d804ce10aaadeba1e91b5f8f7d415efbd
1f937-1f3fc-200d-2642.png	2D/png/128/emoji_u1f937_1f3fc_200d_2642.png	3a15e242f6fb2f9e662a02e3a15db7651f43eb1341da80261c7dcb616309d359	3773fbe7898cb8f25fb8aa7c1ebd39ee6076d75a002f4bc4eeca135082f8b33d
1f937-1f3fd.png	2D/png/128/emoji_u1f937_1f3fd.png	32e1df545b909fc6e1991638b2d209a5c481e6ddc5838edd8c6737590c3dd005	d8e13213841698fd7970739b524f9683329ac3d30bc53b29e36a0e7b77322c24
1f937-1f3fd-200d-2640.png	2D/png/128/emoji_u1f937_1f3fd_200d_2640.png	121a42cb9bd0e4071b001ea4d8b6a20c878284642113ba7f776da6357c1af861	84f2feae7996d02a34ccfd53035f3b87afe3505e739263a4a2e1d0fc2be2163f
1f937-1f3fd-200d-2642.png	2D/png/128/emoji_u1f937_1f3fd_200d_2642.png	5b8a5aef9240fe84ede255395c5352d9d103d3763527ccc85c4bb3946b8aac36	484639601a860dbb071c2ab3df21b20decb406d99ecad2189b63f083bd2d9f7e
1f937-1f3fe.png	2D/png/128/emoji_u1f937_1f3fe.png	256d2670b646ec07845f0144043d8eb83856872aeb9e67f3c9dbcec8a4d03952	523ac70a8895cb0dc3e2334eb4dff0517e6069499fbbe630349c885cef3dcdbd
1f937-1f3fe-200d-2640.png	2D/png/128/emoji_u1f937_1f3fe_200d_2640.png	7015bf5f39dc8176558c3f4ee874c9c401ff561d8c1e59d7c8cba5daa4901b5c	694a8d3ec8010616b0e150bcef0973cf255a7cd4e166947d25ca8bd75e275532
1f937-1f3fe-200d-2642.png	2D/png/128/emoji_u1f937_1f3fe_200d_2642.png	82f5cc3a5cd1bb982922df8718682a7d003a71e659ebcfa50299578406c6f8ff	4105133fd88edcb8df04ce31ad7058c6e1888c6221a4a6bef6d7799a288fe453
1f937-1f3ff.png	2D/png/128/emoji_u1f937_1f3ff.png	3a26cc05ddf3e929d500622b1da802f57b5fa0a3a634282bf80561b1c1ba9c3a	f20fc03d0124b347940cfd6637ea70a76a28f4fba4824240ce1bf43db59916b8
1f937-1f3ff-200d-2640.png	2D/png/128/emoji_u1f937_1f3ff_200d_2640.png	3f7aa3994f4ce90421280024d107f4ec53196d0a3ade0d908fc42a7b8e71146a	b6ecbbcd45cb97aa66fcef96cdca50f6af040ce967f7d0ef2ee4dc8b9b6ba81a
1f937-1f3ff-200d-2642.png	2D/png/128/emoji_u1f937_1f3ff_200d_2642.png	08a4aa5e23ebfa8406370f155a4df9b4287216aebf6ce5ab559da5007941ef75	ae9d6849edadea36a8590a4f1a699ec53ba9a32f2e68035811e16aae73df972f
1f937-200d-2640.png	2D/png/128/emoji_u1f937_200d_2640.png	33cae0ea6cb80ba74a22b3809d2ea2ff1af62b5dc1ad97f05bd9d113c267668e	d434ff3c8cb2a3a08b063bf479bfd51b5ace891302e90fbb88b7922f2870f237
1f937-200d-2642.png	2D/png/128/emoji_u1f937_200d_2642.png	c1f633e23ffee019814f24505b96faf113123f261637627187aa5f6e37d9a8d4	feb389a08c90394f86131ccd734da7515ec366f7d7092e86bb1c863d73ada55e
1f938.png	2D/png/128/emoji_u1f938.png	248a204cd53bdee5f63981c47ffa2bb853afc062cd37dc8bc4753d874d955846	8f5759a87d27f9b2d9b70c2e2c87cbfeaf95e11464a1b323a63c63b3669eb98b
1f938-1f3fb.png	2D/png/128/emoji_u1f938_1f3fb.png	2329a1431e9b1bbdbc0bdf28a00dab8fd12d4903fc8953d661e93458361215f8	6e821aa99f0380a5be25c09498c2f7b2b8ded1310958322924b58b3b232cc442
1f938-1f3fb-200d-2640.png	2D/png/128/emoji_u1f938_1f3fb_200d_2640.png	ce69dcc671d820ac1395969b4e483f5f3a9dae3fa400eaadaf18b3826bd2f706	ec28cf108693f5a564fc946d53e0d1841beb6e4cb0e8599a29ffbeeb9d6249b7
1f938-1f3fb-200d-2642.png	2D/png/128/emoji_u1f938_1f3fb_200d_2642.png	1df638b3d13a30f6dabb60d0d7343b8ab2f21f6a78b602bafcab3f2a1978a435	a292660260c04990b4bd3f949fae3f1e22e8ed87e3607c8da9b59fb3ec5918a6
1f938-1f3fc.png	2D/png/128/emoji_u1f938_1f3fc.png	c11ad3dc38913d2deba70be2f42914b4ccaed7bc92e79970403fcd7cd277ab3e	cf3a59d1c259e742089e04e0cc2ac0aa30eeb7901dc191621313075324690873
1f938-1f3fc-200d-2640.png	2D/png/128/emoji_u1f938_1f3fc_200d_2640.png	09fb460cb808410326896023a367d016ae6f849f40819b1ea0f6863cb8efea7f	a9b83f4f026bb6afd5c27d5c9fa02ce33ec23e7e6c0f999f34ce0a5d3fbb2f60
1f938-1f3fc-200d-2642.png	2D/png/128/emoji_u1f938_1f3fc_200d_2642.png	369456d9d1ce046c0a6132d36ad1066f93d5507d7450fe4afe3cf267e5dd1d82	262de790523a37562aab1b4400ad9983338792371354a56278ad8e9ee827a9c8
1f938-1f3fd.png	2D/png/128/emoji_u1f938_1f3fd.png	eaecff031a0ec04540c966c03d69fe02c9734f39f5fb5ee138a21e4a72fa5b69	dd02e621be5e1e7da6ca6effd7e585041aad05214eca039749c98bdf00fa0684
1f938-1f3fd-200d-2640.png	2D/png/128/emoji_u1f938_1f3fd_200d_2640.png	1e2f7ce982ed8efcd378e431c186d896a28d6f37d8f67c5efe8b7387ab7bf541	5406885d1fcc0572e32233796063534b80ba1653821d79b8c554d3d858e1e3de
1f938-1f3fd-200d-2642.png	2D/png/128/emoji_u1f938_1f3fd_200d_2642.png	cb64b136e5f2516f5d800624542021887ab1cbcf422ab49992a8e9807f6ce17e	8d889c52cec96ee2295d2ba4e95d622cc247591905d654c25493c347c6de90a0
1f938-1f3fe.png	2D/png/128/emoji_u1f938_1f3fe.png	b39a844cb85c1ddc3134f580d29f5e519f137439f59a8793299e2a6cdeacd3be	992721c5260f6cf46c5ef014272485ac8b3f52022036e5e88f048592a295d15b
1f938-1f3fe-200d-2640.png	2D/png/128/emoji_u1f938_1f3fe_200d_2640.png	79e8bac37e40a05ceb0c0cbec011c5e6b68f40a0a8887e5d229a33b223189efe	a64f535ec8aed2dddba6c8e872a3eff1ce779fcff04d4b4d365163af4c161182
1f938-1f3fe-200d-2642.png	2D/png/128/emoji_u1f938_1f3fe_200d_2642.png	6e46df169754c3aa2f42818c5bb345bad6c72ecfd4ff7fcc207aaba179cd402a	c41d0dc15250fe02c8785dc5343b14b6bdf94f0c1ff59ba0e206ec9a5d2574c1
1f938-1f3ff.png	2D/png/128/emoji_u1f938_1f3ff.png	6ddc969c3d230046f9f364969d5344f7b6a6c0599aa67534b6367f51c677acff	d7c87bb3d329c6e6d4edb50791ef13fd45cbd2e5cd748fdeb5918f379391a701
1f938-1f3ff-200d-2640.png	2D/png/128/emoji_u1f938_1f3ff_200d_2640.png	0c03f01b3af7e5a790000838eaa057491a51cc0dc51f4b43dbf6ff2582170586	bbb44c97f0cf5af57e64d5b52087ff438500b264b87b62d298da016f7c3a10ce
1f938-1f3ff-200d-2642.png	2D/png/128/emoji_u1f938_1f3ff_200d_2642.png	18c69b37e8575326b7314d1fd69c62eec76f992836380431c63f384095c475ad	457b579812f347f61f803408851a4fa59752296f3d15856a94201ecd9fb66c87
1f938-200d-2640.png	2D/png/128/emoji_u1f938_200d_2640.png	c2add81f6f0c179df8a6cd44abe8e2ae973382441953dcda6d72c77e5b1cc533	84a74e49b69c057347869948101918f8eb51bd16daac4734b2849ff7bd4e8de5
1f938-200d-2642.png	2D/png/128/emoji_u1f938_200d_2642.png	69f4539a901e6627b4bb6e52cc455c4c2dc6c31320b2741fc414b87ffaf0b27e	b7f9bf410490fa160ce975392875629ddb679b28c47535940d8656ae0e2223b9
1f939.png	2D/png/128/emoji_u1f939.png	612343ac76aea5b136b3b8ec58df9559e1213131a7acdea81542754a803ad1c7	7f642f6a3fa4712af81a9a4a2b861ea0d938dedebd642f9242f3e3fcf38232a1
1f939-1f3fb.png	2D/png/128/emoji_u1f939_1f3fb.png	d59e8a82eaa9a0aaa6605f7addd4f5dcc51f11f796f8dbd271d4eff3a9c94d56	8a2011f8fe0988fa2b78855002fc316be96bbca3aea48f1cdf41906025031c2f
1f939-1f3fb-200d-2640.png	2D/png/128/emoji_u1f939_1f3fb_200d_2640.png	0bfc87db6d7fc95f550a8d5b923a369b528d8682081d05fdc7a5ca11b1e4f26f	e9fae3eb8be0e6c24b7c9c61cabb0c742a0049c70d7567d78dadb251b5adbd80
1f939-1f3fb-200d-2642.png	2D/png/128/emoji_u1f939_1f3fb_200d_2642.png	c42ff07686c1b764e3c070c832517fb16cd75bfc6347ade3e2f9844f6a5cceeb	ab948e68eea29e0d3ffe3fb2244f8c459b14095ea3f62d411ea2e56ab6794640
1f939-1f3fc.png	2D/png/128/emoji_u1f939_1f3fc.png	7ff6b51c959e03a60db0c89e775ef1fb1ab91a0d1e5cf97a328b2a89f3bd381c	b14bfebf5a994667089bece1867c1a2eb0608fc33ff7e9fc9212c58a532a3265
1f939-1f3fc-200d-2640.png	2D/png/128/emoji_u1f939_1f3fc_200d_2640.png	632dc7af4c5f87435fb20a94965cab273e750356394156d10948fd3958012238	9cfafc2020e9de4860fbe8b0e8464dc881a48adcd69792007452a33dd5bedd50
1f939-1f3fc-200d-2642.png	2D/png/128/emoji_u1f939_1f3fc_200d_2642.png	d95f3cbfe8a2d5ffb40d4c8acbbed8f25239aff903bf971c542a960da775af91	10ce47bf2a1cad97443cf5137ec3fed09068122e7bb87ecf16c95c23c32fd6e5
1f939-1f3fd.png	2D/png/128/emoji_u1f939_1f3fd.png	799d426a4644b9d95b600b8fe4abe25ef2d7652016c881ded69bb075db02357b	946be0744c2d80546ccda330efe8590978a4acd0a32cfbde2dc09cda4991344b
1f939-1f3fd-200d-2640.png	2D/png/128/emoji_u1f939_1f3fd_200d_2640.png	a2dcebb1f3aca1d72dea00f855902f525c673853175557e4fcc114a91cdcbff3	15dfc57bb7a1d70d65520a20b8bdc811e66a5c14b1e288edb0d5355269451756
1f939-1f3fd-200d-2642.png	2D/png/128/emoji_u1f939_1f3fd_200d_2642.png	37e165c77205f30b8e6db45e9991ab77709dd9fab73b0fa2fe4fdb98fc98da06	7709600c2636f91edee44b8f66abd4ed75ec6662d98dede091c84d9ee4418761
1f939-1f3fe.png	2D/png/128/emoji_u1f939_1f3fe.png	ef1613b5f6a388f4520e525305400596ce9da8709d353f6e90048610627c915e	1f766186ae601112e3e1ad1bb79789e101f0fcf9a42e3159f7ced95217649eea
1f939-1f3fe-200d-2640.png	2D/png/128/emoji_u1f939_1f3fe_200d_2640.png	79a1b6978a51901f6d7f13434ddec333e24d02e1c4ef4a490a3632a6b0846f72	a19115567a6fda09033d07b26293369efc71940ec76a648a283ee9daa4212d80
1f939-1f3fe-200d-2642.png	2D/png/128/emoji_u1f939_1f3fe_200d_2642.png	5a467e3641044af8704a49a66103f868576b546226b85db86ecafc3c8b8fb90b	145ef2b071234483f55af9745d19a73849563e25050f3ce5717e5a97f93df96e
1f939-1f3ff.png	2D/png/128/emoji_u1f939_1f3ff.png	9d347bff8c1c2ee225c24b40e929201dbebbc2e1b686930a99ad79fd1101e35d	8763fabffd84078d07c74e0493dc7cbec8b5939806c4d45624a1f7dfee548bce
1f939-1f3ff-200d-2640.png	2D/png/128/emoji_u1f939_1f3ff_200d_2640.png	fd1aec8b17e8615154108ebbad12ebeb9705305600f10f4b6fcb28469281759a	41f1f34d66e0e0eaa252a0dac181a5162cbfd0d1f84cad4520e2a9485b36a1b2
1f939-1f3ff-200d-2642.png	2D/png/128/emoji_u1f939_1f3ff_200d_2642.png	db87517081a81ba7ad577938e9a954d08d6cab9ffb511cf009cc08be63e81841	54076e3f93b82a740ce90fc74363427111b356c1aa5a88678cb2c76fb0ea880f
1f939-200d-2640.png	2D/png/128/emoji_u1f939_200d_2640.png	264f723d34f3474a0f970b01076676ac1154083dd070275b7a0cd55aad4e1437	f420d412cc252457f51f2fb78daddf1cda0a9e56d58c922cd42bae80cc958d9d
1f939-200d-2642.png	2D/png/128/emoji_u1f939_200d_2642.png	6dab31b21bf71f3a26076eebb0b67c9c84e3dc152b6c44c8d700a4c04058e52d	9bc081d7bfe2365a8e547f44945acb81bc157c756e0fe39c8e38e09b78b590a0
1f93a.png	2D/png/128/emoji_u1f93a.png	2457809d50720c60cbc12a4945438ef860fe3891660083ba087c4b9585391cd1	ef59ffcc6366b36ab14831e67a8ab11306f3a96367e5f40e2a527edf5c9b6fed
1f93c.png	2D/png/128/emoji_u1f93c.png	354675bd9fda1da1c6b64e1ad01fe26a72889bf2660b427159112fba453b5c17	4a4d2ec556e1ae44856aa8b7610a991b9697dd6ab32188c44044c84eb29d907b
1f93c-1f3fb.png	2D/png/128/emoji_u1f93c_1f3fb.png	cdbe6cb905d4a9b2e190cdea010a523355c58b554a093d7c531e948eb2440413	f54e7f8bcc05583f70b2fc7f6eef5780ce6cfe634623ccd8630fb52f32e403bd
1f93c-1f3fb-200d-2640.png	2D/png/128/emoji_u1f93c_1f3fb_200d_2640.png	5dda661c91b260c97863f1f02935b2f8747f9d1371b01eda6c56b07e628c554e	77efae690e76e5c9e6c346c46cf5c2faa848af7a0721ae06a0d7d6e360734d72
1f93c-1f3fb-200d-2642.png	2D/png/128/emoji_u1f93c_1f3fb_200d_2642.png	02fc9402c6cea130a59b0d310ebac80b199d3c0168a59b83aa8626a51124c345	84813b0eaedd9498adccc7e33105bf98053f843e9344ca5ade1c504c6b5ac61c
1f93c-1f3fc.png	2D/png/128/emoji_u1f93c_1f3fc.png	1ddc9bfd960ed17cdb4c4de1ffa29432a7ee0ef35252b17cefff5c2a0cd716e4	2da8db17304595e79e891334a2274ea6bd3f7109b8f4a1bb1921fc2d5624b2ba
1f93c-1f3fc-200d-2640.png	2D/png/128/emoji_u1f93c_1f3fc_200d_2640.png	c1fcfa033661f386b08adc3470d2edd95af699d33984f4ab965da524b99f5610	a5b4a8abc3868fc18a9fe8bebca2d54d757a8495fd8982a9dce69f53ab704ef5
1f93c-1f3fc-200d-2642.png	2D/png/128/emoji_u1f93c_1f3fc_200d_2642.png	ccbe057a0b2968f671474a096f0fdcf1aac4a4ce796891b951f8d7fb6b81bba3	c0e36a2d3bf1952b63214accec13d474ad825f689ce974633bffc961da32bb29
1f93c-1f3fd.png	2D/png/128/emoji_u1f93c_1f3fd.png	d809c3abeba3e465bc1d2553438d2f0297cd8f0df07f1116d58a709cab8d47c9	c254c5926f50ce507396d70161a361231cb2138c36fc2dd1cf7eae423888be07
1f93c-1f3fd-200d-2640.png	2D/png/128/emoji_u1f93c_1f3fd_200d_2640.png	6859fcd4c6b4c017912d51c10c9cace485e3e53710fc759f8f90f2df5e7e746c	9b2504b9c6c7f3018f0b8154c5f7747c7b1ab30fcf68bbad20268c4f45a116f0
1f93c-1f3fd-200d-2642.png	2D/png/128/emoji_u1f93c_1f3fd_200d_2642.png	152ef6601ad7bfa9e7a3d8c8e01866203dd0bf6cd69d48371247f64c1f83ad53	c684797ec5c7d178a472e4783bc829762041359fa04ddbe1cfcf3c518b61960b
1f93c-1f3fe.png	2D/png/128/emoji_u1f93c_1f3fe.png	6793ceee00c8cdc718c90f8d962a074b34e2a57c03a05c51921deb40a70b9436	7730839ab31c4a5c7d65e4af80b9ca23654af252a99873bb7a6e1d8ffec72e05
1f93c-1f3fe-200d-2640.png	2D/png/128/emoji_u1f93c_1f3fe_200d_2640.png	29028e75d8b7a5a809715a6820b581dbd26fccbf60fe908c92b9effb529b1a91	00c7636f419eb26ba57a4c9abd06881c59643db97a23e941cbce023cf937507c
1f93c-1f3fe-200d-2642.png	2D/png/128/emoji_u1f93c_1f3fe_200d_2642.png	921ebc851fb8986ac066890f2eb1237c6c56c826119c7059123a2f13278ca1f6	0779f7006853de6307f579802bd19712bec3b194c08c321380cf2b23fd481090
1f93c-1f3ff.png	2D/png/128/emoji_u1f93c_1f3ff.png	82771ebabf1ac79c67c2fbeea040f608c1b9b976ecd375c52123a8050c1c2137	95e22398f3cb8660f92542f77143adf9bd2a99490749816f558364fb94f24334
1f93c-1f3ff-200d-2640.png	2D/png/128/emoji_u1f93c_1f3ff_200d_2640.png	282eccd972b48e33b1b11944e8b129ec4df2e103ec1bb49caff7dae270af7504	91909cb0c9b1290aaaf0c06818503a39f214ebd33cfb755c39be4ede2725c452
1f93c-1f3ff-200d-2642.png	2D/png/128/emoji_u1f93c_1f3ff_200d_2642.png	d57434907610789639c5d50f8592ffe551d9de1566dde9de2f4e9427b32cf354	b3515a6398d4c48ede06514d749916fa79f799bcc61bf65538af457bfd63252d
1f93c-200d-2640.png	2D/png/128/emoji_u1f93c_200d_2640.png	10b4bea0b785fa60cd4ec51e5b6dcda9d1056459a09f8c810fa148e6c44fb51d	67ce932287b05a7dce2cda066a36a49dbf76539662e22bd93d965cdd4f3aa09f
1f93c-200d-2642.png	2D/png/128/emoji_u1f93c_200d_2642.png	f696eb24584f2f24f29c8cf8d2558fe5f62a27846a718ab033e37b27af16c093	06ea477a135ad3a80f977fc7c80aca0d7564bd6dbab12f86e8c5aaee502e1e69
1f93d.png	2D/png/128/emoji_u1f93d.png	cba8d92eeacdbe9e48a84a1b33c847396962ff206c92691f880e1bf10fc9e7a1	49d0b990503c3fad632c84ebca16b6af8ac582d74005c8392716658016a8f7b0
1f93d-1f3fb.png	2D/png/128/emoji_u1f93d_1f3fb.png	fde580443d4151833ecfa9bec46923f78eddcc42c9c32dfefcc46b1934bd3db3	995d586b055eb4c9d466836941958042ac30b04582a18177615879875357d25e
1f93d-1f3fb-200d-2640.png	2D/png/128/emoji_u1f93d_1f3fb_200d_2640.png	4962f34094c61daad78e3213f644b22e6808126d4f5a7a75cfd9fcaa7967d3a4	f8a03931f95180ffcb2a36dfc708949aeb3ee09c5be0d4a98abdaf0f4f63ca85
1f93d-1f3fb-200d-2642.png	2D/png/128/emoji_u1f93d_1f3fb_200d_2642.png	e227b01ad90c3ec65343d2b5d85e9e8ca6ef2c070e3d2d82039fd3cd888da81f	4f12ea77a6b05936b29117aec6ecc9844c3e3389981b7f8170b8ee8052ca9777
1f93d-1f3fc.png	2D/png/128/emoji_u1f93d_1f3fc.png	ab580e4904f81d804367da8dbc3ed39b36d7c96fb69244f9cdb18a70d8722211	786c5c8fd17866e8e14d70ee487bf063b1733ebbdcbe378abfa2df9f1af21408
1f93d-1f3fc-200d-2640.png	2D/png/128/emoji_u1f93d_1f3fc_200d_2640.png	d37c627e7172e9e6923b3d31109e4bfa4858ffe8e4905a8defba8ee1d274a469	6c3e6a60ae3ded1100cd3278384e96edbc62b49ddcfd1e79861a4d220f11e63d
1f93d-1f3fc-200d-2642.png	2D/png/128/emoji_u1f93d_1f3fc_200d_2642.png	78164c4cf43cb242d38fa4fea5fa958abc3c76713022bb4d37d024498c8a21d3	1f08120d88fc8a78291c1c690168a04ef8f53d59639f668f8e85157f4945912e
1f93d-1f3fd.png	2D/png/128/emoji_u1f93d_1f3fd.png	b455f3ccca5c1d985c6d33241fdb8f4f74f40a93de4ea9a975fae5eaa57f8730	9ec0ac91c243cecea0779ca51309bf53507189a1030b6a5a34c58f4589a8c9da
1f93d-1f3fd-200d-2640.png	2D/png/128/emoji_u1f93d_1f3fd_200d_2640.png	2f5905a8462eb17f491dd977b186d9534b2f09c915dcee09848ebf682d35e6b3	b2633f0dd9dbb3f0ab4b6f1955a835465e3df3d2da1372424afd415a8cd7fd50
1f93d-1f3fd-200d-2642.png	2D/png/128/emoji_u1f93d_1f3fd_200d_2642.png	5201097a891312cf2663c0299ba6f49f905ae0055902faa152dfeb9d1da27f24	5ad19eb908a3ba857c513e97f9c27089f1dc83cabbb4c0fccf0b0d0361bf5910
1f93d-1f3fe.png	2D/png/128/emoji_u1f93d_1f3fe.png	cd6a2694da860dca81ef11e2bd4bd45d07e1bcdd6946c2a0fdc3c03deca1a9c7	823c108cdd8232ae6a0745e6875564af1f3b8265ba27466a0e4743ae6f6b9015
1f93d-1f3fe-200d-2640.png	2D/png/128/emoji_u1f93d_1f3fe_200d_2640.png	110eb11e25db147c6cb80d72854f8b27fb8c25985561bce7673c2185e610a3e7	6f88a106231fe20a5f60d45667b80e5f52d28cc5875f235695ba9a7948c39d26
1f93d-1f3fe-200d-2642.png	2D/png/128/emoji_u1f93d_1f3fe_200d_2642.png	3da852695f9c1e09bbf5ba6c085771569f4080aa11406ee2906437a624466699	ef5c20da703c84ba602688f9f89009114fc834963265b988941d257980823d78
1f93d-1f3ff.png	2D/png/128/emoji_u1f93d_1f3ff.png	7c314263c31c27adf19a1d1e59ccd9de1a98aa8750a53d05cc0f264ef27cea78	7163a88b8d1e2a85d3da6ecc36bbafc3ade967b7b9840902a6b874711fcf90c8
1f93d-1f3ff-200d-2640.png	2D/png/128/emoji_u1f93d_1f3ff_200d_2640.png	e16bc2c555f448da409ae226aaede38dc67bef26994b86d18a1354688e27616a	8bb44cdd3d980d0ea6ec5998fb5485f5030b02e3c2b84671e35d9dc1bf059a5c
1f93d-1f3ff-200d-2642.png	2D/png/128/emoji_u1f93d_1f3ff_200d_2642.png	c3290876c1b4ba9c0758503d0be6d1dd2227aca431a10d482ea38480216fad95	a8af7b18b2567dc206adf2e7eed724e519bc318b19f4b4a7114f1c11f7bcda61
1f93d-200d-2640.png	2D/png/128/emoji_u1f93d_200d_2640.png	8e3cfb0d1f49ba7e3dcc0d47def3d5c889f20d1acb0cd6bb2af52adadb7f882c	b3fe3d9797274aa18bb694d2d7f4424ec7ce5fa931f4104b540680249d5818e4
1f93d-200d-2642.png	2D/png/128/emoji_u1f93d_200d_2642.png	661b29e35eef8744557cf593b2ab79f60372888e78ad341e0fa543b9dda5a724	37cb2564c86060657a830c0c6214c785aa3d08f43be0d6ed84df131c4919ddd9
1f93e.png	2D/png/128/emoji_u1f93e.png	a7967ef057b233ad22de784e9fc13c582754941399461d7c2c59f9866abc7a07	e40640dc3ab48a07ead3ea88803ea244ca4f97bc39c9d4f8ed272fa1ccaa5345
1f93e-1f3fb.png	2D/png/128/emoji_u1f93e_1f3fb.png	3ea8814ed2e60fc533209e63420fdddea114dd54c6475d451b2554fb89c69fcd	a3bc08e44da4c7213301aad0415b4220f29a522b03d9fad713cbb3071be4d547
1f93e-1f3fb-200d-2640.png	2D/png/128/emoji_u1f93e_1f3fb_200d_2640.png	3aeac83072d51e0802ae3822dabef3a151906f4eaf7e3007bddbc611783d40b0	3bbc674f100bfd6180907d3b4026c113e3db850de70ebaffd3ab1ca6c239240e
1f93e-1f3fb-200d-2642.png	2D/png/128/emoji_u1f93e_1f3fb_200d_2642.png	99c55d499d1dc5d2047c0e7cedbcc10cdda2cb060069f0a05b1a38a958e8a7af	57f789cf7212f10c1505a3f9fb208fb3c713cdfe405358428efbc714c03a9fdd
1f93e-1f3fc.png	2D/png/128/emoji_u1f93e_1f3fc.png	57cea2a4b217518e56d2d6d2bd8e1b1f920cc243e1564a5728bd68d7f56f727f	437dd44bb42dadf921bc6debe5c63d3e14f6b9ed935ef08504daacf534199562
1f93e-1f3fc-200d-2640.png	2D/png/128/emoji_u1f93e_1f3fc_200d_2640.png	dd1f927aff132830deeaeb061dce47d8bb3607355fb612a16a4242016edb0e75	8162f885324023c46aaf9356f5214248d85ad5a8ab29d524d37bbabbe08f52c1
1f93e-1f3fc-200d-2642.png	2D/png/128/emoji_u1f93e_1f3fc_200d_2642.png	758ea778cf38bbc2c220be7cbe70fc58ff74c501df5d5c9e599021cfad3dbbcb	5c50a4fee30559a674fa5ab11e4be2f7282c3494b327adbe550a510140592968
1f93e-1f3fd.png	2D/png/128/emoji_u1f93e_1f3fd.png	c1fcf71caed39bb647abb882585d91ad55c90fc573713f628113423b1fe6492a	40d44b3e9f05702d8cec00434884e3338514da837f0497e11bad74488394da3b
1f93e-1f3fd-200d-2640.png	2D/png/128/emoji_u1f93e_1f3fd_200d_2640.png	2415bf4135d6dffb18ec5ff24062ae84ac86bdce32a004306e52944a9f37c699	612a97ea4bbf503b94986032d77b95b53660ff085a1e04c9cf3529123a44031a
1f93e-1f3fd-200d-2642.png	2D/png/128/emoji_u1f93e_1f3fd_200d_2642.png	21cc16c1e5a30c24007a2190fc18a7c1bf23dfdeb4f2bcf89cf1161ae928550e	2dcae62464bf66f1af269f44d0f6505aa9b7ebceac1b95758cbdcd3e28525af0
1f93e-1f3fe.png	2D/png/128/emoji_u1f93e_1f3fe.png	9bb5175e110a6eebefa34ccd88b7718f75aa187f8fbf1d5a51a0620cad562a8d	7e315e159387f06e9ba8707603c25a76eca2d00192e1b710eea31f1053ba2b5e
1f93e-1f3fe-200d-2640.png	2D/png/128/emoji_u1f93e_1f3fe_200d_2640.png	4dea610d1abb7de924f995716ca4908a75455575bb52e7dcf1890e26e91e5677	cff8963aadbc16cb7114a2b47aafd51df37d02bf30ea9c76cc5db33c766affae
1f93e-1f3fe-200d-2642.png	2D/png/128/emoji_u1f93e_1f3fe_200d_2642.png	352900612683f747625273baa5ca50f926ae127cc66bdd1ee5022b352af14914	a4ccf4a955cb5c5c85502bf7cbd03cf0969abb1b81252f202c7f8d4958ee7649
1f93e-1f3ff.png	2D/png/128/emoji_u1f93e_1f3ff.png	71539c8648befd087f9e5a69321a2159caacc18472c6e9e8bab9bde711be10ab	0d750104badeda538ef8481caaef51e1bc6859ad4de9604bc419fbe19a4841f2
1f93e-1f3ff-200d-2640.png	2D/png/128/emoji_u1f93e_1f3ff_200d_2640.png	9faa6aabcd65ed7a6de089d44a3b48fa2823ee3a531999bfd63cec3c84694b01	d03c30a61874ee478c85d6cd91c737db129293c963611e9acd6cae485d6c104c
1f93e-1f3ff-200d-2642.png	2D/png/128/emoji_u1f93e_1f3ff_200d_2642.png	b581df5140c21fb515f75b195856455d318f3452b7531bd8079064c78eef9586	5eb63ffa3639faaf46bf6113cc92eade2799f84aa95b85869059002a626ec37d
1f93e-200d-2640.png	2D/png/128/emoji_u1f93e_200d_2640.png	346329593d4a1e0014ab5169cb115b486f1b8d416f2554dff8431874b711a1a3	dc6f1fd23d1f2e84a4af29cf91e4d24ddc76a17f674a0b469717cf6cd4033642
1f93e-200d-2642.png	2D/png/128/emoji_u1f93e_200d_2642.png	ae54e6cf7778f7d9ea01e0c2b525a52d5e955416d0db615ad0e28a7e623ececa	fde1f2465929c7d9c97a8073ad4c6748bd6c5dc76fd1fa2f0cecea0608c5f443
1f93f.png	2D/png/128/emoji_u1f93f.png	2a3a7dff2724e7c3e9ff9c2fd7ee45d9d01b0a9ace4a928b6291bdef44f556f6	491c70bf1d238d085dd7ba9e75869c4b4b08a52b411ccc2dbc10a5869e34fdff
1f940.png	2D/png/128/emoji_u1f940.png	59df6f4c23e9d6b310481050534ab4fded1d0cac1d1c8e13169a61c1b18d1a2d	e6e78cd0f3fd8d9abbc345e4838061eb249d14ee8a56834bcf5e082f48908de0
1f941.png	2D/png/128/emoji_u1f941.png	9ff9b3e1ae3a1846d76b7aa708ac753becba5778c45cc7a2a3ea1425f4026d57	4b40606ffa249b12e52f246689f92a0fa25f982dc290131ee718053578783233
1f942.png	2D/png/128/emoji_u1f942.png	8838f409a1c4d92f9a9a978fe8ff558468b75b803a782f16e823e14fbc8515f2	fdd51172663c2feb9ed443dcc1a455a523d398d77bf03c90be2688bbbb9fe551
1f943.png	2D/png/128/emoji_u1f943.png	318dab584476f0cb9316018c3dbcf0b3e17ba4008b3a8d82ba56aa28b2245f95	4e3cac1cca33d09a314021e1a0018a6053a0acd4ee28952cb9fec2261500f021
1f944.png	2D/png/128/emoji_u1f944.png	20e42a797e02d2d345febbfd6af2dd5fd3d035bb69c033dd573103b8a73e4ffe	3b8257acd108a1447cd8940dbd6a10625d17be89e791a7d92639f6fe5c94ff9d
1f945.png	2D/png/128/emoji_u1f945.png	5dfc067b14e37a69c94d9cde48d36e8b1c0b925d89a9a2109f543eb5bce2188c	6d6bc82b2a0ea71034ff0b5d734caafbcbbe204419a47a92e5fe179ab6a040fd
1f947.png	2D/png/128/emoji_u1f947.png	eebd0bc6161d451b0eafcf413def086f846825d3bfdbd8e7529d7dcda2a4bef9	6e1449580ceb9224966e24fadcc82e7c3ee39e92249d348e54cf57753f152e25
1f948.png	2D/png/128/emoji_u1f948.png	38a0ea6b7fc98a1aa6d415d99271bc1b9a6144454c602121abbfdacbb410a01e	f267634ae533e048552362eb353ac79db9c981a9dd267b53d3401202aa6937d5
1f949.png	2D/png/128/emoji_u1f949.png	24eba55e165301028ad488e5b6f33bd8cdc99cd94cfb99560ee3aefb3e169136	a17b8a33910179682229217c209b712ac23d2e05d41298d8d9b3aa8f699b8d20
1f94a.png	2D/png/128/emoji_u1f94a.png	c36065735d1731adca043db5218078dc6d54ec0f8e82d10f1ebd9134499044fc	487d50843ae7291952d4154157ff47dd08920f78f4b614a8657b16b17e8f77eb
1f94b.png	2D/png/128/emoji_u1f94b.png	e601c57476a5747c0961fd60bc72fa0af1d6ca76a5d297c5ad734e9b4d408ae0	4e88b34b8cd1907ca9d5dd7254f29f863512779842d5d22983224c9db8053088
1f94c.png	2D/png/128/emoji_u1f94c.png	6cfb5585c4b484479ed54bba4bf24dca96949154f9cb5e06b62797d4f11d3853	726416dfeb833cfdec0e205e5694588fdf9b45f1a60ba34afeda08ea508d0dfb
1f94d.png	2D/png/128/emoji_u1f94d.png	7bb8722b8bc438ea198305f3aaa8b43f00f116bc6c62f1b4d8d17f418cfd16f5	700139b6a74d70c7c865db2755ce13775a6859b04d9342f63d55996d921fc320
1f94e.png	2D/png/128/emoji_u1f94e.png	2389235777ea39f8f594c1e301372dc34ba485148bb066e4d459695bee874ff6	f6a05b6b9256911d0e07222810a8414e21ea9be99f2a96dee40ab699fe5f2ce6
1f94f.png	2D/png/128/emoji_u1f94f.png	54f319cc169a9db31145559775d658a4195c1de9a20d43c21d01d5cc61b58e93	ea3e2a1ea4aa75ab6866f50cd0110591ffaf62860de7e2dc82759389a9ad14c6
1f950.png	2D/png/128/emoji_u1f950.png	d4205212865a37f5502ad49c3fe3d9e9605eec086a86597435c3b666d68d568c	306ee7ec68e5224805e40710480d2678737f75825bf69dea2d5d732c7886b3db
1f951.png	2D/png/128/emoji_u1f951.png	10b26f3fdf9e1357ef1b73b37fbadbb39b98a748b8f0259159a05100af10de2a	49e57a619c376b7e011f5ce2d74b4a7017bcc9249d1666f45a947849821df2ca
1f952.png	2D/png/128/emoji_u1f952.png	7d385c16130f0576cce195e9c3e30853935f300765e4efa8582c0242d2f6077f	e045501eda7e90588dfef7ccf8840e4a33b27a7fd5660bdbfe8e9e098ca2fae7
1f953.png	2D/png/128/emoji_u1f953.png	83237fc99b9bba4285bf1e590a8a26abe7dfd1d79c82245c978b67d72c05f138	32ed701f90372361599e622a50f9a67f5902f19cf7e19bed44d982809504b92d
1f954.png	2D/png/128/emoji_u1f954.png	edae7793c3c3bd451904833d9223cd0ab1ed8ed6899c5869fde59bf67dce04f6	d4861fceddd608cd5c5d7bb2d335c232434c66b90350e3d535137713122fa519
1f955.png	2D/png/128/emoji_u1f955.png	57caa3d73c07af61fe0e3f6b459733577d5565988596a6a0db9d79b39a5fcc96	37605d508231447e840e0c4feb9404b3a535f079d53fb5c37a3c23cbfd332d5e
1f956.png	2D/png/128/emoji_u1f956.png	fde4fd1902dd94112853ebd37df7bda78c83a250fe4595cea6659849059e1107	b1a077120a7241e0ed6c029c5c978f0804c994a1930ee5fe73eaf1d8a9816b79
1f957.png	2D/png/128/emoji_u1f957.png	ddd99a4c7c320fb6f295cd7e163874800b0568b057737df9dd6f5cc717d1dbe7	b5d5607603ed60a3bee4f1a7b56be4c9973d971b46bbf3985e5b9949e6812e66
1f958.png	2D/png/128/emoji_u1f958.png	1b40bb067546e94b07b50dc2d70b439375039e75fc0efa6f7aee787e720743d9	67ee90ac55e82a51a2ef2b6408f3669e3e41f1d48b545d2a291f965f313f9401
1f959.png	2D/png/128/emoji_u1f959.png	f7ad2d2f5054ea46bc1d25d843e764fa14e1e92e983b1f45cf9707696a6f2673	cabe0ce5a6ba3b837aef02df91e26e6892e0c7af715a1b80f4050484fbb9c8c4
1f95a.png	2D/png/128/emoji_u1f95a.png	72b5a5bb4d96f2fda0c5a0a63a07fb6bb4779ea21baa75bdfddcc7100eadf531	e2bb55fe36827a020285e062594e22868c3536dcf78b17a2c5a5cd146979394b
1f95b.png	2D/png/128/emoji_u1f95b.png	8d8ae2f926acfbdcc21e9dc579b55ae116478e944298bc5e13bd08de7e770b6c	1d551b2ebb6ac403bb83e226798c302a8865582a9c743b8eda0451082833aa00
1f95c.png	2D/png/128/emoji_u1f95c.png	fc07d9f25dfabe6cc986f385dd768a1cfd0dbd3848e9222333c7769b8ba5ad6a	e40f4ed5e9b84a8e305a4942c66a95eb0384b74f873a810b589294cc45dba273
1f95d.png	2D/png/128/emoji_u1f95d.png	dd39d04babfbea79f14a858f31c116b66a4ee389fa9d51aba0468d27fcd1d517	1ee2cabd9e742cc3b0afbc820f6f4a9967ada601cb9f71dd87edb2e63debfb3d
1f95e.png	2D/png/128/emoji_u1f95e.png	337874cd18f9ed8e3c77d3ab6afb41914f9e1cf88e1e6ee53fb821fb61fb4608	37311c19b8ce3135205e9a9a6f0d066061ea859566139532db278c629722a32f
1f95f.png	2D/png/128/emoji_u1f95f.png	a265b791b0e0a26d643ba4e1aea3410378686bf0149539fa9bed65e78e2e0258	a54fdf54a031d13622d62741280c1285eb0fa5c1290ad2b499bb49b231837f86
1f960.png	2D/png/128/emoji_u1f960.png	b700dda5e12e74958a2373b6ec55832f90fcb2055c74d663de10b925fff52dc8	23b770ccc8e288dadef4ab8d29970d9a626da78650819a1e3810bb4bf100a94c
1f961.png	2D/png/128/emoji_u1f961.png	3e37d1b2e8eba317528a848ffa9ed9753c78a84f6eb0db7454e454aad1707066	572e0047d6da2d298a1b83086fb0743acf1611451f1a2b2b4f7b9066e49bdb73
1f962.png	2D/png/128/emoji_u1f962.png	345571d4a9b34fe3f63379fe4394c6b882f59638fca1f786e298336a3b09b42d	e8e28861c6dcb69fa611712f2c53834a8e58ffa8c01296647282bbda21a6dc88
1f963.png	2D/png/128/emoji_u1f963.png	4bcbbd965de0b6a52c260bf7ba03feb844fa07aa42b8952fe7b8204cfeb887d6	f81ccce919caf89ba866c3c6e90e2fa920449da89bb177d11159e2ca2e2c99f1
1f964.png	2D/png/128/emoji_u1f964.png	8cb123ef0b8fe14d3357fab3e61206972c353f0b1364ede2e42299c6831407c4	0d5d60b5206e4ee1baa71388cad2e7659c19be5dd6340f9ee454b0050bddcc1d
1f965.png	2D/png/128/emoji_u1f965.png	dfc9c220274f54bfe02f8b708c03594cf4f5af9b14e1a00040345d863e45e9ad	e806522e6748b54defbc478a461c8176ffb3f4dcbfedb5153b6aa0874c3c8dbb
1f966.png	2D/png/128/emoji_u1f966.png	30b4e02afa8e153abe030c2203a6307db15330d3facbf21fdee32b6010c0a3f5	6ba3f1c1ea8ccecc3bbf3cff55c202720505e7c740a522b228f3c2b8d3670964
1f967.png	2D/png/128/emoji_u1f967.png	65c85686016b7d1afe77cf38d3e9c12afb9af399ed2ba1f57701e1f70c032939	7934efc3e1f8ae99349541e69d6ffcf47684753966ac67d5bd8620021ffcec09
1f968.png	2D/png/128/emoji_u1f968.png	8a0ad41203979e71d9a7fe9f52e82149b798b3094754ac6b8a3150cdc55798e9	42280f05f42af913d92d0346ade2eb39bde85e0d3d323b9527baef2c4c20fb56
1f969.png	2D/png/128/emoji_u1f969.png	55a3c9e9c08d30feb1548be3069b4fc63808591a795f6d693cb01b7eca2118cf	7f31dd79999c1ec412225b562910a4285e5c4b1ecc7acbe3eff99e6e9c13bfc7
1f96a.png	2D/png/128/emoji_u1f96a.png	301fa014118967298b0a300ef25b2beda5e396ff6c3e583e5fb1a66331c58520	c64e753d59d60bcf9eb5217faa0b76d85a05b4598c628e0d87b819bd1381aadc
1f96b.png	2D/png/128/emoji_u1f96b.png	61d1209c1107939ea4d3e7d3830ea1cb44d3b544296462f1101436ceb2ddc8b5	581eba873d1376016661c81e1889de1478567aed8bbe87b2e76acf6e7a23d425
1f96c.png	2D/png/128/emoji_u1f96c.png	5817bf15107d502a9a203dd2bb755e8ba8847c0c4574e1898e795e6fd4f59afc	cd8fdfa8234d9a918e7630edf8447740cfc10c852f7bf35ecc300e55d3006a1c
1f96d.png	2D/png/128/emoji_u1f96d.png	875c18ea00ca0cd76277b23686c692b676bf32c096d02f392eed1f337e945922	b82e4f7dc88121153f7c35296940a84555b5a200404bcb718d63ab1a43412222
1f96e.png	2D/png/128/emoji_u1f96e.png	3e02fd1d572fed9fb468da57b1b2f80b81ae80f047ff7873327035abe40fab28	798dee31722be7e36caf47c920b01cd28f7bfee4aaf4159c7565bf9a9994ba78
1f96f.png	2D/png/128/emoji_u1f96f.png	7035316810cf142608270ef56e5e52f382c2920af4fa7e1ba2fac35cbe6e0873	f153854273c2f0ffa454f12d704447b942322ae2aceb27d7e0c74b2c3c492f76
1f970.png	2D/png/128/emoji_u1f970.png	ab8add9f4d3dfe247a013c133bdce36367743010ff3420fee9cca894520c72c5	b4cad23e5ba94410595ea20ff47c607718fa8bbf051724121b3b7e516b39cf78
1f971.png	2D/png/128/emoji_u1f971.png	072083be318ee37488251116223048513db95bf897564fa8ca5caf7c2d19e428	f3c0dcc44c189deb1e671073881afb39c93a0ea49a2379fcc1e9e156a950405a
1f972.png	2D/png/128/emoji_u1f972.png	e63159b6e6fdf9e2932c1ece20807637ceee5bf3af9339b75ab4ca3f968881ce	832eda927bf971c3f593a696d71ac080b8c954390dba6fb69f8a45ab19ead44e
1f973.png	2D/png/128/emoji_u1f973.png	1df4fbcb0b7e9073f271422dfb9aa185e54830ce21328f448b7a76ada1681c4f	6808f2cde43d88343ce500f48088e4301c9c60de49b03d8c9a299f90e9e4c927
1f974.png	2D/png/128/emoji_u1f974.png	d2eea2b618e4c74d8a70cdf6ba517036c60de01f27960beede49753d1b68fa19	1805d440760cc7a0cc8d17cc9457a27ecfd2948004f7e3514c0c0a51717f129b
1f975.png	2D/png/128/emoji_u1f975.png	27aff0483f691f5a232fb2c35725ef1663c958972a00125351aad0b6794062c1	a339107cbf3013e8f453148c1dee9bbbabdbea59e765480e8eb3d470ead1de64
1f976.png	2D/png/128/emoji_u1f976.png	159e7e74a082b74708cecc8588af8ce5b3e9953e2a0990e05febf7d6a75e36d7	2e413ed9a10f3c65fac4072fd2c4fcb21b2bf8113c6158b8afaff24ea45e43ac
1f977.png	2D/png/128/emoji_u1f977.png	98d61afe8e80ff4e1b3a1aa8e7d6c902dcb893ecd5c9630734993389e21085f3	28ff3f5a128aa21b6ee7ab8ade69e98d4c43f5dca7bdb461ae398719dc489953
1f977-1f3fb.png	2D/png/128/emoji_u1f977_1f3fb.png	dc9acec3b8075595bcd12b9fe5ccd60b5444947509144f0f022acfdd9a23b3c5	d1799e997d8314cbaff9421bd153d81a03489a26387667b51dcb794618ff84cd
1f977-1f3fc.png	2D/png/128/emoji_u1f977_1f3fc.png	8c6dec1128447ada0c047913b771776cb2806cf50e4bc16cdeac61cb6b598c81	b5ce28150a416ebead5fedf82e50a3c6ca14c4203da75c6bf7411662d4e17384
1f977-1f3fd.png	2D/png/128/emoji_u1f977_1f3fd.png	0b94f84377fcd013751efaa41df749fb8391d94705d9dfbbbccb71b3ed183e29	e4c5fd801a5e1a1f4f56ae97cfae3dd80ee3fea31b56e9b9e5858be56ab514e2
1f977-1f3fe.png	2D/png/128/emoji_u1f977_1f3fe.png	230347722a8db3e2da74f54b0a71668012ff7cc18bdbe0bd880416b9c06dcaf1	fbade601ab2ffed6718236603bc11696dcb9ea6d529b43c98cfc5f36800d6d21
1f977-1f3ff.png	2D/png/128/emoji_u1f977_1f3ff.png	09b6bc611d118ce154b2340f3be2776d2e3879605acef6e50dc44607e510f170	7988c88de81e8e5e2109cdc69c14d5fa9326a90ea660874218987cc5accda67d
1f978.png	2D/png/128/emoji_u1f978.png	095a08b184b3e394f7935da7001d387ef83a126a74cc157930025a7475d0dd35	c6330d74ba59c21caa255a2bed01e8fafbcab2a47c75b3699999d122e6a11de7
1f979.png	2D/png/128/emoji_u1f979.png	f2c37898c2bfead7651ae5e18b38a1297fa2d104f5504c0300ecfd6a7b63314e	674d2757bf80f5f81467c196078a40995030503a82271a0707790e989a8f64de
1f97a.png	2D/png/128/emoji_u1f97a.png	f8986871de667010851c15ab1f706514f958d7183d4ba4fa3214d1e00d49fdaa	9abd659d317a634e04ee7556ae1b20cbfd576477cb2cb69e4a42a2b693cd55bb
1f97b.png	2D/png/128/emoji_u1f97b.png	169375d8b998a8ac7fded60157b092ce897a81d459d4507c747a94fa4091dfcd	40d3d1fda95092792b248dac35ca7eda25828cc6138b91e70cef5ecc45725888
1f97c.png	2D/png/128/emoji_u1f97c.png	9e0122bd187ea27f35be72cfd33966c367e801e273e9ea30cb6c6df88fff8ecc	fede17138dc1d3c91e2449f1451416d0ba5cf22d9f8eec38892cb938fa557170
1f97d.png	2D/png/128/emoji_u1f97d.png	a23c12e92205a110d9f866773f390cf7a2e4abb6d7639705c8efe8fc4033f952	aaf5ccb88123507cd0597b20dd86372e1370b23782857b20ffe09219b35f0ddc
1f97e.png	2D/png/128/emoji_u1f97e.png	bdf3bd50b125330d43808c96a825a53c61f3dcfd7aaabb4386cb354c0fd82d3b	f4e48f3fe5c9e09abeb9d69bf7a29e6027915239e47fe0d9d610da14f2fd2886
1f97f.png	2D/png/128/emoji_u1f97f.png	36f3efcbb31c2f88a16d75384e7f442468982ed816705bed5984f8dbf3de28fa	24f0bc6a83b0ee9db43dd19ab66d4756689a2c9b77101f423a0931320556a1d9
1f980.png	2D/png/128/emoji_u1f980.png	e8ffbfae22510df9c0282d38f6643baee304b7c679edf12040c04608a3af7a5a	3e3c25e4da8996bae4a1c69324e4064b92e88c4748a1c17680045c1dc8286a05
1f981.png	2D/png/128/emoji_u1f981.png	c81e4d0b4f158f9ae9d6a246f633b031080328c9c053c4a3b20ca8986dc2c996	09d06c2afef70b009b052de7bb8e958cc00b680bb376d02cba0247143db81b8a
1f982.png	2D/png/128/emoji_u1f982.png	b2a4dde150c56f5fd33e536fa1c090fb5b4725a980e7eb67d4fab56d702e329e	db50319865b30b7a85600fe9b1f7f2488436198214ee8ad9f8f4a59e55ae0093
1f983.png	2D/png/128/emoji_u1f983.png	713c6ddffc86773df4c827ff7039e64544dbbd2afd2820e9c5bbd18e7e8f7384	7f42c32a4e1713f97e378936c0c9a758e3f1126a24504de3989a1c696e70449f
1f984.png	2D/png/128/emoji_u1f984.png	dcf1effa7beb50c726faa57fb6848cfec8afb591feadcdcf48ff90ad1bd43afa	08abc50cc5fc8259064237eaee7ade43a10ffc2506c520eaf914706cad65c2a1
1f985.png	2D/png/128/emoji_u1f985.png	b3344e8fac7d8e865c60ba1b7859b8ba68767638694c37a4c700770ac10fcb58	28dc08730bb2df1313bea896741159e115ccb264d762e9d6cd57aa541aa2e541
1f986.png	2D/png/128/emoji_u1f986.png	13556a4b8e591b923cd8a8ae9ad464942579f9f8aa7e51f3dca3111249be5723	0c5c94fe32b50c67b1f791bb65e2d3f37a0cdd538ddd163191c8e1e17cd0b044
1f987.png	2D/png/128/emoji_u1f987.png	5e62ffa116b66dbf2c3b4cbcbef844064d6201a83a4e63bba4ddb1b7c91f8ec8	3eb6bc1b2294d953d09bc62b59f4b0e65d890a9e3a2365cd240f752560db60cf
1f988.png	2D/png/128/emoji_u1f988.png	a30578d20008240b458b19483c157909dc51a43f02b156445a8fe71a2dc6f031	46aa822855e3e8e795749c4e26d3783a13b2d6c9cb881ef8e8839e08373224cf
1f989.png	2D/png/128/emoji_u1f989.png	d714d6452b9fe4acae74b1c02dc3e6b42bf1c2762c11a74090cd1d53d2553a5e	1790ea5a6aed0c9fb47992f458f67d81b5b9252acbcbb41a6fb65fd5a66655d7
1f98a.png	2D/png/128/emoji_u1f98a.png	0f7730ca357c0386239a4ff3431f1fb16c25ad1eec3c715f53f4d9a7a72c37ce	f06806c674c88c1443cf8ca59d4c62a582a4792a8d3e34908e738f15853d91f7
1f98b.png	2D/png/128/emoji_u1f98b.png	31af3062d684f784297deab9a640ed38c29a2add03d78ef1b298926dcd194be3	d24c9e271184167e45914d2ffd50e37cff809ccd0aa0646198952194de86b05b
1f98c.png	2D/png/128/emoji_u1f98c.png	9913aff7dd12b2d56a15cd481f52932973bf465cc9421c8c09867e0997236e2e	517278413de16c225a939eb6c9693be884bf7fb5d0f556bd872bcea7e66b4d0f
1f98d.png	2D/png/128/emoji_u1f98d.png	8b860d499f7f913a8ff45483206ad1e2da26ef14301bcd238434014fefaa8868	f712c4a94d0f10d31eaf8e3d24d5cb01e62ffedb50a11d8b7a508fe23d4983d7
1f98e.png	2D/png/128/emoji_u1f98e.png	47365721eeb96705c251bc802ad38f36b975e6e45b337219f3d0b50b639d414f	23854454f9e0dd226f09b4384e22c3caac68475fcb7a07982f8e96c2de6d7988
1f98f.png	2D/png/128/emoji_u1f98f.png	0dfc2d0d582badd88a51114c375c5f3c280e54c4155997c631f5f2add82a5762	366f0625a2d183b133ef3cb736e711646fb0528ce98b5d7fb848042f69421b8e
1f990.png	2D/png/128/emoji_u1f990.png	7dd7d5a13cfb2d1c92578750d628549a91d39e7abb4a5460d4643fe7af54cd3a	859c2d165658a0884f798dca3370a8d4cf4934551c8007e42ca9dd18e0d1177c
1f991.png	2D/png/128/emoji_u1f991.png	934768ea4064c4bc05461e8af7b6c8a4e58f09b2227837ece0ebfc400b67e466	aba73db48303018f33fe654974a37b3db9c88ae8e0765693e654a1af5448bcb9
1f992.png	2D/png/128/emoji_u1f992.png	9706daefa6f4dffa8474ccc21da14bcfce37c8be1726f6845164918b69a0ec1c	6f4eb6a1371ca7c80a32866e0a417e30ec64b5f342a236a328539c8825b912b6
1f993.png	2D/png/128/emoji_u1f993.png	bef7f89f53066fb2f489f1f5605726f69bb428e871d8334401aad6cdb0e65f2c	faf801a02fb2098a5bb8311d2b96e2cf335068fa3e9c5967efeea306992f5f0b
1f994.png	2D/png/128/emoji_u1f994.png	4f31046d11261dd1ae06040f1e482f957b9f6a18b4a206d867ec887914d59a5a	616e18378d1f09740e000231a3bc4edbccb99775ce0c1a1cfc75188363eb0d2b
1f995.png	2D/png/128/emoji_u1f995.png	a9eb46f8b6d1ac1dbca9e8d98e794c441c0eb5a5eb09a8e73e9614c064bdb1b5	1bd4e90fd78de16be6cf6816afb25f0bb8a80e29eeed523cec6867c122f5e524
1f996.png	2D/png/128/emoji_u1f996.png	1874e376f57a06c5b972524a8663125db79f93d5d05e8156b86fad300c560824	2cb77d8ff5d2bc20ec3386e7ec4b25ca255e84be0398925d51e7428e6acd14c9
1f997.png	2D/png/128/emoji_u1f997.png	5bce34b80640cd5678332a859a44f35cddf4324672bc4b5b4f3ceab03e147189	0e6e594ac3ce15f3bf7176b6f3eb37f4ed157467f069934f179917b646dc3366
1f998.png	2D/png/128/emoji_u1f998.png	3599f2653848c7071fd1d068c67d7fa39f84b0854be21bc3c3f6b19f272129d6	4f8e7edfe7185d0e269429275c8c2293b2ff9e910e91f58f29b97aefdec07644
1f999.png	2D/png/128/emoji_u1f999.png	a394f75878d9414c4ab325c79ca07bcc4e3197ad407178398741420f69df5ad5	69c7722927f1ff7db6d2451b468a6d2a8e998ef6dcb059c6cedafd6c6e4c02cf
1f99a.png	2D/png/128/emoji_u1f99a.png	33c97c1b2ecbc7b8a1a3a573bdb0da75f95d86bf8ec0fa3afabf54ad79d737fd	4ea653cea2aa7e97bfe8418c2b9df4042da2e794956f30ffe82d4a4e700fc651
1f99b.png	2D/png/128/emoji_u1f99b.png	df08c0b008fb857dfb1f50db3766cec9cb6bbfa94076eac635ffe8e8deadfa54	bdfd3947b727be4ec9b96e4ae818f49ad090d5c3d5112f3bf6ab41a891b148f0
1f99c.png	2D/png/128/emoji_u1f99c.png	f2922a96fffa54349c586f19ca028997e18b224b2e6ba4cc32ce67f6cd60b5f9	b97a88546ee74979e66d75c0aee73d9e78377b3482ddda82513e5cf74eb632bb
1f99d.png	2D/png/128/emoji_u1f99d.png	f2501e90cb53249f117c863dd46428e6fbc20132e14be96d4005e6034395eb44	467ef1e281085705dc312e11cfe946bc42e61d7932a452f1a9c2c8de17edfd19
1f99e.png	2D/png/128/emoji_u1f99e.png	f1ca88566920353a5bc21d751d3b103a449d5faf42b157f431ccf64ba4b3dd99	37b76ee07b4189df40fd41152f159010bd86ecf49a8ae3c03c68e90a3e1b8d65
1f99f.png	2D/png/128/emoji_u1f99f.png	4e787f18b19cddae20957ccd5e6157f532f6b366e1e9cf4ee04309b82a4a2d82	198327b424233bdca6467899175211e911585c440f7bcc32d7fb2470d87d5dac
1f9a0.png	2D/png/128/emoji_u1f9a0.png	ad714aa341d429ea02a7156b86c7d99396f01dbbc58a9e2a1564529e55745114	38c2f1943c315a141213b8ea356b24c5c14e09266746ce4f362a5a200f9540ae
1f9a1.png	2D/png/128/emoji_u1f9a1.png	79f95f776488a29c7a7bd52188eb32ad12d4dddc5f82079440729d44d061e0cb	6ea2a9b0ee8a77e161eb1a412ed973d81a61074f2604ba694212b1d695287a8e
1f9a2.png	2D/png/128/emoji_u1f9a2.png	81da701e377f46769029ef2fcb22b1cd96e3e5e9247f235e10269ac536a0e528	55613b551d1ae4d60caffe8d1372af75fba67d2f8c2c350aa54e3e0a9eee862e
1f9a3.png	2D/png/128/emoji_u1f9a3.png	9c2970c9b5f9476c67db951f9be7f44399a17965a689346496aefc117d76c768	8be0159e273e585a020c7cd56836b2ccc5c67605ef23db4d250e08b607f7f16e
1f9a4.png	2D/png/128/emoji_u1f9a4.png	b0ec1344f8df8774c9128391afc89628b71ba6bc162e1eee7a6f8a2e118f1d24	3f5e226d968c2b99f756f8e97f1c677c0092cd97667346ede9f8dc62df6ff7ee
1f9a5.png	2D/png/128/emoji_u1f9a5.png	74b6deafae4f94250e428032de8576de132946f2e32ceff068bba750bc6353fe	e46cded3b0245f2c4d0d8dfdc1c4e5d966ed2992310b061647995ffd76b192d0
1f9a6.png	2D/png/128/emoji_u1f9a6.png	34ac0217ca170a4df951057c5ac8f835fdc4a1a0487089798c527c969986cc8e	e437cfd0f6fc058f3527c15864ec2f3b5a2c38122e14c57d0b5847a39a23879c
1f9a7.png	2D/png/128/emoji_u1f9a7.png	4da5fd8df0bf44dcabaf12f307d080616f30800915fc069ce9f6c13ca3d0c65b	1672d7177bb5cfc216f5c243bcb6b281911d8cc1642efa5c36458705a51174ee
1f9a8.png	2D/png/128/emoji_u1f9a8.png	53a4433ae4f383202d7f4465362b5a47fd6dbcf4eb09f0a1bdae9e535bed1bb9	4498f9fe35c83079516c4de918c6ccf4aadcaa18e026395c851a5b6401221c61
1f9a9.png	2D/png/128/emoji_u1f9a9.png	812e50e39c486c24e98d612493e669495ddc9664802a68d0e05f3400ca75b99e	5ec090e30f9c72525df418891bc62879fdbb89d72c91d52442f67aff26f557a1
1f9aa.png	2D/png/128/emoji_u1f9aa.png	11de476e2b1ef5a80244b624eba857fc6a644648d2f759c65315b6b93d1c73f6	5d544f72912e98d79bf704c0af4f201213bea66ba816c11806be7c2f3f45916d
1f9ab.png	2D/png/128/emoji_u1f9ab.png	750c2fc94f0c59591cd3f3ce37178f84b97957740b3c37a9401162aa6c860aac	fc610e1698fdb7b6ff06b0c799513dc390c8b2640bf0e72b749c2d8edbe0e6e3
1f9ac.png	2D/png/128/emoji_u1f9ac.png	69aff9eaf64781fc41e69b8d1e62175234ceee49c915ac809c2214b9ab93986e	3c858a1c6de40a712018637b05cf92da7dca50caebea2647257d81c4ecdcb27b
1f9ad.png	2D/png/128/emoji_u1f9ad.png	e6ff4dc952ee0b8ac809adfccd4d70cc6894c45d7e34d3856506bb80c03c19a9	358bc5c50746cbccf2a57ec93d92fcd0d5867f58ef0ace68012a9c6d9cf6e614
1f9ae.png	2D/png/128/emoji_u1f9ae.png	e4e2000771ed0bd86701e3c9d29dac433b5591efcb5568912d244ecdba82f48d	35575c909b747b2ae786160ef38e4cd42a6665adcd4b4573227c3f743d045196
1f9af.png	2D/png/128/emoji_u1f9af.png	2797e285fefb8bcf9aa2993ad6525564e468aba8d177e535ffe27329e43f8e42	56034a683daa28f447f8d689c63c538818c6a5bb651cf6120db54ba6590b5f5f
1f9b0.png	2D/png/128/emoji_u1f9b0.png	0c0399fcefafc71f1428c9be15c03ec5019c58ea40ebbcff5cbda689a9c98b0c	6ee386b550ad3c9c8a46951d4364463c6252f8ff63a58a5fb7754eaf4fe39e51
1f9b1.png	2D/png/128/emoji_u1f9b1.png	bb9b9d80776f6c99b303bbdf7926d211c2fccd1fe5fe7f2f60de770e919e2df4	b74aeaec6ccbd95ca0345e4b2441d3e718c7157e089b0c7560b2415f0aa1ac31
1f9b2.png	2D/png/128/emoji_u1f9b2.png	8f6008999faee79519ebb70ab775a7a4d4df6554cd73fd7b86ebbb4164a02207	d421bfd3b18bf9f4f818540fb02a663792e716483e85d9dc5026dd1939d60188
1f9b3.png	2D/png/128/emoji_u1f9b3.png	5c582e4e63c2614efe93b5ea77aa455b790d4c0ebbac559f1b3b0558ed0c37f3	bd6c533b5f96b50e0da8450631b741fe9aa762d6f40a20a9930ab587dc1e5538
1f9b4.png	2D/png/128/emoji_u1f9b4.png	db0d9312d74a064b3b4d79c965b4a0e3159e1a70145f755258c61eb12a3c34f1	3db235ae1c3937af03886423fc42d8dceb59bc15df874ab742f0e7e1c9047a2a
1f9b5.png	2D/png/128/emoji_u1f9b5.png	b4f0ec5ce86c41ce666795017c7def5868d71b949e7110fc8347a9180fc009f3	e00637592dfa6371a03df645e2c8c29bef0b8dd917bbed73ce069d69dcf7fd0b
1f9b5-1f3fb.png	2D/png/128/emoji_u1f9b5_1f3fb.png	56ed41bc0bfb2f3f41af4d213052f85568de7b4a33842941b666940a4fdb5a24	c72810026515a32af2bca6de2e194b1568707de51664b52ed7a4459919c8d27a
1f9b5-1f3fc.png	2D/png/128/emoji_u1f9b5_1f3fc.png	be70c4893ecd9d95c04c247ef29f8876fafdad01745593097a9030be9431c463	ec2e86c8064f45ca59e39dda7f41df4e941a97c5fc169ddf6f44cd8ae4572d61
1f9b5-1f3fd.png	2D/png/128/emoji_u1f9b5_1f3fd.png	5f2f0c92ff37429a79cf3c649b7b12ad0f486c2b56d8f86136656d0f76248f09	55bcc4e696aade65860deb71feabeab1e03d86157ac0b37599f0673a7e1b8ecc
1f9b5-1f3fe.png	2D/png/128/emoji_u1f9b5_1f3fe.png	7e260eb569af19e1a33eb39feda5d170ac9d6e17663a2f8df348c4be1e94a9fe	2272ed10856cb2951dabab6de1b7b79d69ad4d94a3b9e5b889fd0250b64deec6
1f9b5-1f3ff.png	2D/png/128/emoji_u1f9b5_1f3ff.png	672bace3d7da5c84370fa130ce0c00b482d5d29d1e11952c52602f62b2313665	687d6e580ba4b1abb1fc096939c64e48348f67f526fe5ece3faae81a4ba9a65f
1f9b6.png	2D/png/128/emoji_u1f9b6.png	bcb1070903553f4c1d8b8fcc31ec8db2af84a1504dd1c6d51598a48e7c5db435	8c97e07863a172a85a811e2ccae51ab94ea7ae6dfadd94c8129b9ca581afcb12
1f9b6-1f3fb.png	2D/png/128/emoji_u1f9b6_1f3fb.png	2fefe49c2e35f0312f7920ae7e3970637d83322f095deb0972c7599b6e5d799f	c82ee8027477be7e7db7b2d8c265f30b90182cb6601aef4cf576957d47246a62
1f9b6-1f3fc.png	2D/png/128/emoji_u1f9b6_1f3fc.png	83da621414a329e13fbd125d5f8c9c3f727cb986b6014bd59cc4ffe8410af9c4	043d4a8cfde08d9b3797dedfd3089448e8e8858c927ff3f154072a42d4dc9bd9
1f9b6-1f3fd.png	2D/png/128/emoji_u1f9b6_1f3fd.png	48bcc1a1c8a673c2fae132dbed285705cde454f83938aa364293f6692e67a4ec	af1261296331c511353d4fe19fde3b251d76c681a51a34a6b3c2855cce5cde53
1f9b6-1f3fe.png	2D/png/128/emoji_u1f9b6_1f3fe.png	7d27f92fbdb0e4a32256920a4d827c0a7befe36f64f07afa90f8ea0647d4ec9e	b6ca0ef8651f7bbef536d0a99d0ce95d66c2dc654b3552597495d1f87417fea7
1f9b6-1f3ff.png	2D/png/128/emoji_u1f9b6_1f3ff.png	4072f8dc27f3a8996f33d98e4d3668fcb3b41d3a7594666ab02fca01a1372820	ad8a0cf700015b9538dbeb658ee6b47ef0471ac780edeb46ab742897d060b502
1f9b7.png	2D/png/128/emoji_u1f9b7.png	3a404eab3d2b1f20cef4ef2648ac9445e8fe53b09373b7a01ed271b6f77bbb7f	b2ca9776a28038f638cba26edd8689069f7a94b3f02512127bb1305cb14a4c84
1f9b8.png	2D/png/128/emoji_u1f9b8.png	333e9ab5661c1c72c023e1414a6d355cc99a11f8fdd0f16b8ca35ad24dfc1213	37dc672558c1142f2e8e0ccf8b67b0a4c8513147adff679e2fb329b5c1540d5f
1f9b8-1f3fb.png	2D/png/128/emoji_u1f9b8_1f3fb.png	582f1ac6a78f41abac2d538e164efcd2aa7cc1b7b4cd218a5a9e62f9189fc7b5	cb6051276167c409c7f201ddb1251f1bbdeb4d88b45ec3629655b3c0898f141f
1f9b8-1f3fb-200d-2640.png	2D/png/128/emoji_u1f9b8_1f3fb_200d_2640.png	cd6c61e4f00a41f914ada7ba999aeb59738cad90e0a130ea20a28d80c6e216c3	9172e8d628f6ede4b66904a7e5694b26f79eb2be28f45ddccad77dca3d93be44
1f9b8-1f3fb-200d-2642.png	2D/png/128/emoji_u1f9b8_1f3fb_200d_2642.png	c16e07afec7e63981b55f5511a282cf516faf0be7b7576b4e03831110bc0d775	e5ed46618096295abffe5e2dc08e7d80f549070957c6386808bb7350e5c776ac
1f9b8-1f3fc.png	2D/png/128/emoji_u1f9b8_1f3fc.png	507f5852979ec795faa2596054a100d45cf811d13000090a661a4b99fe2a7d34	5b7e6ccd4263fde7d3d9621195b6ac12be47339c30a40ea7371dfef23b0b453f
1f9b8-1f3fc-200d-2640.png	2D/png/128/emoji_u1f9b8_1f3fc_200d_2640.png	3be3b4454c1ef0816cc146aa2db73cacd1fb72a70db586f41ec6339f93ca0216	28bbf0620bf23fd08a5c2635873d63f97a4afc6331556f4e9edaad69f30f9654
1f9b8-1f3fc-200d-2642.png	2D/png/128/emoji_u1f9b8_1f3fc_200d_2642.png	5c926ecd3fa262ec00ed56332a65cd45b741430bd5929125b142b1154a40bb5c	ec542f2f5c7e8a8255693de522777cb408e57bf0bea0130c52e954dd398d6125
1f9b8-1f3fd.png	2D/png/128/emoji_u1f9b8_1f3fd.png	1b08685af166c2b3cc5fa29522d09a6950c26366577c4d4ed8c2460f8a334742	9092fcba931bf4a64a53de791ddfc2aac2abcb6e44335a5b96e25b81c62019ca
1f9b8-1f3fd-200d-2640.png	2D/png/128/emoji_u1f9b8_1f3fd_200d_2640.png	df43a0c2ab75eeaf6de1e654d7b0e9d449fcb443ab66b8cc0297add7032ba167	06361365201fa0e37a4b57f6ce34f23280ff93ac6aa9e44c46ae9af3d514577f
1f9b8-1f3fd-200d-2642.png	2D/png/128/emoji_u1f9b8_1f3fd_200d_2642.png	441afe37ac40f3796f3ccd46d3b70d098f1a00decc6c4533af7178706ea99f8d	49a71a9cc85f872101dbe6317b7c39e3c4d202aab546f3037eb5dffb9d2ac23e
1f9b8-1f3fe.png	2D/png/128/emoji_u1f9b8_1f3fe.png	7606910a65acb375602e718cbc1b4ac218f611059910baf7656672eb20c0e0ae	3f871aaf738b7abeaf030090b6e8bcf35b7da357ac1653dc2e29f1bac9ff28a2
1f9b8-1f3fe-200d-2640.png	2D/png/128/emoji_u1f9b8_1f3fe_200d_2640.png	402ca4f63c6368a7cba349cd58b85d2047e394ebd1d08b9cbaed8f532cae7e64	0ee6dc0b0accf2e9711e9302ffcfe9db347efc157638b6c412ce72390b65bce7
1f9b8-1f3fe-200d-2642.png	2D/png/128/emoji_u1f9b8_1f3fe_200d_2642.png	ab6e74b2cf0c33f35328a34c07287a686c2d5ca5ceba0711d8972aeeb3cd5c40	ef52fa51cd963ae674ed4cea48caf62d4cc7378321368f14675ecd4286f80e19
1f9b8-1f3ff.png	2D/png/128/emoji_u1f9b8_1f3ff.png	40eedc44039cb0ea7b18e00b4e78861b85a3d9d4b12eaac028c715189aa46a1e	1735fca27cd57bd9f32ddab828ef6e0dcd347ed8a0211aff697fbdd630e5ceb9
1f9b8-1f3ff-200d-2640.png	2D/png/128/emoji_u1f9b8_1f3ff_200d_2640.png	65d0816f5c8a859b2b5dd7ddf7470752d4306233f32cd0f9f016984c55215e34	329577568ac9c0eb05884b797a095597129498ce3c7ad908efa7a4cb26e43ed8
1f9b8-1f3ff-200d-2642.png	2D/png/128/emoji_u1f9b8_1f3ff_200d_2642.png	78a781a37833a3006ccd228dad6d37df7bf65bc607cc39d20061e133030977c6	948b73e672bc5e89ca74a025db593b05026a3b934ea09d12667642d534c7a004
1f9b8-200d-2640.png	2D/png/128/emoji_u1f9b8_200d_2640.png	7674727fc0491c5c50caf6587eff2b073ff1749c7ed9bbc27d026f9a45c874eb	ea95ea1c5e20ef58821f13fdea99d69d8d7aebb0700b1c33b084bb923ef19fe2
1f9b8-200d-2642.png	2D/png/128/emoji_u1f9b8_200d_2642.png	27eecbf0afc8c2b0aff2ca777cabcdff6f08b3e4cc69bba9568c320bab465964	1f4fed56877d019ddae6b7dd99738103525a2e356e24319742b1ccb00ec77e7e
1f9b9.png	2D/png/128/emoji_u1f9b9.png	c4f8b0c592685244e1f8e83b6126602252f6b2fd048d783787cc5fd927d1d3a3	773555063250eab15e3823a9f4cfda5510d9ea3e42417b47ac3580f74fd105d4
1f9b9-1f3fb.png	2D/png/128/emoji_u1f9b9_1f3fb.png	e639bc440094b3851101ceb003b84999a80513f165f345370fceb243105d7c09	b159973145c9cbfd999d3e6ec6c936905b6d80ac9d90045096a2e21844deb4bf
1f9b9-1f3fb-200d-2640.png	2D/png/128/emoji_u1f9b9_1f3fb_200d_2640.png	b8022f58f683e28dbab6c40ff33530318cad23c495c69df3a0b9f8ed6feca1d5	f89082f0145029d9b7e1742ca15303736fd7e88221e37843cdcb50e59d4ce1bb
1f9b9-1f3fb-200d-2642.png	2D/png/128/emoji_u1f9b9_1f3fb_200d_2642.png	c2975ff5480d1335fe638ad346637403e557b585efa5295bdfb6603452866929	2008c6385d1f3af411a89cb6228cd0e8b86628acd7f7eaa6633b14c0411a6d89
1f9b9-1f3fc.png	2D/png/128/emoji_u1f9b9_1f3fc.png	e7ccc7963c85fd6da39c16fdc618884180161060efa6c4538fe38c5a01bc07ae	ac9faba78366605bd3a052c8e1a33a3f8d082f7f0469c3385dcd398461880030
1f9b9-1f3fc-200d-2640.png	2D/png/128/emoji_u1f9b9_1f3fc_200d_2640.png	18aefeb66316ab034292eec1dccf0123358217611210cac164be8bb5fecac44b	72bde7370a458979d8b952a484b563f47d7caae826146e3cdf56d7b3df3efcd7
1f9b9-1f3fc-200d-2642.png	2D/png/128/emoji_u1f9b9_1f3fc_200d_2642.png	d7f5de716decb271ed4f1e3f9f8c5c0c00dd55821cdfab166167e2baaec7230f	ca204828e9ff2b1123ad29968f223f85ca43ab04862901afe667aff99fa10209
1f9b9-1f3fd.png	2D/png/128/emoji_u1f9b9_1f3fd.png	555418e69c11ed6045ea96628cd002fc9f6dc345383b3020c13d04aeb8d2de52	9dd21ba3006e84de66718976a2e09de1455d9eff214acfc9f5a4b889fe924a88
1f9b9-1f3fd-200d-2640.png	2D/png/128/emoji_u1f9b9_1f3fd_200d_2640.png	7c01d1521030284560dacf0ce0b2010311ec45d720ea03c51342e861d6e8c18f	77b0c313b68fc5990cffcd8136dccc681df80c66c2667c97689ab84ec7cbd79e
1f9b9-1f3fd-200d-2642.png	2D/png/128/emoji_u1f9b9_1f3fd_200d_2642.png	fc6bdb95acd1f5a23c4c03332840757ca105cea30d8008e784dc1b3205b2abe6	e47747f2ea53fdd0a13d723b40850eea84d2501e2ec3f09af1fbde5d33e1dd85
1f9b9-1f3fe.png	2D/png/128/emoji_u1f9b9_1f3fe.png	9ae26af86e1ccfe14b63e532b22d348ab3c3d5a5f3bcf0f454c336415bdf3dda	f63b6bfcb75dead972bf78d7b52e09c5d30932101fdf8051e455d09f261134f9
1f9b9-1f3fe-200d-2640.png	2D/png/128/emoji_u1f9b9_1f3fe_200d_2640.png	be7c27cceee0e0ff04f0af7761aa5da3f8a97278d5f54e72093aeee65259a2b5	608154eb6a548b25ffe691642ab97cd9581514c97c813a742ec34e9eb67bb718
1f9b9-1f3fe-200d-2642.png	2D/png/128/emoji_u1f9b9_1f3fe_200d_2642.png	6ba5910be34e775f1f49043d3e11861836baac011f2c7ff4ed083ecc78f468f0	b753cec26edaa12a51594127de986ecf9eb73e1ae87a2faaa49282fabff46279
1f9b9-1f3ff.png	2D/png/128/emoji_u1f9b9_1f3ff.png	967f5650e9b4157253390be595fca03e74dab15cfbc7a1bd9d0634ec2ffc360d	37ff35983c722ed56e09dcc9a66f0d971891d082c22a0961dca21ded906006f5
1f9b9-1f3ff-200d-2640.png	2D/png/128/emoji_u1f9b9_1f3ff_200d_2640.png	185899e1d57e144de6cef4ee6f2aecc04295ef92f071b4a62024d82ff628c7fa	b37931514def34f3b7d87c17ad9fec2fe119581c3ea265f21119fa9e31e00e99
1f9b9-1f3ff-200d-2642.png	2D/png/128/emoji_u1f9b9_1f3ff_200d_2642.png	5dfc65b70d8aa40a85332f7e130837d6ad6cb09af1983bb1704e124428bc2cc3	d08fc50d997fd8241ca0a628b172dce86257a3693a18702ff2b6a12e9c4b2ba9
1f9b9-200d-2640.png	2D/png/128/emoji_u1f9b9_200d_2640.png	2e46a3fd0bfc7fb5a77b679b0c6344caef198204cb25527072791cd2903cf94f	8907b05982c99aa30400662277bae1f4780c03ebc56699b2d0f32eaad9f54d6b
1f9b9-200d-2642.png	2D/png/128/emoji_u1f9b9_200d_2642.png	ead39a37d93285812cbee67cfd61ef83f4b58feb57a2fd909172ce95c180d1de	8cd4b32706c0e5efbc2aa031e2742ec1b80b68682986083c34518e16432016a4
1f9ba.png	2D/png/128/emoji_u1f9ba.png	f1af582c9e46f8f8a405adc229359fe1dab3e60197fa63ec7ca4f437319fcab1	f01f7864d41714e948bbe5184154694eb236ae276cc6283b4ce85495759806fa
1f9bb.png	2D/png/128/emoji_u1f9bb.png	b97a136bcb154171c2d7067d9363b6802d0c5ddc86c9a172985604ea4d42f5d5	694962b52b3111ab661a1c442f8862ff1dce4d63c63ca0e29e3a08085084c11d
1f9bb-1f3fb.png	2D/png/128/emoji_u1f9bb_1f3fb.png	3def555d0613b1030889bd3ee3aa1b15f90094e55a631aa83af1ba52fda6f617	db4027ff4335910a7a094613cbc993a866d4484738de07cee89928fb8fae1a7c
1f9bb-1f3fc.png	2D/png/128/emoji_u1f9bb_1f3fc.png	343788fc2740891a9f2a5d495a836ccee0c59e05be5f121960851c23c60346c2	de0c8c22be0f55fb8f6e647e73b14d5f4c50d5bb7e157c0eb353bf17f1a6bb7c
1f9bb-1f3fd.png	2D/png/128/emoji_u1f9bb_1f3fd.png	83b0ca4a98fd9ded88ea80ac62223f34803706cca8d498ca07787b1f0b84318d	e1af5aea8d0ff426c2ab4c0032c772ba6ca2f27ff683197df9c4523991b4f017
1f9bb-1f3fe.png	2D/png/128/emoji_u1f9bb_1f3fe.png	08f84525019da2b81cb9cf5ac280784789719469583f24d84ceff6fadc888551	28ee12abcee68b8fcff7d759106561c5cc3be5ea9282ff8a90b9b216baa99cc9
1f9bb-1f3ff.png	2D/png/128/emoji_u1f9bb_1f3ff.png	8ec7865db2dfb6bcc112301166d94caabebfb91daa8168f8174ce2c2a98adb15	debf9e5be879386c432099a1ea0f54978d11c8ca35f1fe31b9614d5cd357b9d6
1f9bc.png	2D/png/128/emoji_u1f9bc.png	a4a0979b934a65f156b9e0325cf202565e1a795e2d37892fabf9b1e60b4ca7c6	443623884f2a74b19d94abb0dcd867d74b8f3745a556c00d38381aaa7899d937
1f9bd.png	2D/png/128/emoji_u1f9bd.png	8b2dc68b6b2a8acff743c0b536e3b39066d1622e91d49c70b5bbe3c6b4d836d8	75c7bfe9a975cf5f23e0c3a500008ac4324925481bc6e2bd43b07d3dd1aaa5fd
1f9be.png	2D/png/128/emoji_u1f9be.png	587d7a3778dc8101c9c01a3e2d17c11bee5e737b50163aceb80616903b025318	835568289c04e8037e5b6a5567801da8b0a1c68be605a79cf540fe99f7bb73da
1f9bf.png	2D/png/128/emoji_u1f9bf.png	c5b0d7adc8e3eb55b037205013084594eca68a6ea369e27843dec7cf1c3f3c64	1af2267ae16c51ff9b6a40d270817ea3d7cf4d8875e7931631698ae02a79105c
1f9c0.png	2D/png/128/emoji_u1f9c0.png	18558360dce1d8735ead54d0d7f28fbc894e6dc6178c308b3a793b75d971f42c	f65f0fb8fbdd785b0a4dabda90bee0064b51f70e53618234c9aa2b00139068e4
1f9c1.png	2D/png/128/emoji_u1f9c1.png	1ebcf1635bfc9f818f8bd4f8fc6fb21aac4b68eb2ebb87f9232a019975f6fcc8	816ef9316a341f4f4db09846867dec584b33e3f38a11976618cfe40887a55ad2
1f9c2.png	2D/png/128/emoji_u1f9c2.png	250865db37d9fb589a9cc61e1d0c4212d4965215ca6ca6b4ddb1caefcee86562	764f95ab0806a552584a6c20d70a0f4d77b0f50c09a45d645497931744fa76f1
1f9c3.png	2D/png/128/emoji_u1f9c3.png	c75171e0787da3b88616191169b582789c914e61ad21833d28c933a3d7ecfce1	5c0289bb236e635348d48b6c22eaa083d6d551b21835d5c5dd35eb7caeac7d87
1f9c4.png	2D/png/128/emoji_u1f9c4.png	c18cb80c279bcff8466f801759d1dc2948dd6b6e57c5b20d88f52a22774bf506	3162c6225a2b20174b0ffe636e141e1bc2df6c1daf32dea2141df43a3ecbfabe
1f9c5.png	2D/png/128/emoji_u1f9c5.png	6c93daaa6f594fb28bce30405ba7d50cbc0a71eba581a17c70006ccd3bef36f7	b5f81cd0dca83cc9ccf10f647fcfe5ac22cf5c63f8e00b7f47725f723c1f8f4a
1f9c6.png	2D/png/128/emoji_u1f9c6.png	554f5b91e30b80bc32d2772fc284278f12e3513819c1fef75c4fce6a0df1d20c	696df3a7541fed8e467c944ab61c4ec27105d48be7478e171897dbd1d3e7efb3
1f9c7.png	2D/png/128/emoji_u1f9c7.png	32fd52d56181e078175e6d93361a60c2f97c2ef2da6175b736a8352ce3b291ba	ff0a52a925e1e721a50ea2f009ede963e01b48e708afe79e01f83135ec2017c8
1f9c8.png	2D/png/128/emoji_u1f9c8.png	9ac9c84e44930acc1f41b8fd658f16e1bc5665533601459af80c3e2e178b9dd5	c9941174097e635b59a37b5c0da19c11217d6949e0074594e1dadf584d8a32ea
1f9c9.png	2D/png/128/emoji_u1f9c9.png	790fe242bc0fb5b8eadf6a77e141f08af5ce87080f03b959548b541c636bb00e	c555d267bff3ec826ed11995a085a7027acea6432348612e7208e3a0111ddc4c
1f9ca.png	2D/png/128/emoji_u1f9ca.png	625f249381e290d7797f34845f3bf869784a7c248abd823a454b6e8de3aa58d6	1dbdf9adc05c833be490d5c3f1eaf7c7e1b5a4837bf119bc61a3b9e5e75367af
1f9cb.png	2D/png/128/emoji_u1f9cb.png	572f7c911a22fee34746720fe0f2886e0c5f1e4b19de068b2d2f86586cd35d5d	5148ed936c76fbd7dcf5e2fafad6de5c514dac93edaa8a145cd65f86025bbf34
1f9cc.png	2D/png/128/emoji_u1f9cc.png	26a480e45acfbc8d02c5daa0b96873bed63d30561441591aedd237e44991e5c7	c3be7f9b682bc550c8cbc5e8b17d27a62d08838205939ba9b30c9cc822f8f3ba
1f9cd.png	2D/png/128/emoji_u1f9cd.png	34c5bb1509e1430d0f08df5f6cc281736a15e034ede8de28702a32240d32b3ca	f7a0becda51a24db028942d58718573ea03903f65741e337271ec2fd83e84640
1f9cd-1f3fb.png	2D/png/128/emoji_u1f9cd_1f3fb.png	22d32679a0c91ee1c1381cb63fa2ffd5a3cd48b66f9249cd2a052156ddddb98d	b6e23e7e1f6d7e94291b770da42376ec33d7686e6ca2e2640c45be749184332c
1f9cd-1f3fb-200d-2640.png	2D/png/128/emoji_u1f9cd_1f3fb_200d_2640.png	d8bb61c272decfbdeb4b3d0e3cebce95d64d6e7925e5ae17af2f3923144c0f94	844b3b559fd2093b703d6a1269b6059a874b022f4b77bd8124853fbd72cd116a
1f9cd-1f3fb-200d-2642.png	2D/png/128/emoji_u1f9cd_1f3fb_200d_2642.png	d936cf01db6bb5f88c0b487329e4634ce4afc1696b69bf536d559330661e4077	ab9b5c47ad828991e0c17895653d81aaebdba3f46c02d073a36df3f9284954fb
1f9cd-1f3fc.png	2D/png/128/emoji_u1f9cd_1f3fc.png	d6f2e8f5b134cef779cc67c0386cd156693ec5bddb20096a0fbac16662ba85c6	6013253d7d5791db7184df714e822596db42c5eead810dfc606f77aa4611d869
1f9cd-1f3fc-200d-2640.png	2D/png/128/emoji_u1f9cd_1f3fc_200d_2640.png	6ed589dc44992fabf89c2e3ec7a967c55f8d51308bef667f154eda12eb517151	4f363197461484bf3046deb51d4aa0f5198e7a41d438e0bc959968c71ea1b9bd
1f9cd-1f3fc-200d-2642.png	2D/png/128/emoji_u1f9cd_1f3fc_200d_2642.png	f228bd67c13cdd0388eda37221f7edb9bef2d40cead489ead6537b85fa6ad6ad	bf7f16fe113cd1a652a084f73872146c29d75941e1d5ce0d71bab6690e7aadab
1f9cd-1f3fd.png	2D/png/128/emoji_u1f9cd_1f3fd.png	1e3082d0707b29bff8c04acf0520e93ccbd2833897d97fcf1798bfda88b70759	762974c202df807281451e92115e4fa34f41c38ea741f723f8118edc5350acf5
1f9cd-1f3fd-200d-2640.png	2D/png/128/emoji_u1f9cd_1f3fd_200d_2640.png	07f076727378b9a2d221e8cbb9b81b6b4b8a58085b08e21bb43a288db4ad79c5	0eb2a3da0f8c92af5ab0ee111d72e4d561f6f923f1d2e2158db4215c39f77737
1f9cd-1f3fd-200d-2642.png	2D/png/128/emoji_u1f9cd_1f3fd_200d_2642.png	89a19f634cd19b1fcc7d670a9910af26e1f65f2400e631b9b5a8b7a6dac02af6	f667d913cd945b26f19ce091e50c7f3879a8f1ffdcc76707dd5cccf89cf7b66f
1f9cd-1f3fe.png	2D/png/128/emoji_u1f9cd_1f3fe.png	e4632b99b87792598fff7672875ee29201d89c4a3f76a7c5302dfc12554b33a3	65874639e87337df2d223f52d4aeda76974fc533753fea50bbae659ac5b9a519
1f9cd-1f3fe-200d-2640.png	2D/png/128/emoji_u1f9cd_1f3fe_200d_2640.png	a284a7bca84b6560335f1d053ba19de8a46538b7774898a0899ce7cb33d19645	9862849b488b7e2b9fce29d5f2a04f8f61adff3ce368a5cf7091f5307eb3080d
1f9cd-1f3fe-200d-2642.png	2D/png/128/emoji_u1f9cd_1f3fe_200d_2642.png	da518e6cc5d611b2b8fce465508bfea7481ebb996e85fe4474cd3f2301645c34	d0f8eae0c8216257cc4303604441517ba1576413663e734ed48995a7e171a093
1f9cd-1f3ff.png	2D/png/128/emoji_u1f9cd_1f3ff.png	5124f2886777ea963b25f39b30c9112f828eeb6f04dbd41f957e3d35fdb20fc3	4d80050492faabb4e9ce16fe5f55cd5fe019501e978de92eca0fa9eff0bfa0f8
1f9cd-1f3ff-200d-2640.png	2D/png/128/emoji_u1f9cd_1f3ff_200d_2640.png	12ba30ba26f3b26414e2a17b1c5b8ec153731bdfc1faadcc6cafc78e5e8b124e	3634423bd406af2dd83cfc2c4047646df167ed623fd0d67c0ed66b14c36e1adb
1f9cd-1f3ff-200d-2642.png	2D/png/128/emoji_u1f9cd_1f3ff_200d_2642.png	ddd82758e9dd24f98941966666e29e14abfe62fd8cb37cb86f783982440e1eff	1942edbcf640ea5e82c496a32e13d474273aeb03ebf7586042c026128817971b
1f9cd-200d-2640.png	2D/png/128/emoji_u1f9cd_200d_2640.png	f28f1894a8041edf41015c71bf7fd07f063627d02b3da2e8928a21e43488d569	ee31387c7bb5b6510b640c214a9b03563c1fe5d82e8f81b5569201d7e3b4bb74
1f9cd-200d-2642.png	2D/png/128/emoji_u1f9cd_200d_2642.png	f122e12bd218786befa9f97cd675e84402e88a80bc9fd40abaaafe70eceea9f2	f5760ea47ee92208a2421f9105caebf19ba98897baf88ce3bfbfa7612371d5f3
1f9ce.png	2D/png/128/emoji_u1f9ce.png	1aca4ded8aab1131300e71f2a1118f7988ee1de598e99e6c03dc46357d946a7b	797f2b4b32e1595ee67ed305887da14e6e55796682eed35b52ab95207227b001
1f9ce-1f3fb.png	2D/png/128/emoji_u1f9ce_1f3fb.png	652900f54665777fe9ae5a9b93bb96d2d5d8bc1616ee904a9439f0ce8d820cae	804c3e21362a573890659939a42359b454fe865f7fc471d419681a876a8374b9
1f9ce-1f3fb-200d-2640.png	2D/png/128/emoji_u1f9ce_1f3fb_200d_2640.png	f807abd5696108cfa458b05d6a5fc7f23b205d094ba0baa0839e7720e21b9882	5c9bc65b17a1feb47cb0e1a34f6c833efaebfbf29d3361fe991a939da58e53bb
1f9ce-1f3fb-200d-2640-200d-27a1.png	2D/png/128/emoji_u1f9ce_1f3fb_200d_2640_200d_27a1.png	95100d67a5913fbca803f76133eb13dcfa34ddfcee8807cacf8ffc65407207cf	ba440b115c374c9add7fda09e9472bb705b55a2291fca631fea19481ccb68c26
1f9ce-1f3fb-200d-2642.png	2D/png/128/emoji_u1f9ce_1f3fb_200d_2642.png	5fc22dce270882e35362e9e963eff0fe908d6bc58a7fb0fd59a6a1e368c3b8dd	9308792932c1d138ec306d5b4596763e2ce357e364550ce7f620a1ae6c4fd99e
1f9ce-1f3fb-200d-2642-200d-27a1.png	2D/png/128/emoji_u1f9ce_1f3fb_200d_2642_200d_27a1.png	a715b9dfec30b28be490605599a4373d7913e84016d08905e97a72a8fb7c7e7d	108006bec782d41a2aa2001094f73b680b6fa6fdfa3a09b0a1265e02ca673d73
1f9ce-1f3fb-200d-27a1.png	2D/png/128/emoji_u1f9ce_1f3fb_200d_27a1.png	3a16eed2e7793af2c69ed4990165e7eb404ff28d06b837e31a4ead49e4431a75	e256539de5779917f22a548e3ce14474ac10104c40cd013043add64e6c558b84
1f9ce-1f3fc.png	2D/png/128/emoji_u1f9ce_1f3fc.png	26064cdeaa3ae997c445ce9ec8bc2449cb84347fa7c90a2bebdc60570245ae2b	495d0db5c90c1ddc54b2cba2cfc465689d34710603a56d3873f4c8fb2c436aa4
1f9ce-1f3fc-200d-2640.png	2D/png/128/emoji_u1f9ce_1f3fc_200d_2640.png	1749707f1a4f142c25fbb3311ba55a7ecc3cf6c72e147aa6e103a18fbec5a0e0	f1486a309644b7226abc7f00c4479642b54cb8539559c30bf0f5c92b5f84d34b
1f9ce-1f3fc-200d-2640-200d-27a1.png	2D/png/128/emoji_u1f9ce_1f3fc_200d_2640_200d_27a1.png	4d703585395615152dfcd3ccd4e1a9edcef4204aeaae032ae1a52887e9e62d84	5b710969760b651275fbb9e794121f6532b99fb814cbd968a5e75a499d7d6de4
1f9ce-1f3fc-200d-2642.png	2D/png/128/emoji_u1f9ce_1f3fc_200d_2642.png	e8cc36a5a0ef1cc36ea0219f41cca533177b8b0005c1ad8106bc2689e8998970	ca5c7297b1451bcf65d50e15b0f69a93097de486bb55a68146f803a5324128c0
1f9ce-1f3fc-200d-2642-200d-27a1.png	2D/png/128/emoji_u1f9ce_1f3fc_200d_2642_200d_27a1.png	1303e7195d82ba50a81670f2d6680647549ec623f394da0b975b347da3bfe01b	361fc3e8df4bda420c9dfb289984959de6a61af07bf84eff509b1b6240c2ae04
1f9ce-1f3fc-200d-27a1.png	2D/png/128/emoji_u1f9ce_1f3fc_200d_27a1.png	e20147be9e068beedbdc91f2cc7b1a780fe05893a666146d55ec36fde1eb6b88	0b9ae1b4fd2d74070679d7b57d4af2000c96542120207e2620930a646aa6d761
1f9ce-1f3fd.png	2D/png/128/emoji_u1f9ce_1f3fd.png	4076564ba531b15fc80ecf72dbaa112bed2790b60c7afc8cf4cb3178218612d7	8878b35b3334b337f785f8eb7b9d7460130e051ef0e1a6dfb1957675aaf0c77c
1f9ce-1f3fd-200d-2640.png	2D/png/128/emoji_u1f9ce_1f3fd_200d_2640.png	fc6e6d34fe4bf066b51b446872f05b4df6225e78e796f62bf0400f620e63bd7f	7cb581c791367b7670de86baf19efcfbcf200d52d61ed23e01a5144e41054739
1f9ce-1f3fd-200d-2640-200d-27a1.png	2D/png/128/emoji_u1f9ce_1f3fd_200d_2640_200d_27a1.png	2f120a8abfde31d1c382b40e6e17e5ff26341ca9f6a74040b3e927f532f4fd77	ec16fe5f24937d7d634744ed0f8bd9b97545865b386aa295d6ed6bf9fb0892cb
1f9ce-1f3fd-200d-2642.png	2D/png/128/emoji_u1f9ce_1f3fd_200d_2642.png	dc7c7514cbe576c5e1cee290f4b9f4c281f9d427c804fda7197a7237c8591294	916218da8cf4b17b99d40e094a41f86c64f425fbc3b53fd9603239bc123cd21c
1f9ce-1f3fd-200d-2642-200d-27a1.png	2D/png/128/emoji_u1f9ce_1f3fd_200d_2642_200d_27a1.png	1e2048f76264e9421e788ef3fa5f3333e6c00ed341c4a5fdce602ef73a6c1111	aca4eff89a8cb2f8e28f2558b56d55128603598500f4738027cbd7997edc3a46
1f9ce-1f3fd-200d-27a1.png	2D/png/128/emoji_u1f9ce_1f3fd_200d_27a1.png	46c106fb4ed428b296df8b0905fadc745efc892cf4721f9de1d0ba22f4d54866	708c22da70894898ac516f7b9308b17151ecbab65c11108821d052c166746528
1f9ce-1f3fe.png	2D/png/128/emoji_u1f9ce_1f3fe.png	6418b4ce6ee4053e0a973f7982d2c31bdb88706054d6f33cad3ff6fc6fd1474d	5353fc16c30c3fa6fccbee5f3f4862af5cf5e02fba0c491de0cd910bf1b208df
1f9ce-1f3fe-200d-2640.png	2D/png/128/emoji_u1f9ce_1f3fe_200d_2640.png	9d7e5be1d30b859d5aa1f38ec0c4ba8bef4ff6fa3013c9974877f991335859dc	5db48a60a22c382e74fadfaed56d714412c000a1808440e905a86ddca695ec8c
1f9ce-1f3fe-200d-2640-200d-27a1.png	2D/png/128/emoji_u1f9ce_1f3fe_200d_2640_200d_27a1.png	ac82a7940110ebec60f77931e90e6b3e3b5580fcdb475de5a0577dcdeac2e96a	ad42ac894168b5ed071a3fb71a33447bb461b744a4068e4df6b1f4300a2d14e6
1f9ce-1f3fe-200d-2642.png	2D/png/128/emoji_u1f9ce_1f3fe_200d_2642.png	6993bdeb3d9c8139722d6357c9c83e3f3d918c30e967d6b01833d25025577167	44c4ca6af4baff6bcebd5bf49bb3a9af6c5d66d02309fd4e51b44c8879fc9814
1f9ce-1f3fe-200d-2642-200d-27a1.png	2D/png/128/emoji_u1f9ce_1f3fe_200d_2642_200d_27a1.png	97726bd63e65c95c7146b00232585198584f6554ee37d2aa33ce664c418750cf	29650cdb7a64dbdd35c6475a7dbbdcb79527ccfbc1348df7cfb409fdf1e079c4
1f9ce-1f3fe-200d-27a1.png	2D/png/128/emoji_u1f9ce_1f3fe_200d_27a1.png	3efb6dea67f2be0eb945767988288ae999781f069151eff1dc05f09ea2bec442	dfc2f9714ee017a619b4ee8a0b16185b44813b1490353342b3510020535f1107
1f9ce-1f3ff.png	2D/png/128/emoji_u1f9ce_1f3ff.png	80132b4b85f827648e74d752b6d95f0dacd2dde651858565152f57d2081d8ab1	aa2e11c13f1e678ddef094858cc3d83063fd5024447af556af0a867bdd5a8062
1f9ce-1f3ff-200d-2640.png	2D/png/128/emoji_u1f9ce_1f3ff_200d_2640.png	9395857f3e44eae338f6f23b2689c8bcde573844ca9c62f1ecec296ebb16ea22	8d5ea1f981a3554f54c0b4b51b1d03f89ce470018ca52cc6a9c7cdfbd1b8d834
1f9ce-1f3ff-200d-2640-200d-27a1.png	2D/png/128/emoji_u1f9ce_1f3ff_200d_2640_200d_27a1.png	1d00d3a2e511c0dd103ea16ee83ac7bd2c79b66a2900705c6d0b21640621ada0	c01010d8dde68994c4096243fb9b7969fe7dbb61a6c0c38c4a152ededf009694
1f9ce-1f3ff-200d-2642.png	2D/png/128/emoji_u1f9ce_1f3ff_200d_2642.png	584371d14586e087baa2b4f3a4cfac77e3e1bdd2d16ec2fec2f2e1db16ad1f9f	5d33d6247fe3d786fe6dd86d30c26eaec24c2e506e77fb261d0dd2d3b071cb34
1f9ce-1f3ff-200d-2642-200d-27a1.png	2D/png/128/emoji_u1f9ce_1f3ff_200d_2642_200d_27a1.png	7f5a5738fa8d1e27df8b322869127997bbd6be677a42642556e4c16b415a6f9a	282de8219033f1896231c2889702bba9cdeaa42fab0328909074861c10e99d4e
1f9ce-1f3ff-200d-27a1.png	2D/png/128/emoji_u1f9ce_1f3ff_200d_27a1.png	19150e2bef09faaa5c9f7ac20f3f74c79607737b16307a7f050a670f7959a875	ab8cdd3ba8879423c0860d7a89b34d586f1255aa061d9edc0f5f5636ebbe3ca9
1f9ce-200d-2640.png	2D/png/128/emoji_u1f9ce_200d_2640.png	f0c8f3ee35565334cb98dcbddb783514e4bba36861731609705abf1b3dafc0a8	bc424e070615baf0513a1f39c1e3110ca4eb577fdd71f4ea39719101b950d2fe
1f9ce-200d-2640-200d-27a1.png	2D/png/128/emoji_u1f9ce_200d_2640_200d_27a1.png	3d5df39a599f0cc1d08b65cc54096ee0ed57bcc275ce6ce9b44d7bfdcba86c73	fb8e29ff2de0783759df15c919ee2e482f91d9cfe6b6ca6cba5b4403349bb555
1f9ce-200d-2642.png	2D/png/128/emoji_u1f9ce_200d_2642.png	6d43d3c8fb2b6ea54a5f8d9277a188a4c6cc2479d0c0f82afdc6b49fad997000	9b2a16f949f01d22eef52f8eab89461535fcdbd51d820d56858054fd13b0e2da
1f9ce-200d-2642-200d-27a1.png	2D/png/128/emoji_u1f9ce_200d_2642_200d_27a1.png	842c277103018f1dc66addcd61e659b65524b18b947babe6edcf74a962399377	7bb6ebb1edf23354e0fdc4deeffe5b0a44e8c9fc3882ea0eed4d3b302dcdf913
1f9ce-200d-27a1.png	2D/png/128/emoji_u1f9ce_200d_27a1.png	7f6e7648061a44d7339e7e4c3d6eb6ecfd6320da85c561ec1a4d14cbe0bb05da	159edc341c5106f9a7797c07fc3d068ca4d47ddc7b42a6d8058fc395cec65486
1f9cf.png	2D/png/128/emoji_u1f9cf.png	d679f694ebb9196bbddaa010a214c37c69959d6d72cda73125dc5813e5497f05	db215b4ca9bf5d4468bc58b340ecef4d66850ae274eb7de6e34caffd2727d695
1f9cf-1f3fb.png	2D/png/128/emoji_u1f9cf_1f3fb.png	46272afe952e5774c08a338f899131488ce3f93699da0aa6a8ef4e243c2b02aa	4790a33c1da56f316bbf17c2f174a98ffbc74f6416af74d8783cb439bacb3ff0
1f9cf-1f3fb-200d-2640.png	2D/png/128/emoji_u1f9cf_1f3fb_200d_2640.png	562855bee2ac3c71680f0514a66f96dead5a384745d3f27842bc8f2f86497325	0dbb3e27fd1f6665dda16ecceb8944e6cfeb995eb031c6ebe192fb7ea25227bc
1f9cf-1f3fb-200d-2642.png	2D/png/128/emoji_u1f9cf_1f3fb_200d_2642.png	6908502c5cb335c4e46d779cc1f708ad28f13b4e838863960b6a00bbedc25b2b	7a00d4fbb45e4eaaad22a6213af8e8c8687fc3a79856446fc104b5ce8818e4a3
1f9cf-1f3fc.png	2D/png/128/emoji_u1f9cf_1f3fc.png	5d46fa00e91b3f8272d111958ea382d3fecf495f048a687ce763a425429e1818	a77b4c6390c9a466f8f54ec5f8de189c360d072919942816f525c3c01a377e89
1f9cf-1f3fc-200d-2640.png	2D/png/128/emoji_u1f9cf_1f3fc_200d_2640.png	5ca5afbc7df73607acff431d1285f1f869b6155cb0ef6cbc43b7fd39b44e801c	40724dd3bd27011498d2627489340d720280a17e91296f034432fde876345f6c
1f9cf-1f3fc-200d-2642.png	2D/png/128/emoji_u1f9cf_1f3fc_200d_2642.png	a941deb54f8953d236d6d3948418f880e7eeb1855b53f3fa64c502a2402d8129	e66a3be479c997448b7e6d52df3e466db1039c24dcd39506ba9d3bf1426079b6
1f9cf-1f3fd.png	2D/png/128/emoji_u1f9cf_1f3fd.png	8b93162e04bc4c93bd05432ff54136d6df1c67eda1aaf32e54a39296810e4df5	cfe96dae3d73f9f10f1c1c17efcd0a6f41bde6da854e80e56efdc9ab9340c5f2
1f9cf-1f3fd-200d-2640.png	2D/png/128/emoji_u1f9cf_1f3fd_200d_2640.png	ad9a62423e38fd30f168689d49333e44f3342840eb1c8e44f550ae72153b8063	ca6146314c9dba1ceaed001424562d31b43934d7cc1461ecc231c8aa0a509550
1f9cf-1f3fd-200d-2642.png	2D/png/128/emoji_u1f9cf_1f3fd_200d_2642.png	af718d100bf00f4d49eb9d26cbdbbded9e22b01b29ebecf0d104cc88fbca4142	bae09c0ba1c624b62243f20344d0335d6589175c19854b9e930a5a7b9788e8c0
1f9cf-1f3fe.png	2D/png/128/emoji_u1f9cf_1f3fe.png	b24df72b8592486791b548c257aae58a8748c2042d1a6e2587f701dca8c5391a	549d4ec17f6e19c0b4b3b309c930860535f64d794dc0d331d7c593645d0c7b25
1f9cf-1f3fe-200d-2640.png	2D/png/128/emoji_u1f9cf_1f3fe_200d_2640.png	747ca30f69005184c02883cadfb4e3178a712ebb5f2281e1f419f96f28119bc8	9a6ff5d066fa57c1b36a738e6620e302e1865a9e1d0615377f3242acdcad5833
1f9cf-1f3fe-200d-2642.png	2D/png/128/emoji_u1f9cf_1f3fe_200d_2642.png	55f8746b361055f046845fe0435b4426989decae1c3ac940f4e50f84f7784ade	2c3595646883bfd0f4f142b0532372602d827de03f56e89af906e21737d15572
1f9cf-1f3ff.png	2D/png/128/emoji_u1f9cf_1f3ff.png	3c64bc1753430149ba67833770d9c11af3a6336335bcb585179412304f203c6c	2d64111108feceeba3c5603a365e6a7142783f58887e9737bef00874ae8bc045
1f9cf-1f3ff-200d-2640.png	2D/png/128/emoji_u1f9cf_1f3ff_200d_2640.png	8459701947676c1a01108e21739944a71de30a0f4261b48fdb6bcb7cc26e92e5	d21770a7d0966ef2f3709ba9afccdf9620da49023732ba0f3f25b32fe34e0c9b
1f9cf-1f3ff-200d-2642.png	2D/png/128/emoji_u1f9cf_1f3ff_200d_2642.png	ade5206e38cbd2fbda09f0a873c0ab174e69c4c3ada370158e3a17d539839d50	104afb1a40763585df6bbe11f114edb52267966235c8f877dbae46a89293d27c
1f9cf-200d-2640.png	2D/png/128/emoji_u1f9cf_200d_2640.png	6f0d89f962b9628cbf830c909acf2d107615f1300732f6ec6c3cf96ce1a8e4ad	ead0f14d43390c6336db511f98c7ffad1a79be3af326126ae9faa86fe0224edc
1f9cf-200d-2642.png	2D/png/128/emoji_u1f9cf_200d_2642.png	5b86d07a4478e52e652953174254a0085ac3f291bf4672ff30868dee5cfa8824	2609ed75e16792d5ba29310d13e5c543c72e3de935bd26dc488191ef5e472f31
1f9d0.png	2D/png/128/emoji_u1f9d0.png	d9f7a3f2ba3a8113539151186baf7f2f2d5663ff9926205404c9d94e0926185c	2b406be5ff3e92025f8e390682ad4535e93d6ccf125a205c60b379faa560d533
1f9d1.png	2D/png/128/emoji_u1f9d1.png	4a00dad8991ed2f9e9c231a882dab3a89b6ff1522a3aa58d63d5405d86b7c433	f84f33e9216357da6ed154c42243f7f7d178950cf89e5a137a8d8873478b6112
1f9d1-1f3fb.png	2D/png/128/emoji_u1f9d1_1f3fb.png	fad61ca7df1a1d2596a29728a3a2e1d0886cb371713350b9fe09d7dac883ad8c	3c921e341624a5e5e6b593930b0b4f5826aed6599cf054ad01b02f748de55f66
1f9d1-1f3fb-200d-1f33e.png	2D/png/128/emoji_u1f9d1_1f3fb_200d_1f33e.png	af245746ce26128139f2219f3b2b37007d5c2c0e3e6ac8b8384d8db52e1abaa6	a75c39c6aac24f15d1c6a7461dc3922dbdd4ace6492e09b806aef79beeca8599
1f9d1-1f3fb-200d-1f373.png	2D/png/128/emoji_u1f9d1_1f3fb_200d_1f373.png	82cd7df9e97f5fb2ba809769bc8c635acc78de28d0cec21cc1dd928f42a217b1	1d880883a34f32be13be551277340ed68002f20fdf87b1e268d3da461fd6e1c8
1f9d1-1f3fb-200d-1f37c.png	2D/png/128/emoji_u1f9d1_1f3fb_200d_1f37c.png	cf40105d86a73ccf153e0f61f7e90a732e5f36ec91c0f13df10e71c7299b00f0	cf8f7493b3f8fb895f1ba5542b49ccf65a882110a1d8f0e4e42571390cca6cb4
1f9d1-1f3fb-200d-1f384.png	2D/png/128/emoji_u1f9d1_1f3fb_200d_1f384.png	65effe4d8b642d26e9cb9eb48eb5fa4d9c4fa572567c2ec57b0efb94995e56d7	cc7fbd269ae18b3607293dd4c6a3aa309a0babf087670db7fab8eb5f4408433b
1f9d1-1f3fb-200d-1f393.png	2D/png/128/emoji_u1f9d1_1f3fb_200d_1f393.png	6a40158b866437648bce3656cf35aad33245dd8838049e8f9fe68b86030ed52b	d168f3d77353c62f2d3bc9333ee98bfc236c0c28cfc32fb49b0ce2c60fa3db65
1f9d1-1f3fb-200d-1f3a4.png	2D/png/128/emoji_u1f9d1_1f3fb_200d_1f3a4.png	e6bb65a170ce3af422a319cfa42a6b99b8a88102e9c2a71d4ed8ab0e81068d21	2dff525b52dfd4f4e55b0ac9bd4751ca37ec2cc0a5c783bde05ab1b728d2c58b
1f9d1-1f3fb-200d-1f3a8.png	2D/png/128/emoji_u1f9d1_1f3fb_200d_1f3a8.png	56ba49de3adedb9193c65f97baabd4cd29dc9939939d358d2c1a8eb3579bce67	de1013712aaa0616a75c455e882cbd1977218ae8bc04223dd7b82cc9c9f29310
1f9d1-1f3fb-200d-1f3eb.png	2D/png/128/emoji_u1f9d1_1f3fb_200d_1f3eb.png	dedefc75bcbf1fa4011466d398c22c8afc17e0f23d47d5ed76af94a0a5cd3600	1e1b2214f6a9d94731873e9e8947a7a6bcdeda79c8de309821bda293fd25852c
1f9d1-1f3fb-200d-1f3ed.png	2D/png/128/emoji_u1f9d1_1f3fb_200d_1f3ed.png	63b86af7d82cc221d6e42ab4b2ef04390f205df0a5abc42d2d61b5c369aef890	4568083544ba29b9e1efe178beb6f3cae4d1b2fc5a776abd041862a18c9efd6f
1f9d1-1f3fb-200d-1f430-200d-1f9d1-1f3fc.png	2D/png/128/emoji_u1f9d1_1f3fb_200d_1f430_200d_1f9d1_1f3fc.png	40ff74a12ba9a39abeb72c25a3b255c8586fd2c014d60a5a89682afaee6597c4	c3bbdd8a23cc9bab99484e6c2426634a2dcd50e5acb3163674b0c8c0c7afbd10
1f9d1-1f3fb-200d-1f430-200d-1f9d1-1f3fd.png	2D/png/128/emoji_u1f9d1_1f3fb_200d_1f430_200d_1f9d1_1f3fd.png	0da0aa0171321f98b547105cc14163aacc157b934b70bf76f8c26284ddae1349	1b1e9217153c6432f742e6cf9a57bfc910065ce7307074dcd395fbe56bd347b2
1f9d1-1f3fb-200d-1f430-200d-1f9d1-1f3fe.png	2D/png/128/emoji_u1f9d1_1f3fb_200d_1f430_200d_1f9d1_1f3fe.png	0a4ca766ffd38c264f55f700d57339eee109e4d3e5917adc72f9f167e2db1f17	ccc334d0c43904a27207963657330dc56626f815fbfc2747d889243d41e1c788
1f9d1-1f3fb-200d-1f430-200d-1f9d1-1f3ff.png	2D/png/128/emoji_u1f9d1_1f3fb_200d_1f430_200d_1f9d1_1f3ff.png	99b62d8c7c377577b9111399db4dc25c6d133ab8582683471da253043c87b1dd	4a717cf64607283e1756350eafb251f40dc2aac352edfe1266a9310b7111c559
1f9d1-1f3fb-200d-1f4bb.png	2D/png/128/emoji_u1f9d1_1f3fb_200d_1f4bb.png	69768bdf4692d9131fe8d8072a966edaac0918e1edfebab07b539f44248ac5ff	b79b128464c05b1f127829871f6bf005412264e6429a496139135ef2637f4247
1f9d1-1f3fb-200d-1f4bc.png	2D/png/128/emoji_u1f9d1_1f3fb_200d_1f4bc.png	4d2487a71247e4fadbb93e03acb5c6f101b77269f91a0f190f54e26f0af74324	4a45d89b0785e3f4fc833fccb94b9bcf461d11dfe169962afca6922794186525
1f9d1-1f3fb-200d-1f527.png	2D/png/128/emoji_u1f9d1_1f3fb_200d_1f527.png	3dbc14155fb9a2d4790638857f442fbab07a137a9a5a6f9bac8c727b80328f79	ae124d8f65892df1565857ff318177dae19a6628cbfe3962ca784776c8139e9c
1f9d1-1f3fb-200d-1f52c.png	2D/png/128/emoji_u1f9d1_1f3fb_200d_1f52c.png	8cf9c50f13e68be20fd153f299cf952c5c2481380da8cc08cda661c21c685a98	389b2f085685bb5bcdd9565513266e0e1b61a536c076689a90beb1cc81fa4cd1
1f9d1-1f3fb-200d-1f680.png	2D/png/128/emoji_u1f9d1_1f3fb_200d_1f680.png	0bd0dd752517b38a5638add0a4f0ca7e563bcb176ebb321bff2f1a1faf02b8c2	ab2678451b57c198315650fb20342c6b67dbc5bc0f95c4a42a2c10102a191b75
1f9d1-1f3fb-200d-1f692.png	2D/png/128/emoji_u1f9d1_1f3fb_200d_1f692.png	e696d15b11eb50aa8d04c38ff3da43ca11600850ee93a9bc0426e9cc480ede82	8edae890356957a5115799062a3c62ad78343f3c1dd70135220a0f6c0eb2be23
1f9d1-1f3fb-200d-1f91d-200d-1f9d1-1f3fb.png	2D/png/128/emoji_u1f9d1_1f3fb_200d_1f91d_200d_1f9d1_1f3fb.png	12bc202bf7a3456bfb33841b7d4476c4eb64b497dcacc7aadef8a46dc6541a42	d955345cf9d1e85cad8fb20e224b502823603eaad339c48bca036f66bb093d82
1f9d1-1f3fb-200d-1f91d-200d-1f9d1-1f3fc.png	2D/png/128/emoji_u1f9d1_1f3fb_200d_1f91d_200d_1f9d1_1f3fc.png	52a5157504675e6e31f30fe99f6125c862c67a65f315266bfc53e392808973a4	53d0fe6acf76e917ae463873b566fd262313b25e5c922723ed72e92693caf444
1f9d1-1f3fb-200d-1f91d-200d-1f9d1-1f3fd.png	2D/png/128/emoji_u1f9d1_1f3fb_200d_1f91d_200d_1f9d1_1f3fd.png	583d1b69db14014c144f62c82ee7d986b14063464f984bb0a0e59ded329292ad	86ff7aa19244157a7f0d61dc1d85cfc213cb7f9b5702d3164d150d7fff484bc9
1f9d1-1f3fb-200d-1f91d-200d-1f9d1-1f3fe.png	2D/png/128/emoji_u1f9d1_1f3fb_200d_1f91d_200d_1f9d1_1f3fe.png	605c3690801ea66391f638b6cf5293744138e5a06a31687627e41add0b737fdb	a6cb5e224b7d0e1069c2153e3cac8330709e79fb7798e71d8b2b08c065deaf8d
1f9d1-1f3fb-200d-1f91d-200d-1f9d1-1f3ff.png	2D/png/128/emoji_u1f9d1_1f3fb_200d_1f91d_200d_1f9d1_1f3ff.png	ce54fab7d5acb323cbd4a0a86c3979a51f7989c62774f43be0ecad965c6424ba	1e838cd66542983e27c23641b99f7fa6431b672d647634f25ef50b32060edefb
1f9d1-1f3fb-200d-1f9af.png	2D/png/128/emoji_u1f9d1_1f3fb_200d_1f9af.png	95fb51206e0d64c37e22927075066adc9c9de90c89ff0353894d6380203b3bc0	631577ffbaecb0b6b621561e961498bf74b22e1a3e05edb8aff3d0ee831dc432
1f9d1-1f3fb-200d-1f9af-200d-27a1.png	2D/png/128/emoji_u1f9d1_1f3fb_200d_1f9af_200d_27a1.png	6b0f994223c5f0b30e69cdc58de669d5ccd449ef97ee8eba4593cdaeb781fbbf	3d23be411bdd0aa5b0aaaef3b6932238ba463962ec3ed0dc27901895b4d93c20
1f9d1-1f3fb-200d-1f9b0.png	2D/png/128/emoji_u1f9d1_1f3fb_200d_1f9b0.png	9c072b4e3b751e114488c1051cdc2c32d10435781e4f23fa0d2746fb7c604042	daa30d9311a7fefda3d7bb8bde9fc707f47e72cfd190403c6c4d13120b659ca2
1f9d1-1f3fb-200d-1f9b1.png	2D/png/128/emoji_u1f9d1_1f3fb_200d_1f9b1.png	145885b4871322e2ac35e66ff6ee155e867536b79ea161e3228ca101c7a70a6c	e8b29a7af75dbb3777b59a463f8d6afa3f3ea3599ce62e775baf4ae66a0dde3c
1f9d1-1f3fb-200d-1f9b2.png	2D/png/128/emoji_u1f9d1_1f3fb_200d_1f9b2.png	a34721d79db952e8c66b92b4b493ceeb9ae7703d4cb4e49077a076dad448e7ef	ac3b931b8196a1e33850b523bf081b39fdd97e1f65c446ee196a0fb4c867e673
1f9d1-1f3fb-200d-1f9b3.png	2D/png/128/emoji_u1f9d1_1f3fb_200d_1f9b3.png	a583617cac0cbb36ca2718630b247f0a71b00e6580c9da5b841d02062a7ec962	4a6417d543a8cd7e033619b5e649ffd7d782c390ab6ad928018bb5d434da4bf0
1f9d1-1f3fb-200d-1f9bc.png	2D/png/128/emoji_u1f9d1_1f3fb_200d_1f9bc.png	7c61d2bf05073f9b62054c0522fe789b5bead57d9fbd3744cd083f124fa92912	04025cf7526cfb6f1be5eb5830ffdf6827862d35124410abbcb0ca2a7a5c7bc6
1f9d1-1f3fb-200d-1f9bc-200d-27a1.png	2D/png/128/emoji_u1f9d1_1f3fb_200d_1f9bc_200d_27a1.png	78bbd5b083ae67936b2c373339ad99d5807977341e5255ab55f8aa9749752cb6	7e50b1472fcf600f761e8f2437c87c5b54bcc4c600e34e563f07ca2146f0c099
1f9d1-1f3fb-200d-1f9bd.png	2D/png/128/emoji_u1f9d1_1f3fb_200d_1f9bd.png	e9e2f7b9113504d2752a98ea87a554c546e1db9b9cedeeb217a4e651b4258628	55fcc3d8eec6cf1bc1d8ae750f2ed53bea5e9274ab024af7b4ff87fe3b8fdbb2
1f9d1-1f3fb-200d-1f9bd-200d-27a1.png	2D/png/128/emoji_u1f9d1_1f3fb_200d_1f9bd_200d_27a1.png	6e3715db63694b9b561ad3793b545c2c76f291f013cdb318ebc07c6082ebec1d	5faa5f19728f45d68884f8e0baf557059350d640c0a39ba523ed73773fbd4981
1f9d1-1f3fb-200d-1fa70.png	2D/png/128/emoji_u1f9d1_1f3fb_200d_1fa70.png	e69519ab662785c0eb9c4498949bae15c87507b698d98ededcffe11049b40685	bf4307fa1e143eb14976205254fc1e554968ea9854fc67c80e1cd1e1e8ec7e2e
1f9d1-1f3fb-200d-1faef-200d-1f9d1-1f3fc.png	2D/png/128/emoji_u1f9d1_1f3fb_200d_1faef_200d_1f9d1_1f3fc.png	0db23fb7dc20a1c081106e534071bad2f001e637ded74d3a39bcd140f601b78d	8f263e319fc2129805c23ebddccdf10fb53869a4f11602d4c5f959a065c14072
1f9d1-1f3fb-200d-1faef-200d-1f9d1-1f3fd.png	2D/png/128/emoji_u1f9d1_1f3fb_200d_1faef_200d_1f9d1_1f3fd.png	a9e418b8e60ed1ad647df5279f1ca2600bcd2719e975df8c2515521fa5cf918d	02869d82ee3216db2b3d101ceb8cf2bf7ffd77d0d34e2ef1ce21182e2f3ec35d
1f9d1-1f3fb-200d-1faef-200d-1f9d1-1f3fe.png	2D/png/128/emoji_u1f9d1_1f3fb_200d_1faef_200d_1f9d1_1f3fe.png	e6442fd56fb3d8930f6868045ae913cadd31b8ca563994895df95ec37be3d527	c496c7cf40eee41943c931bd032fc120654aa28ccd540832db454c89c32a8e35
1f9d1-1f3fb-200d-1faef-200d-1f9d1-1f3ff.png	2D/png/128/emoji_u1f9d1_1f3fb_200d_1faef_200d_1f9d1_1f3ff.png	4dd7c12cde5664fba25ce6d8e0b5df1eadb8d96d423f0a7a96b395d8104ac7e3	934c93dc6159380a4f88a67b8032e6a6339ccb7d6528021551c0cf735f087e00
1f9d1-1f3fb-200d-2695.png	2D/png/128/emoji_u1f9d1_1f3fb_200d_2695.png	c21e8b9ca01cad002add94bee8763f1f3124047025b98eedd1b21893dcf8b951	eb93db0145123a0bee3004525e495998b5317861ba45b762752c4456d425b9ab
1f9d1-1f3fb-200d-2696.png	2D/png/128/emoji_u1f9d1_1f3fb_200d_2696.png	04c60794d1b32e5bea779cf648c4624019d63cddee4120ebb5004ef147df8a18	e97c8e2bf60fa221139e78f0e0d4c527ea87cf04482ffa06e883585d010a1383
1f9d1-1f3fb-200d-2708.png	2D/png/128/emoji_u1f9d1_1f3fb_200d_2708.png	9535071744e3d73f69434d42a436f7bb7ea69211a0a365b554fab8f49b1795fc	0aa00c4855a54d4d52e9202c776a7f197742ec2ceb2002b043336ac962fd1e5d
1f9d1-1f3fb-200d-2764-200d-1f48b-200d-1f9d1-1f3fc.png	2D/png/128/emoji_u1f9d1_1f3fb_200d_2764_200d_1f48b_200d_1f9d1_1f3fc.png	536214b80841501f2c974f55212374fd090a7dcea6f654d073a2ff7f835dea88	de0cdbd9eaeda4e1b58216b1e03bb7629c31183ba528e096e3a54be000d9adf5
1f9d1-1f3fb-200d-2764-200d-1f48b-200d-1f9d1-1f3fd.png	2D/png/128/emoji_u1f9d1_1f3fb_200d_2764_200d_1f48b_200d_1f9d1_1f3fd.png	89d418f930a01d6bad1c95bb9e7062f91a1e5e36192b7a4f0a9ff0e6cf910457	113737746ae15c2eb738ba51d88e1927b689771f6ba94541f746ba9e1554282e
1f9d1-1f3fb-200d-2764-200d-1f48b-200d-1f9d1-1f3fe.png	2D/png/128/emoji_u1f9d1_1f3fb_200d_2764_200d_1f48b_200d_1f9d1_1f3fe.png	68d8158b41255043427efa2bfb0078eec06173d3916e9390d90e03dccba7cab4	2b38d3b706ab40ff5956b17c5861e336c5b96cfef6d77cd39c4a613035c08e18
1f9d1-1f3fb-200d-2764-200d-1f48b-200d-1f9d1-1f3ff.png	2D/png/128/emoji_u1f9d1_1f3fb_200d_2764_200d_1f48b_200d_1f9d1_1f3ff.png	7af23cc06adce6bffba348e4ee71793b89dc8f98e59c9c072e675f0a9578f80a	07bc9b05a381cacb91f402102bc691d4024d7991ce7d5543540e0b012ac8740c
1f9d1-1f3fb-200d-2764-200d-1f9d1-1f3fc.png	2D/png/128/emoji_u1f9d1_1f3fb_200d_2764_200d_1f9d1_1f3fc.png	bf2ad9c94f06d91f06b336ee80f1e2dc37e22d3fc58da7ea12c9049d08e99479	669bebe420dd011b8c7fb86e7616d26a2b34e006aad6669de3265c82a40544ec
1f9d1-1f3fb-200d-2764-200d-1f9d1-1f3fd.png	2D/png/128/emoji_u1f9d1_1f3fb_200d_2764_200d_1f9d1_1f3fd.png	f100afdd92bc09535a82dc5500c2fe5e4bce25e3201d107a390dc045083df5f6	02837b72e574b76b654c27060082c16a14ba13bf3ed3bb3652124e5c064160bc
1f9d1-1f3fb-200d-2764-200d-1f9d1-1f3fe.png	2D/png/128/emoji_u1f9d1_1f3fb_200d_2764_200d_1f9d1_1f3fe.png	90d30847ce6b714361d2d2e9e55a6efbe663add23421039615c1be35c333c608	aff79de786e78e505b42433a835ca5042ecaa610d6caf92902319e2615a912a7
1f9d1-1f3fb-200d-2764-200d-1f9d1-1f3ff.png	2D/png/128/emoji_u1f9d1_1f3fb_200d_2764_200d_1f9d1_1f3ff.png	68dd3a4770ed0e9b2e470b47fde32c055f2d95b2bd708e70689a676c526d2392	596283084d7add243edc920abedbddce59d79dbbca98bfe6536710e2a56be4b1
1f9d1-1f3fc.png	2D/png/128/emoji_u1f9d1_1f3fc.png	429ae5411ec7b233469c4a03685a38a3af6540cf57a89b81ccc6120630f2d20b	b5042656c0c2ed51fa13a4c76f9be8cfd9ef6bf46ea0a5d3afdc8c561680ace5
1f9d1-1f3fc-200d-1f33e.png	2D/png/128/emoji_u1f9d1_1f3fc_200d_1f33e.png	b5354abfb87a1b821c8ba67400b3a679eebf6b3d62377de5ca3b5dc5b0b0b9bc	90953005a5b360e97390837320c662201714d56d463e45ed0e074d2fb7930f9e
1f9d1-1f3fc-200d-1f373.png	2D/png/128/emoji_u1f9d1_1f3fc_200d_1f373.png	99e7712d0c41ff75de30e87c47014ade5502c8930ccb1911b7b3ee8b0f28304f	4dd4fa6d6a4bd9e144d15d612d15d007209b56da79e95f685e78dad443020878
1f9d1-1f3fc-200d-1f37c.png	2D/png/128/emoji_u1f9d1_1f3fc_200d_1f37c.png	8e8e0cb89eb262ba280ad3cced8eaac92b61440d9b38f7eec6ffb07055e1cd9e	c7be3d31f5bb8e5f4bbd32ba2b9957d933a895dabdbdc5f0ce874346240592ed
1f9d1-1f3fc-200d-1f384.png	2D/png/128/emoji_u1f9d1_1f3fc_200d_1f384.png	97bdd140d36fb5fcec44fb004ea9f660ab350e9f2a371399af522897cf7d9aed	aaef53c27522099988003a73a205015c24aba6bb4976f830dd9264b95d7703d7
1f9d1-1f3fc-200d-1f393.png	2D/png/128/emoji_u1f9d1_1f3fc_200d_1f393.png	fb382911a35165b2033addee6d7274a44766e828661773d9df9e7509b26b8eb9	e989fbadce5dacbf25853b2f9a95da3bc44fa57ed35607bde28f90af18183924
1f9d1-1f3fc-200d-1f3a4.png	2D/png/128/emoji_u1f9d1_1f3fc_200d_1f3a4.png	7650782c5360b7c75965ed05e1015f2a6ef9fd8b93c2b378d4dfc727c7220988	0daa7d25c2041b9bdcec5be90a385a5fe1fd6f6dbcb0db0cbf9c39ce470fff3d
1f9d1-1f3fc-200d-1f3a8.png	2D/png/128/emoji_u1f9d1_1f3fc_200d_1f3a8.png	726ac3ae459a5ca8dfb12f70bd9d80253b582b035843b34ad5953640aeecbd2f	cdb9865371df0fabb0cef5a34d5f7d6f6a0259307224fc9155f7b0b5bee107e2
1f9d1-1f3fc-200d-1f3eb.png	2D/png/128/emoji_u1f9d1_1f3fc_200d_1f3eb.png	a509f3bae51dcc759d75d34e34f6c86392efa403db87af193238a633cc02b0ac	96f4078289c12cbc3e7dc6bbaae87d59278568cae2cd68f21ea5e142b8698e75
1f9d1-1f3fc-200d-1f3ed.png	2D/png/128/emoji_u1f9d1_1f3fc_200d_1f3ed.png	9e2e6f8c8388b5f6c2dbd70a274b8d0e8d8bde1fbdfdb0938209e5c60969fb81	e9c4f8e6014ab470288976b880c7d48b20d8728ddcff580c725e76acf1888264
1f9d1-1f3fc-200d-1f430-200d-1f9d1-1f3fb.png	2D/png/128/emoji_u1f9d1_1f3fc_200d_1f430_200d_1f9d1_1f3fb.png	3460e674dfdfde00f6e8cf6496bc787c4db42d69feda557fabae97550a4fb4e5	eb17e2a9c0dbd33f82e2ace9063b0361ca03e52043b6d94a90d3c507d47c3e28
1f9d1-1f3fc-200d-1f430-200d-1f9d1-1f3fd.png	2D/png/128/emoji_u1f9d1_1f3fc_200d_1f430_200d_1f9d1_1f3fd.png	5864ab205ce89f6413bdd9ac26240375ed09a1a0ab2f56b8e7689bc67909c303	dab9a970749f2443a29c54ab8ecebbcb340b52932a148d057b6ca437cd36ef4d
1f9d1-1f3fc-200d-1f430-200d-1f9d1-1f3fe.png	2D/png/128/emoji_u1f9d1_1f3fc_200d_1f430_200d_1f9d1_1f3fe.png	6e6f51e74a9d3bfaadeb3093f8c896a044a5d190dcc14b2c72cf8e50111168b3	f8b0152c2df06b426a0924aa9e9d5aa7af432d5b4a748f9abf1b61d770d57020
1f9d1-1f3fc-200d-1f430-200d-1f9d1-1f3ff.png	2D/png/128/emoji_u1f9d1_1f3fc_200d_1f430_200d_1f9d1_1f3ff.png	3a48ae34db7d469b5bcf8835c97e4135b48ea66f3a1162bbd63083f68f280538	b5e9f64ea85d82435bb6b942b5705ab2694d63c8b3602d3986b69efaa56a704b
1f9d1-1f3fc-200d-1f4bb.png	2D/png/128/emoji_u1f9d1_1f3fc_200d_1f4bb.png	88a46aad3ca5c509af7439746b2fd04489d7019ce98e834ea611920bca12ec3b	60c66b5e9a1c6c7289d9f87c96951544beebc1b829523db0dec4447f6f3092d7
1f9d1-1f3fc-200d-1f4bc.png	2D/png/128/emoji_u1f9d1_1f3fc_200d_1f4bc.png	dfed8968988bf0a7c5644efaf1e76cb9419a4f64e0d279435bb0dab7931983e7	91d2760b5b890be90d58801e32ea938fa210791fa643dee66a438dc311806f02
1f9d1-1f3fc-200d-1f527.png	2D/png/128/emoji_u1f9d1_1f3fc_200d_1f527.png	afdc50a3c9e031613ceb49d27101c926f8a5c7de6452b407af2f89040bf24481	270b3cb2cc2bed302f190a973ece9d85bd0d6cf1bef3e12453cac7a7fb597064
1f9d1-1f3fc-200d-1f52c.png	2D/png/128/emoji_u1f9d1_1f3fc_200d_1f52c.png	9dc50e6e5c111ec2a7ce0d99913488e39bb18db9500f227e96658715441c624c	d8bfaf9244e3c59317a8ff5a37312716d72ca18a97c508d97722b189538f0e44
1f9d1-1f3fc-200d-1f680.png	2D/png/128/emoji_u1f9d1_1f3fc_200d_1f680.png	2f4765e29e550351a5af5aa31b0b6ce4d71f803afae922bee27fc806ea668f9b	5d8ec4a58954813abb15a857ba229259f80a7c7200ed2477186287c49d883994
1f9d1-1f3fc-200d-1f692.png	2D/png/128/emoji_u1f9d1_1f3fc_200d_1f692.png	575c3beb3c6d4953359ed07c604ee5a4f5b540efad235ccf280db22aaeb79377	7be76dbe4a92025c3cc47312dc5c1b6252600fbca84b456c145f9847fa5a48bb
1f9d1-1f3fc-200d-1f91d-200d-1f9d1-1f3fb.png	2D/png/128/emoji_u1f9d1_1f3fc_200d_1f91d_200d_1f9d1_1f3fb.png	091ffddd8a724a4e31ba63749cc46282578514812fd7edc0b6d214917b4a7626	55ab611a117410b019ba42aab8725629734faf04532ad8410b9d16da2168aced
1f9d1-1f3fc-200d-1f91d-200d-1f9d1-1f3fc.png	2D/png/128/emoji_u1f9d1_1f3fc_200d_1f91d_200d_1f9d1_1f3fc.png	c6dc5f0c7bfa5ca82f574e7aa4b73776ad3fbc5e35d66b1dd2bbdd07e6293a33	0e2f1d3cc339deb66980a5849818313999ed596dd372e7895d2a3789c2a41bf9
1f9d1-1f3fc-200d-1f91d-200d-1f9d1-1f3fd.png	2D/png/128/emoji_u1f9d1_1f3fc_200d_1f91d_200d_1f9d1_1f3fd.png	769c74a269baec449819e6ad1ff4d636dfe3e6d4cd175279f2664fb0847e5ef9	b6a03c6ee38038783f82517b7eca9fafafa392d41345247ad5652f9f5e26127a
1f9d1-1f3fc-200d-1f91d-200d-1f9d1-1f3fe.png	2D/png/128/emoji_u1f9d1_1f3fc_200d_1f91d_200d_1f9d1_1f3fe.png	be716328537acb52109a23518b4bc60cc8e65b9793877896b79352131574af5e	c275dcc67e3b3dc75baf5fd7aedcdee86c1f5884ee36184a0e5e57d630e9a002
1f9d1-1f3fc-200d-1f91d-200d-1f9d1-1f3ff.png	2D/png/128/emoji_u1f9d1_1f3fc_200d_1f91d_200d_1f9d1_1f3ff.png	6f04442e0df81a572cf17a3d59b92640fab7b9f71dd393d5ca94704525045eaf	3b2386d7f50d0eca87c9d06884ddfca154262cee1b14e3446805778d9950540e
1f9d1-1f3fc-200d-1f9af.png	2D/png/128/emoji_u1f9d1_1f3fc_200d_1f9af.png	0b79bce7c20aebbf8d21d60a036d6c4889b08a2976d2ecd3d29cb2a469a3bbb2	120a0938db91fe82d4a7b785ee2d4219954ea133eacd5cadc5b0e2eb5769d21d
1f9d1-1f3fc-200d-1f9af-200d-27a1.png	2D/png/128/emoji_u1f9d1_1f3fc_200d_1f9af_200d_27a1.png	91fea49daeeb31168db40ad2a09e402e20de5baa90525b7ecada90124c0bd7e7	68d7fa9bdbd66983357cc0ec33f2ee83167ed2d8bc93878d3cd7fb5b7b64788d
1f9d1-1f3fc-200d-1f9b0.png	2D/png/128/emoji_u1f9d1_1f3fc_200d_1f9b0.png	30e79b3b459bc3f6e7369208ce640c0bd58b4208d79a588ee7853cd228811332	fb74a27ae4a70158218034409d80c222721989322a3bb60a1d321051bfbc735d
1f9d1-1f3fc-200d-1f9b1.png	2D/png/128/emoji_u1f9d1_1f3fc_200d_1f9b1.png	e7bfe108da15adc24d4ac5a5546fe51f60244ed93aa31e2d693dfaac0923e510	892f9a4b844e5702161f46b7b6b58fb084a818c134307821737d9df2b77ccbf5
1f9d1-1f3fc-200d-1f9b2.png	2D/png/128/emoji_u1f9d1_1f3fc_200d_1f9b2.png	8993631bd99878f42a6453da86221dca3015832c1ae6183fb3651682fd4cbc1e	ca9f9c6e864d5b3f09effe5fb3da51f93f4a06d6f9282b2aa70e86e76b9b37ec
1f9d1-1f3fc-200d-1f9b3.png	2D/png/128/emoji_u1f9d1_1f3fc_200d_1f9b3.png	53c730af284aef2b20c212fdd0032ab8ddd1dc4d5c22397bcca1de58ec08c90a	7f5b4549adfdf38dae168f73f40d093f0340ee3446d9e14146ba4f5fe3f82e7f
1f9d1-1f3fc-200d-1f9bc.png	2D/png/128/emoji_u1f9d1_1f3fc_200d_1f9bc.png	2aee2beeaa311ed808ba05e301e2552ec63513c51f11ff029685ea3301644665	07a468973efec7145f885a8eb9bca3059b0bc4bfe6ea116175abe87e26af11e8
1f9d1-1f3fc-200d-1f9bc-200d-27a1.png	2D/png/128/emoji_u1f9d1_1f3fc_200d_1f9bc_200d_27a1.png	f66777f56990a0739567056e201b947ed026aefbb73d4b4029cbadd1aace6ba5	57c84d3466e6403e175bb8bf8ddd4e08790a0ed9f5c88210e48da081ec238db2
1f9d1-1f3fc-200d-1f9bd.png	2D/png/128/emoji_u1f9d1_1f3fc_200d_1f9bd.png	1240d93327ce025afa6a6df777ecc706421186105ea69975c569310e8052b173	ed04d85f07887a09c643646c610be3c302c31134ffc01f5e07278443090ed14e
1f9d1-1f3fc-200d-1f9bd-200d-27a1.png	2D/png/128/emoji_u1f9d1_1f3fc_200d_1f9bd_200d_27a1.png	ad5f85bae286dac08c6a47fef3e5a0c1dd5a164af0defd222a41bf2d6d07cdf3	55b5c9281d79e8bc9a72a6a6cd0a48f00722f5cfdbc6ca4bcb07dcdcf1fd48c0
1f9d1-1f3fc-200d-1fa70.png	2D/png/128/emoji_u1f9d1_1f3fc_200d_1fa70.png	7a8b7d6fadc996a656a6ecb34f84199201d6bcf6a558b01afcb10b89a699794f	970f325a1c7457eefc0c2f0e8a2f6f2151cf44fa8320b3bf4fe86b75ab97eb9f
1f9d1-1f3fc-200d-1faef-200d-1f9d1-1f3fb.png	2D/png/128/emoji_u1f9d1_1f3fc_200d_1faef_200d_1f9d1_1f3fb.png	25c830c7342ee4279719d5cfef2d3e3b96277f62feb74cf709e61be3cc157d2c	03ae4f61b302d3300039cd5675aa53f9c441625db1fcb18e90e9599cbe1a61a6
1f9d1-1f3fc-200d-1faef-200d-1f9d1-1f3fd.png	2D/png/128/emoji_u1f9d1_1f3fc_200d_1faef_200d_1f9d1_1f3fd.png	4d3d8047b6491ae8b0d61ff339fbd0c0df7a5a280338a7a75105d9b33911dfd8	bcfc841e4bdaa5996450204ba88c67b116fe337b41fef0689a3d3d4177a72394
1f9d1-1f3fc-200d-1faef-200d-1f9d1-1f3fe.png	2D/png/128/emoji_u1f9d1_1f3fc_200d_1faef_200d_1f9d1_1f3fe.png	53eff76eec635eb36e5c2452149f0ca6578b366aeb09c6d5c98fbdad80167973	51f4fbaa88c523b3b6bf09ce3ae7b6bdee8e22756ad97dbdcb85e7c3fc871ccc
1f9d1-1f3fc-200d-1faef-200d-1f9d1-1f3ff.png	2D/png/128/emoji_u1f9d1_1f3fc_200d_1faef_200d_1f9d1_1f3ff.png	a55341d627aa493ee193958ed071f9670c781e732ddac64d878fd9d302a2b694	75bd16bd31b462638dd8e04d64a82f2a1cfc13d3c202257fbeefc09a1ebd96cc
1f9d1-1f3fc-200d-2695.png	2D/png/128/emoji_u1f9d1_1f3fc_200d_2695.png	a2afb5eac6285750ec92d48f13ffe19cf46f8122b3c6d81c293dcf75611bb182	c4151dd8cbd84c4c960839a9a9e82a6a2e83d5ddeb8986afedd27f2e24351828
1f9d1-1f3fc-200d-2696.png	2D/png/128/emoji_u1f9d1_1f3fc_200d_2696.png	55befca8f2d92c559b36c87067eb7e052da870e646b5a07b1ef8ee3418efb721	0d6299317c2262282e192bdc4069285f391a3fc8df0b824b7d485f7a7d1999aa
1f9d1-1f3fc-200d-2708.png	2D/png/128/emoji_u1f9d1_1f3fc_200d_2708.png	7151dcec18f88496c151634b831167c61beb91a5d8e94fecb1261dd4cebe22e2	ba511a41fb892c17505af2dcf35f43634daa6f998c83e571c4effa9e23679fd5
1f9d1-1f3fc-200d-2764-200d-1f48b-200d-1f9d1-1f3fb.png	2D/png/128/emoji_u1f9d1_1f3fc_200d_2764_200d_1f48b_200d_1f9d1_1f3fb.png	5ec56874daa92db8279a07df4abf3fc443fcf610804473e6816f1329ebcef574	197b53f4afaa3ae92cffce73a0e82348f519b8fd34d1aff25b20a988e4a091b1
1f9d1-1f3fc-200d-2764-200d-1f48b-200d-1f9d1-1f3fd.png	2D/png/128/emoji_u1f9d1_1f3fc_200d_2764_200d_1f48b_200d_1f9d1_1f3fd.png	f76b3aef9daa2e68c68475e7ecd30ec325079676bf6b587339db673214a63215	0ef9b653a755f58762179b55ecb9d7f1da9c770dd3232fc99de495f3d48b54aa
1f9d1-1f3fc-200d-2764-200d-1f48b-200d-1f9d1-1f3fe.png	2D/png/128/emoji_u1f9d1_1f3fc_200d_2764_200d_1f48b_200d_1f9d1_1f3fe.png	5dba63ce1f06d01e9bbd268b94b2850816e7e592e670ae6e17a8d3893a2f2b01	a7c4ce33203a019c44207af8222ed297590bbbf555270eb62999db6d106beef0
1f9d1-1f3fc-200d-2764-200d-1f48b-200d-1f9d1-1f3ff.png	2D/png/128/emoji_u1f9d1_1f3fc_200d_2764_200d_1f48b_200d_1f9d1_1f3ff.png	918d2b3d45aeaaea88bc56e062fdb6867b00c550f77d7c5dad2b10d5795feafe	1a6a6fccd4528114b71a84486a123c5a1fafbdc97879defdeb3c1ef7964c6a51
1f9d1-1f3fc-200d-2764-200d-1f9d1-1f3fb.png	2D/png/128/emoji_u1f9d1_1f3fc_200d_2764_200d_1f9d1_1f3fb.png	803d0628433bb60793ac9f51a9d3c4a6f059c3409768e1e01067fb367710fff6	5673789eea2558dc932a0f1f5568ccf6ddc55a4661f322eb45ee93f4817a00bb
1f9d1-1f3fc-200d-2764-200d-1f9d1-1f3fd.png	2D/png/128/emoji_u1f9d1_1f3fc_200d_2764_200d_1f9d1_1f3fd.png	250a3f009209451ca4b295fb3584e8565ff56fd96e9a6cf9e4db0f7ab5a4f932	62884a738fda31cfb89e091179c8efde66f9ab3e8f50c1193f3a634c1adcab2e
1f9d1-1f3fc-200d-2764-200d-1f9d1-1f3fe.png	2D/png/128/emoji_u1f9d1_1f3fc_200d_2764_200d_1f9d1_1f3fe.png	69f8fae4fef3cc876e97216a7eee4365f219fcdf4be7c037d36fa1a6d3b523c0	6b1a281c2ba93a99095bd29e2ef9adffbc00f70452f1aa39b7e751c8eaeb4b62
1f9d1-1f3fc-200d-2764-200d-1f9d1-1f3ff.png	2D/png/128/emoji_u1f9d1_1f3fc_200d_2764_200d_1f9d1_1f3ff.png	326acdb4e8a58b5a31104fa21f289a3f2c70ed7ce0d3f15a5fe921a61cf12f69	7b1df112c38be67c67511e840941a5900bc98ad12dec01c2a93c6702074015aa
1f9d1-1f3fd.png	2D/png/128/emoji_u1f9d1_1f3fd.png	fb7f4da2d1779a2e44602a8c86c78bd3b391ddfa19154296a0df01983b9a5325	9ce31620b10953f657841f2cd6cf5b3786042bffb4c04d81634bd35e36f35cbe
1f9d1-1f3fd-200d-1f33e.png	2D/png/128/emoji_u1f9d1_1f3fd_200d_1f33e.png	ec68f63d0c3d6b67850e3f9d3b85983297f2a31d21862f11aa74e69e77c338d7	89d363aba75e4d783cd638b2cfd6dd2d16f1a9964f0108ce7e0990d82192def8
1f9d1-1f3fd-200d-1f373.png	2D/png/128/emoji_u1f9d1_1f3fd_200d_1f373.png	f61e96af75a2f2c56ed7f77dbc40af885a1a5f5dbcfffc6cd04681c156b44b62	972a0a7e9df760d4109a76eea1c9e652885ea4f074e945787f26714f389bb0a1
1f9d1-1f3fd-200d-1f37c.png	2D/png/128/emoji_u1f9d1_1f3fd_200d_1f37c.png	486430fea291fb1bcf1a99fb6dc257b858f89f2d3be09d557e57c8b50e7023ea	5b5bae246101102aca1e7fa808d5cad6d72fcd99dcee7a092f813c3b8c4bfb62
1f9d1-1f3fd-200d-1f384.png	2D/png/128/emoji_u1f9d1_1f3fd_200d_1f384.png	8774c81d6c2d7d37771f7c3e0427f9be699e8eefe0c9d0f04294c29402fb72c5	acd30541a90de500fa72f70d8ac54894f620f6d31a7179ffcb4679fc48518b33
1f9d1-1f3fd-200d-1f393.png	2D/png/128/emoji_u1f9d1_1f3fd_200d_1f393.png	8d0a6eea4b0000612e2afde4cd34d9f179e8cacba0fdd112b066f70b14e66f88	f62357e871fcc9d04cb821c37deef6c3207f3ece0ba9186d262707d8057df75a
1f9d1-1f3fd-200d-1f3a4.png	2D/png/128/emoji_u1f9d1_1f3fd_200d_1f3a4.png	76719ee233b9f5e1d90e3d0435ce56c9d96e44358b946a75c6261ac060f9dded	876656e0c8e9989aeb1cefd3c57655ca70cfb30a08e19bc5f6894dcef4884bcf
1f9d1-1f3fd-200d-1f3a8.png	2D/png/128/emoji_u1f9d1_1f3fd_200d_1f3a8.png	dc893bf7cd9cf710a4c07e1286e956c0115000e02cbaffedb9bc3b7d180dfdb5	e93e41ad72b14af5268881be018807ea1e204d38078861fb9bac4d6ef6b771a3
1f9d1-1f3fd-200d-1f3eb.png	2D/png/128/emoji_u1f9d1_1f3fd_200d_1f3eb.png	91b101fe889144e264aa91b93d93d836039095c3181a0e597040763633fb998d	0e9fe96874a4d3a23cf1caa868bf51e077c30af3016523ac5db76cffa5f8a42e
1f9d1-1f3fd-200d-1f3ed.png	2D/png/128/emoji_u1f9d1_1f3fd_200d_1f3ed.png	14c518e2a549aad7d56495b42bd615789938cd279508450b8614a4ac892bf055	1847e5e8518ccd7dfbb6f6867db08cc55825f20dad3d11464776400ea94ee325
1f9d1-1f3fd-200d-1f430-200d-1f9d1-1f3fb.png	2D/png/128/emoji_u1f9d1_1f3fd_200d_1f430_200d_1f9d1_1f3fb.png	a3903f47dc0637a8590af7964be11f8d75229c9ef8f56162a46c4bae00edb037	8653e89e69d00e6788d17993e021388e5c07bc7e021a0477f53fc86466e2a51e
1f9d1-1f3fd-200d-1f430-200d-1f9d1-1f3fc.png	2D/png/128/emoji_u1f9d1_1f3fd_200d_1f430_200d_1f9d1_1f3fc.png	21e46bc90e2bc7d6d33da0e1391334a03ddb185103848e1b5119fed1b76a0e96	2a17f2fd7cce60ff32a3bd8398ff17be4e7dfef42123a0b5707326f67e699cc8
1f9d1-1f3fd-200d-1f430-200d-1f9d1-1f3fe.png	2D/png/128/emoji_u1f9d1_1f3fd_200d_1f430_200d_1f9d1_1f3fe.png	3f3d0cc53c3f712edde8f2f234757278ed03ee09d5182d2a308d0abd74851430	c9e70db640b4144733b7112e189f187580f0abcfa9b7d29d553ce03ad9a4b9ac
1f9d1-1f3fd-200d-1f430-200d-1f9d1-1f3ff.png	2D/png/128/emoji_u1f9d1_1f3fd_200d_1f430_200d_1f9d1_1f3ff.png	1abdd33e03f02c43f28293c5b8a04f2f79f80e035faa537dc0c0058cf39fc251	dc8c9de4cedbeefabd63efd9c3574540a1a685566c9b2d2577e23f1a3f85f046
1f9d1-1f3fd-200d-1f4bb.png	2D/png/128/emoji_u1f9d1_1f3fd_200d_1f4bb.png	ab5cf4cdefdf95b029b68ae871a84ca0202bc904a23f1026ebb5ca7c6d6f15de	142fefc8903f15ddf59c9e4df92aee951e05678d9ad61dc2bd04786e547eecbf
1f9d1-1f3fd-200d-1f4bc.png	2D/png/128/emoji_u1f9d1_1f3fd_200d_1f4bc.png	5fe940a67c937cbabc566b7762dbea7c588965c4c5742bf2cb614157668eea77	9abfa66d6daa90d8eba381dce6991614a10144ff502f8d2dcc4d316e3100df98
1f9d1-1f3fd-200d-1f527.png	2D/png/128/emoji_u1f9d1_1f3fd_200d_1f527.png	328ffe809acb12482cc8e3fcdac0859bf1b42ed66540010090aaff63f5d57860	acba7b42c61e034d8185e2a7ac72cc719246f07b1daf79da2b492ea7ef0eb1e1
1f9d1-1f3fd-200d-1f52c.png	2D/png/128/emoji_u1f9d1_1f3fd_200d_1f52c.png	49a9bb736902ab925bd57f3275f763009cf24c16a8a5a5aa90a338f5cb7e0a0a	f41f8c4efb379485b04d5b384abc1e0dc63dbd3106a7b57a56a68ea23e7f1781
1f9d1-1f3fd-200d-1f680.png	2D/png/128/emoji_u1f9d1_1f3fd_200d_1f680.png	cf53b9e77cec150b4c4544787e8a86f5b0297ae00328655e13df75e487501a59	acc60aea10a1d9dc754c544be2cebaf286cd4dcdc3f47ac59bda55ec068aa41f
1f9d1-1f3fd-200d-1f692.png	2D/png/128/emoji_u1f9d1_1f3fd_200d_1f692.png	220a76c39e9990e8fe7e6600dee88971c06eeb36468d830f64ccbe8f6ffe003d	a6528536fb7c3cfc4b67431d2f05e882b6ea4f4581d49531b3dba18ba88abb13
1f9d1-1f3fd-200d-1f91d-200d-1f9d1-1f3fb.png	2D/png/128/emoji_u1f9d1_1f3fd_200d_1f91d_200d_1f9d1_1f3fb.png	d89a27cb89fa0957599f00784abde8283d2808bc5300a7e0e754106f467a2cb9	233b81b19a238c31492cb3b774231074da510108639bd45832ee2f00410b8010
1f9d1-1f3fd-200d-1f91d-200d-1f9d1-1f3fc.png	2D/png/128/emoji_u1f9d1_1f3fd_200d_1f91d_200d_1f9d1_1f3fc.png	d187961a238bd21b8b73e235d1df3f291d2bbed27f90c163c82b72e8fe63d675	4c8292f2e1128717555cdc6f5ad98d117b634f7ec12a68bbcac0672bab77bf49
1f9d1-1f3fd-200d-1f91d-200d-1f9d1-1f3fd.png	2D/png/128/emoji_u1f9d1_1f3fd_200d_1f91d_200d_1f9d1_1f3fd.png	03b216cc0e32c46657cce9e263a72d0703766e139c170b0f5c6cceb29e320704	d6a0fd3ef96158ac0aa342d2fb31543a0b44dd0ef2f80d8bcb837ed342be8f22
1f9d1-1f3fd-200d-1f91d-200d-1f9d1-1f3fe.png	2D/png/128/emoji_u1f9d1_1f3fd_200d_1f91d_200d_1f9d1_1f3fe.png	7d3e8e0fd920f03d40b3fc6898d054c6041165ac0b2e5cb0114d996b3e544998	0956c88d04611b6ab36b3698e8007323bd01bb804319afcb23b04b1fb8b80eb9
1f9d1-1f3fd-200d-1f91d-200d-1f9d1-1f3ff.png	2D/png/128/emoji_u1f9d1_1f3fd_200d_1f91d_200d_1f9d1_1f3ff.png	44e394125887ce8ac0da17f07795c935197de11df80b1606c4985da94d5393e1	dd2ef67577d532240225297630dacb5b82a5c7d11a476e31a2977787f1ba0753
1f9d1-1f3fd-200d-1f9af.png	2D/png/128/emoji_u1f9d1_1f3fd_200d_1f9af.png	bf2bb7f6265cc4b878f72e3c7f308bacede0ed79070e850f16d9c7418aebb30a	d64199d8b00ddcc035416c31fc81b134d2d22deb36e5e645949d206f29081656
1f9d1-1f3fd-200d-1f9af-200d-27a1.png	2D/png/128/emoji_u1f9d1_1f3fd_200d_1f9af_200d_27a1.png	9b3f4e5f4a2010daa10a05eadec8930e24f36a75a8b65e21264154b5d29ae0dd	ae0e9fed11652c53bc6e8a6907489a2ab18360b0b4450c520f67540555fcfa1f
1f9d1-1f3fd-200d-1f9b0.png	2D/png/128/emoji_u1f9d1_1f3fd_200d_1f9b0.png	1a12684c2b0bc14f9d6d354e3a2a415036d46928d5de9f08ba3e9703c3a09c7e	7df1f4348305d94bae81a498a9dbe268479470ec591dcff437ad746e14a6a582
1f9d1-1f3fd-200d-1f9b1.png	2D/png/128/emoji_u1f9d1_1f3fd_200d_1f9b1.png	8bd99eefccb5b948c7391d5a17305a2b6e914707b2fd2e222114563818fe2c50	1c093bce286a75b232af252d7d9d86461e4ef95abee7dc889bd695ae33c1462e
1f9d1-1f3fd-200d-1f9b2.png	2D/png/128/emoji_u1f9d1_1f3fd_200d_1f9b2.png	890ad849f629021e2fcb4ab06d10e5347086f4049e919e3a1da807bc8b76496c	3a8f37e3ce369171dbb75b2e396532471b912a65b29a4aad912988781c2822ac
1f9d1-1f3fd-200d-1f9b3.png	2D/png/128/emoji_u1f9d1_1f3fd_200d_1f9b3.png	cc10858590a87ec972949a6151829ba8d5e0544823f18dbf773141746676c82a	4a1d7e3c208ef2304c0dc27158ab99bf48d57d28fb1a689f3bf511c0bf28eed4
1f9d1-1f3fd-200d-1f9bc.png	2D/png/128/emoji_u1f9d1_1f3fd_200d_1f9bc.png	7cc511edaf56dd58d9430e50acd0acf5f0ca3d6f053c9e22ae6ae6547af1b715	376de16f246ffa323d5b02e2603aa4c88b279ce8c68936585d1ddc0c2c5cdf8a
1f9d1-1f3fd-200d-1f9bc-200d-27a1.png	2D/png/128/emoji_u1f9d1_1f3fd_200d_1f9bc_200d_27a1.png	75b447d3dda1fcee4dca3e4b24affa3ac419e7c4ded7493ad014bbe17d6b22d0	cab4edf11fc0cd0997e9e0f1884da8721b52ff58c18273037ae34970f186388c
1f9d1-1f3fd-200d-1f9bd.png	2D/png/128/emoji_u1f9d1_1f3fd_200d_1f9bd.png	74af64c87ee3652cbf77d5d9b05c623568151b3d3db56d158edd4db6b6c57919	9de155fdcca19f48958a47433b5d9ff1fe727d043794db25c85beda0b138d56c
1f9d1-1f3fd-200d-1f9bd-200d-27a1.png	2D/png/128/emoji_u1f9d1_1f3fd_200d_1f9bd_200d_27a1.png	e271870eaf802885cbcb01e4d166f545f8eac76c5c7b32ec6b6ad39739454d32	434a580a640791f4b93d4a9d0b67508683b8ca0a2bb2fff5ab0a15d1876a8115
1f9d1-1f3fd-200d-1fa70.png	2D/png/128/emoji_u1f9d1_1f3fd_200d_1fa70.png	043052f3ed246289a618324a057ef5eb4c6786a9a59beddec6a46835d8e0e76a	d60c4ce141bcbec398a48ec945d53b13d9e21c6e1ae4937f5003318fb9a1bf36
1f9d1-1f3fd-200d-1faef-200d-1f9d1-1f3fb.png	2D/png/128/emoji_u1f9d1_1f3fd_200d_1faef_200d_1f9d1_1f3fb.png	8ddc3e24821ef04d0c1233778051bbb36e09eccffd254d2b14de85f2f3fc846d	c87388323a24e1d87dcf51da02f3dc95f5603912df323301b0beee63aa9eee3d
1f9d1-1f3fd-200d-1faef-200d-1f9d1-1f3fc.png	2D/png/128/emoji_u1f9d1_1f3fd_200d_1faef_200d_1f9d1_1f3fc.png	6dc286701a0b7a6c158a2352fa3e0c96b9a8ae308844e5ab973eb525a832fb77	c8ab55fee634fcce1a15187f3eaa57b98b9b3a80fc025b60c5211655cc5554c3
1f9d1-1f3fd-200d-1faef-200d-1f9d1-1f3fe.png	2D/png/128/emoji_u1f9d1_1f3fd_200d_1faef_200d_1f9d1_1f3fe.png	1b6333c765e76428a896acad92df863c3677f574f0148db87ea2692d17cddfba	c07dad6be6a7d02293df3f097654025cecd3515913a5517c7dd584198e0ca43c
1f9d1-1f3fd-200d-1faef-200d-1f9d1-1f3ff.png	2D/png/128/emoji_u1f9d1_1f3fd_200d_1faef_200d_1f9d1_1f3ff.png	9598152aa6358d344c7bd802abb6e05315a4adf92ce012e92b22800261204891	aa605314cfea6b2c5a7c96170c8e25ccad07c2da7450ec4113be8553b8dc7924
1f9d1-1f3fd-200d-2695.png	2D/png/128/emoji_u1f9d1_1f3fd_200d_2695.png	c603ad45cb536569ec24f3a83b5dc6e4dd7ac985105d12bd90e111bc56465522	80e0fd092ee451b3abf90b9de6024057821d02ce4c137a4f615da1d92e3dc3cc
1f9d1-1f3fd-200d-2696.png	2D/png/128/emoji_u1f9d1_1f3fd_200d_2696.png	680133e1f551a7e163007c02472fbd3962796e4ddd540dace8b2222eea8310ad	2c821eb1a8fd167aaa2b5c48ef1489c94dab97466d58ca4f3dba0158e03b7eed
1f9d1-1f3fd-200d-2708.png	2D/png/128/emoji_u1f9d1_1f3fd_200d_2708.png	3f95fac3946fae463d94db9eb521c79e2ebd7f1ef47cfb42f8ede4d729234729	846c4ccb8b0fba5a7d487312cdb73babef3d17b76e4db6738268b2b1f86c30d3
1f9d1-1f3fd-200d-2764-200d-1f48b-200d-1f9d1-1f3fb.png	2D/png/128/emoji_u1f9d1_1f3fd_200d_2764_200d_1f48b_200d_1f9d1_1f3fb.png	b96a4e66bbe096d042272c428001f666563fc3dec830a07a172b61ca0ac0fb50	de078119e46347e448ab4baefe2585e3266f9b12274ae06890ad8725152c7669
1f9d1-1f3fd-200d-2764-200d-1f48b-200d-1f9d1-1f3fc.png	2D/png/128/emoji_u1f9d1_1f3fd_200d_2764_200d_1f48b_200d_1f9d1_1f3fc.png	aabb023d63a90d2e371e1391392c3ee00b375a298dc966844c4246cc5500f76d	1e6d709835fdaa85e82820362110a7e953d4ed818f7646a5f69bbe394abc5929
1f9d1-1f3fd-200d-2764-200d-1f48b-200d-1f9d1-1f3fe.png	2D/png/128/emoji_u1f9d1_1f3fd_200d_2764_200d_1f48b_200d_1f9d1_1f3fe.png	d1325138f3626b72f72889e64d4a056b6fd58cb354f7639b78f65cd4c51457f6	be1729318b02b1c4f8fb6fd1d58ae86c2c9cda0028fd4c7c3edb8fa5eb672b25
1f9d1-1f3fd-200d-2764-200d-1f48b-200d-1f9d1-1f3ff.png	2D/png/128/emoji_u1f9d1_1f3fd_200d_2764_200d_1f48b_200d_1f9d1_1f3ff.png	3709448cc9a099e1de06cecf35cf672ebbb13fb7c9afa1fa0f170875389ff974	0e2bd116c72464f4ef6c7196252f9595665aa95a31b2d1cb35ac32f070aca0d8
1f9d1-1f3fd-200d-2764-200d-1f9d1-1f3fb.png	2D/png/128/emoji_u1f9d1_1f3fd_200d_2764_200d_1f9d1_1f3fb.png	7f153ed8390b7a8e8acfb9b4cfe2875f1029fb528efc014d86f53adab291429b	8c9f70d973dfae9c6f5dafda14f2a7ef41432c91b109b1a3f88b483d5ffbf634
1f9d1-1f3fd-200d-2764-200d-1f9d1-1f3fc.png	2D/png/128/emoji_u1f9d1_1f3fd_200d_2764_200d_1f9d1_1f3fc.png	65085b2f7d20ed0a121b19e5fd808f85253499dde8ad8bd91a768299b12382c8	0fafb6038e21296887624ef7bf65a0f5a6cbad32444a98f5d71d794eea736e9e
1f9d1-1f3fd-200d-2764-200d-1f9d1-1f3fe.png	2D/png/128/emoji_u1f9d1_1f3fd_200d_2764_200d_1f9d1_1f3fe.png	49de19f6ea7e674d4c85616f339a99d086637b9555d6695bf3031f2cc1894f9d	87a3cd0186cafadf957fcf533a600169982ada70995da8092db1d044047b5f5f
1f9d1-1f3fd-200d-2764-200d-1f9d1-1f3ff.png	2D/png/128/emoji_u1f9d1_1f3fd_200d_2764_200d_1f9d1_1f3ff.png	ae3821db867eb45b1c1f9b9c5abdf867c4ace9ca2d32d5d42ab469aa9a0486d0	6f67fb350f0e955254af0c6bbb9ab210830c9c1cdedee95a731b048b44dccd73
1f9d1-1f3fe.png	2D/png/128/emoji_u1f9d1_1f3fe.png	b59acffdba559296a626f9ba4f0a338b822dc9ed26cb75f37fbb81f3dbbff05f	b126e30e0e65d79e0f1d13364401e969542b09f023269f593afcbaeb30cd5259
1f9d1-1f3fe-200d-1f33e.png	2D/png/128/emoji_u1f9d1_1f3fe_200d_1f33e.png	293216ee2e5af64a9eb86c130f1bcf8f3ce789f91bb7c67bdb64ffc1cd77f1e2	5a1bfb676ae348c6be4e62bfce1e22d1b461979530e42e68dd95598b04ade77a
1f9d1-1f3fe-200d-1f373.png	2D/png/128/emoji_u1f9d1_1f3fe_200d_1f373.png	fcfb13c289ac2ca04aab9dbdd0886f38f6ae19073c261545b04b0908cd9b72eb	9e17d2474bf84abf69d14df44b56df171094d5f6a6a143301ecf6688658c7a22
1f9d1-1f3fe-200d-1f37c.png	2D/png/128/emoji_u1f9d1_1f3fe_200d_1f37c.png	a8bdd52a7228ecfddf9175fb27c7123b8ffe008bc6829f893b46409727472cd3	186ba6447e0ba1940d3809aab5ae6de32647548ef89b02b85e7f12a1a803498a
1f9d1-1f3fe-200d-1f384.png	2D/png/128/emoji_u1f9d1_1f3fe_200d_1f384.png	e2b6ef282a688c0333321795c137752831ac7fec39878c6de01eb4fe759fd4aa	1546d9196c7331933f6db98e864e9102a6aa70dac5a1d530eaddcf257f26ffa3
1f9d1-1f3fe-200d-1f393.png	2D/png/128/emoji_u1f9d1_1f3fe_200d_1f393.png	813d8d3238eefcc9759540dd66a97bcf706ffaf6a29d34061c8c9df280207d63	a985e57d4afbf022dd5de1ca98dbd5499b22e44709eda913ff8faf67a9ca7bf8
1f9d1-1f3fe-200d-1f3a4.png	2D/png/128/emoji_u1f9d1_1f3fe_200d_1f3a4.png	4a98da62b39e9ab15a131d89d50eefc2f23aba1541d03c781788b2a7feaf220f	e01c9980e9b4eeba667f12f60b09af804954fbd787fb2e6d9e3e25606f7a00ce
1f9d1-1f3fe-200d-1f3a8.png	2D/png/128/emoji_u1f9d1_1f3fe_200d_1f3a8.png	99afe8bc77d65bca316fa24123c997f8b481cb130eb1a90d0ed3ede142cf5c64	d7a2f0be5fc1b5e5346bb752f56ab0b9ccba9dec651684109cc7d95b9bd7fed2
1f9d1-1f3fe-200d-1f3eb.png	2D/png/128/emoji_u1f9d1_1f3fe_200d_1f3eb.png	e76e7254ee4b427270f09a0432c84efaa448d9ab84eb9cfa83f027d22f059391	6c7fc4de499c54b98005b2d837d06d3529c925956ac94e487968288a6abc5ab3
1f9d1-1f3fe-200d-1f3ed.png	2D/png/128/emoji_u1f9d1_1f3fe_200d_1f3ed.png	5d313bb07fb089f40c7beb164df54de9beba32c42e280395ac58aac3ba4614d7	8bb59ecb290c4c955d9ea60f7e74630b386b51508899d0d270b2f8b3b20ca6f0
1f9d1-1f3fe-200d-1f430-200d-1f9d1-1f3fb.png	2D/png/128/emoji_u1f9d1_1f3fe_200d_1f430_200d_1f9d1_1f3fb.png	c925cd27e1eb921e6eac471afac11b3223fdf108f14257b6d7c3f2cea81a2981	ce95c87fea8e124e007c6fc9c6ba4ae0b71d72c55fbf98da6c476732d1f8dc2a
1f9d1-1f3fe-200d-1f430-200d-1f9d1-1f3fc.png	2D/png/128/emoji_u1f9d1_1f3fe_200d_1f430_200d_1f9d1_1f3fc.png	1c03c909e879febc068e0444e6fc8377cda83d6edb868f70ae3cee5e7b04b19b	2776b7d69dedb93af2a454add4060e219e7f7f66f8c881ee982b97869a828c0c
1f9d1-1f3fe-200d-1f430-200d-1f9d1-1f3fd.png	2D/png/128/emoji_u1f9d1_1f3fe_200d_1f430_200d_1f9d1_1f3fd.png	aec83072d6b3bbb04ab133f0c8968eb928bddc182d25889d980f2e819da049aa	7b748c929eb80a856ece71bbaafe600f255e40a366b668805a055f4041297b6c
1f9d1-1f3fe-200d-1f430-200d-1f9d1-1f3ff.png	2D/png/128/emoji_u1f9d1_1f3fe_200d_1f430_200d_1f9d1_1f3ff.png	0e2dcdf7a6400ff511a3cb0e4871d4b29724492234fc2920f182fe54912dab35	aff17fc5b1b52b54e35c8452f3be5b87a3090f37061d7d02c0227972e3eb6125
1f9d1-1f3fe-200d-1f4bb.png	2D/png/128/emoji_u1f9d1_1f3fe_200d_1f4bb.png	fd34782b48330ac20ece9f38850945749b53ff2b39f4936b54c6130bba7de351	ed22b9a2cce6db19fd2e987888bf17da42813f776891761e3e707fa0fbad72a9
1f9d1-1f3fe-200d-1f4bc.png	2D/png/128/emoji_u1f9d1_1f3fe_200d_1f4bc.png	f0d491c451156a9e74d286d0b92e11f59bc9d52a230708fe56e0a7f535302e77	59d815dd483296d6ebf86adb09624abcf6d28ae8c3ea413a4f1f74cb5c5125fe
1f9d1-1f3fe-200d-1f527.png	2D/png/128/emoji_u1f9d1_1f3fe_200d_1f527.png	144c14d611a2c9ef9dfd0a8043460c6af539ef5033e8264e2f8f842111fb3904	33e9de1b6fb630dc7a21b121d500ae833bf866f932f100d12a13ac78d27f7f96
1f9d1-1f3fe-200d-1f52c.png	2D/png/128/emoji_u1f9d1_1f3fe_200d_1f52c.png	1efcaf973ef9f574da29271a7b3125c724537ca70783f4029f1befa69b3b2c2e	73859cb7f7aa9388dbc974ad955bed6946c9a70366d83037cfc72982efb1adcf
1f9d1-1f3fe-200d-1f680.png	2D/png/128/emoji_u1f9d1_1f3fe_200d_1f680.png	1cad5b4f7b0238916188ba838cf104263d467f3f8a1ddaf877419d219d8c921a	67c4c88750fd22689b7600ac4c63e1c7cbf00d32739f6bf2d6369ed7c4116247
1f9d1-1f3fe-200d-1f692.png	2D/png/128/emoji_u1f9d1_1f3fe_200d_1f692.png	97e9b206aa81b1e87f48f00f444045b11cb9820e816aead601febe7887248c13	d441ee677f3145dea0dae8e89793a52408f788186add89950d4a25058f43beed
1f9d1-1f3fe-200d-1f91d-200d-1f9d1-1f3fb.png	2D/png/128/emoji_u1f9d1_1f3fe_200d_1f91d_200d_1f9d1_1f3fb.png	a77171fb2bfbca7d37d3e3ead51108fef0fc82502ae9ab2a95134abc0fb22265	56b4c7896a6f46ab8a84a0de388a7e647efc802df17fb4cc1d3e2a3b3a449f34
1f9d1-1f3fe-200d-1f91d-200d-1f9d1-1f3fc.png	2D/png/128/emoji_u1f9d1_1f3fe_200d_1f91d_200d_1f9d1_1f3fc.png	5491eb587741db81814c14c35c0a4c7f9cfc52b772558d8c9c246995c0aea6dc	713f82357d0dde687e217ec5cc74ba8e652cdbd79666e15dc09ae6265ab02998
1f9d1-1f3fe-200d-1f91d-200d-1f9d1-1f3fd.png	2D/png/128/emoji_u1f9d1_1f3fe_200d_1f91d_200d_1f9d1_1f3fd.png	ed29aba748c565b4ca6ba2e7c741304f6d298c6366d2b04fb7ccbb5253d8f8c3	19d0bd890d1b684722f46427b8d455054311b3d03ec559a820b750ec0ffda0e0
1f9d1-1f3fe-200d-1f91d-200d-1f9d1-1f3fe.png	2D/png/128/emoji_u1f9d1_1f3fe_200d_1f91d_200d_1f9d1_1f3fe.png	7b2d3fe1fa699d9909a92bff7ad2e8dd8a7403ac3ffe9a2dca6bff409e04db47	2f19f666f0b939ad1b64572afae3825ae98e1a256a1b63875cf6117f74898401
1f9d1-1f3fe-200d-1f91d-200d-1f9d1-1f3ff.png	2D/png/128/emoji_u1f9d1_1f3fe_200d_1f91d_200d_1f9d1_1f3ff.png	d5562f2cd388a5b7b02186079979b2c58f7fcf8edd15bca63edb3098c19f8366	c30290736d0b8756f0a2039e7b8c6d96f3dc34b394cf600b36df1a08462ef744
1f9d1-1f3fe-200d-1f9af.png	2D/png/128/emoji_u1f9d1_1f3fe_200d_1f9af.png	5b5b7ed757fcf496a525f5218dad7a1b123cf628d4bdfd1339e6baf1ca53c760	2b9716046197e1b44899d654019c3b39c6b1591a2c0df26691e66cd24195773d
1f9d1-1f3fe-200d-1f9af-200d-27a1.png	2D/png/128/emoji_u1f9d1_1f3fe_200d_1f9af_200d_27a1.png	4f8703435e82af04b4631916dfe2cca3dfe70ae95302e3111ad5c74880f53a41	c0e1b70a2b0a76255bb4abf1cc2fc5fb652c1305b9ce04f6d938ece5f44d25b1
1f9d1-1f3fe-200d-1f9b0.png	2D/png/128/emoji_u1f9d1_1f3fe_200d_1f9b0.png	b0e5d7912328fb1add23a7025f190dfcceaebcc78fc3340d57003cacb97ba903	0400fa8abfc31a6628c1d65c72f2364db79eb7d32e662369e9caf5ba4b9f6bf9
1f9d1-1f3fe-200d-1f9b1.png	2D/png/128/emoji_u1f9d1_1f3fe_200d_1f9b1.png	499737a14e4ba6dcbcfd57d9e0ffaf92518dff484c8d14e53ee36f74111bd1ab	7a28800e78e299e5d3b5de951dea18ae92bf15181b0a28d8c6a4075530b83bc8
1f9d1-1f3fe-200d-1f9b2.png	2D/png/128/emoji_u1f9d1_1f3fe_200d_1f9b2.png	3e92c00b29100b0d587207c4f097fae37d2d5a9e1e9357e75da8c6c3f49825bd	612896b4288a467a4883ff5faacede6d555355e400b321ca9dc5740f6c8ee9c0
1f9d1-1f3fe-200d-1f9b3.png	2D/png/128/emoji_u1f9d1_1f3fe_200d_1f9b3.png	ba1fc7ce2cf2da9af05bd7377b6caeca12417760521f93339d4afe4333eb1eca	46bdfb083f8f51294e6327bc1c9e1e16e2aaed9164021a0dd92d357d67aa88f8
1f9d1-1f3fe-200d-1f9bc.png	2D/png/128/emoji_u1f9d1_1f3fe_200d_1f9bc.png	9b28b7005d2f7b09801e2e1a418031e456a8d238245f2dc5533272bd0b023f9b	84a227de2c3d9f94e6b9ea1c1704d64b896097afe3bef02e3cc541a37c1454c1
1f9d1-1f3fe-200d-1f9bc-200d-27a1.png	2D/png/128/emoji_u1f9d1_1f3fe_200d_1f9bc_200d_27a1.png	5a185f89b08356c78ca81d10e3437f40823db7261262a0d47ab4faa242cbd698	e52bfae3c32a3e0959d9254f9e0be38a3e22314d574057ecabd7d58d188c77df
1f9d1-1f3fe-200d-1f9bd.png	2D/png/128/emoji_u1f9d1_1f3fe_200d_1f9bd.png	9fe1b731740bdbad3e7c471be60803f0521f63dc507d5369cf9807c11db1e37a	07f148ea02afddb350bfab177782efb65d6e25759e311df8a8a2e09c48d49ad8
1f9d1-1f3fe-200d-1f9bd-200d-27a1.png	2D/png/128/emoji_u1f9d1_1f3fe_200d_1f9bd_200d_27a1.png	1fd39ce96d4b5e9a4daaac2f0954b03a7694ef871dadc60b9c2f3509febe910d	ed20ece925935e0a79a62ca1541b4099e1edf1bb83867c708702cebd462e6aad
1f9d1-1f3fe-200d-1fa70.png	2D/png/128/emoji_u1f9d1_1f3fe_200d_1fa70.png	b3888a0fcfba684dccca2c79b7a9a6be7768280cbd2319e1c908832936232bec	af04e47a320a764d76798171f093ac26a4d2cd7239b8f3bbddb7bf80bba60898
1f9d1-1f3fe-200d-1faef-200d-1f9d1-1f3fb.png	2D/png/128/emoji_u1f9d1_1f3fe_200d_1faef_200d_1f9d1_1f3fb.png	ca8a1111f1780e606c1b621a3772c8bdcf8346234f706de51e4ce139e422efd0	6501a89d7d257ec3b35d87a7b6ee953c692565c4e38ad91bbf8cd499738c6eb4
1f9d1-1f3fe-200d-1faef-200d-1f9d1-1f3fc.png	2D/png/128/emoji_u1f9d1_1f3fe_200d_1faef_200d_1f9d1_1f3fc.png	a396011e35a27b20b76f215ae2a8df12314e9a61564863e90c51345f306f160b	3140a903ced5b10715a1d8365e4e305de521a2f92415a2789065d367cbcae1e9
1f9d1-1f3fe-200d-1faef-200d-1f9d1-1f3fd.png	2D/png/128/emoji_u1f9d1_1f3fe_200d_1faef_200d_1f9d1_1f3fd.png	765ac797dd87e5980363b1173f0357dc1d7a1340151f0feb5ade78b65893dc21	2068ff9e3922c5944192ed9e2d991b489be038ebedf7e1293360061390639138
1f9d1-1f3fe-200d-1faef-200d-1f9d1-1f3ff.png	2D/png/128/emoji_u1f9d1_1f3fe_200d_1faef_200d_1f9d1_1f3ff.png	7a4b2f5341b61ca0226aaf41fed818110a96ada7dc92e4a19018fb8f8c8406f1	5fefa2f89463d2a06dddd4e48ad8b7c617a315f560b7b6ce6e7ebdc99d4c7c0c
1f9d1-1f3fe-200d-2695.png	2D/png/128/emoji_u1f9d1_1f3fe_200d_2695.png	8e512aef1a96097a234e4b4c262ef52489b6013a829927aaeb9b61c268c98850	e69b8ee23c1a938e5a575c3c01757dce0312c9f8e8baff1eb8d7748af88983dc
1f9d1-1f3fe-200d-2696.png	2D/png/128/emoji_u1f9d1_1f3fe_200d_2696.png	58f56545b4854c7c93641e908697f803c941081cfbaf46c6d71bb51a00c5e110	5d6359d597bf565275c1f89ed87fea1f48c603e3bc2a0e0d0d8241b45ae88e4b
1f9d1-1f3fe-200d-2708.png	2D/png/128/emoji_u1f9d1_1f3fe_200d_2708.png	37ce0c81e41e46a5c25cb7ec8e77a3c876a8f2bb5c54df9dd9841d18424b5907	f3a2cadb99717e3053c7dd9feb04b88bc28ce758313f82526fd91785c3db568f
1f9d1-1f3fe-200d-2764-200d-1f48b-200d-1f9d1-1f3fb.png	2D/png/128/emoji_u1f9d1_1f3fe_200d_2764_200d_1f48b_200d_1f9d1_1f3fb.png	58c2e3f41c2cb16e98cda8c10008ca8f7486fc943abee250ef2b2efd890274d4	eb695b9dca0091d9d1e29e4210c806d82dd3841e446b0bff8af820cfee4ec59b
1f9d1-1f3fe-200d-2764-200d-1f48b-200d-1f9d1-1f3fc.png	2D/png/128/emoji_u1f9d1_1f3fe_200d_2764_200d_1f48b_200d_1f9d1_1f3fc.png	4b285519af85c8acc5cca5b0235e5f95c1f6c1cdb2bff6a0d0c1a5eea0c6bafc	301da71a2b910abb3338d0e7d8c982e11522733c3a192ffb9234d01008eb85cf
1f9d1-1f3fe-200d-2764-200d-1f48b-200d-1f9d1-1f3fd.png	2D/png/128/emoji_u1f9d1_1f3fe_200d_2764_200d_1f48b_200d_1f9d1_1f3fd.png	7d5268658feebe2b19f0b109dfa3993e28eed685f5ec00b2f8ba0c6e264423c4	063c163243bd0c2917564728d882e0f0f04b769b001bc3a9d0f49cc1227c2a88
1f9d1-1f3fe-200d-2764-200d-1f48b-200d-1f9d1-1f3ff.png	2D/png/128/emoji_u1f9d1_1f3fe_200d_2764_200d_1f48b_200d_1f9d1_1f3ff.png	6d6155b852098111a73a59a51fd3c5244f7649836cd06299662f841d0b6a24a9	8d4432fe2d91727d77adfeb4d4bb509ccab5a27647bbac38d1f4f9da4b1341e2
1f9d1-1f3fe-200d-2764-200d-1f9d1-1f3fb.png	2D/png/128/emoji_u1f9d1_1f3fe_200d_2764_200d_1f9d1_1f3fb.png	16b1d77e8dbc578d7c78cbd4b170774185f85a3e55b6e7e623e559b4780b43b2	2ccacd25459108557ad16ce3f0664035292d69a66ba9bf38ea4925ffb29a0251
1f9d1-1f3fe-200d-2764-200d-1f9d1-1f3fc.png	2D/png/128/emoji_u1f9d1_1f3fe_200d_2764_200d_1f9d1_1f3fc.png	6f4a2c47ca51f8faea884383abbe0d186b183fc9de36586a179e2c00ac87632b	eb60790c40306baaa09501bf4f6c3a6275b016bbfd10325388a6ec0183e9b427
1f9d1-1f3fe-200d-2764-200d-1f9d1-1f3fd.png	2D/png/128/emoji_u1f9d1_1f3fe_200d_2764_200d_1f9d1_1f3fd.png	658037792455d2b9fded9de515b75c98acb968e52c511edbff66d1d846577b9a	27a75f4fc4c01e4707b79372386027d7ac2b50be8443c45974b6fc214c4a6cb7
1f9d1-1f3fe-200d-2764-200d-1f9d1-1f3ff.png	2D/png/128/emoji_u1f9d1_1f3fe_200d_2764_200d_1f9d1_1f3ff.png	d8705745fd200bbe902e493e3642fbbe9f0528071bd8098d4e62d95c4557bc8d	51c5833a84e5c323d3c4a397967b3005723bf75507b683d0ccdaa32726f5d93e
1f9d1-1f3ff.png	2D/png/128/emoji_u1f9d1_1f3ff.png	d32342489026f35ee23f8de5fae143bd0d7f527203a25a3d049d3210bacb82dc	401c05e3dc6b4f2d04bfff3ed2064181866b18a91fa49a47b7c513cd6fb0c3c9
1f9d1-1f3ff-200d-1f33e.png	2D/png/128/emoji_u1f9d1_1f3ff_200d_1f33e.png	2ece0ebe8f0007ba5ae12da3f5baee2489a4319fd2dab85f8f25112bf89d4173	2d653b2afb15cba13139b133c3b0679ff5bb0e225311e8001b1637de520ab6fc
1f9d1-1f3ff-200d-1f373.png	2D/png/128/emoji_u1f9d1_1f3ff_200d_1f373.png	26e6bb63680aa92f1268c99b5a5b814eb2a964a14f0442d963199e430c448c98	868c82ca26301b03425b4b71992fea10ee2fce057ef961dc7f70fbe83320f555
1f9d1-1f3ff-200d-1f37c.png	2D/png/128/emoji_u1f9d1_1f3ff_200d_1f37c.png	f45fa3b8bc9865f16e4134101d6eb4e5ddaf4a6403b75060a8ab385a52f79cb7	345924c7360674c1f14f538d83022179897e27be7077fb88bc232ff43aa5c2cd
1f9d1-1f3ff-200d-1f384.png	2D/png/128/emoji_u1f9d1_1f3ff_200d_1f384.png	ad14ad98a7555208c919a1f0d506b4850ecb5bcca3f3a0336a6e7eb15c75abab	cea5e10665828f10df4f0c3b12d1e59b79eaea661e7c6311e512698447b4c484
1f9d1-1f3ff-200d-1f393.png	2D/png/128/emoji_u1f9d1_1f3ff_200d_1f393.png	765f4d2ddbfda8f5789132ccd54ae094d7240ecc8a39e57b1b63f6f88c4b8b4d	4153e238855764916972b73d133eda82c0feb9a1804001dc2ca30b821045f2f6
1f9d1-1f3ff-200d-1f3a4.png	2D/png/128/emoji_u1f9d1_1f3ff_200d_1f3a4.png	5f2cd94bc60bef9300dc7b9d0eb2c46bc1f5855b48af47faf58e0a234478777d	ccd9079310b2bb1ac7be45fca112cc6d77b7655e2924d23d01aa0135886d3241
1f9d1-1f3ff-200d-1f3a8.png	2D/png/128/emoji_u1f9d1_1f3ff_200d_1f3a8.png	38d04a76780c1fd40c9ff31f9ef50386bf485db0d963c4d9be4d5cecebedb6f7	d063da92d81393157dd4932935bf6989ee18d6de30b4eb4641065c054dd58b9b
1f9d1-1f3ff-200d-1f3eb.png	2D/png/128/emoji_u1f9d1_1f3ff_200d_1f3eb.png	8c3a888b65a511718c3b732f4917bc71e02a6ca7e73cc67dc5fb52aae82fcafa	508c233554660528236b026719d27b90f69223df115388af81c1c86a199508e2
1f9d1-1f3ff-200d-1f3ed.png	2D/png/128/emoji_u1f9d1_1f3ff_200d_1f3ed.png	1b6d8627b9c30e81f8a298522e3c25f6ed13cfbe38e0d7487cb279575a7f72e1	86dd1c4efeebc980f62d358c8670a045f8b2d48af4b337ae4f2885c29caf633c
1f9d1-1f3ff-200d-1f430-200d-1f9d1-1f3fb.png	2D/png/128/emoji_u1f9d1_1f3ff_200d_1f430_200d_1f9d1_1f3fb.png	8442824b1e43e5f9ee2774493193d1621f221ac47ce4aa2e130fb7abe478aeee	c3ad4e81a326c50e2bf9f6e56cf109aaa14fd5c2fc628576e13e4e577435785d
1f9d1-1f3ff-200d-1f430-200d-1f9d1-1f3fc.png	2D/png/128/emoji_u1f9d1_1f3ff_200d_1f430_200d_1f9d1_1f3fc.png	2ef0f7171e14310f9462e1d1d46fc1803c79e69355bbb010a0a17bc560940b2b	194963079b24652585fb7ee7815eb9768a007adcd0480cc8bef7187bdd43219d
1f9d1-1f3ff-200d-1f430-200d-1f9d1-1f3fd.png	2D/png/128/emoji_u1f9d1_1f3ff_200d_1f430_200d_1f9d1_1f3fd.png	a0b0afda4a53dcb09b375c44d12b1c0256d89a3ed5285e2d486cafe473bab115	a9d8cf63cf43674927877bf46ec7439e73af4e2a469836e0aaf1386732d8ff63
1f9d1-1f3ff-200d-1f430-200d-1f9d1-1f3fe.png	2D/png/128/emoji_u1f9d1_1f3ff_200d_1f430_200d_1f9d1_1f3fe.png	5bf2c7440528c9394c9a4567093d976804a39033754584c486a9b13e45e0ed0a	f67a0197e52bfcd997f2b1d4e35fef75ce46dc032538e99d1e0e0cbca49b2c96
1f9d1-1f3ff-200d-1f4bb.png	2D/png/128/emoji_u1f9d1_1f3ff_200d_1f4bb.png	df409de69dd7c61010fbc65dfc6696740d1982958b750f46ad57e8b75274fec8	ce21e2f500f9a25f39265ae9c7f2262aab90504c2ce5e2858d1253e18454da6e
1f9d1-1f3ff-200d-1f4bc.png	2D/png/128/emoji_u1f9d1_1f3ff_200d_1f4bc.png	f63b139f1baa70e16ac34b49cf53a5e33c23ad1e8e03967d373a0d9be5db6c54	9a851328926f5f10d3a50973c3e143c9a362d229614c2c07d6597b270830d43e
1f9d1-1f3ff-200d-1f527.png	2D/png/128/emoji_u1f9d1_1f3ff_200d_1f527.png	f8590a5343149f445ce5e24edaeeae02feb18294625b2299949685a0b53e84b4	86c57f3ec1adf043c63a015a1d34669f3e47f93bdfb0e1c50f36e539b969b827
1f9d1-1f3ff-200d-1f52c.png	2D/png/128/emoji_u1f9d1_1f3ff_200d_1f52c.png	215f75620c2d34dac86936a7c2df8cfcf9e68b7b9dbf13d647270a222e5d8d00	ccb15e8aad13dd7a52aee0891894cb74af97c2a5a37c071b991394b7cccbdadc
1f9d1-1f3ff-200d-1f680.png	2D/png/128/emoji_u1f9d1_1f3ff_200d_1f680.png	ecde4752205419f56636502282e81bab9ef67231ded30b2ed1c17618eed9edc1	45fa827af69211826b12edd495ff803c006de56be43e896434fda2b98eeaa745
1f9d1-1f3ff-200d-1f692.png	2D/png/128/emoji_u1f9d1_1f3ff_200d_1f692.png	bd88dfe5b535903a252a19e0eb7c9cb96c9950393a261a73e29c150d554e272a	a002ddd874303a389cc6b75a4e469221139450449385c33a3ba14d739b74b2d0
1f9d1-1f3ff-200d-1f91d-200d-1f9d1-1f3fb.png	2D/png/128/emoji_u1f9d1_1f3ff_200d_1f91d_200d_1f9d1_1f3fb.png	bb3bf9bde552534af67762e011fc5aea4307dbc3fb11b6c3d969d8bcdf88b03a	7eb8d088a020f81ffb931f6842c07c6f0c8c30040242a5a9c8dfc8fb0b627257
1f9d1-1f3ff-200d-1f91d-200d-1f9d1-1f3fc.png	2D/png/128/emoji_u1f9d1_1f3ff_200d_1f91d_200d_1f9d1_1f3fc.png	6d6d12ec801b345a7de59a56f36ff6bfdf6788fa50c906a09908e87f664e0ffd	589f390d397e1d352665b46d873956072abe65c66c8160076e7ac0c4d29595f5
1f9d1-1f3ff-200d-1f91d-200d-1f9d1-1f3fd.png	2D/png/128/emoji_u1f9d1_1f3ff_200d_1f91d_200d_1f9d1_1f3fd.png	944d6f653941a090677ab38ffda3ac8e7840c9464831ac1a1e0242962d639bd7	85dda3426074b227525ca891e03af4a93ca349c123acbc2018b17e6a9c0b4705
1f9d1-1f3ff-200d-1f91d-200d-1f9d1-1f3fe.png	2D/png/128/emoji_u1f9d1_1f3ff_200d_1f91d_200d_1f9d1_1f3fe.png	2ce63d131c405b8e5d36386a7af411d17764ce8a2b0de865d99acaac82c70402	e7cd80206c900c4802fbfcfec89fe0879ffd417d31ae7be39abbcfe95069e8ea
1f9d1-1f3ff-200d-1f91d-200d-1f9d1-1f3ff.png	2D/png/128/emoji_u1f9d1_1f3ff_200d_1f91d_200d_1f9d1_1f3ff.png	ecf64fd17e995f103c155a04842da655cf4c60734eb516ccc1ccf18bd2e21580	1d5d60221a3115fba3c421982bbdea5d32bb8b7dd4d149ffd50dc52a471290f8
1f9d1-1f3ff-200d-1f9af.png	2D/png/128/emoji_u1f9d1_1f3ff_200d_1f9af.png	de10909e958b35d5a394887f0ae13f2388907e24ca392544d2a82b879ac50f6e	796c881481700012990c88c640d8a6d9d8b73e0d359ac9ba45c848cee32424a3
1f9d1-1f3ff-200d-1f9af-200d-27a1.png	2D/png/128/emoji_u1f9d1_1f3ff_200d_1f9af_200d_27a1.png	bc9463b6bcb34953491acf9c54d9543f2bab4f48179057a19906879f883f8778	d8ddb542ed6671ec3ab4203ddd4d5afd6c14423a7c59951c7762fd13a8f48d35
1f9d1-1f3ff-200d-1f9b0.png	2D/png/128/emoji_u1f9d1_1f3ff_200d_1f9b0.png	57905552706f1bad4dcc95773b18d01c1383f50f5453bea13205c7a17e0ba6c1	556b5e33ac702b16b76461731548250e1c1a141341b5dfa6886f14635a0a6266
1f9d1-1f3ff-200d-1f9b1.png	2D/png/128/emoji_u1f9d1_1f3ff_200d_1f9b1.png	e623bbc11e5eabac553eb12b80ac1ef699fd1f3f41ed5347cbbda3ec957a6250	b0a18bf4f7e02d735b5fcd755b806dca2218c538aecb3c60cadb8198437c5736
1f9d1-1f3ff-200d-1f9b2.png	2D/png/128/emoji_u1f9d1_1f3ff_200d_1f9b2.png	3ca38738ed42af14e6c7b8b48e53bbdf89760720a4a657dfa773fb4f18133ed1	57e7ae39e4201a745c1637d76a20d50d8056ea2465b13881c0ec72baf2c5eef7
1f9d1-1f3ff-200d-1f9b3.png	2D/png/128/emoji_u1f9d1_1f3ff_200d_1f9b3.png	80f9a03ac6c38f939a4b72179fec6b36f7f555091cdfc4b8d6b22b025fe0a2cb	89ae59a7a5f0d700c0d84e4683ffa624cdcd68df1a926b4b55126f3a1b555655
1f9d1-1f3ff-200d-1f9bc.png	2D/png/128/emoji_u1f9d1_1f3ff_200d_1f9bc.png	b4c53257b238a5e94e03eaaeaad0269c6c810f438213f18da8b19408b67e221a	798eaa1cf292fc6e0abea33139b8030ef8d70afcefc532c4b0ea75238b2d36b8
1f9d1-1f3ff-200d-1f9bc-200d-27a1.png	2D/png/128/emoji_u1f9d1_1f3ff_200d_1f9bc_200d_27a1.png	fa56aada2471c409ccd2350991a2ba33c1935f838efeb1d053a125ba9b20a87e	51648ffffd49efd69cee436be17e5bb8f12caacf7ceeade529702797cf077700
1f9d1-1f3ff-200d-1f9bd.png	2D/png/128/emoji_u1f9d1_1f3ff_200d_1f9bd.png	0839b5934bec9a13a0ffb13a52563e875ad0945c24fb273a0a7fb986171959a8	fdb8a4d4c51a579c6adf59e86070ffab52cce4ac9fe289ec6d4c0a03f88e7858
1f9d1-1f3ff-200d-1f9bd-200d-27a1.png	2D/png/128/emoji_u1f9d1_1f3ff_200d_1f9bd_200d_27a1.png	8803db507e37deca26b8ff1bc60878cbbdb1408225f17587db84d20e814e7d95	29e235596d12e97ea342076458d7c19e941799e5597caaebfba1b723f63fc096
1f9d1-1f3ff-200d-1fa70.png	2D/png/128/emoji_u1f9d1_1f3ff_200d_1fa70.png	2dea33478171922e8b4bf9cd1600f938472b05aef6068f1b35e3c639ae160b62	8fbccf0ad11340b9ef0355cac45466d1be6016b6bff219427a5b4ab72fd29ebd
1f9d1-1f3ff-200d-1faef-200d-1f9d1-1f3fb.png	2D/png/128/emoji_u1f9d1_1f3ff_200d_1faef_200d_1f9d1_1f3fb.png	053c0c209020d30548d85d8f5bdbb997856ea9a81512df974e602f93030c94be	edc19763275b49bb36cabfb08d26c90be091d5a0301d186bb2d731675d63eee1
1f9d1-1f3ff-200d-1faef-200d-1f9d1-1f3fc.png	2D/png/128/emoji_u1f9d1_1f3ff_200d_1faef_200d_1f9d1_1f3fc.png	872b4bdacc11d4f224018f3ba10fd6386b58dc5d7d75337f490818152bc253cf	90107e368270e7d4360f0cce23d0508229fa27596bbe9011ba1832cbab35438c
1f9d1-1f3ff-200d-1faef-200d-1f9d1-1f3fd.png	2D/png/128/emoji_u1f9d1_1f3ff_200d_1faef_200d_1f9d1_1f3fd.png	bdec239fe228d565f49d0f6d55eb9a3f0aece7313193730cc4f8a35cd0f00a48	c631bd4627c28562cf61ce7a6a6c7641d23468b10343dd5374f7e0c297da3e8d
1f9d1-1f3ff-200d-1faef-200d-1f9d1-1f3fe.png	2D/png/128/emoji_u1f9d1_1f3ff_200d_1faef_200d_1f9d1_1f3fe.png	75cc301d06b9b9f409cb31d17733c7f9fd537bc8149c01cb16ccb66cefcb5fe2	02c885998dd9e93b6a6556bc8a7aa4159d3384bf14794bb688124c8c0d7dfc04
1f9d1-1f3ff-200d-2695.png	2D/png/128/emoji_u1f9d1_1f3ff_200d_2695.png	751990f465d06223f87bad3114d52e21fbe6b45b14923cd62102e63b2a9c7905	afbe37861c89e1fd93c75f0f26b416237f27f0d0d8564de598a06e49188e101a
1f9d1-1f3ff-200d-2696.png	2D/png/128/emoji_u1f9d1_1f3ff_200d_2696.png	edd74b89b85dff0fa9efb0a771c0fa0ed4fcf940206897f1056192ba0646615a	2e0c6b247eaa5cdaf4cf6a3643f7a1d013da3d9b9eb4cd6f50f0b2fca018aa03
1f9d1-1f3ff-200d-2708.png	2D/png/128/emoji_u1f9d1_1f3ff_200d_2708.png	6648f4eebe0c041ace52ca48a1aa58a4978d5dcb73d99085cd27d1fb8e9a76bc	4871e72c1601815257a749c83ca08c8ab138d26c9ef682b5dddc01e9015ab845
1f9d1-1f3ff-200d-2764-200d-1f48b-200d-1f9d1-1f3fb.png	2D/png/128/emoji_u1f9d1_1f3ff_200d_2764_200d_1f48b_200d_1f9d1_1f3fb.png	d066f4bd62422698e0c35f6fa3d80e62b488c25b7e4613e2066feac6422783ea	5740726c0bfdb148c1150396ca0192d9b1d39bfae68fd3460c625ddc40ff4e5a
1f9d1-1f3ff-200d-2764-200d-1f48b-200d-1f9d1-1f3fc.png	2D/png/128/emoji_u1f9d1_1f3ff_200d_2764_200d_1f48b_200d_1f9d1_1f3fc.png	cc1df8d525e87a9b0a080ead23c71311701162e66759c67bd47950e611dfc0ae	91cb6a4c6ead86c223ebd54c28079eb9791804d363c899b4d564f5719a8a225e
1f9d1-1f3ff-200d-2764-200d-1f48b-200d-1f9d1-1f3fd.png	2D/png/128/emoji_u1f9d1_1f3ff_200d_2764_200d_1f48b_200d_1f9d1_1f3fd.png	f7eaf44501c1302746a102438e1f5a6c548bc99b7518f440655872dc4b5d973f	bebf9fb2090f8c29a283cfe081215820c7c595bc5860e758c972b9e51c24d8d9
1f9d1-1f3ff-200d-2764-200d-1f48b-200d-1f9d1-1f3fe.png	2D/png/128/emoji_u1f9d1_1f3ff_200d_2764_200d_1f48b_200d_1f9d1_1f3fe.png	757f6eda216cb80eb5301d7d3260c73c51ea736654349eebba5c18e876b33bf5	b4d39eb880b58d6ba96439604a085e19c248edce5bb6fa5e4162a0ada5eb9773
1f9d1-1f3ff-200d-2764-200d-1f9d1-1f3fb.png	2D/png/128/emoji_u1f9d1_1f3ff_200d_2764_200d_1f9d1_1f3fb.png	587e3708bf67756ce9f3771586703cd5f8a02a67970bc2165251c8b00b3697c5	cf7bf37c60ae5c02d341c43d416b8019b5871465775c52a830f05469a3b79d02
1f9d1-1f3ff-200d-2764-200d-1f9d1-1f3fc.png	2D/png/128/emoji_u1f9d1_1f3ff_200d_2764_200d_1f9d1_1f3fc.png	5fd574aab89d2c05a1aa36ce65b941fb8c9303b90ad3785c08e10792a521de52	c411ff111093a4ecd359cba91d8ecb190588fffeb809f318c6664781b8d2fbf7
1f9d1-1f3ff-200d-2764-200d-1f9d1-1f3fd.png	2D/png/128/emoji_u1f9d1_1f3ff_200d_2764_200d_1f9d1_1f3fd.png	d3a278d1f81f777a5aecfb4d86b4c1a7882428e3b81d27b153c55ce42614c46d	24b0fd9964f75775bfb77488845978df3c5a3a7ba50d1fbaa1925eea91fa777a
1f9d1-1f3ff-200d-2764-200d-1f9d1-1f3fe.png	2D/png/128/emoji_u1f9d1_1f3ff_200d_2764_200d_1f9d1_1f3fe.png	6b8088ecc1eccd378c411c74904ec853026d456036ab76c3809c539e5f64f35c	5fe1979d02cf77660672b30c821ef44f06ca95ccc501107d83b169d41809ec28
1f9d1-200d-1f33e.png	2D/png/128/emoji_u1f9d1_200d_1f33e.png	74ae00a0d6909803b6969363e47300ee3c75a1f7a6ba4d0a66fdd66faa0e5cd9	706728f3aa104c2f90c598d3fc8105762d959f3a9c0e1f380643c244a6e9bd0d
1f9d1-200d-1f373.png	2D/png/128/emoji_u1f9d1_200d_1f373.png	e3e38edf5b2369ae6999f38a893e3ac91d703f961dbb1ae6b8d0551868dbdf5e	ab077d9a40e2052add506561f65c6a91866b507529bb039edf5f19a09cc02b9e
1f9d1-200d-1f37c.png	2D/png/128/emoji_u1f9d1_200d_1f37c.png	8e2f58b729d4e2aff5a9e7fcba39f5f60ea5256ad95c8cf943d88cd24faa6ec7	86a33cb4884329a0984460a8682dcabb0700fc9bb12a0a545d18d518bc34fa23
1f9d1-200d-1f384.png	2D/png/128/emoji_u1f9d1_200d_1f384.png	8cab669264ef855517d97d575e8e016c3e3502bfda4630f559db0b9bf8ab07c6	f92bf71e098328ee0b590e4137a17e88908616531d83fdfb477ea369b9d49d73
1f9d1-200d-1f393.png	2D/png/128/emoji_u1f9d1_200d_1f393.png	2e191dd224c77e47169f2e6d1e57f39da5de2bf8c55a76d4c8231db57be8c711	76e0bd56d95524fb435944791e63d5112f4c38a8cab941fe7dcd374cd20be87e
1f9d1-200d-1f3a4.png	2D/png/128/emoji_u1f9d1_200d_1f3a4.png	5548685e3ec26a9f68918b9cf6fd15246764328c70f4de69f05acd30a1c03780	603c4ed2b4ff96fda09144d07d2b2380b83c1530850b692d01a3276815f9c2a0
1f9d1-200d-1f3a8.png	2D/png/128/emoji_u1f9d1_200d_1f3a8.png	53a47401eeeef1e35423add3b2ec0bf2869ce644dc0bb2d41de6f2cc21fb5073	a563b9f0e17b864c778d42b7b1bba6d379556a70b5af8fba1215f3c81ea98b47
1f9d1-200d-1f3eb.png	2D/png/128/emoji_u1f9d1_200d_1f3eb.png	96fb8f678190387b44179eee5e2725d53cebe3274a62054698c40251b738fbef	b2f974ab11cf66d727338a207fafd6e8308281735255d4feee7bf98596afa9e1
1f9d1-200d-1f3ed.png	2D/png/128/emoji_u1f9d1_200d_1f3ed.png	0f7fee4b21db382610b96cc0fc02b0abdb3d9b56eec044712626611bd46ee240	c3d39e6bfbf1239a17fe31c75abf6a8beba0438c5c5b6f93b6b9d4d1bb695016
1f9d1-200d-1f4bb.png	2D/png/128/emoji_u1f9d1_200d_1f4bb.png	3b2292794b45ca7e2b746cb4fc064d59e2383700208553258249014c1fae78ad	aaf3351a8bb608c02c973472d44c63f4fe1881294c0b395e3e6e92eb413671f7
1f9d1-200d-1f4bc.png	2D/png/128/emoji_u1f9d1_200d_1f4bc.png	548616dcc8fe6f73f0fcc7dbb98fde7190e6e91e8123e9f575c476b3e9035dfb	70cf885e378c227bea5c42f44f7c39307e01845cbfb4506852b30299c94398e1
1f9d1-200d-1f527.png	2D/png/128/emoji_u1f9d1_200d_1f527.png	d481da1d032b6f32a434ea38606af917e551c962c08c6c27c47583264d81446d	711170fb3d07da177d3a5f04054e973a30a6c4f608bace02dcb85ff4d6a565e7
1f9d1-200d-1f52c.png	2D/png/128/emoji_u1f9d1_200d_1f52c.png	213d09c7ba5f8e3256c285bb7547f014eb89c696ee2a6eb7342a3a4e24d78f47	705cfaeb57392bfe723f8c9ccffa908e97aed89dc4e49d50ef5f2c56321813ea
1f9d1-200d-1f680.png	2D/png/128/emoji_u1f9d1_200d_1f680.png	5121572c52ea0ca5e5b92a92245d17623d4a22117347d5031251ca7131ab2405	ee4b47e02c38dbad88678dce2b7c6e3309378a63d1823b45e60188c4da78f2ef
1f9d1-200d-1f692.png	2D/png/128/emoji_u1f9d1_200d_1f692.png	2ce6079f647528607231eadc8dc23b382f7469e88c23b380ff8337d195b63e57	38f2efe806138c41bee982e0c04cb5e2cbe15c7b8a583cc7cea81e97cb541784
1f9d1-200d-1f91d-200d-1f9d1.png	2D/png/128/emoji_u1f9d1_200d_1f91d_200d_1f9d1.png	a5d870295084a496054bee828d933ae2f2e1e00b8fd61233effeb2ca3dd39d27	2ebfb80ef9cffbfd9ebad3d3067b52f571fb836c8f2db5ab217e9917f78b88b5
1f9d1-200d-1f9af.png	2D/png/128/emoji_u1f9d1_200d_1f9af.png	cea3f227b007d3e4594ebc4e681665e596522880d4167720edbc3a28573a7617	2bea0f0bdf131a626903a134f0e303b49165c16fd218dcf3b5acc0dccbc09bf7
1f9d1-200d-1f9af-200d-27a1.png	2D/png/128/emoji_u1f9d1_200d_1f9af_200d_27a1.png	a5f5029c2099b525aa3a68877e9c2ed8f15b595349a706f52eeef8783313a8e9	beeb14552a42d6a0f74be17c318d02c06154a316935d63fcd97884404ed9db2e
1f9d1-200d-1f9b0.png	2D/png/128/emoji_u1f9d1_200d_1f9b0.png	65c574b6b523741fc6a566a1df68ddd59719a717e49a0be34e71a8541ca49fc2	b153678cd89e45e3821a8a6a9cf2e373f58248dc288bc8da9ce8c0e6ea226ead
1f9d1-200d-1f9b1.png	2D/png/128/emoji_u1f9d1_200d_1f9b1.png	cb9016b458fd05853a5e704ed5cfd9f5515e049b084021eb84eab14621de648c	498d94129f914be6ae42b4edd7d2c928574fb7d2d1423bca892986296ead084f
1f9d1-200d-1f9b2.png	2D/png/128/emoji_u1f9d1_200d_1f9b2.png	4dbc80ecd586feb97bc73900547b1e342fd7625f784b0578f020f86f73f20a3e	de7be85087a3de59da33a80600e34ac354ad9ea1fc6cd5c664218dc4f1fddae0
1f9d1-200d-1f9b3.png	2D/png/128/emoji_u1f9d1_200d_1f9b3.png	26dfb1e00c18029b5e4351cc1780b8970d6e7c8e05b0f39920b54690bdc45050	4de14b28a3bedf1c784c0592220b0b098a246091c8bc1c0a49f2cbc0527224ce
1f9d1-200d-1f9bc.png	2D/png/128/emoji_u1f9d1_200d_1f9bc.png	6b0a3865e2f5a113d30f88221d81644d12f7e7d9ec8cb781dc1bc37fb9821163	2ab23ec9a101e5d24b2100345a7e7faf1cc0553f9ff7efca81a68455bd8a5efc
1f9d1-200d-1f9bc-200d-27a1.png	2D/png/128/emoji_u1f9d1_200d_1f9bc_200d_27a1.png	49371ba93d4ebf7d81a0c003526877cf51dbc64a04cc67d9aeaa9f5ad542fa52	f6ac121145a0f46b0c7a7130103feca0b622acbc9dbb5b19de15582be4f4237b
1f9d1-200d-1f9bd.png	2D/png/128/emoji_u1f9d1_200d_1f9bd.png	449bce4da980eb21be681dea2eba36cffae2d33442247a4e6c979a6d35be6d10	b3415af9425f36133b98c1fa46e6a2b7532695755ab4e9cb7ef4d355575a6a31
1f9d1-200d-1f9bd-200d-27a1.png	2D/png/128/emoji_u1f9d1_200d_1f9bd_200d_27a1.png	f679ab0dc12b4e6ae5911fcba3787326fada9b2c4e1b9e843cbb627521fd6662	4ba9866d76e9148020264b3ea0019b3910d63b1e64a9d2ecc4db7ebe12924e9c
1f9d1-200d-1f9d1-200d-1f9d2.png	2D/png/128/emoji_u1f9d1_200d_1f9d1_200d_1f9d2.png	b7db9a220a643d0f893e36c20b2dd57c8b63c00e9b8d1f57903b9aed544d0310	e236380ae602c8e88b51b73a681e7aee7029586ac18a7a7a75e4cf773e712736
1f9d1-200d-1f9d1-200d-1f9d2-200d-1f9d2.png	2D/png/128/emoji_u1f9d1_200d_1f9d1_200d_1f9d2_200d_1f9d2.png	7b576bf57601c0da76c0268f68b3e6776aab7fc18ecb381c5f079c467e6c6da5	83699093261324bf230f554159d47ba9cc176e95aae487f3cfd16dc8b1cc964e
1f9d1-200d-1f9d2.png	2D/png/128/emoji_u1f9d1_200d_1f9d2.png	9d751bddba07f08b959ae19c088610138c0e13f86746e25d4d9bcf9baba63030	ef54bd56268c9e8346daf837dba24372b20aa8f4026caf1d6ccbce031908525c
1f9d1-200d-1f9d2-200d-1f9d2.png	2D/png/128/emoji_u1f9d1_200d_1f9d2_200d_1f9d2.png	b14a9e9814385912c8a04296ed7dea757743ac11ad19e64f0ae30c2ca70e2269	d47e9f2a03d012a1d488c9a437add9d0d9a86b8fb2eb4739c90933ed3585931a
1f9d1-200d-1fa70.png	2D/png/128/emoji_u1f9d1_200d_1fa70.png	01c0ced38d4b05e4d90c97509a65530e7b3b6c8ece5075ac11c3a95ae5b0ec17	5f1139ff44c2a9b13df9ae7565024383c270447d02ccd597b20eb12966e7a4b1
1f9d1-200d-2695.png	2D/png/128/emoji_u1f9d1_200d_2695.png	e8559ad6c1f1f295df55ca8d52de57120ebd344ecd05d365180cf77646b9f85e	2789606e92a366f8a8309a03c3a2c0e3c4c83f032642979eb34808492e730a1f
1f9d1-200d-2696.png	2D/png/128/emoji_u1f9d1_200d_2696.png	2cdfbd9c648e3a9b8fe56a3afd4486b617551dcd7c2c3f9b24d1c92e55bf1e7f	0504b7870d1349e96a38d0b6776ceacb7ca2c657defd704bab7955308f19c59a
1f9d1-200d-2708.png	2D/png/128/emoji_u1f9d1_200d_2708.png	637b9df83f58825c62a921456f6bb84fbd728a144ff8e6f1ac273c03fea5f4df	3e16b78c11ce0fb7b053d55a733e23a24f2319bc063a4ad0a4b58cc6a70414fe
1f9d2.png	2D/png/128/emoji_u1f9d2.png	9f1344f39f891fae84f9efc666a2d1784f4bfb7a6a56c026bb9283a1bdcdf3c9	5ae7d64352d3faba06cd25d1eef8b2590d05d24f56250914fd2231c18eaf10ed
1f9d2-1f3fb.png	2D/png/128/emoji_u1f9d2_1f3fb.png	512c50d7bc2cb20aae73dfcf47b965328b03e6d9591820605254f5a68ad96323	3c93804219498c1d59998da327eafaff7d659be40a5f5e34f017a4623ee2d14c
1f9d2-1f3fc.png	2D/png/128/emoji_u1f9d2_1f3fc.png	5793b71aee30caeee871f32dffae4a97a42d46a566e35bcfe62d354491ffd10c	d088193722a196bdbcb660cadca1db4b5f3dc72abe38ff3a30999ac15852ef7d
1f9d2-1f3fd.png	2D/png/128/emoji_u1f9d2_1f3fd.png	77c3bffa4fe6e7ae7e0eb06659133d3dd5cb34c4d2dfe0b8b7446a7a79ea5372	9968d3eeb30cebea65a4d500e280195c0fbc409e2f3123a2c864d29564d77ce8
1f9d2-1f3fe.png	2D/png/128/emoji_u1f9d2_1f3fe.png	e1ce8eca55a0f44cf59a8f1fa1bca40753a1fc59ad080e9372b89183974c7759	ac04c2856ed3470f21a2f0b5ec9e90189564e7334f5ed24dc2212ff80013a4d4
1f9d2-1f3ff.png	2D/png/128/emoji_u1f9d2_1f3ff.png	f781079474d7aafddef485cc975ec2a15ba49cc752ba7e66a7fbf841ddc01f2d	886160aa6293ac5dc90f9365daa8a9a11426382673a82c9320c85091b6a7d929
1f9d3.png	2D/png/128/emoji_u1f9d3.png	6c862c73394badbe14b218d171ec50ad5afde436ce99180ef0a40aad6d0fa281	ece72fa4e4c875084e98b8445f029ab416bb53ea7e57f843f3a8bd7b8d74d180
1f9d3-1f3fb.png	2D/png/128/emoji_u1f9d3_1f3fb.png	2f35ac8b47a32eb72478fb62390732268224cdb7fe4d6de6ce6cfb5ed7e54054	b9200b73ca14ec1a7466707e7176622cab6efd2036531c78e19a6ac0e78d25cf
1f9d3-1f3fc.png	2D/png/128/emoji_u1f9d3_1f3fc.png	f50f41e7fadba5de523273d258b28d9340251f1b1b15c4db0fd20b03a7808f60	a1140dabfd2bbdbd8f7a0bc14451c53b383063cbb7b56a4ad583aa3d19e40d0b
1f9d3-1f3fd.png	2D/png/128/emoji_u1f9d3_1f3fd.png	c7ac2a341e9ddc73f39f49fb0c1a0f578444cd695664912eaa485f51ce718266	b35fa5786bff5e083dbff6f60f78bfcc750bf35cb6172df425a28f042f1ae829
1f9d3-1f3fe.png	2D/png/128/emoji_u1f9d3_1f3fe.png	19abe591edacc69bba88541a1249e3d57313a52ea731895a390588aa4ae7fa74	411c45e2e00ce92dfbb23f25f6025db2b3d442c68d461d0e704afdbaa7a94bef
1f9d3-1f3ff.png	2D/png/128/emoji_u1f9d3_1f3ff.png	2d190ef25797f7c1b30d17e1274b19d9ace8a8dc2cb98eb22158258c02daaa2b	09a734158ccd3614d6ed45657a1b70ad37b396a770583aa706800ee7d8efd2d5
1f9d4.png	2D/png/128/emoji_u1f9d4.png	c2268b21fc5501e7ac5c2841764bbef7188402c82c21f284b17096da24cbd530	6d7b1aa939db3a8c454b22bdf7b562496e658722b13370cf18e3b265bd1cda9c
1f9d4-1f3fb.png	2D/png/128/emoji_u1f9d4_1f3fb.png	bca941a08f1f909ea7b668976c03aaacd2c1cb6217528fd9f57c6872e8933b33	4bd55999f45e250ac0c96af63f845010fa2d2b76137bee40be59a875717ce5b1
1f9d4-1f3fb-200d-2640.png	2D/png/128/emoji_u1f9d4_1f3fb_200d_2640.png	6445831147867e68ccd9ca69258b5d492c5bf6d8e35e26ff81a7d6cbf010d1cc	13f9e343b49f2d4e6605a227eb697474298898c5a59dedfe8f37855f0674238b
1f9d4-1f3fb-200d-2642.png	2D/png/128/emoji_u1f9d4_1f3fb_200d_2642.png	e50e53a3a64b416c1c528384e6e6e386adaac174d7e9be5b8de5178df2d6d05e	9707215c4fc30b90d951da2720e203d5bbefcd5ef881f5e0dd40d0748ed00b7b
1f9d4-1f3fc.png	2D/png/128/emoji_u1f9d4_1f3fc.png	13fdb1be7ac8b0dade0442d134d15ff86ab42d34ca408dae1b091df77a8ec82c	0930e1056b2c5c9c02394d79c768a97a40110cbddadf96a0a42f2a436c87954f
1f9d4-1f3fc-200d-2640.png	2D/png/128/emoji_u1f9d4_1f3fc_200d_2640.png	7486baab66b62003885161b5b5fe5f0c160d254b82fa5a71542406a0ca480b37	1792d8c2fe5819a5f228321d5f1d5d1eb2413c32e6689a489dd3b842488ed9d6
1f9d4-1f3fc-200d-2642.png	2D/png/128/emoji_u1f9d4_1f3fc_200d_2642.png	1dd0a39e885c5a2730920efbabba83fcd8f5f570b1ed87449dd980a454162204	f2922d8a5928b1d5b553a631a415217e0583b715c2b55fc18b6727537b64b32d
1f9d4-1f3fd.png	2D/png/128/emoji_u1f9d4_1f3fd.png	60943f44edb0ad9ee931c12a8319ad7b547f6fb318981f828450c85708e8bd2e	676982f7cea368541325715ae69e3a7757d316794adc5732a59c425432abc099
1f9d4-1f3fd-200d-2640.png	2D/png/128/emoji_u1f9d4_1f3fd_200d_2640.png	ca78a77ddd8a77d5539927834d1b0912ae55fb90ed7fd9820362225907e6bec0	e8132177a55d0f932d4de16d59b9e373cfca521ce8ee8f8e0dc1a05ba736f0f8
1f9d4-1f3fd-200d-2642.png	2D/png/128/emoji_u1f9d4_1f3fd_200d_2642.png	818472c846a0699e727d65ab2c3b1415546bfb8b7147addf8b8b5910d53cf7f8	e791e303cf20c2e99fe16adca5fb88049d86c6d308af907837f2f5a9715f8ab5
1f9d4-1f3fe.png	2D/png/128/emoji_u1f9d4_1f3fe.png	f2cf8f9dfc425e46068dd2387eacf6b5f437eae676d769e188b6b50be604b696	d2a9a5adef5c89a9ea396206178dcf04bb95ec751ee0d80deabca53c7a9812de
1f9d4-1f3fe-200d-2640.png	2D/png/128/emoji_u1f9d4_1f3fe_200d_2640.png	5a71293f9b3fe1478f6ff0bb34b3ab083c9c4ee747163ab3b45fafbd9cf182b5	a6227e21b06977bbdc2b8c4ca905ad07bb3f919a06c4ad6800c49d22cb97e39f
1f9d4-1f3fe-200d-2642.png	2D/png/128/emoji_u1f9d4_1f3fe_200d_2642.png	218fb8f56e854868418e2ee93d5badef8f48bbdda33f02dbad76ee9330b5fc2f	859c257884ad8e3c6fb9c0e210ffea81a8b01683c07a7fcad4dd227a49d4fa68
1f9d4-1f3ff.png	2D/png/128/emoji_u1f9d4_1f3ff.png	01308e3382bfa1e7f8f92a71a4fff2f27845f3a715c9af5515f742babdf2d55e	edd0aaae937df484a55d698412e6854b334414c48a8ba899dff3ef09a37096a3
1f9d4-1f3ff-200d-2640.png	2D/png/128/emoji_u1f9d4_1f3ff_200d_2640.png	b9c1d44c733f32b4510025e70a76f8ad042f23389c3f509bcea5d993899fac3a	6ce9e4c8462c8839420377757bd4a8505e703bfadd56fde24dc1081da6d3d557
1f9d4-1f3ff-200d-2642.png	2D/png/128/emoji_u1f9d4_1f3ff_200d_2642.png	f6c6f8c2fdaffae669a751f54026ab72f5a2798696b7de565da0f3844c780da4	e56a6d15b13269c32757d894b80068a99114a6f68bc08d1b4909d30f3c4fe5cc
1f9d4-200d-2640.png	2D/png/128/emoji_u1f9d4_200d_2640.png	9ca1a1210b2a68998810063490503a0aa2474db7e8216170b1331987c4089a9d	7c257d23c9a153bfa4240acd7b47a58509b319282c5949d240167bbbbcdd2c02
1f9d4-200d-2642.png	2D/png/128/emoji_u1f9d4_200d_2642.png	354cacd43f0ef0465c0cbf4c04865fe64882fc8bb62e835b5108394dc3f53c9c	ce1261b8ba245ac6cf7579466a011d0f995e59f8a533dee7e4e93092eed8de82
1f9d5.png	2D/png/128/emoji_u1f9d5.png	a6b4ef172a131f267d23e18a04a1c08f2ff0e5e04b5f11cd8649298c80fe18ea	3d866e28e658e1b07532920284035c38abffbd1d71ac097d1f0f0591f3b15d32
1f9d5-1f3fb.png	2D/png/128/emoji_u1f9d5_1f3fb.png	757ae2c30f5650f3bd307753c6df09f96e8b60858c35e63704aa37c647c0f33e	2292c8d95f0870853a430e1061aad90760e9b6b459ff6e83805b2a43b0bafd6c
1f9d5-1f3fc.png	2D/png/128/emoji_u1f9d5_1f3fc.png	8cde164e048838b93faeca28e5a236643504866235c8c1d3ccd351e832239e2f	7c47c2a9ea8b645f361bdc95f88947a67ae34c3ce2481405192f57c3d9ea0aeb
1f9d5-1f3fd.png	2D/png/128/emoji_u1f9d5_1f3fd.png	56abc81f78bac2d8454676c5ab906641466591acaaf2affca83cfd839c96b1c0	a3f089c10bd33abe677bb4b7fe634ad462932cbe88eaf5f0ad2dc079eb31b1a3
1f9d5-1f3fe.png	2D/png/128/emoji_u1f9d5_1f3fe.png	203555bb4ffcda430edb2275959a5d5e3bb0bf9b7d1e1510b07d0f6e7e0dd240	ca1fc6e8cdea3bbb290074d6bad59c2f9def870974f53a7869e200b246aec321
1f9d5-1f3ff.png	2D/png/128/emoji_u1f9d5_1f3ff.png	86d1c7b0d40ab110ace13c2728719f73d856811fddaf43bb193850ff95add0a1	736c253db5442edc596d3db4f2d54ff9d70fe34b8753ea93c3529c44626d5729
1f9d6.png	2D/png/128/emoji_u1f9d6.png	d888111c18c20d134b893044917a6969190b1c70fb64f4be97a4fa4f6abfdf9b	c3933e5c318e2c539fee8b92a8eaca0116248435714fb288a36eacab4e286952
1f9d6-1f3fb.png	2D/png/128/emoji_u1f9d6_1f3fb.png	3156b3992d792bc09b1ee789fbfff110575a8ecf37c387314a17b2e1f1251eb8	984960b83601db92e011a27aaad646953874dbae259285e0ea5e728ffa96a853
1f9d6-1f3fb-200d-2640.png	2D/png/128/emoji_u1f9d6_1f3fb_200d_2640.png	4173ed4c49d8522ade39a1733a0eb657e327cea1f23fa5b182e4b859bf7726a9	5838fc24358c6a85ece46a3b33fbe80d3c373d1698b4d0c805adf6e0df1c0683
1f9d6-1f3fb-200d-2642.png	2D/png/128/emoji_u1f9d6_1f3fb_200d_2642.png	0c616bb1dc493f9c7d96398a5de2f9622d701cfd7a1aecf2589240a2473081e6	adc0f7b388e5e9c916dd82e3a5332f38070eb1b0884434147276685261703bc3
1f9d6-1f3fc.png	2D/png/128/emoji_u1f9d6_1f3fc.png	1be6c5f2454acf4147ac1a4a7b4470b307a206a92c0a434317fb4cd93ab8c72f	3cee41a0c1d2fb4cc72703e44350e0bb5f5286eaec9ea8a8cf4e9e997c645ea6
1f9d6-1f3fc-200d-2640.png	2D/png/128/emoji_u1f9d6_1f3fc_200d_2640.png	923b37cf17b18a66e8a936108683f3c73aa549cbbe9ec93cd88ee6aed492fc08	54cb840df3f7ef8a60eebd4f78b312eb267f4c3b39989a7071e2c6d6af4f83c5
1f9d6-1f3fc-200d-2642.png	2D/png/128/emoji_u1f9d6_1f3fc_200d_2642.png	40151debf52ac341b726ebc4bcae2ec4f3747fe3787e7bdf37960243d82610b2	da03db70d1b29e131a3b557b75083aafa24072f21feff75cd9337967eeb5fd7c
1f9d6-1f3fd.png	2D/png/128/emoji_u1f9d6_1f3fd.png	af7e071a262401950e93b30a9de8092eb0e39c0486c3c717e90a83d4de0ceab4	18c06bbb50ca9085c7a823784a12d8f3030ca1dd6e6e116d9e53be3790aa1480
1f9d6-1f3fd-200d-2640.png	2D/png/128/emoji_u1f9d6_1f3fd_200d_2640.png	3f5482bab08d3459207bd41eaaaade6754c5e4854a134beebdb93e9e9a7a13e5	cf6b8568a3f98a64bd532a702223d27d037fbb172f0c7d9a06d8e4ed0dc5278f
1f9d6-1f3fd-200d-2642.png	2D/png/128/emoji_u1f9d6_1f3fd_200d_2642.png	9a42bf4f2e31c2f28a3132e70b79ada6eecaafd553b81a9db5c045d4832778a3	3314cf10f6230cb5ddf7f6cec02d45ac80109ec7804595d4297eccff5568935e
1f9d6-1f3fe.png	2D/png/128/emoji_u1f9d6_1f3fe.png	37c2bb1f7397f5dee039daaee984091ee55bda22a899b3271ae297b3c43e7853	285bd8cf496ee57f686661f4dc0926a9c3017209534a41f5e825fe6272bd2dc2
1f9d6-1f3fe-200d-2640.png	2D/png/128/emoji_u1f9d6_1f3fe_200d_2640.png	e0b02b3e4f410209133dab9c795c41e36a433f97c1328b5c2c7e9ea616bffcec	0e7e45f4581cd46e6781944ed7f7ac5215397d562091c7977376169d0059f9c7
1f9d6-1f3fe-200d-2642.png	2D/png/128/emoji_u1f9d6_1f3fe_200d_2642.png	d5919413554ffc75cce338cf84e35952fc488704565c61e55b8d0771e1ba5494	ee05606de53090c537718cb275c06d399cb9fcf9676ebcc3e39f4e9131d7b3a4
1f9d6-1f3ff.png	2D/png/128/emoji_u1f9d6_1f3ff.png	86ba3a7c8cd213c7def35471343294d1595e9c2202b87c495d0a0a917b359c82	d4da4b9890fd2f0ba7e603020b89a6f1573162cc89f5dc8703d17a5a73393521
1f9d6-1f3ff-200d-2640.png	2D/png/128/emoji_u1f9d6_1f3ff_200d_2640.png	b5875fabbd800ce8df1786229812133c0b0afab2b7ea6b3852e1d83eb508bb54	bee542941675206d84f43ee884918f3a7a92494da8bc5c4cae3c13e9a02b2c64
1f9d6-1f3ff-200d-2642.png	2D/png/128/emoji_u1f9d6_1f3ff_200d_2642.png	452fc14b57e4b3d52edb706e421b9e096be3588660e8e58c2a30a656c6502e11	f8db442da00ddd71fc2229f2f634ab542469365cdf4741922df79b9018ec4d4f
1f9d6-200d-2640.png	2D/png/128/emoji_u1f9d6_200d_2640.png	26f410f007504074555ac8e1a14a6e8eb7f59ffd92bfd81d18081319dffd0eae	fae25b552bb456c2488aa47c582c3d0c164b3b75af80bb802a44c6fc17e4434c
1f9d6-200d-2642.png	2D/png/128/emoji_u1f9d6_200d_2642.png	f08030c2fa06ffd6ff7ffacd44068ce67ce950efe04f409fd007c2c4a75a46c3	fb911624727d98734cf534b481660a9315fd488a8b03633a486b64f70b210539
1f9d7.png	2D/png/128/emoji_u1f9d7.png	870996816a3366581970cf9f7d7790145f06a509a5822377becb538977518737	fb0777697620fcda5680ffd794e51a1372e5638a21bd1604134c2b3346af84d0
1f9d7-1f3fb.png	2D/png/128/emoji_u1f9d7_1f3fb.png	ab6831503f2ece6dd6648ee3499c0c7c1e751bc81fdcbcddada7333efa3efa24	a8b12a43ce3c1017d064c462f45387d3ce7579c4c843ad80d8afcb5a836353dc
1f9d7-1f3fb-200d-2640.png	2D/png/128/emoji_u1f9d7_1f3fb_200d_2640.png	4271a9b2513022abc0cff55a0645fb88c3ca45e85c918b4137f865e9124d8af6	971e0682884462c47631495dcc65001ec8b040b96f95ba0dc7aea21bbc04a3f1
1f9d7-1f3fb-200d-2642.png	2D/png/128/emoji_u1f9d7_1f3fb_200d_2642.png	6f7a7398c8431721bead47ea959148d4fac4a5cfba9549c50175f1bb4976a182	6c250a8d0a41ca569bab81026319d274776cf919112798da0957aafdf30f596e
1f9d7-1f3fc.png	2D/png/128/emoji_u1f9d7_1f3fc.png	a3b32aac94b5c429baf2a172ac8cf99a94264cb42e0661db040340f6e14f5d2b	a71b620a784ed6cb8451a95da83629b6001b153b4a98c4a494e27d9d0bbad0df
1f9d7-1f3fc-200d-2640.png	2D/png/128/emoji_u1f9d7_1f3fc_200d_2640.png	5355ad3b70e297477f872b82de1f569d05ef9fbdc34efb40cf19a97a38229565	826ac8078460f1bb37c42870472fbc34b00064e5523d26fdaea0df44de0cfd79
1f9d7-1f3fc-200d-2642.png	2D/png/128/emoji_u1f9d7_1f3fc_200d_2642.png	29baf1d1cd7b2ee13bbb43a6518e8e80252d1296a8909d4ae88a75d3cbf7140e	2e011947c68533089362234277cf316e87d0cce139f2207e19f09164035bc3e8
1f9d7-1f3fd.png	2D/png/128/emoji_u1f9d7_1f3fd.png	79514ad3d433c798f108e29dcd18f42c4673b67997cbadc9088b888d0bed4a36	38cc36f7563393bc2caa2c09e53056eab2ab4720a12976f24c602332f7a3fdd3
1f9d7-1f3fd-200d-2640.png	2D/png/128/emoji_u1f9d7_1f3fd_200d_2640.png	03fa919c0fee7940ff60eb0b609cea3f221052bf4153fa8b9bd3dcab13a6f987	87e56a77f46d7e0a37734f30f502b50ed22f1fbfa38afbd0cbbf44eee96cad33
1f9d7-1f3fd-200d-2642.png	2D/png/128/emoji_u1f9d7_1f3fd_200d_2642.png	8e11b34fea3765b1eda0a113276f18a1e83aa0429a2c1620ef9848e09aa27161	78283daf512b7e1655cb8f24c8407f82be8e8a1828ad5e6d24571f3656786d4c
1f9d7-1f3fe.png	2D/png/128/emoji_u1f9d7_1f3fe.png	3863e05509bb19cc5bc57cce16c2b6f90fe9772ae3ac861d8f08261f4cc58a21	01c45adf215ed4bf068b22251abf8b5124f198e4e5653fc7b49d4229cdec2720
1f9d7-1f3fe-200d-2640.png	2D/png/128/emoji_u1f9d7_1f3fe_200d_2640.png	3ad865cf9336b0af6626a0834322d02bdf183ce791e62ebe7f516342d0e77853	538490ac11aa07623d5b87d3aeba5ca558d57cc110f2d49e68ca5a279871e0f0
1f9d7-1f3fe-200d-2642.png	2D/png/128/emoji_u1f9d7_1f3fe_200d_2642.png	845f14fde0a84b3f448e317b139120e083cdaa84418164418f4e1ebb9c7bdae8	bea3af17e58c43c0aaa1e19fe5bbf7a183ed10f42205c6536c717f92f23fb6e2
1f9d7-1f3ff.png	2D/png/128/emoji_u1f9d7_1f3ff.png	f13674ffd27a3a4786494e65719e8dd9b314efec7204d76f63bc787dce3b30e8	45ab2afd2ef94f5706930e7fba415137560ce1cc9571a1cb94eef3b695ad0e5b
1f9d7-1f3ff-200d-2640.png	2D/png/128/emoji_u1f9d7_1f3ff_200d_2640.png	2ae7f77f6d6f2b0bb7ad653370bb6c17e8c7a97dec703a4029f2ec5432854230	672f56a073715370e01ddb9cf80e5e270b04823601f3d1098e37bd6945eda87a
1f9d7-1f3ff-200d-2642.png	2D/png/128/emoji_u1f9d7_1f3ff_200d_2642.png	f90d6273738e453117445f12df70ceb92c6218c508bf5a1e6189f61b64957a1e	f00c3722ce17e13ee0f0937546556c3ed8bc0e45af97a159f2ce228cde0a24a0
1f9d7-200d-2640.png	2D/png/128/emoji_u1f9d7_200d_2640.png	abaeac6f384dd3b3adedf5759e2b0a775a67a85c9dbdb35433fe00d54d149980	3c769d7d3be07cf3522e306dbd3c9b7388ba3c8b5d159907f578aaac98b8a820
1f9d7-200d-2642.png	2D/png/128/emoji_u1f9d7_200d_2642.png	677767d83d2d1469977490a4e5671625ffc7a08f241798d568022cdc3c86057f	fdaaddcc63058a2f6a9166bbfd846c6dc593cee191c844198cf77072634e568c
1f9d8.png	2D/png/128/emoji_u1f9d8.png	c6f7ad4ff1a7603fab6728afa9536ab7b45e1c72f3aed705819ac0026e319cdb	09b08ed7f03680e498ae5faabc517c2f4b0ee14fc68ff713ef552e8a22519807
1f9d8-1f3fb.png	2D/png/128/emoji_u1f9d8_1f3fb.png	c2c9660caccca403cd19909a17825d0e48a49d7e6d347153955aa9142c904e01	433aca44a95209717599ff05aad28c0e11c96954c37e027a7732925b1751f709
1f9d8-1f3fb-200d-2640.png	2D/png/128/emoji_u1f9d8_1f3fb_200d_2640.png	1ec50832967dbb2347f768c59ab75dce704ce33e8ae64da9b00a09e5b04bb5f1	c2d170a7eb32261a5d16c2c04f3960dc40611f655f9dafef418868427f9a2c61
1f9d8-1f3fb-200d-2642.png	2D/png/128/emoji_u1f9d8_1f3fb_200d_2642.png	db19f4d0bb7adb65c2e6a639ec0dc287ec0cf1a9486a6df384a633e5ced9b2f0	27e00500567b83187310e2f4de3e12afb112475857af6285e40988dff723801d
1f9d8-1f3fc.png	2D/png/128/emoji_u1f9d8_1f3fc.png	0b78dd152220bccf2bcc0bdeec71ba202793cd8abc4d0aab25a560c5375d7a78	e046af3440ca7724aaea2695c7b6a2f6d8546816f630111a4f86840aa82f8146
1f9d8-1f3fc-200d-2640.png	2D/png/128/emoji_u1f9d8_1f3fc_200d_2640.png	a659bbfe05c06bf1e89a6712e0b25aabb9b5aabed642833da9b47e90b43cf07b	ca8db8c904a6d3f7c9536c4e415a5eca92eaf137c1261a79d77b1d6d9c08f114
1f9d8-1f3fc-200d-2642.png	2D/png/128/emoji_u1f9d8_1f3fc_200d_2642.png	1df907d56c75d42fd22f5fd99978a0300b65e2c3814684bf40a8e8e64e77c532	dbe76116f6f89594605f94075957ddc3e50493416346cd644e529e6f7a08dd32
1f9d8-1f3fd.png	2D/png/128/emoji_u1f9d8_1f3fd.png	e9b18149eed56e0e74711599d43575ced1bff63fe279b52a3fff7639c2ce59da	ddea355ba5535c3f85dce6c39713a7aa28e2bebebe58306d66ca9215ab1094cc
1f9d8-1f3fd-200d-2640.png	2D/png/128/emoji_u1f9d8_1f3fd_200d_2640.png	2d0573b0e75d7a97de9ed3ac03254e0f163f1567dfabbd604bda5f219797543e	1e4c4777f4fef5c7bf3eac303c1162c7a441ec2959fd67ca0fdfcd56a3aa05cc
1f9d8-1f3fd-200d-2642.png	2D/png/128/emoji_u1f9d8_1f3fd_200d_2642.png	72e3d7324180e9fd47a665cf47135507858fa81ee90ce0cda8d6b51cbead93d2	dc3bd922b83eb260e5387cf3d25e038578b9957921968d34ce0a63912a9475c7
1f9d8-1f3fe.png	2D/png/128/emoji_u1f9d8_1f3fe.png	46dbcd014e71b0786005fc1ca9c674c2004c4c36074cb648a32febd57c19a2b8	a3c705ce611765891867d7ede9eca8273ec16365739155793240c8f99d1e257e
1f9d8-1f3fe-200d-2640.png	2D/png/128/emoji_u1f9d8_1f3fe_200d_2640.png	fa805bc3e0598cedcb76091aaa07700b2bc3fa0adf06efffca558fb9a8ac3056	54b8f8c5acafe23f537bc7f50b3f86a836e9772654ebc576f539761a8d467f8e
1f9d8-1f3fe-200d-2642.png	2D/png/128/emoji_u1f9d8_1f3fe_200d_2642.png	dd44f1cfbf798c29b5d62f0b3345743e3b90a99515c1ecbb6ff1977152a83e0b	c91139c2aaa440fad9fbc00db82f26836975f4269c2c35e613e01c54ba719a23
1f9d8-1f3ff.png	2D/png/128/emoji_u1f9d8_1f3ff.png	df60f7fcd744aa2534edafe412242a689e836a4159bed2eb42b72d8c864243bd	bc14fc385c628bcd4511973ee6f665dd88d4ac417465842fd898b460ba76a3b9
1f9d8-1f3ff-200d-2640.png	2D/png/128/emoji_u1f9d8_1f3ff_200d_2640.png	b9083783b9e7075f7754b4c20ba9b7bfc0f7fadfad771f476a839ea89c94fb57	d5547c3b33755fcb505d7f23fdf7b5f804d5162661dbce8f0b87c2d2a792c391
1f9d8-1f3ff-200d-2642.png	2D/png/128/emoji_u1f9d8_1f3ff_200d_2642.png	a50f9c3e77c8bb690c2765460f4b2ee62e30eaa2be8016f151938bce0c84c6d5	7ae66e6b09562046e16333eabd8ddc7b8b9084f08bee020b32304aa526a08790
1f9d8-200d-2640.png	2D/png/128/emoji_u1f9d8_200d_2640.png	ca3612c8d7a5c6035798d752eefcce2c203900f8122e1126dee4f4eda3aac06b	19481b40ab2e6c6122bff41ac08aad231c2be8ff55b0778258d0edf0793d85ca
1f9d8-200d-2642.png	2D/png/128/emoji_u1f9d8_200d_2642.png	db279f975db51b233f0a52ddce0c20772d5aeb62a3b8cf42741fd1a2af5219f2	e7542cba8cb9a379bded13f076193c788415bdc04cc0c4600e0ded89f0934912
1f9d9.png	2D/png/128/emoji_u1f9d9.png	1565b293c144983aeb0486348e8725d623475c37ed42efa974394d9bf3969836	e2daf183b5151e1cbc397213f91d2a5763e8a85f802e93a02de1e5c0c30c0254
1f9d9-1f3fb.png	2D/png/128/emoji_u1f9d9_1f3fb.png	c33e6a5faf15efe35c2e0dc8d76d6b672a669387e0c0ef498852251124dae423	45fe144df6158c5e631ec909ca73f8ea9a791787c1a4b77fef5d4acac798cd16
1f9d9-1f3fb-200d-2640.png	2D/png/128/emoji_u1f9d9_1f3fb_200d_2640.png	de40ae852c0afb46ea30df5c659a92c67367e61b8abc8ac74eaea152d36b1963	a2589f7bbbc6a8e2fa5d7b05f5390e98e176feb2424ca78b2f784b3e6420e0a1
1f9d9-1f3fb-200d-2642.png	2D/png/128/emoji_u1f9d9_1f3fb_200d_2642.png	f5a52bb0a4f1f6d92c2d5ae5f2a9caaa61c89abb48411ff5ebd998d243c54e94	0444c9dd76af480c23ee02a3e7c52d1ed67cf328bbc29f031c9a278c5410e0be
1f9d9-1f3fc.png	2D/png/128/emoji_u1f9d9_1f3fc.png	bfb183ed9e0f52f56a646977bde58ef3b6d4de57e5c52a09061ddf42af47cc84	f6ebb248c3184489f1b7e9e54ae87a78fcad65ab7453fe9e12e56e0ed18e78be
1f9d9-1f3fc-200d-2640.png	2D/png/128/emoji_u1f9d9_1f3fc_200d_2640.png	00775065ef137203f2e25777cf53e4edee53196f1825ba798894c0642ce4718d	412aae219c0e7b0142fac81db77eac586a5230ed63c212f3625b803deb2e0d91
1f9d9-1f3fc-200d-2642.png	2D/png/128/emoji_u1f9d9_1f3fc_200d_2642.png	adc95fb25050cd84fc75f47f850ef3334183f28c3b60668b35c10cc1c7fcab62	4e906389b6611c6a5d5f7e11bb78a6b968a45824a79d467465a76e08e210101f
1f9d9-1f3fd.png	2D/png/128/emoji_u1f9d9_1f3fd.png	9e5ee000816a72a79376cf6206da70c9004edbd067822f98bb082941dd229da3	1091e2d70ed03589f65dc3d35e44627e787b2666e1cac89c4afa08de119478e3
1f9d9-1f3fd-200d-2640.png	2D/png/128/emoji_u1f9d9_1f3fd_200d_2640.png	7e202c0fed18ff7f093e1d275b6a08eff0a7583743af9d88b0b1d228e4f69fdc	11d2da2502307d63d158564dcffdba536d2a28671ff5fac4e79f433ee274fa0b
1f9d9-1f3fd-200d-2642.png	2D/png/128/emoji_u1f9d9_1f3fd_200d_2642.png	5a856d43f53a6e9d932b12941d01fd1f6a696aa2a7f59ea98830c65d996f2fc1	1ef5c24b002f79aa73b581cf87da054732a2467c25f9758ff4b4dfeeb6796a70
1f9d9-1f3fe.png	2D/png/128/emoji_u1f9d9_1f3fe.png	e5a1ef795fdd582de1a2308e647b02aeac50806bbb7f88932ef98bbd76070354	48da67f123e6c38326758faaa5f68cd247f1dd41999066bac950738986e77a11
1f9d9-1f3fe-200d-2640.png	2D/png/128/emoji_u1f9d9_1f3fe_200d_2640.png	aa106505342f5b385508c340655e0b3faebc6af1ceee34eef046feec4d3153fd	867c17818abdb1d87ab3bc16569600f57332a53cfaf4dca38bd571fc6266a2ed
1f9d9-1f3fe-200d-2642.png	2D/png/128/emoji_u1f9d9_1f3fe_200d_2642.png	8912d971966115416cf655a62025f3ecd46465fce457e89e725cb99662d253ad	124b572d322a1b9b71753954fc5d005a99f55f4e15edc0ac765dfb99c3cee447
1f9d9-1f3ff.png	2D/png/128/emoji_u1f9d9_1f3ff.png	17a2fa229376919fc4ad5b715200eb4cceacab4d4a2c976aab7a843681e27a5b	adbd7ecf43f0c015839e3e7bafc03b326ae20c402a2b054b4ee60193899f3584
1f9d9-1f3ff-200d-2640.png	2D/png/128/emoji_u1f9d9_1f3ff_200d_2640.png	2771c5fb3a3ab2b7019dc4f23b94d335e82dbbc8e407d73f344f646397cb3d96	72780ce4751acf1a9320fe3244ee918b9428b02c0744137d02b3db6c07734e7b
1f9d9-1f3ff-200d-2642.png	2D/png/128/emoji_u1f9d9_1f3ff_200d_2642.png	710f283bcfdf96418f84dade6cbec6295913fa726b677a7dc71e3592a86c4400	d90a385f1555d69e3d323b94481c29d10389cea07d76ae14a8679e6fab6b38b8
1f9d9-200d-2640.png	2D/png/128/emoji_u1f9d9_200d_2640.png	4eb17ecc2580942edfba1e8f0960019a6fba87d929e7da8576b9e94d01b818d7	3ec48142600594b95c689a4fc075bd7d510a4c5eab8716ff62cbdc64a2a2ed7e
1f9d9-200d-2642.png	2D/png/128/emoji_u1f9d9_200d_2642.png	01fa1d036f9fdb00703a6dc19ff008c2c0a0a030cbf1aea972b35d61224d010e	10df26eef11e5cb844a60608250eaa5847fbd04a10f404efc88fbea72e519041
1f9da.png	2D/png/128/emoji_u1f9da.png	45c570ab4db79b7b9a485d9b118822dea7264d1856b2a839c66c0c92c24c567d	c31649c1023d8c7ca014a2a0cc66fdacba85c72d11c16078cd61a0fa66052e2d
1f9da-1f3fb.png	2D/png/128/emoji_u1f9da_1f3fb.png	90801d6976b4c6b522e2673e2fde7566a842d2b225ec1a4e2b7a17b2b340de7d	837a505ca378a08d7595c2ddd226ca3b1356f2a32cdafe017dd68a6b124ddc63
1f9da-1f3fb-200d-2640.png	2D/png/128/emoji_u1f9da_1f3fb_200d_2640.png	938277fd060939519081e9bb2f2ff81e44e8cc7e8ecca12b8268e29be226cf72	202dfae6a1d899e1b01c302c39509d6364e4794f619640577a270e78ca6ae874
1f9da-1f3fb-200d-2642.png	2D/png/128/emoji_u1f9da_1f3fb_200d_2642.png	2469d4130763d79ad831a578ef0caf5d068485966ae4fa74e8c7116c0d056007	7e1745989f8b167ee5f639922dcf8ec3a8c14b319e93a7b9c800bbad21b282d9
1f9da-1f3fc.png	2D/png/128/emoji_u1f9da_1f3fc.png	ec93e9612f9f393c2b467550e973977d20331901521d292dbecb4e40540f0a15	51f622980856ebca28e1d011b704e19c03c7885199af9747edc980ef885d8cfe
1f9da-1f3fc-200d-2640.png	2D/png/128/emoji_u1f9da_1f3fc_200d_2640.png	9df7ad81f398a3bdb2343062fd54ef7f671fa447b19724572e197425239aa33e	8f3f55a123b28d8fe2f45ff7a97a4b6117414a0ec5e4cb0d4ef674092c17c57c
1f9da-1f3fc-200d-2642.png	2D/png/128/emoji_u1f9da_1f3fc_200d_2642.png	e5431347353675565a03cf829b372ec5ca91b201e8317f2a261e1512c252fa21	43fdb74913eb077feb11fe6eacb7daabaca04cbdd4f47d1ccaeb62321c7c152c
1f9da-1f3fd.png	2D/png/128/emoji_u1f9da_1f3fd.png	e96724a61f0c17fe2bea60d05e54fafb6f4b6fae48f4efe473001da989a30b61	367797a3f011bdc9462495523acc17e5af182c0c43b6d0f7d235c0f653f4c586
1f9da-1f3fd-200d-2640.png	2D/png/128/emoji_u1f9da_1f3fd_200d_2640.png	0535f24c8be7a250bc53c26b48ce873ee6dae8f07faeb2ebfbb4eb1aba0cb9de	1952cb24745aa3881926a37eddc4071e49a14ae4845463b1195fd5c906c37e25
1f9da-1f3fd-200d-2642.png	2D/png/128/emoji_u1f9da_1f3fd_200d_2642.png	560c85ed754c33ecd5c175ecc9a50e578ee7e8e82437ffa3b57a34e1c751e79e	1de9364e4b25c59a131745565d2930a58f9f35ddc161a51c37d93f644a8a634f
1f9da-1f3fe.png	2D/png/128/emoji_u1f9da_1f3fe.png	4fd9fe461f3e64b71cad52cc6c206846f7303512e16163170b595b822d8d3d39	543afb0125f9c6e2f948b6ac93b693fe02ccd2f40cbfcdfa97bedb56762f6bb4
1f9da-1f3fe-200d-2640.png	2D/png/128/emoji_u1f9da_1f3fe_200d_2640.png	c90dd53b5846fb33b1a7dc27fd3f4f8cf9793d93a826b3b2f16bdc751c72f969	ce439c5e2ccdcc18e15ae21f3278d334d441fc3779c84b9b42166f4409ca799f
1f9da-1f3fe-200d-2642.png	2D/png/128/emoji_u1f9da_1f3fe_200d_2642.png	ecc66631e28d272ab0b02474532b7f431763a0c9c6584bbd3ff72e1a818bdb71	6d188d7758fc3cf023845db5b3c11662830c7555f30f912fb4316afb127b371e
1f9da-1f3ff.png	2D/png/128/emoji_u1f9da_1f3ff.png	230fb7e90c1bab0dc917e77e12da65dd37718686c1d9c14865075ab2ab25aa94	367bb91ad0fd3a62690859637ed605954a7e7ed69bd87f9840db1cfc251f1369
1f9da-1f3ff-200d-2640.png	2D/png/128/emoji_u1f9da_1f3ff_200d_2640.png	073cc7a1bd3f6332d43086b9093e01e68af553af165f682e1472a1088e6ff217	6b0d61204112aa4de20eb21dcee0fb551102b4135c490f32bda63426487ca0da
1f9da-1f3ff-200d-2642.png	2D/png/128/emoji_u1f9da_1f3ff_200d_2642.png	873d0d1859c52333e26744170765ce4eaf140ff349b304c2fd94fc655241b512	0aa8630b1a8a1726d97134dda1cb696194c76b33d917ceb4eb0b1c8d76762b82
1f9da-200d-2640.png	2D/png/128/emoji_u1f9da_200d_2640.png	4c0df2db61b6bc7b856257d86f7414b977970c462a65a2f279832ea06f0d8ab2	c2633adb1546c2c87e27b7c79a92ff7783d857a1a92b32500d04d6cfaf692f50
1f9da-200d-2642.png	2D/png/128/emoji_u1f9da_200d_2642.png	b88aff1e41c81a11016c1d6dbc0796329fe1cb896c6ebdd9760e09058020cb95	0c48e5b98d050f2f6f2ab609c7c0f61be20b1036e7876880e2989f31f5536f2d
1f9db.png	2D/png/128/emoji_u1f9db.png	0e50830ef42c08fcf12f6ed28b0886551ab31f99da66aa8e548ad6c5ffc65eef	df1b9c92ed3ddad74ca48f5ca1fe4974f93b1cbed34120c206c8b14973e7fd13
1f9db-1f3fb.png	2D/png/128/emoji_u1f9db_1f3fb.png	9d0abef5627b0eaceabc18ea75deffed6f7fe42243bf0ff84bf3e20fdebcfc69	bd9b57b12f9db821a56a9be067effbcec2ed9a0dd73692de2cce271a97490462
1f9db-1f3fb-200d-2640.png	2D/png/128/emoji_u1f9db_1f3fb_200d_2640.png	880429ca00b74661d06527251bfb9ecca6ef244dfacbf8a758af433f26255f6f	aabff4802069a935f4a9655dcb596f947d1e03173375ce1d229c67987ae50152
1f9db-1f3fb-200d-2642.png	2D/png/128/emoji_u1f9db_1f3fb_200d_2642.png	428c299e0131cc9205e66e4e59e60ab9a1b409b885d3ff978b9bb17788a0d9c7	0cddf270d7bf5eab786407395c994e0c376802c5f4dd4d2f69da8907add4ae32
1f9db-1f3fc.png	2D/png/128/emoji_u1f9db_1f3fc.png	133265557f4f526329516b2064b665fc96525ddc5272ffbfb889a15ea2f70366	13f9198359fe1ebaadca02f8b0e5a1977319b3c22e77b8be255f02d231b87392
1f9db-1f3fc-200d-2640.png	2D/png/128/emoji_u1f9db_1f3fc_200d_2640.png	0de767a2b590339388d501ac7f5eed6728910bd7980efee52c0e5d8c739ccfcb	6c360decb68cd591b0aa1e9c5cd5a45523a857988c94f697b32d9b527ed03f69
1f9db-1f3fc-200d-2642.png	2D/png/128/emoji_u1f9db_1f3fc_200d_2642.png	77048b03af72a3a4ec2ee968c77b458b54ca89a526a1aa93da94b987dc4a0106	91e53a32eee6056a35d0a34e4ecf2e0c18b880799f49b3200588c70bfe9a0b37
1f9db-1f3fd.png	2D/png/128/emoji_u1f9db_1f3fd.png	d3a6bc16bfa382b57e1c2f3d874a6edf2d4da452859202587657b4cc40f1b52f	ecdb7f87216a6be70d14407d646e1626c07674fc7cf033ce4c70fef7981a3b74
1f9db-1f3fd-200d-2640.png	2D/png/128/emoji_u1f9db_1f3fd_200d_2640.png	052ed1cb9f5a5de9fa8c1d17c0cd03436aac4ed13d077c66f0ee24ebe0b9d10a	11d87aa87912c00a50e280378c7c3c02f65f9ed1b68b3fdf0217f880a12a2fe7
1f9db-1f3fd-200d-2642.png	2D/png/128/emoji_u1f9db_1f3fd_200d_2642.png	92dcbaa52cd1e57fd994bd18a0ac6b0e2784e5c0abfd141cdd87f4cc37033b1e	221a6803f146dfa40d832b909b71891d0bf179a7c0646d8233663d5389e93cee
1f9db-1f3fe.png	2D/png/128/emoji_u1f9db_1f3fe.png	5ebd0db84f4c3c57a514db35ce08249d911208d92a7cce599032fbaccabb53b8	45d4df0b8eea993ac642009525d46516d96b71dceed86d271c55552d9645ba96
1f9db-1f3fe-200d-2640.png	2D/png/128/emoji_u1f9db_1f3fe_200d_2640.png	1b43b20f6478af9ce17cf5a0971b4dc856cefd3dd0a3c4db00bc13d388412461	f76b0b9b800a4550f68bd6b87b09b39d36ca6788fdf9cbdcc8b4a18af57c0a40
1f9db-1f3fe-200d-2642.png	2D/png/128/emoji_u1f9db_1f3fe_200d_2642.png	c9c4275dd96649f5d6f4c88bb2c415a0d6338a6cd9a4e968d280777c30afb4c0	3fd234cfa63676e6f816bf1fb9d4b6361f24261c6a0c1f9fd113d44fa98bc8be
1f9db-1f3ff.png	2D/png/128/emoji_u1f9db_1f3ff.png	a5b9531356b749217f6412e81468fc8f6cdcbc1752107cb8c9d8b55d04e7d73d	0d20a985ca9503bc40447dc14c4707ab3c957a7e340cda2da690719938e603ce
1f9db-1f3ff-200d-2640.png	2D/png/128/emoji_u1f9db_1f3ff_200d_2640.png	4ff8fc87a2ff5f284fc12184748becf7a33aa4275cc356d0b6059c4520aab02a	8e17b0c78e495b28bb40556b2f959716b24b4509e2d5f4511ed8cdb3cf5307e4
1f9db-1f3ff-200d-2642.png	2D/png/128/emoji_u1f9db_1f3ff_200d_2642.png	56188651245aea32921e3e5caf74f9a4cbe033413654b3cf89c1986b6af0441c	de81c817ca9bf994b4a2724508ecbe6855e5762b64fb977acacbe21546a1c27c
1f9db-200d-2640.png	2D/png/128/emoji_u1f9db_200d_2640.png	a516c932d929ab8cef4a339387b6928c42d2f1f0331e0866d9cafee7e97e8d4e	0d3c709f6072c9c1d1eca4386b93591dd8eab246823c38a60f8aca3da7759778
1f9db-200d-2642.png	2D/png/128/emoji_u1f9db_200d_2642.png	d876ea0320baa7024507ad9b452e6bf61ad1996937acb9bfc3ee5d81fb042c96	8a9ed75d125fadea207c3f50a2124a6baf896faf3c76b3fb847336ca19b06d16
1f9dc.png	2D/png/128/emoji_u1f9dc.png	ef7a370be4cabd46b17803f0c45843310e4731db97bff4b334e821efa89028ee	8ecb193aa9979af69c065a38e2b10d5ddae7fececb394371d6e3dff974fa3220
1f9dc-1f3fb.png	2D/png/128/emoji_u1f9dc_1f3fb.png	1528b3b28259d59ee303ea7f148f864359c22f26d5dbfd312b15f1b080a7fe89	0632a2e483799c1edb4f717e6c003c270f623cecc6d8a0a0a1acb38b18508624
1f9dc-1f3fb-200d-2640.png	2D/png/128/emoji_u1f9dc_1f3fb_200d_2640.png	65af26131374e733ffe72685a3efe0ee131bd1e0e966076d2a09eb695d1f5d7c	7614cc609841a7b5a78224c25726570e0708b9358f98b0814acef727da50a46b
1f9dc-1f3fb-200d-2642.png	2D/png/128/emoji_u1f9dc_1f3fb_200d_2642.png	686fa951c9a701dad963f8f48ce1a342082eac4c1dff0268a0d002b1efa7aae0	c3aa0d5cf44422425ed194d5bf5b96c5df87e36ff61e5166e901d866724912b9
1f9dc-1f3fc.png	2D/png/128/emoji_u1f9dc_1f3fc.png	f9d260da0272c40ff1e674c7d4dba8e87ad658a588f27f137cc0c941846192ff	5549caef36e8f7e5cef06708ef39a7d4e2cd8d7c032cc12c5fbece653c407240
1f9dc-1f3fc-200d-2640.png	2D/png/128/emoji_u1f9dc_1f3fc_200d_2640.png	14ec1357d9ec14196df4bc9bb97b7908ee8435de8ad5d4bd95dc54ee441ddfd2	736710c18c00030112d72217630bb60047187bfe96f89842b3baf8a281f5c565
1f9dc-1f3fc-200d-2642.png	2D/png/128/emoji_u1f9dc_1f3fc_200d_2642.png	8337ee8097cbb33ccec5cc1e276fc540bc138d9f2e115afa57ba6d179e4b19d3	528ae99c896eb0179fe67ba043c824acab7155168e446ee58f1a87a122b813eb
1f9dc-1f3fd.png	2D/png/128/emoji_u1f9dc_1f3fd.png	2216672ac7c4f56a9a2fa4b53c827a1a0d0edd242c6863bef5e39aba5fbd10bb	eba1afb8c0d04fe4cf9efb4dbaa269812478c7d8620cba7c540ed739840e9b58
1f9dc-1f3fd-200d-2640.png	2D/png/128/emoji_u1f9dc_1f3fd_200d_2640.png	ac248c8e9a544907ae9e807d5980d682cb71852922a370d3fd7b861e1ea2a64f	d969bcfff469e72cf2fc6b8580a95269011d3db6c71b07f3b6c907da899b668b
1f9dc-1f3fd-200d-2642.png	2D/png/128/emoji_u1f9dc_1f3fd_200d_2642.png	9a532b7dc0d5afa78765aae60aa35f409b18fe17cc02e03e1960ffc717e443dc	b3d5d48cf9999ae742f67ef3eea275d1eef2821be08476a283a3e8a51dff9981
1f9dc-1f3fe.png	2D/png/128/emoji_u1f9dc_1f3fe.png	c876e6bd8ec4d3e9c36f78ebd62c7798777b4a98bdb37754a970e22e248988d4	fc1eb995eb6fdf9e3a83503bfce8ac642f6fda64b18adb8ba1154b4343415b97
1f9dc-1f3fe-200d-2640.png	2D/png/128/emoji_u1f9dc_1f3fe_200d_2640.png	d665ef01ebf2ae84c9d82afe561e74f6da6052f0d47c2c244df77c1ed98d50a2	0fd91548112c8b22b89eca140a81a3f77efec1d3219c66601e0a5e516b88077f
1f9dc-1f3fe-200d-2642.png	2D/png/128/emoji_u1f9dc_1f3fe_200d_2642.png	44afda88cbfe437dbcae1f1e0f7ff331fecab815017d9f4d3d505ed8fe2a9e17	f2996c6e45112177e1b65b9d60a9cfee661832df178b955a7c99f14d85f9bc7a
1f9dc-1f3ff.png	2D/png/128/emoji_u1f9dc_1f3ff.png	7f97a638f8da37b942f40ed2b78afa59cb49b941d24a2965ed9376f15ced816e	677c5c26bea2c09ea23d27ba36ff9d12363b3e434c649bc9f3c12beadd3e7cd5
1f9dc-1f3ff-200d-2640.png	2D/png/128/emoji_u1f9dc_1f3ff_200d_2640.png	d6d54e75c14c4927cd04b6c62c18f84a573b9fe4c7c39a00054070d66f4f6f3f	8b037f1e4258fc628efcd8909dc56a6ea3df46dbabda478fe63906ef2d796c24
1f9dc-1f3ff-200d-2642.png	2D/png/128/emoji_u1f9dc_1f3ff_200d_2642.png	d1c87aad5edf660825459ec9b34c99293708881a0f998c0d78afeef28c42009f	44fff67f209cc496ba4730f74f9af2261e8ded2195872ed8f37955a31fe8975f
1f9dc-200d-2640.png	2D/png/128/emoji_u1f9dc_200d_2640.png	a09bee6cd47d0d16b4a383a048dd6a1b932766aec59864c608cb26c2b91ed6b2	cc2174ca9a8ea9759c9939d295e3cdd10a4903d1acda6c63cb6745caff90f72d
1f9dc-200d-2642.png	2D/png/128/emoji_u1f9dc_200d_2642.png	b4eb8690d495b351bf15392a2e982961e31cdc63e8106105d265a6ca454bf8c4	4cf105b8a23a9563352baf13c2f51b3e65625ac8873080081179b0e1fb6315d6
1f9dd.png	2D/png/128/emoji_u1f9dd.png	9fffd29bafc119f159d0dd27990fb49ea1c1dfe45cee3d479b9e6986ac9ff85f	1157b27f63dbb6546a5e9b3af6cd3bb6daf77287e9588d0a00160bc036045570
1f9dd-1f3fb.png	2D/png/128/emoji_u1f9dd_1f3fb.png	1b0515152dde98cd6644bc02c6268a665e8c1b3c302951246d809876357e797e	d1b502e82ca8e690690748350db8fc09bbf513f0e55961d2b3b4ffd0ea4f57ba
1f9dd-1f3fb-200d-2640.png	2D/png/128/emoji_u1f9dd_1f3fb_200d_2640.png	9501015a2249f5da2c85b058666cd71c403c1cdb5e19ba1c0d2d3f4924c624d9	a1668b327b74377727020d0c0a9324f5a7afd44a4ad3210e4c10df73d332a866
1f9dd-1f3fb-200d-2642.png	2D/png/128/emoji_u1f9dd_1f3fb_200d_2642.png	ba70fd5d9ced6dfa76c87c7f99cc6a35454cceace2a8ed450c5805f5a6aa10a0	704118099b7c93b3f760274ce4f111b9677418ca3b9798ae7d857a6a3a47e8e6
1f9dd-1f3fc.png	2D/png/128/emoji_u1f9dd_1f3fc.png	e91b1ab1e1a24bad939c579a63f9d793863e399236ccc31c20df9ac5496c36fb	ad5b3391f587f0220cee1effda01ffa4f2545ea3d0d12c8fb35930c27683586a
1f9dd-1f3fc-200d-2640.png	2D/png/128/emoji_u1f9dd_1f3fc_200d_2640.png	e58bbadf715a8953e0fb9616b5787a5aded205d02904c68c4e1cd27c63994c47	d7b7dec9a7511de4d5b8805c0210117384dbb1854a867c4e9b805c5319c32611
1f9dd-1f3fc-200d-2642.png	2D/png/128/emoji_u1f9dd_1f3fc_200d_2642.png	476547bf3111cf2dfec3e8c32b222b12f72a4dc1a104446ee6b7719c3ab28c48	a67ae05dd9ed95d9de20eb62eb711b71abff11e77c1432c926e323f49792086e
1f9dd-1f3fd.png	2D/png/128/emoji_u1f9dd_1f3fd.png	f412dc3a74a9a8fb3f098b51d85a6400c67f40e3765f320c70f85ff751d7466c	464afe2316ab9a10b24f97f61798e20c94f792aabb76a77405b4d1ba637d5a19
1f9dd-1f3fd-200d-2640.png	2D/png/128/emoji_u1f9dd_1f3fd_200d_2640.png	c08aab5875bc421a84d09de9912810f83c20e9c330a8651f6e69eb577215299b	b64ab4794b19070615a594fc9ad4b69515fe6c015091c2b3642a9967ce888497
1f9dd-1f3fd-200d-2642.png	2D/png/128/emoji_u1f9dd_1f3fd_200d_2642.png	0efdf5fe65fa13744b3b2b2e761cd6e3ad34769667e21d9ec3a20fa92232c6c1	c1dc09977a3e1ab394f700ea579c8012a928c6ae3304216a5cca1b50167d1cab
1f9dd-1f3fe.png	2D/png/128/emoji_u1f9dd_1f3fe.png	c45e8c1b1b434ca5d8edb79164960169379a39bf97fbb55edde47b242783c722	e717ad27ec1d4b6a9c718719f1fad68935e12b7b3dbab7544c6b43ee35672ab5
1f9dd-1f3fe-200d-2640.png	2D/png/128/emoji_u1f9dd_1f3fe_200d_2640.png	8008da629158fb4dd65e2c4ebb1e5e88d01d4a0ff7bb428603cfbb58feec0ba9	b778beb2abb1f7e58ea14f8c205cc98f468a909b35e886e726f81eb9124bdd17
1f9dd-1f3fe-200d-2642.png	2D/png/128/emoji_u1f9dd_1f3fe_200d_2642.png	da15032b9ea173243340aeca07d1daa0a21307f0b1b736954167d0bb3310f93e	e33ded9cbae53b6e358d400be0396d4bb5a497aa1f3407f8b8e1806d752e9d2c
1f9dd-1f3ff.png	2D/png/128/emoji_u1f9dd_1f3ff.png	d4c866c4970dadb319bf8ac2e30d4eca416e017dddc6416cf0e1f369e4c348be	b7de87ea4faf0d26d88236c81f50c9fd1773979c657e493f1ae529ee821a3a9d
1f9dd-1f3ff-200d-2640.png	2D/png/128/emoji_u1f9dd_1f3ff_200d_2640.png	2fbd95f34f72c2bd4a6fd13b3df0d527b600463b2333d0342fc5cb4e63451544	6e8288b240d31c7e7e27f161eda53c0fee289d0b072ef2b67cbd3c6deb9d6321
1f9dd-1f3ff-200d-2642.png	2D/png/128/emoji_u1f9dd_1f3ff_200d_2642.png	c13f11474507babe4e7be43343dad75c04f88c9a68deb5b95d1313cd3e8337aa	d694f9954b747145a982b11c4e764a8356663f7e0563cb8bb301f73de9286927
1f9dd-200d-2640.png	2D/png/128/emoji_u1f9dd_200d_2640.png	85278ce1b963f836526f7ac38e532a53e357d273d87589378791eb58da8e1bc0	f83aad4b5e55642acc5654fe3c2ce4c060e682c862cc3c0c4a21cfb26488f53e
1f9dd-200d-2642.png	2D/png/128/emoji_u1f9dd_200d_2642.png	5c3470f84f36bbb779c0a2e9fb42902ecdfd8716495ea6fc7bbd7cd72c59a1d8	df762b3611c2a963ad26d51bc624402fe2af758ae9e066a5051a7c2cba5c9983
1f9de.png	2D/png/128/emoji_u1f9de.png	bd7346a45a9f205c45f2f3517cddaebf60500b87a01b8afb9540ab534c7474ab	006887fa92856f55028da223e0f4c37fbcd85927eece9449e9c8577b28e4ca72
1f9de-200d-2640.png	2D/png/128/emoji_u1f9de_200d_2640.png	75b5967441673d6b8aeb7ee058089a2d64c8fe6bec5d929de6939e61b73bbcf6	2ddd02385505568fe0c45a9bf2908413bd8f139c6c0411f71b0215eb521a4361
1f9de-200d-2642.png	2D/png/128/emoji_u1f9de_200d_2642.png	fe3f7225260c704e26ff0b160761eb6d701486f247e339011703286403c24d1f	cd2c4737a6fdd8a2b1c1f2113d4bf5debf4f5e3d3fc52c86ad553506e8b22a4b
1f9df.png	2D/png/128/emoji_u1f9df.png	f98beac0d0101769a78af985b7c6c6abf5e8ff4324b15da6da34240e3d29cfb6	55dd933736b7c5ffcbcd200611244d2d2a548c46a3598034c4f02b12b108c16d
1f9df-200d-2640.png	2D/png/128/emoji_u1f9df_200d_2640.png	62e5c33a1c3e788f30db8962cf419c49b2fbc4f833f3bd72447b8eda922f6c08	7e78a19e6769f3b11cc4decf4e252e9e8069fc4b5722a401b5611ae6c2916b9d
1f9df-200d-2642.png	2D/png/128/emoji_u1f9df_200d_2642.png	1e9c795978b2683c124ea7101a447812fe85a75e95a04726b93104676098a210	e2e04e1966eb47cf09467ab833e5e901147ccaaf7b737a904cb68407ae209d8d
1f9e0.png	2D/png/128/emoji_u1f9e0.png	21693f4e82fbe351a509fb81b0daedad297fb27c1217c88fd0169ea3871bbd28	ba79f04328ece61434d14486843451dfffd0b84d982553370dc97904f801c4f0
1f9e1.png	2D/png/128/emoji_u1f9e1.png	34f4b823bea9e020153a5f93e037de6c1b1d92b7e37017797cd8ea9b5c242ec0	036a68bc6f895262c64225800603821b002d02effa74e24259849574eac98637
1f9e2.png	2D/png/128/emoji_u1f9e2.png	89bd0b68c8783ac1af9481ca7528d0a959bb09a11940bcca8eb0f821815ee393	12e6b6b8be955bd3ebafe0557e30365ee372ac39d0b34ac3d8ab42b97fb02fd5
1f9e3.png	2D/png/128/emoji_u1f9e3.png	1e4077232c1d1eab103eee6b3a76a01be15d781f4d77699894b8871c7757de46	3f0e355163d19116cc390342848714406ee02c14ff33e5936fa1b6a3fccbfb88
1f9e4.png	2D/png/128/emoji_u1f9e4.png	e34b8c5af4abd1f3b4cffd52daee4f5eafcec93d0fc2a0dabd2b5240ce273280	16f39dc19fece2e2ebc5f48941a1fe5b9c2a2bc47f3f448acd83f5f669e3f709
1f9e5.png	2D/png/128/emoji_u1f9e5.png	dc52aaf98bc2fc04db300306e2ff86c216a99afd23abef840f530e695f89eb8c	39d3b05c24fe859ec847a653f93fd2cad518ab32753c833715adbf22efad1f08
1f9e6.png	2D/png/128/emoji_u1f9e6.png	0415a3d2d8b46cf1b2b2b348bc99ffed91afbf6e2bccfd4b4c3ddc672abaeae6	5b14c2c5c521295d1c6acd2cbaac2b615efa46b0c78b80b3cb4fb2f49501c226
1f9e7.png	2D/png/128/emoji_u1f9e7.png	64076a467837a6c92fe99496f9b9168d2d04c000bf4ec45799926bda79dab4df	707ff94fa63ca33d9f86792e709a685e5e6594997853bdb380d7d7439321d8ff
1f9e8.png	2D/png/128/emoji_u1f9e8.png	4c47642eccba02fc1270b0df75e5adb345970f0919e675e8b1b8904864443bd5	e50a6c9159b05d4e90a0b72dd8e8fd74cb597753404686a98a2dccd88cb351c7
1f9e9.png	2D/png/128/emoji_u1f9e9.png	3cd25893942e34f889ef57503a0faa8632fb6871a36addb4980d510f9d100f03	110e3a79ded73a6ba85bb462183bd2a4eb146e6c0c91d88791245e3da900e339
1f9ea.png	2D/png/128/emoji_u1f9ea.png	43492456bc548bb65ee1dd21ecb3e8708dd4b4d257fc41ffbe2ce37c46a7f51a	a5b316d33b9b98bc2f5098339d5213ccb4d6e69f86c81b9529c8bb5db9fe9dda
1f9eb.png	2D/png/128/emoji_u1f9eb.png	978bc12afeba82457f81f5b536d436ace60471edd2f10d634d4dc967daa2494d	501ea940664b364234c69ab43465a095dd38e9c975019fab1a947c70102f9b51
1f9ec.png	2D/png/128/emoji_u1f9ec.png	22e0f7c9d41ea292a46bc9525ffc9439b55bbc25e4ad22423d348e70d75f5fb1	a79e6e62e7fa268913ec20eb255f6f84b6f3df5ffc6d4ad2e9b278349065bafb
1f9ed.png	2D/png/128/emoji_u1f9ed.png	ab23bcd3e82fa4bea85a6c8b983350b1229784150504c8dcfc409786232c0c27	a309397ec94fb6ccacf02b6122c352602573de162d8477a1383eeb0fc7d9a4ec
1f9ee.png	2D/png/128/emoji_u1f9ee.png	1b778200db0f03e1751f54e865e40d297e03709d63fe96a0f1e2557042a609e7	dc236b462ec244822c58a162c6c64e13cb6a816f10749341588026e611c9149a
1f9ef.png	2D/png/128/emoji_u1f9ef.png	92d66babcae476941c1e248856717872a4d417bc4662a31b1afd071b1a5e18fe	2b9af74823e93dd80d7593da1e14eee6bf1dc122d5e97dc2e65f440a3bfe66db
1f9f0.png	2D/png/128/emoji_u1f9f0.png	8435a86b980582205b979990e2de52a2da3ec59f6ad579af27ab30a086dfe13d	49d81d0e5f0c668fc1a6ed1dfcdd4bd7a2479433a7085500ea621ed059c70ec3
1f9f1.png	2D/png/128/emoji_u1f9f1.png	b42e9280cbabba5219ad1c6c3e04659cf88350810ce9b0bc35a23616ca5cac48	1508220882f33997845047994dfeaf7b67c0a549e20d449fa9de96ed890617cc
1f9f2.png	2D/png/128/emoji_u1f9f2.png	0d53b8423bb0591e3e6890317f2efb09b272a7fbfef5a44e05e11fcd4f5c2748	94ea1a520e32709d89725973e51a986ae894a63f014bf1df71074f97b9783f24
1f9f3.png	2D/png/128/emoji_u1f9f3.png	7245e09115b79aa2d3b87854ecba00fd1248aefb1bff9896307442a5cfe0bb9e	d29b4977bbe78ae3bffa3872cec8e2d44d83881ec006a35dd3e7aacbdbb791ff
1f9f4.png	2D/png/128/emoji_u1f9f4.png	65b101c56fa5f9b195859a9924cb81a037bbd80276d90898544568dbb265be26	6ede4fb4b22dd5a9131af6a468a8e4e256e08b4f75cbbc4a02ab326ca16a4504
1f9f5.png	2D/png/128/emoji_u1f9f5.png	9a67413eb745b810970ab48fc9f39feec817a47908b40260f233956b727159ff	0e9e7d8bed7e7d6f89839a86851508eb5dadeefb772a994d09bd6d3988c3415d
1f9f6.png	2D/png/128/emoji_u1f9f6.png	c3eb5bc32f0866b43d84843bfb0779ae4e5ee978f8d034ce4be47b942c11bfca	22a8cb6745707dc3faa0c95e02380330de0aef0e006c9e810cfd67a404c6aba6
1f9f7.png	2D/png/128/emoji_u1f9f7.png	a6d801a10a1724bae91214e69a8ed5717bb8d8563178cb12dcd1e5a6607b3534	4622c9f0d6dc19b12d9882e87dc35221645205f36dd2d7288c07ce32d764953d
1f9f8.png	2D/png/128/emoji_u1f9f8.png	50879830771a6f15fc2f0869c5177f793ffa83f58c5429a98633a434ac7f3fde	d69ae5556f25dd9650b5db616a85006c821e01c54b1cc4ce976fbaea9a117aee
1f9f9.png	2D/png/128/emoji_u1f9f9.png	2ff02d1af3d9ab4a331c0038745d2a446788115be6bf60f4b64f8628c142c6f4	9469047c740beab2d25f9ee9fa216ab2c77df3f7f03ac444920f6a6a4d5ac3a0
1f9fa.png	2D/png/128/emoji_u1f9fa.png	91a0af6a9aa42e3e4c4768195bec49c151b14f28c4b45ff6650d1675793e0119	8e5a83a7b74858df33e8a1fd534300dea32ab4b88842bd78add00da77d3ca37d
1f9fb.png	2D/png/128/emoji_u1f9fb.png	96114a96e2347e20303eb729484d0a98873acf2e2a48123e539e20572783c58e	3bc92e4cd0565a0fa5880aded1aa8aad923a40a1629f01a265855bb4364fd341
1f9fc.png	2D/png/128/emoji_u1f9fc.png	c9bb2d55a6dc876771960e1eaa20313ff549650ec22d21df2c2be60b9fbbac85	a370c7caabff40b3b5b11e10fa830424cccaf7fc6b6fa9c09fe8d35159f27c9c
1f9fd.png	2D/png/128/emoji_u1f9fd.png	233ff942d811573d65ef7d1a223ec6da51e5d8e40d0df1c1b10f22fba5f400f0	244fef1e8642d5179000e4ab297ef801e4cc14db17fda7b70168e5b68ecb4c77
1f9fe.png	2D/png/128/emoji_u1f9fe.png	1c53f453eff603a983eb177b491a0c73e1874414b2566f2d9017f118531d34a1	bb48f03ac90799c9c599bef5bf235215a04c7663f28e1440e5c688d9d03b1ddd
1f9ff.png	2D/png/128/emoji_u1f9ff.png	b1aa074160332a897b418d29e460b49756e4ff9895301d1445f20d736ae509dc	e8ed0098c2294292beee58370a75f1d0ab8f5be41327164750d11623e1defdf4
1fa70.png	2D/png/128/emoji_u1fa70.png	1c3ff1b4d28bb988ac43b2d019ef24a9d2d8ab3ca00fe55c56254b2ca562f73c	50a31d72bd2ca909b2112f182d147e6c265d3b38286b17c5dbbbd784a94dbc00
1fa71.png	2D/png/128/emoji_u1fa71.png	cbdf275e75a6f43c53af4f749ad7d753754802b684c2bb40228055c7ac095ce5	bd7064835fb594edad0abb56ca2b00f1f0605901fd652379fa265d65a06baf2b
1fa72.png	2D/png/128/emoji_u1fa72.png	5f989f37e4f9186ff313fb1873ade539b348d9f04c90b26acd5c7ffecbcbfa8d	31e6f489753f5735a38d3041f8600e8cb3241cf0a53d7faf74dd4d321febe2be
1fa73.png	2D/png/128/emoji_u1fa73.png	641366d8d0f5e36d0a9a1203f3f82adab53219e8d34bda3602415d8f71c31ab3	e8fba6142f3f6cd25d02f7bb18270c61480cb04fa24a9e6e7bf15033747ba651
1fa74.png	2D/png/128/emoji_u1fa74.png	ac9de4d531669e1ea4bca33c11207e2488e435d1b4cfa67699a798549523ffd2	ff8eb37d2664efd249466c6fafe70899cd561ae4653e1606e507f32141a85b8d
1fa75.png	2D/png/128/emoji_u1fa75.png	09a51c96fd1dc9167099782bbb0d5f0be255dd21227d30543131677c67eaaafa	17dc28822775d7c3c6ec2a8fea18a21f34510631c5fc2f50d8b94316e2589b4b
1fa76.png	2D/png/128/emoji_u1fa76.png	f37d7b4c7b91abbc7059af71be053969173171e8e79f494aeef0bc1f76e39a26	a90b0feca9717a0ab0d4c5b303e94c13786767d1718220f23f704c43df2f76e4
1fa77.png	2D/png/128/emoji_u1fa77.png	99be7d358a35e0d343e120093ae8bd581072d77c482b9a6a7e29834193d70e41	ef7fc03319a4b644c6acc98d6b0b38fc0339807cd436c6b9c4a48e18134dbcbf
1fa78.png	2D/png/128/emoji_u1fa78.png	17a6ea8aeefe45ca6dbc0183a9572d17ae24a6214eec5b552598a4719697c920	50e5e92015e81da07855db0ab27efc53be839a251e35144a80f2e005e13a9219
1fa79.png	2D/png/128/emoji_u1fa79.png	925f642f2920598ef165682c3ffe9f4ce664424af631e24b427e77c7a32e0cf7	56bd158efe18f4fa6941bb91148cdd055b30c8e71556c72786205a147e964cdb
1fa7a.png	2D/png/128/emoji_u1fa7a.png	638912375aabe520fc0cf03d49166467df9548a475e4d16da78d4cb5c5e43de7	d1b2ef58bec3fffa06a078efeeff7ec58d9bf9b63d5e47ef422cb06211b0f471
1fa7b.png	2D/png/128/emoji_u1fa7b.png	c1b63aa0f1736ed498b6e47158ae6a0547ec07125c6584d3e672ca1dc2b35a08	fa7ea00c08bac1113703bd020aedfba9f8e7d12d81eea7a87bb11b82acb14893
1fa7c.png	2D/png/128/emoji_u1fa7c.png	b2a8068218cc7d958417561a25dcf2cf199ba94f09532b521ec7738f92b8c676	e77ca63884361f602becf2af7d8e8c4ea2b1b7b874be3b76cf78d601d89915a0
1fa80.png	2D/png/128/emoji_u1fa80.png	5fa73ad4cd24a4c24437153c8448c334db2969aacd3ea2bb39b5afc7ad2976dd	4cddfa57a8169355ab45d596cec88d6885c29e5cd300936beae9c6b3abea6255
1fa81.png	2D/png/128/emoji_u1fa81.png	d4713a7aac6e69147c927707da72ac8a99e5832931a2d5bae1f4bc3689a1c8bb	ce1c0e66bdd143a80039337da30ecbadd94d55a968196bbdc84116bc32746fad
1fa82.png	2D/png/128/emoji_u1fa82.png	4bea4e49748dacd32c178699d8e99f6e37148bd788cc47b56e9067c2f5e51729	4abe85d74d0d4b396b764a78519dcb60e912559026cd1948415909d7b9981554
1fa83.png	2D/png/128/emoji_u1fa83.png	a1cb429f6b917e31d6397fdf3f15d7ee77c9e3e05488a3460f6ce66dfbe9fce2	60896838a876dde6963da4aa17ee123f6058d88a77b3356a1f2c66a6a0ab580e
1fa84.png	2D/png/128/emoji_u1fa84.png	00dd92a33155d10bebaac8bb442a488e5913e8183ff523d586143df72f5fad01	b3511e23e04aa7c733117c7b6a6d1567a510ebaaf54a4a2ef2f854089d8de4e7
1fa85.png	2D/png/128/emoji_u1fa85.png	9ff8174653243a611aea9ba929edc1aae3f08f3300720b1bde739c514edadd4e	e5ed856f77f24b4ccb6ae4628644b126b37b45401c08b0a55e865950b31a93e5
1fa86.png	2D/png/128/emoji_u1fa86.png	d72a023ee512b7bc8917df64ba8d474c9e21c0691707d8f6eb5538f07320fecb	07a1b1510896e3fc014fcf51bf33f251877816cdc936e463c18cc9d56d7a2489
1fa87.png	2D/png/128/emoji_u1fa87.png	ba1545e9b497d1476b12cb8d1d3c480138ca77034e0aa2d905d3a179aee28e68	5b382a2a84479a9b4fe9b1fe767026582bf03267646c364c819eb34e1370dc02
1fa88.png	2D/png/128/emoji_u1fa88.png	0be29c46dbbe4655d482a7e12c8b351a9f466ae480a077833984e2eb6246046d	8bc62be7858dccb662c4928154ac0e0e3152f317dad6054542b25c706376cfd0
1fa89.png	2D/png/128/emoji_u1fa89.png	1e79a7d7849cefaa0b906d62eace24e208f20ae25eb89d12d9df2be69168b75d	29d8c23de3fb1d3c68dc2885b948b8a4a128f03b2f5fe943317964447d04ff6f
1fa8a.png	2D/png/128/emoji_u1fa8a.png	aae5ed8185650395a74d2ebd3337b0709a74e97ec4b3c19be3312b4da4fa32ff	92662ce08bc04cb4c37c5ee128b7e95f90e5943606931b996b65a7ffd612715b
1fa8e.png	2D/png/128/emoji_u1fa8e.png	fb890bcfe91b840e36af4629be20e1cc2ea50c274611b512247b5abc90fb5ebf	812e5acabf9b4c993146a08273f0134ea1ca628d6320a5a566bc094ab1587750
1fa8f.png	2D/png/128/emoji_u1fa8f.png	37933e8804161e5e0e8e4aa537f59a8fa0aaf29f4efac88eb2c150789730c414	848333dc4da86cecdedcfa2d4408166151a2ce8a073a4eba8f4d00735e6d9e0e
1fa90.png	2D/png/128/emoji_u1fa90.png	ab90b54ee6045febcb24e16c72a7c0cbfc7d47c1bc78aee41947ecc129c71299	a3c43e377a20ca78d92b6c304338f314f4d043bfdc2a0757a0550dbaca616fb8
1fa91.png	2D/png/128/emoji_u1fa91.png	452f3762ef65ded077c1101cba65e88ea82fff1df477c185dcc1a8f7512290ab	df2275c8ce30eb6ae0a2de2375f913879729f0aa44b3ed9118ea588d6118690e
1fa92.png	2D/png/128/emoji_u1fa92.png	b55a7145ca7b0ea1483311a53319e9884cc81bfd9ed39a577dd469aae2ccf013	9324bf75547ff838695408cd03942710fc21160ea9e28394d7ce7d8849a64292
1fa93.png	2D/png/128/emoji_u1fa93.png	ad6a7f48a75553916b79ca9638c1e1a9e1b97f63a3ea695d70b00990bcbdf175	68b1cb8a9bce3612897efd1ced1691c595e16160bf149e64b01a4af4a30017eb
1fa94.png	2D/png/128/emoji_u1fa94.png	fb56e9bcc02158620afa7feb3945f516f1a5b7b5abd1c3be15db72ea01054148	4b8eab7b95c6d118e2db4823067786a2362aade2efcb66b4dd9599443e036403
1fa95.png	2D/png/128/emoji_u1fa95.png	fb0364188e4a7e816ac0c08695f080eb04b4ae892212945700c989804611dd30	fad7b12f069ba83c5913441672b300b0ed24ac7e652d35e434726d89772f372e
1fa96.png	2D/png/128/emoji_u1fa96.png	4cbbe1160cb4376f5ae648e3dc8a3b169eba85a79b0b36a6cef406814210b946	66086bd244ea74d782a179b38a2a2672a3260a28fe3a02680c78982bb86507d8
1fa97.png	2D/png/128/emoji_u1fa97.png	3a6a4b93510b112085985be02a6e691b772dd68d882f5f79e86430e62f40db77	8d199a64095331b197d16c162233b7065e90a3cb7668c0546d0b8279aedce64e
1fa98.png	2D/png/128/emoji_u1fa98.png	f135425f9394c57b729a01e141a29a6584b335ce2b075f2997f283350544a5cd	b7357500ff786e5071c50b8434ce5134a6eda907ce31c70b2d0b27c9ca2e9a88
1fa99.png	2D/png/128/emoji_u1fa99.png	4e2050a5c0822ee4129743cddc5a3a1508b8efa5d0e85fd1a1e5f11b9cf109f9	86b922c1d76a55db1e80ec49994e956455d47dcb56b3973f6b20e8817e8fbf69
1fa9a.png	2D/png/128/emoji_u1fa9a.png	241d52c1e9b13ade5d21897e192c810ae54b0041e4c37d019986aa8c0cb7cd76	1ff96f5f9fc3499ff6af914cd21bf00384515222dd10508ca1d64c6aa0cd207b
1fa9b.png	2D/png/128/emoji_u1fa9b.png	5fd0962cf6c1bd22c6b8e100ee289e076aed9f2f58eaa9ef0a7c8edbd4963778	ef78731e2d8f4470b43d96424f738da56e789c43f15180784acbe905af452fe9
1fa9c.png	2D/png/128/emoji_u1fa9c.png	0aa199e91ceaed902ed192eee4f909aab1e351ae7eb960a1acb7d3696b50727b	3decee1b215f0145786afc0922a8541647e1065ce9619b807ce8908f15ab0653
1fa9d.png	2D/png/128/emoji_u1fa9d.png	5e4a738b905b216696920a49c9767ed2cd00b981b7392051948d198802a995ce	36c1d1d7940b623b3252a4d24a953ab2baef60cc50056bc5068bdccc1f67c825
1fa9e.png	2D/png/128/emoji_u1fa9e.png	6a32ee85e8e5e8c48c76e537fa4d68bc90545f736d3a7bb948d1fbeeeaef0080	9587350ee5c1d02950ac4a001d3424309596a1b7331e1ef64daf508a83773189
1fa9f.png	2D/png/128/emoji_u1fa9f.png	f94d490c87a46ebe5794eb1b57f26ce214348a670402f4047dd7c83c5e68053f	6f1be210b3b82b3a07b9f65b2ce2ea37ca6f7d757fd1dc0955a08a49d475e6f5
1faa0.png	2D/png/128/emoji_u1faa0.png	c8c30c8aceed1197eacfda1b0268fb47aaa8111a855edc7a7e045073a8080758	963c980217b07f3ca18bd05f8435d6c64d77d049368002a4f2825174501bea50
1faa1.png	2D/png/128/emoji_u1faa1.png	a0c2ba16ea307cd0fe57f360c8629f840a1561022391ec8717815a70c042458a	b9ef562b131683b5eecb38410047dc0cb2ce5ea2b545c92327b0d27cc6a4bcc3
1faa2.png	2D/png/128/emoji_u1faa2.png	e639e4aa658890c1bfd5369cb430d74fefef8a74a80e8c72f866b492403dc5e1	0a2a66c6b39df9cdb067b722452a110275cbaec2221ef71eeb0adcf6ad09f481
1faa3.png	2D/png/128/emoji_u1faa3.png	2a47bdb31ff4cf8a61ef8dbb23bb4ae500c22366ef0b17fb6d8b82603ed64510	2a13fdb676a1a56b1074ccc8b798555461ed98f29a59dae768b53b755ebbd326
1faa4.png	2D/png/128/emoji_u1faa4.png	2d3420a8798fa181472013498f8149b9492db9b5ecd07c0a2cb77e4ec9634f41	98187e7227295bb7fe1698d396ee608722419c528f59cbde3f7f319ce1c58a43
1faa5.png	2D/png/128/emoji_u1faa5.png	a77a1e4a56cd899349a7249cc78da4f6738203ee72fc3d6c9209522b58bb454d	53581a39efe5ea0c30f2217892b3efa079a4ae6feb7f8c1f00bdb04dc02b34e2
1faa6.png	2D/png/128/emoji_u1faa6.png	f649be613d60cbd5f2f1970dc70de955481f52df354b51e77f91e20ee7edd34c	f1d971c1590f4bd87c87d73baaca78ad65b956ba35566c5480bb537daeec9eef
1faa7.png	2D/png/128/emoji_u1faa7.png	8b1c1038448cf6dc1519ddcd4aaf72c7d65ea607c98e2aaeb926f91cce901d14	31a41c737b66272e425a067ee76d47f39b569764018d110e5e8dd9a8336f5ab3
1faa8.png	2D/png/128/emoji_u1faa8.png	f5ec6893a44850a72f85842a100a8f679becf21e73b150da38f018e0a84d4036	c7527fba75131f94985fdeaefb54443bb688f0c55c7b5f85b5ecc4e6181cd51a
1faa9.png	2D/png/128/emoji_u1faa9.png	902ce9b6c74c24d69e814b05cb1b08fd77a53ed9c6993994ebcf382286f0dafb	3049519514ee543316484cc317741bc03fefba3723c735795297f514c7fa8ecb
1faaa.png	2D/png/128/emoji_u1faaa.png	e28541c03331e06735b551a16d9cf5d97653aa329856ae9ad51c2b7084fa5484	a9df5ffaca14f86a5f1f6a6759672e25b03271a644be174a2a06a8437d6f4cbb
1faab.png	2D/png/128/emoji_u1faab.png	3ea0f254d2731a649dbe872c3ef6d595882d6a8797848cce776e98db601fc44d	5d38075c837857ba51999830da1e7dc6fed545346393c957da002b28053f5221
1faac.png	2D/png/128/emoji_u1faac.png	42571cea0efbbea5b3887d8cab3cea975340766de32684c6e1313c4d7766f650	3cc6cf421a16038180b6342a73a5e905eb0a7d02d5d11cb86273fe18c9de2c78
1faad.png	2D/png/128/emoji_u1faad.png	401ee8352fcc9312e85e28a0d891d8ffbdf43aa7ddbc59ebeee4d780f9e12077	b97de4d58cb2187c12fa7055ac657511c7251e8322222d88c4aa11b19ba96736
1faae.png	2D/png/128/emoji_u1faae.png	b5684bfb60dd0af7f1c4dc167c7cdb80d4ebdd266a93bd5cfe396f66d9ec5cac	dfeef3cc10f940177bea3ce006f27296b31c4e1b2586214c393d164bb4b01144
1faaf.png	2D/png/128/emoji_u1faaf.png	df4f5dfd8487e610c96b5f6bdde3413fe1aae2ca904676cc3c34747943b051b0	71e7cd5ddb4f3c4aef3c76b5521919a78b32ff97d2a02dbc1a827cc11dda094c
1fab0.png	2D/png/128/emoji_u1fab0.png	c0e1ad092b50d48ed33b0533ad3c8f5f364ab7085a2e5ad5341dc8204d959f75	51bba7c7f3705495554c0f2948169f158513533734ef67248a235facf6a90edb
1fab1.png	2D/png/128/emoji_u1fab1.png	36e1aa24e6e916a9dc00d6e9b5984ae4b258a2cd1f70f56be6a4cf62af40cc5b	c82920226a08e321cff04ecad116c34ee106c86abc3943a6b4bdcc1dafb452f4
1fab2.png	2D/png/128/emoji_u1fab2.png	b8c43f94825c9e1f80d60761cf270b02f964b79b3aaa4c17dfeae99a603c4c46	1c5b403bf344826af10e0591a77f00bee84e4e85913b55aa371bbe0eeb7fafe0
1fab3.png	2D/png/128/emoji_u1fab3.png	487e2292507456dd84e641ac173ab6ba1abd96c825cb2c18012f35cb853935fd	51712793732f3bea8a6065f196cb3c10a56fca519aa09a62c96e610a040add41
1fab4.png	2D/png/128/emoji_u1fab4.png	ff040ad0796432971de8a9b277da58a1097f362a5f9a50ba974edf4805d4c25b	9b1de5b05c03a0bb24bf5b4e2cc96732720ae2c4029beda4df33d4b7ec3b0355
1fab5.png	2D/png/128/emoji_u1fab5.png	e0e6bbc040c4c1426c29484b256b6b0721f49e0cc3f1fe327ea40c889953fbc0	5263ec6e8bfdf661fb7789db48bd5c8399b31a0bbe40fc788e90d8e38757453f
1fab6.png	2D/png/128/emoji_u1fab6.png	5e54bf7842f87de38f916e2c257f16beee996d1c083834f8d007f19cca64a863	9fa0762c14c826720df8bc7aa4fcb05bb7f56c65061fbe8158ea257363d53d09
1fab7.png	2D/png/128/emoji_u1fab7.png	3374b3648e2ab5a711367346a8122b67e8952d802d7f5dcd2f953abbef76593d	ccda1a628da49a0d3068a9254e4439c04f8ff495ddb889374e5b01aa96807d77
1fab8.png	2D/png/128/emoji_u1fab8.png	1cd2b8e623862414d485a26c87e9637748e33e2fb34f8f9d964109719d6a38d2	45ce5129b29b220250394689bfc4ad44a301945545dbc9a23486dd1afadb5e40
1fab9.png	2D/png/128/emoji_u1fab9.png	55227e883c5a48a52749f7eb0c9df060670ee37deb38bd85dbdc35285f7da03a	3be00196eaa1c78f47be2bf9e5b7fec65c64da7344317ccb777b7369f580158b
1faba.png	2D/png/128/emoji_u1faba.png	c6e0f0bc71fc10e9f2d581322fe2c5774aca3250547aa2737da6ee22fb1feabe	4009c6ff182ecad1de347a239c29b8191be1786d023398b16a255e0fee5fad4c
1fabb.png	2D/png/128/emoji_u1fabb.png	56487b594a781980d769ccc535dd58ba4e7c3bb1b46e119dda0f1bb92f8cb377	ca1f0be22815980331b16e99b38b82cd2d10a77f390bf7793a978e23472da9c7
1fabc.png	2D/png/128/emoji_u1fabc.png	ec372d83ab93a841aace889664c2056c261151215584462a2394203051763a11	6f2adf3bc16d2de0842f08760ec80ee80c6bd0e3633ea5788c67a3269d2fb8be
1fabd.png	2D/png/128/emoji_u1fabd.png	4f083e7d87d620105623362dfcdeeac7fc4fbdb7a3ba8dd08d711256e03b9664	0c5072d088b8dcf3653a6c529ff156e66de0e92ad7e76e9c35d40ef48716abc9
1fabe.png	2D/png/128/emoji_u1fabe.png	d5dad66ca936475cbecf48ddf1a6a625e7d0e4256279abee0bc22119d46f393b	400bcc081c31ea56a86fe0632ea0750234231c703df94074c47496b7ad74742a
1fabf.png	2D/png/128/emoji_u1fabf.png	10ef6252063d64656da7446a5377eb5fc30167d5c35ebcd256d58ce99880867d	6259eb8c05e29b144d8948b7af102a43d2cf8399dac6a003b77e6faedda203e5
1fac0.png	2D/png/128/emoji_u1fac0.png	d085a08da7477258c7c9d97b336c1cd9890b2759da3212455d641cb88bb49673	a8c79db457a0b57eca1920d3de0b004860cdf1d9cd653bfd7994faa71c090017
1fac1.png	2D/png/128/emoji_u1fac1.png	61dc72e8d34d51870196ae3a2fd0644a44e283781fe2ef9d9456a0d8eeec8e32	44981d79e281349bfd30a40f534fbd6f2663846f90539bed6f7cd4dd9e581dd3
1fac2.png	2D/png/128/emoji_u1fac2.png	6a5ed292685b15af8db62eed09905cfeec98fd0f91b15c2e5864bfafca44eb8e	33d52569266601e473212d513848158fae3f8db64659ebf12e93c99fea367a70
1fac3.png	2D/png/128/emoji_u1fac3.png	77423b03b5650e5654256817c0c64f269fbe7043f5afb9050fc851cbbb2f8770	79e3ff90bed4b528f696eb63220e9333bafbe6302c16885c3c19a3a79037da92
1fac3-1f3fb.png	2D/png/128/emoji_u1fac3_1f3fb.png	08f9b59852b66bb5ad06adc05261035fa4a7ad920b73f32c65352ba61532c2ef	5fe1d05f5a534fefd0c4fa72d4c370d7ff08b93329dff1cad459b52a38f7e7b1
1fac3-1f3fc.png	2D/png/128/emoji_u1fac3_1f3fc.png	dbf499d80c47b647b6574d39647494030a2d546b16cc5bb13054a6d3590a1779	81a5d0bae6b051efd7def1dd2b28ceb9ef8d759b4a3b1c9391808617d7b59313
1fac3-1f3fd.png	2D/png/128/emoji_u1fac3_1f3fd.png	ef7e2371591561cf11751e8db1adaccdb387b93493d7a17d5d77ea9c15fb8171	4fdf93de7d53e7543c8ce238ef53a863ed8714d30e13ee30f4ac000428275268
1fac3-1f3fe.png	2D/png/128/emoji_u1fac3_1f3fe.png	fc29e9910edfb96e6d6df0b2c35f07a494d7f899c94105f4fff3088336748dcb	c327e388a2cc6b9473a025d3cee44b6fac5268660f05449ce445fdc22b2e2443
1fac3-1f3ff.png	2D/png/128/emoji_u1fac3_1f3ff.png	64b4f7cafa457dab729a0bd80c639399008a6085c4cd6ac363d4c8433aac94e3	7fb194ac17d97c5d973307349a010d68ce63c7237d45d5b9cd948522e8305e81
1fac4.png	2D/png/128/emoji_u1fac4.png	09dc0ff3d4821d863c19c38bb5d9a0b98122cd7a2df39ec9373175f4221bce35	9db9e71bee0748e135b5d201cf9f7979afe6eb81cc6e022e770bfa3e08e7bc73
1fac4-1f3fb.png	2D/png/128/emoji_u1fac4_1f3fb.png	06350616af6c46c25dd8f7a5c71d53338b3ff07bf6ee707701841a6da4834b38	26eddaee9c7eeeda59ec09da361be439377f4bed50744f1f55e2d9a03b2fd17b
1fac4-1f3fc.png	2D/png/128/emoji_u1fac4_1f3fc.png	6e6f354cde48e3e3295fee5a439ffc0d6b57c2f6b7c02dd63a4647bb2a48e1d9	55953f6c3abb0ea31274c329e386a850ba82dd8166971ebb230508337c24292e
1fac4-1f3fd.png	2D/png/128/emoji_u1fac4_1f3fd.png	a69a2bdadf8aac9eee61dfb22774f6a843bb47922118be127564a02a6fd6e56a	e731bb0a5327f571173431f48eb11194d170fbb56c8fcc616f79b65799d84309
1fac4-1f3fe.png	2D/png/128/emoji_u1fac4_1f3fe.png	2c4c8518eccc4e23e446084159b0928b9bbdd77b5b11d6ba4cea262aa70865ac	4bd85f3cd8e6a39eb7e67f0d0b1ce03c0f47633ac0a4f794e690a626fa80ea9d
1fac4-1f3ff.png	2D/png/128/emoji_u1fac4_1f3ff.png	c39ec760d6be7b5e98cb9db57a6d021b86a1f173dece893f1559e2addec580d5	28030c083631aa7664d356aeca664d3e57f6155be7b4fe2bb2c6e29f5b1150a6
1fac5.png	2D/png/128/emoji_u1fac5.png	3cce6173272b95b48fcdad7cfe709835faf1f8429d1bd2b7a47f86b2c25b491a	a98b087f7e07ef2ecdef33256159e3fa237e1aeecee87e0fae69d48b9d0ff3f0
1fac5-1f3fb.png	2D/png/128/emoji_u1fac5_1f3fb.png	ed53efc56fbfd420d92d21c48feb545a7133c9034f36333c63c8f4f31f1edaa4	2f1f2b256d6f859abddfe00b7a4c35349e257399cbea8aad2e7c2aa3fd1fa3e8
1fac5-1f3fc.png	2D/png/128/emoji_u1fac5_1f3fc.png	aaf0f417c818d3e86738bd36ddac10e56140384d4289064ccb6f711e768c6078	7628ae842a40b7ffef334cef62ebbb7036764953ee834f8ae744d3539c81c4d3
1fac5-1f3fd.png	2D/png/128/emoji_u1fac5_1f3fd.png	582587d03e5305a07ab1afe14fb38ed3820916489cf07eaff60674ab49d7df17	bbf5d2e02393dae986f693db9f30c08972fb1201c1c6c0c0e1bb829af5bef2ac
1fac5-1f3fe.png	2D/png/128/emoji_u1fac5_1f3fe.png	795c0365574831d273163fdccf697ba5865cccf434ff24326ca7c1f82366f41c	7f3466d812f43b9c160d6a50e96f9787bd4a22836e544cc1e8dc92109c75ff76
1fac5-1f3ff.png	2D/png/128/emoji_u1fac5_1f3ff.png	d52a04fc328ee348ef4dc7fad0aa1093afdb9ff2200ac4fdf6ba8ba789546bc6	e1b7a86bffa7e60ac2703269d86e3beb7169f0ed32fea05e732e0402265fe2c7
1fac6.png	2D/png/128/emoji_u1fac6.png	0436e8a8e64ffcb5c2c25fb8253bf8c8fe3e612b49bff1afd577a8de44365e5b	a2e894a35270b9173f73b15f54487e95be1021c5221c935b5cea67296fa0b067
1fac8.png	2D/png/128/emoji_u1fac8.png	03560d1333162503f15a57420375243401c1dd21c7522eab5218918157f4fca8	aab61568e1a6a9f5ff0534d189b60a951c66e18c68263883d09cc24b3c081e97
1facd.png	2D/png/128/emoji_u1facd.png	7d97b938f0b6e577fa659fbcb150324dfba859e7fed1a12efba2b9e246939d34	0c586912619ebbb2e927950dca442b2c8d8071f7c524ec68dfebf91ddafa4999
1face.png	2D/png/128/emoji_u1face.png	033b5610f0225b50ce251e9bd64cf29c8ab72f2b8761d459f2195aef3cdbe852	4233b8ad418e02abb0555ecb362b553577bcd490512aeac7c9198916bd4b852e
1facf.png	2D/png/128/emoji_u1facf.png	bbf34dd39c73aed1fe7373ad21dfd0fd67331e83f7922a4a444965a6cd2cffc3	b1a8719f2719f7d293faf48232767f88fdcb0c50af4a13a2776345a1a9318663
1fad0.png	2D/png/128/emoji_u1fad0.png	50fbfaba2a73636e01c76f09293921b06e5a8ef2c4af64c024d0fdc2f4fa013f	578e5d5fb25762d370b901405f282dfb1c31e2f3c3c38fbbc986dfc1552b799b
1fad1.png	2D/png/128/emoji_u1fad1.png	dbf26ae9b24cb6dd07372a5d9eee8627c3eeb2da9a7d9b596a36819f335d5233	09cb0dd9ea1db4a91b21ddb418f1426a18bd1291bb8d2fdfc31a3092519beb1e
1fad2.png	2D/png/128/emoji_u1fad2.png	2ed8e43db6ddddbe631b147add005c233c1a41af56076a720b03825e4d42ddf5	2c43ebb855e4daa9b77442812a7ea168172d1239166f56a3c04ee989edc34f4a
1fad3.png	2D/png/128/emoji_u1fad3.png	35a83cbeb8589a28aa69033480c04021ec6179b40ffa1243152e74cc820a0cf4	459ddccd8d9ef49434b32004cf65dbab3dc7632c97be8ad98c4c167aaf8f90dd
1fad4.png	2D/png/128/emoji_u1fad4.png	7e8f53ef08f1129091c693a1a8dccc157e47cc64d1d46c36c17a320040867265	fb2e561ca1d19eab2c7262402e0390527f9ec7ab2528a3bf341663f7ba07c7e7
1fad5.png	2D/png/128/emoji_u1fad5.png	59e888bf35d06eda76b0ff2c0eb2916fa541ca4cd6344ca50a5e81793bbbd4bc	4d491fbc59ed846ae54694f19a62fcd15b569c43d2707eaa7e50d878e1903ca3
1fad6.png	2D/png/128/emoji_u1fad6.png	1433042b59f7dc9653926465e5d4ac0ed5ebae14d758a46d33965a065fbd97ff	16b83c8a213b51b6b026f428ba3687d90ae42244f3930ba2071de9d9a5249f54
1fad7.png	2D/png/128/emoji_u1fad7.png	3db08b4a52b14dd7bc7f59c7af25ba5dcba5cb5a739df9dbaf1daa3b160692f2	35583d06f67b9ea134242bef2a3dbe1d0ff0190a879980404aed1e5f1a0fc6d7
1fad8.png	2D/png/128/emoji_u1fad8.png	e37d8c68eb71eb2eb9845e1bc57d92ebd566f01fba48c33117c9fc55a4b3d8d9	8595f6806aadae2d0e26b4eaeadb0057d7b3b6c75bbd2ecc60f627d468930497
1fad9.png	2D/png/128/emoji_u1fad9.png	98659e163bbdde34f658f62ce14a0b1b65d14732bd9e90910d696b235b30cc8a	d1aebec127ddfa1db72349ff2bf394ff7ec6f55c2ef23cebfd5e038f582c501c
1fada.png	2D/png/128/emoji_u1fada.png	94aea7bff93970b552df37189dc092562ba420be1c3dc231da7561b5462065d9	ac79d2e52887f57b51a9309839158704689702f6e0bd1d13769867a962e3a6bf
1fadb.png	2D/png/128/emoji_u1fadb.png	c01373e3e15127df6f974ebb4cc847d9fed494d58937cfe3e5227286d078c673	d7dc42a8c6841cd1f63849a996744dfca599ff0baa0e4a2e52e0f898c3d42485
1fadc.png	2D/png/128/emoji_u1fadc.png	74a988a57a91c0aefd2f1337489bcd5d83ca384ac20a92eef999053f56b780b5	397d6581a8c8b2464ea56a1cd96ffba8349c1ba659ee30e19a6c915004fcd391
1fadf.png	2D/png/128/emoji_u1fadf.png	16402f04c51631215109d5af9dc547129cb80cb95d1816d5d12ef9575b255f8e	4620a8f77ab1fc89f5422b0d88d92a947abfec53caa98cf6df032d2308ada4a8
1fae0.png	2D/png/128/emoji_u1fae0.png	9dccc67ab016e2f69a2e4c2ac4ebb968c57eeed096d74341a19baf54240ae366	4fd5429aea5932d45f61a2528aa11f3d5ce1e2b6810a4acc64c5a7dd750c6571
1fae1.png	2D/png/128/emoji_u1fae1.png	8643922f714df1ba36083f66f2fee19ca2dcc3efb0f47dc536b3983cad567f19	3f62b3dffaa6ebfcb6b98497ecb463f20a923613b11932890fc370e51b022003
1fae2.png	2D/png/128/emoji_u1fae2.png	02ea5ad034e5a43e482d4c34825dddf2ec208a32131540d036d4db3a74beddae	c7d9a361ebe7472b509867635052e92e8cda98ff6ebe4ea6088ca61cf11553b4
1fae3.png	2D/png/128/emoji_u1fae3.png	07a9fb7f042cbaf27a158f9fd8a26d5a12cef99763c9b3b6c9e5ecc5540d29d3	e13c2d79c402ac2536362171160ce9a19be20a5a3672718ef97118ac239a75cd
1fae4.png	2D/png/128/emoji_u1fae4.png	a23270932d5b3340606873e9946329b847ca2e1d1c02c42e937ebd5f885f5c93	6b86b0b978845a91d0ed73344bb6ea70c15e90a85b9d8301dbcc7e2e11fa8cf7
1fae5.png	2D/png/128/emoji_u1fae5.png	30aa4a6ddc1ada97d019896934dcc4b68a6ebe073ce6af7de101a053d6f65533	4e48859a358b909289916f0bb9b790466325c1f62027bd8ac45e0f74d02c443e
1fae6.png	2D/png/128/emoji_u1fae6.png	151bc305a707cb5d21a46ecfb5cce238a9f197eda97dd0131c1277c3fe775719	3b6840256cfaf1c8709b0d8a619f7a6688ead86f1fa3fde0978b5bd40f1f2346
1fae7.png	2D/png/128/emoji_u1fae7.png	9f5803e3afeb446d1ca806d7dfc416881c7c632338a03bd1529117c723eb96a4	5311dbb878709b4ab70d4d65524fbb1dfec344875153bbb94c8ceb425a4e8a41
1fae8.png	2D/png/128/emoji_u1fae8.png	213e06743d8037ea9445192f014c850495c25873c39d1d4c3fbc10fe9a03ccb9	cf046f9680ac02a65f5fca77ff81a76006e8f65e436ec837c0d43e06310ae72a
1fae9.png	2D/png/128/emoji_u1fae9.png	ddda796e9c4af0c4054db3084b4c0da2c92d9ee6ae18f8966d50b2b72a5f2260	2cca287f71d74457d260c47ac85b527db1b860e8bd29bebcbd627a424f899ffe
1faea.png	2D/png/128/emoji_u1faea.png	c308313635b97d543a6c186d5599f444998ddea8421f91a2ab67c7570adc568b	92d90d599d62dfb3dfb6fdda1dce4a561005ceff82ddb958f36db197c4736e0a
1faef.png	2D/png/128/emoji_u1faef.png	6b58c9566b1723b142b7da929768c7a8287bcee71e0b4ba68381b59720e6c882	20b06b34e6cbcaa54cfc690c9ed5188dd73f6d12950d2615cf3a2b5f8333f5f4
1faf0.png	2D/png/128/emoji_u1faf0.png	6ed6dd7b07f7448c1da72a10a27640a5339b972c93803943c4772ae05fe568a6	9844dd9c3d89cae4faae9094559a586c60c5c3e723f7d3f80c6005b757d85f4a
1faf0-1f3fb.png	2D/png/128/emoji_u1faf0_1f3fb.png	5c49d063ae6634326fb0dde0898e103592ab026ee2719590ef8f45451ac1066d	3b11b997a12e615451c52cf72d49532f67dc2d9b18d11f9aad91f9985c81c8fa
1faf0-1f3fc.png	2D/png/128/emoji_u1faf0_1f3fc.png	c4c128f55f3f511e955ed1c1d313b81cb1f1ac273b07eedfd871f1fa53bbaca6	3c0b27647736f4a7e26749a5b6054a9c88a1621a9015a8006a47281573849274
1faf0-1f3fd.png	2D/png/128/emoji_u1faf0_1f3fd.png	bc925d16880047f7e49e302d281f8b7ca6f097e14ef1a88e45c27095abb802bb	09b55cdf0948dba47bc1af0ed3725a847bfa27f0cdd308726052886271f856b4
1faf0-1f3fe.png	2D/png/128/emoji_u1faf0_1f3fe.png	e2ca4406729d641da37a507243a253f8d8d85fb969149007bcc7c2881e8a1328	50d3a74fba979742aea0dccc108e00cca043a0f4a52036d637fa0a753561f6da
1faf0-1f3ff.png	2D/png/128/emoji_u1faf0_1f3ff.png	f9ca21e9540471a5f4e54e7be7c98e50bccc90a54dbb4a0ae5859151f1a052bb	dfec8ec3cddc4d19e7bc16f914609038ba81f76271a1313ba1a2e59805d21639
1faf1.png	2D/png/128/emoji_u1faf1.png	d9c43d4872c0f36c69a609549552a923cc3312a23bf618f3d4d44551cd888088	3ebf75b62ee57526fe12da08b76e5b5a290af5d9135595a4998baf99bd432244
1faf1-1f3fb.png	2D/png/128/emoji_u1faf1_1f3fb.png	6ef08ffe1895eb272088663b1499f36ba8656f9c4f8d68c4fcfbebc9b8b1bba0	7d4b23ffcaadaa46de896b2afd60d6d5c9d3e095b3405c6f2947fc75710c73ae
1faf1-1f3fb-200d-1faf2-1f3fc.png	2D/png/128/emoji_u1faf1_1f3fb_200d_1faf2_1f3fc.png	3f5ba3946e999ae73e709682f1c7410ecbfc66d83b2b3c3b1485b07e684a903a	8595064c0d29bceb9f1c712006578a87f14aeab3d12b76559e48df19742a0a84
1faf1-1f3fb-200d-1faf2-1f3fd.png	2D/png/128/emoji_u1faf1_1f3fb_200d_1faf2_1f3fd.png	08d3b44c8bd66aa48126f1d1132ad6a9439bbf04c1f202c0f013e2a7142e2d5b	521335a3aa003404e4fd31fcfec82c828f4af45536cfd5739b33d0d30aea65c7
1faf1-1f3fb-200d-1faf2-1f3fe.png	2D/png/128/emoji_u1faf1_1f3fb_200d_1faf2_1f3fe.png	c7f0eb46d2e5adfa56f031790d6813bb7b3c625bb52eb22e87f501bc5d9077a4	beb25a700287482c9a3a11f1f402ffed7649fa01a3b526584c756a5c12922b75
1faf1-1f3fb-200d-1faf2-1f3ff.png	2D/png/128/emoji_u1faf1_1f3fb_200d_1faf2_1f3ff.png	70c8235ebd3756c31d527437575111b14589a6dfe71c18c06647c3d29b0d68c8	44c7e26676a45a9b3504998512ca428bdd53faf8b7fa1b75edf1dc20e4dcc56e
1faf1-1f3fc.png	2D/png/128/emoji_u1faf1_1f3fc.png	b8fa1ae5c42ceae4bc1b9616699dd5b6defd16adc26c6845f9edf67c69a830bd	a6f19781822ce9dec16ebcd0a203aa47e6ca0e297699cbfe81fff90d6b55ecac
1faf1-1f3fc-200d-1faf2-1f3fb.png	2D/png/128/emoji_u1faf1_1f3fc_200d_1faf2_1f3fb.png	101ccd3adb5da7e547ce20a5161fb097fe05a6b9c2657abdadd8e25310fb27e5	38c9536676062af52c9ccb1edf94a094480240cdda50d75292b16bf34f8927df
1faf1-1f3fc-200d-1faf2-1f3fd.png	2D/png/128/emoji_u1faf1_1f3fc_200d_1faf2_1f3fd.png	6aac7b5797a2942034d84936fcb59a2136282959cf515e7687f97cf64724c4f5	a9ba0debbf6623251dd3764be38545d6b00ef3ef2270a9621ab5e67a29bfd5fa
1faf1-1f3fc-200d-1faf2-1f3fe.png	2D/png/128/emoji_u1faf1_1f3fc_200d_1faf2_1f3fe.png	27588760458ef424b5f3b05b6d74c04f0e463a0bd7e1c0ee33118697b34d0d91	9d4dbbcaafacd6a9cedbdcd807ab9fda77d05c412dcb55b0cec19555b2f58b11
1faf1-1f3fc-200d-1faf2-1f3ff.png	2D/png/128/emoji_u1faf1_1f3fc_200d_1faf2_1f3ff.png	530ec0d0c7a8b55003ec3c47e51d02b3b61276cba7a45b2feb897fcf22e7062c	be97e2fcbc0bb1a03904e1e12294e0aa7a11151890364c2cbe7282876c2f4115
1faf1-1f3fd.png	2D/png/128/emoji_u1faf1_1f3fd.png	8552bd0aadf940a2828a8442b54487e5f8b829237ff40ea5d1e8ff02bb8c8046	ff66b5aa90ba63350d082a5991376bd584a512c8fe3203321e61528830657b83
1faf1-1f3fd-200d-1faf2-1f3fb.png	2D/png/128/emoji_u1faf1_1f3fd_200d_1faf2_1f3fb.png	8ee3d95c16fb98ad49c6a106550189132b609d92b82f2379e54a3835182d509a	359fce41fa924859a4426b04d0215e9fafb8cab4aff61d2df814fe27c42aa888
1faf1-1f3fd-200d-1faf2-1f3fc.png	2D/png/128/emoji_u1faf1_1f3fd_200d_1faf2_1f3fc.png	97e6cc15777999f8a66a59ceb3757c7ee5ce943154875cd451af73e67f6aaa79	944ce26c243e6c0ca38c9943b16606c32cedc98c0794531f6b1445fd42f56848
1faf1-1f3fd-200d-1faf2-1f3fe.png	2D/png/128/emoji_u1faf1_1f3fd_200d_1faf2_1f3fe.png	76f40199e1a5fa099a8c8c25fa853b33c640dee916bc87083903a2e40f7ae985	9999b16241a4cc8f4ec429285d99663a3697c906817d4bcb8b5e49e70a0e859a
1faf1-1f3fd-200d-1faf2-1f3ff.png	2D/png/128/emoji_u1faf1_1f3fd_200d_1faf2_1f3ff.png	e8bb43c9184488737c6aeae71be10191923b03edab9c8b4c5a38db2df10a5aec	c14cb88f916ebdbf99841cf551167987e0199819ba34d900671a4bddeaac56db
1faf1-1f3fe.png	2D/png/128/emoji_u1faf1_1f3fe.png	77c998b8a25a57c9ad1c048bb9924f0384fb7788e163568a442e58c37545fadb	2ab1e8e5ea2cbd6a33db4d04c57b0fd5b4c623d1ffc49c40f5538e78a5f7f7e6
1faf1-1f3fe-200d-1faf2-1f3fb.png	2D/png/128/emoji_u1faf1_1f3fe_200d_1faf2_1f3fb.png	56d43a3ab73ca629d67bd43e28ee16c66dad969c99a200823fbd3799df3d73b3	2be6ae7ae39ead45effa6d310a71f3cfb81b0dcd603ae6d20b38975dee9efd4a
1faf1-1f3fe-200d-1faf2-1f3fc.png	2D/png/128/emoji_u1faf1_1f3fe_200d_1faf2_1f3fc.png	049acfc28ff209d178fe3770373193cbd85c54129dac710afdb705660680e2c2	69a45e37a2cd25b44f82966ebc8c232bf860415e40a8c3547db8fd5079747f05
1faf1-1f3fe-200d-1faf2-1f3fd.png	2D/png/128/emoji_u1faf1_1f3fe_200d_1faf2_1f3fd.png	f0c28be1d76860bed4ca18b872e6e5c5538c058185f836c7c200c08bca09d94f	9f7e544b7911e2360611eef06216b2614225a338b8ce9f73047514d20682f0ea
1faf1-1f3fe-200d-1faf2-1f3ff.png	2D/png/128/emoji_u1faf1_1f3fe_200d_1faf2_1f3ff.png	f4d6bf4c0c0a0bd96f7318d0b9981737b6691f1afb20957031269595c1a39916	999a4a8f4452754ba080a65135196d495039a1f5e455baa8ae431d634fc2cb01
1faf1-1f3ff.png	2D/png/128/emoji_u1faf1_1f3ff.png	f3a3ee1142755eeffb592561ec3f39b300af67a5e8ee81055234da3f2ea2ba9c	4262d0702a66988640194bdeb218822ed4d3bc4648ea1845f5cba67d8b96fb98
1faf1-1f3ff-200d-1faf2-1f3fb.png	2D/png/128/emoji_u1faf1_1f3ff_200d_1faf2_1f3fb.png	0ef19d136e5e58acb2f435e4f9abe1cf65f9d8780150f4b3f8df53c80f3fa6dd	8a5b501c8a249a85b093b370aa12868eb9c0bf1d4e872e9e3a764df79518c047
1faf1-1f3ff-200d-1faf2-1f3fc.png	2D/png/128/emoji_u1faf1_1f3ff_200d_1faf2_1f3fc.png	3bc5b35f6b44ece1b49bf41a5230810acc503766be6dff4962395d9bf0d93371	1f92b7a3c2566eb725ee30d20eb6d327e55b71674a53f1b638e12ce3153cdaa4
1faf1-1f3ff-200d-1faf2-1f3fd.png	2D/png/128/emoji_u1faf1_1f3ff_200d_1faf2_1f3fd.png	2457913354ed7f88f51c02d281e000ad48a60572bbfce342a832d1ac4747882b	bbe9d7f304a3e863883fb52f0db881fd321bbd141e5186ea3bb6094d3e05f700
1faf1-1f3ff-200d-1faf2-1f3fe.png	2D/png/128/emoji_u1faf1_1f3ff_200d_1faf2_1f3fe.png	2ad3435076f402bcfbb9c8782b8b649f10dc977d513b266cef050e496cbf460c	f6f4dfa7cd0d21ef337c9755ef95e4878efb0d7e24fb772b1f53ab57040ce8de
1faf2.png	2D/png/128/emoji_u1faf2.png	6fe84c6b674a848c4a43c297917a4814c90eb8c99476b6a516cb7538180cdcf4	b3e8791efd40933fbaf591778ffd7d05bc7c9a6dd8682acd3e45c464edbd87ee
1faf2-1f3fb.png	2D/png/128/emoji_u1faf2_1f3fb.png	f43ccec4ac27ebd0fe538745ab3ded1fcf15fb279b5433c60a8f9830baae75b0	e18c17d039c57e6cf4a2a72b6aa88d581bd6cc6dff5bab24310da28fcef39bc4
1faf2-1f3fc.png	2D/png/128/emoji_u1faf2_1f3fc.png	d6dd47da90341da772cf11ce09cdf63fc42ce56cfb029bfbb39904903a3a6517	2735789ae4008b53dda0e32087eb872e1b9702d1dcf0303ed1c74833faa49e36
1faf2-1f3fd.png	2D/png/128/emoji_u1faf2_1f3fd.png	7b666438320a23669485e05b8a1674e827612bb7ba2bef9a2d5ceab48dc56631	d4d42959bedbbaeec58ae56447896a064fff97df0000b3b712e0c9b9d2cdef7d
1faf2-1f3fe.png	2D/png/128/emoji_u1faf2_1f3fe.png	49b432d33224afd4fb9f8df9b2b131e4379fd9dc410b6fbcc5cd711ba2aa0aff	9d79215a81ef3162b08cddadc621bb6f04c90697c0d7400350912f0e87409371
1faf2-1f3ff.png	2D/png/128/emoji_u1faf2_1f3ff.png	2a7f1d660496c4e7e7d6bc5063bf2e50d181632aeb7a0455d099456cf78ecb3f	94046affe13564db92a98d3b7c8cb0a4bf1b6a9b59c4066ea0d13b2c4aee8628
1faf3.png	2D/png/128/emoji_u1faf3.png	4e4af6ee1f1a10325032f81c6c414876656e8e8d67e85d4b92ba821dbae440be	8fcca04c2b9fa852680c890a4a2f25595bc8245f579115297ccd9d7fca0cc23d
1faf3-1f3fb.png	2D/png/128/emoji_u1faf3_1f3fb.png	f05895aba43b019af77b8d5ede080d693952c9c84e4af87b92fa4316c8e0456c	c2f7abafb247083f0d434d679adb4247bce20cd00c541de3413f62bc7d45af26
1faf3-1f3fc.png	2D/png/128/emoji_u1faf3_1f3fc.png	63ad3c5d17cd5a07341e1dd2f3916199e2d17f5599ff8e6c85d98a86357dbb6f	075196dbbd4105c67490cd87cc3941ebc57889ba146d84a8ede5be26b1225e3c
1faf3-1f3fd.png	2D/png/128/emoji_u1faf3_1f3fd.png	320bfd195a031286ebda7f417632e0a6a0125395f89533ab5f329c84b76ed85e	75d1afb48af740b01af44e62a22d02a5cd61ce95ac51a08c8991e293314e68f6
1faf3-1f3fe.png	2D/png/128/emoji_u1faf3_1f3fe.png	9ab0da4d54b45f235d546bfdce1c9e26ec6ea9c5a2adcf1e5720819a82943e33	42818623fac4c5183098f253366e7a4a6d6754918aa93434e451d101bcec8fa4
1faf3-1f3ff.png	2D/png/128/emoji_u1faf3_1f3ff.png	a3f9c1b63e97aaf3e96515926ecb975666a91a0ab433ac0a21e2cb04f345549e	ecaed5d90c4d221b0a66be20b41593849cc1716f32fc203088c772d7e46c8093
1faf4.png	2D/png/128/emoji_u1faf4.png	29aed0bd4ef14687ee9e63b7d26e0e7c44100c3e70c31cd344897673329e2789	328a0add69e83a8d6eb3590488727ca7921a10f800173cdd414bcbd638ab3d10
1faf4-1f3fb.png	2D/png/128/emoji_u1faf4_1f3fb.png	c0d7d2ded21531af5f68b9f0d5ceab9421d0adc7314f57f6d9dc8b4feda1c671	024ae3e854c48006076aa8f540f3098abae1130258f5e2ef3a215d0209ead78f
1faf4-1f3fc.png	2D/png/128/emoji_u1faf4_1f3fc.png	0b225c1c154fbb7a455c117d93db47fa4de4add2f61584fca77d3d10838aac24	5dae9175f3964fc4902a2171bda9256eb7cb02f729bc4de0c416b125e7df927d
1faf4-1f3fd.png	2D/png/128/emoji_u1faf4_1f3fd.png	eedfd55429e069857aada2e1be994a62d5c9f6a6c18c00c984d642e6a38ceb99	235d6fac77d040ef6c3172f75906e96f5be770d85b312bef0aa010ceadcbf589
1faf4-1f3fe.png	2D/png/128/emoji_u1faf4_1f3fe.png	8a7a831bf5cebccc761dff15c9f097d01eb5bd3cc3791f3f46129e69f23864d7	e653dd87e4e40fa5aba398096793a53f5e92af6e991013b155ca0cad717581c1
1faf4-1f3ff.png	2D/png/128/emoji_u1faf4_1f3ff.png	f8f7ddc56d8ebe0d4ff60b421ee673dff1ea69acafec7849d08d5077f2bd7330	1162f0d7f8df839da4ed3d4f30ac38484c02b6b229c002f5838016564860b9c4
1faf5.png	2D/png/128/emoji_u1faf5.png	062a7f57792115a8be00575cb14ef57775b28a533d05e107808d236f45070d99	bafef9bfca6a84839fe76205e8364f176eac62eeb368cb5283f92da03f40a735
1faf5-1f3fb.png	2D/png/128/emoji_u1faf5_1f3fb.png	48331239f9171a3efe4b1d5fc9dfa399a91a2b80eb2427dd8cf43eb45e3e599b	08efcdab48e22139efb666b70d3fe493704f1a5dc1ba0ce6232bccfdc30db1a2
1faf5-1f3fc.png	2D/png/128/emoji_u1faf5_1f3fc.png	060d9b193f2a5d314709cf20f379849d9ba95e6a2df6502a59d9b38c06e11bd0	d3d401ea610fe79fee7136b9ab31e15bd40645d3e8c001adfa3eb9e89a828622
1faf5-1f3fd.png	2D/png/128/emoji_u1faf5_1f3fd.png	895efc8defef587d7266d5c6f20556bcd76e6e9a9273ea7955c887e6e99325ee	f5f4080684ef83451958e1b39f6a3b460a1ad48bbabce90e100561a9146ccd7d
1faf5-1f3fe.png	2D/png/128/emoji_u1faf5_1f3fe.png	93d1e89aa1d2834fd478b70a5aa52d072c91b542adf502e493a5f2216b2c3f28	553aae84c9725cd3f0ec0c8a89212cb6046113be3583d3b00aa9f5527fd9f52f
1faf5-1f3ff.png	2D/png/128/emoji_u1faf5_1f3ff.png	55e8c50b0360695cb5b1861ce4d09a6da9a9845d9542cf90ad425d5019179b27	aa5e58e566c9152c356b3f43f0c74ad318497df7bb8d452e07e030c81bb7db2e
1faf6.png	2D/png/128/emoji_u1faf6.png	0b3fb52f9389db8881f3d3bd0e5b46643fb84ca247ae4cc6456c7cc5d4022939	b631a349ae58084c398f7ec2761e1f7326aa2e9189f2a49e7661063b264ffc5e
1faf6-1f3fb.png	2D/png/128/emoji_u1faf6_1f3fb.png	8e70e9ba2c629f57e66122b141dfc3a80965d95cb0978eb5314c73b237835ccc	d132a52d0f62163c385bd67f2fe829974678f1b2b843c5334d613b30ed82accd
1faf6-1f3fc.png	2D/png/128/emoji_u1faf6_1f3fc.png	9efc367c4118f661c0c3a4d1fb4de55278c3c8a38f75b64b2a66cde375cb7adc	2deaed67e50010db964904f005002a720bad2adf26790ce7a52f83682d1c1b09
1faf6-1f3fd.png	2D/png/128/emoji_u1faf6_1f3fd.png	321c3ca98e270a129f9824f0040bd112d9f00f7a36272c83f0b45d7b6e4523f6	af93e334bb2aa5f60488f826070e7837288053ea11fe07d25493d9c75bd9b6cf
1faf6-1f3fe.png	2D/png/128/emoji_u1faf6_1f3fe.png	3bd736a920ca296e0c1517d28b0f04f45a66ce1e3acbe2b570381fbe63af0e32	0572e7d1fec569f829d49292e8190cf1a2d316996479046c606defbc3ee42741
1faf6-1f3ff.png	2D/png/128/emoji_u1faf6_1f3ff.png	095c9056ab849a16d0d3af538c728272c4a0fb6fbbf0b5b5e022aa08d87327fd	43567b1b11a8548d681a0f4666f381a62535c335a63ab955b7bece1b6a681680
1faf7.png	2D/png/128/emoji_u1faf7.png	e44564972b18b118090d1f4f921c84f194b61667b91701d179a4b49c0c8ee957	9e7ab35b98ece0f1957188d69b69e63bdc2fa438c57394a1abef62f31d90cb55
1faf7-1f3fb.png	2D/png/128/emoji_u1faf7_1f3fb.png	62406225d1f5f5b9407d522668dba2489e074271a2c50d21abf0309c3c3cadf3	88dccfe2e0d299cd29c476358907e6314b7dad60571aa5d222b6d35d328b15f4
1faf7-1f3fc.png	2D/png/128/emoji_u1faf7_1f3fc.png	a33073c2365ce95eab86a7d9b7b23a1933b3093804112d88d17b55a15a3c58bc	fae86a4fdbfdadc1d9adc2468389c2cc2483f2f96636e6a9f18c10995d8a05c5
1faf7-1f3fd.png	2D/png/128/emoji_u1faf7_1f3fd.png	74b1ae81b5f5cf7618ff7e121bbffcdd0c3702a71c45e3f84210ebf94be13a13	c07ada761534f99bd71f2d32cd4e33633258eb990f6091942c490db48e5ebe66
1faf7-1f3fe.png	2D/png/128/emoji_u1faf7_1f3fe.png	753a5284fe48a850bd4ea235e8c0c523a0f392984afed8be02633997161adf46	304007505296fa3acbfb20a849e3c2c51898e8e0fcb68b18056eb07e594b6f2c
1faf7-1f3ff.png	2D/png/128/emoji_u1faf7_1f3ff.png	7e2ac178090127ca859ffc613b2da4ad95bea3145ed7172f9d0ad80d3e27a919	9e2f4edfe9ffb397fee4ff60b518bde302ea5705e86258a7f33d0c55e972ab5a
1faf8.png	2D/png/128/emoji_u1faf8.png	c471106fd0afaf0bd631e4fef291540e8ed58169dcdecea8cb0792b76047969f	548a06d8ac517f70550dfb34a5f6620177ce79b65bbbf364be069bbfc67a4029
1faf8-1f3fb.png	2D/png/128/emoji_u1faf8_1f3fb.png	afbc3dd364e4e8dc636bdf4b781c1bdaf27c28c73f3535143ac908f2a0067aa5	52e4e7edecfc23d518366ec4eb89532ea51bbeba22274c0fbbfd1744b01ced82
1faf8-1f3fc.png	2D/png/128/emoji_u1faf8_1f3fc.png	c291d1aca74e49e46e225424261fd6f6b576fa0e8e936f947925a88fe23859f2	97343254446b271aa4cd8007ed458fcd98b3a4fa55cb48925724fcd233ecf2f7
1faf8-1f3fd.png	2D/png/128/emoji_u1faf8_1f3fd.png	65356d8e0cfd03193d0abea6d054e90b9ca7f6d91a9025e23ebe72f5f13a3a29	1180fd433d90e08b1705dc64acba74d7da89fb908101949f767774cc26cce362
1faf8-1f3fe.png	2D/png/128/emoji_u1faf8_1f3fe.png	17bf676102eb3d5ab5bcdb4d24affa10dc6c6285caf32d17a69289ab27738566	6826f7960f1f5f55b8ec8cca21709d4ce385082acb536b2fd9f6985823cd7f11
1faf8-1f3ff.png	2D/png/128/emoji_u1faf8_1f3ff.png	9219100f151ba8e549c03e38a1011f817f7e69e3f28a5f6b1f07fa736df61974	62a52b7522b3fde5d5a1a35b0f9399a08c943c1731953a0ed00f4786a70ae33c
203c.png	2D/png/128/emoji_u203c.png	8e97cc43cfab0a9e47ee85333ea655c5b1a23b4b6f732ed208b407df084b4fc9	1be46485ca393e8a5cc345a2e00d99ba732961e967cb1342bbb9f24c66cca8ae
2049.png	2D/png/128/emoji_u2049.png	f61df13b5260a051c3be692c7843c1b42f0bafbb3a5958e4e51f9f5d6d070134	02df36c674b5c66b03c02e6cf4fee26be8360ed4d395beda8a9b39db52589c79
2122.png	2D/png/128/emoji_u2122.png	29487e0864bdb94b0911dcd91153f67f87a5a069dea97f6633801c950cc1522d	b9d20816b72bbccec9ed8e31b185f91607afa4f4a94f89dcbc84a17dbd6f6243
2139.png	2D/png/128/emoji_u2139.png	9341c1fb2cce95f26daa6b903689047c54b71c8ac6e976fd51019dad478dae79	894e15df7e0b9583219a186b8ad4cef271bb571a54c85c361f0ec85034d2907a
2194.png	2D/png/128/emoji_u2194.png	6d6de4743cff7818e995013128894a5202971e19d436479ee0e8e97c85aea762	21240c02f480e457ce76055a635e810cb05231f5ef399731571466c9dc77fff1
2195.png	2D/png/128/emoji_u2195.png	6b54dcbc0ee7da95efc4bc0b10494b6a1443f992ebe7d0d8a22c52a18c342229	4c4c9497c02e30d86fc2ef4608d6d9250674852a7c3cc6103d16274fdfca389d
2196.png	2D/png/128/emoji_u2196.png	eff021142b21e5dfaa15f4f98e0cefce3ba0c798ad88f00b9bdf70cd7143612c	5cd0ad5070b56465a6603c3eb7a0d13a5d0a0064eea1046065c37d4129f131c3
2197.png	2D/png/128/emoji_u2197.png	a9977dd402c5aaaea6aeca1af02627acbd240a3df0575c2c55c24b99cf4304b7	0671f7196a099b0f928dd17fc66632c505021d50f6dcc77bee8f6becaa92598b
2198.png	2D/png/128/emoji_u2198.png	f5e2625a57db4bbbb76d4cb3df1be0d709aa9340485f0e86f18cfc6bf891521e	7545e01c83784199a7ea68d19423c0296cdfef8dbda8e1784499e55ccb854d14
2199.png	2D/png/128/emoji_u2199.png	fb6b7d1c04356177156c521cefe18f57fe766cf7d8ae4a19ebe3876a4e52c9fd	1c7c116bcd3c6e05a7cefb6d81bed3a67e09b65833ffbcb72414fd9b53d85d75
21a9.png	2D/png/128/emoji_u21a9.png	3dfa479ff0942f29e5b205e8b7fe8dcddcebd04e967618e3e45cc5ae43c8e4d7	eac7c33a041278ce80ab2bc4a335e954b2155d7d6dd4930a4791d01f44abb392
21aa.png	2D/png/128/emoji_u21aa.png	7e7c8593baaf51eadfaa166bdf511ace0427c03664eba948c48a2f537984fe8e	6fd4a9ddf8e8d1daef8ab94aef5281fd0b938d14cdbed9538f4fabb01704b6de
23-20e3.png	2D/png/128/emoji_u0023_20e3.png	4d9b1a81acfaaf58673c40465a57377f25ce51c4d8ebf04e4f04fa5cf772f596	d784bea06e23d169dec216385aa539b711bb406d95e2c40ec0e93f9eec4539e8
231a.png	2D/png/128/emoji_u231a.png	b167673a31c05e2e592323f249ab24ae8fa90e911a7e8931047b4786603a7c29	14dd67a999b064937488ad662d7130fa9512708f62de76effc6c03eab1de574e
231b.png	2D/png/128/emoji_u231b.png	56c8ff0a7996d8ef89862e90e1a2939ad49d71a7af38361441c41ef0d1745581	12a6cfeb3dfb67c0b084fdcd8ff7fa1ba44cbab2bbb0685f4d75f75dadec7ece
2328.png	2D/png/128/emoji_u2328.png	19869da581cb4ab90d08de0f74f939432c3012fdbd59c62ef35763a03bbf029e	326428fc969532a6eb4bd9026c5cbd2c1406be4fc8af1f07a47242039de96013
23cf.png	2D/png/128/emoji_u23cf.png	a0c45f25833c51d12f7a599f1792c3c743d516a53b4269dc24465432e9ccbda9	2177246b76ac76b7cc34f7718dbf11fec45717b5be9f6e860a3ad0066884a428
23e9.png	2D/png/128/emoji_u23e9.png	9667bf8001f376032e4d08c7752e2973e245ce182f8ca5657e0c1d16870634fa	e3cee6de2963201ca6e6272882d9b1065f80a789effb9a7bf0244a40eb08b0db
23ea.png	2D/png/128/emoji_u23ea.png	b8871780af849b53baec20d9c8768ef9bc52baa2fa1b6e61d5037a4b1a5793bf	6b9963d0b323a8d614045c8a9901172efbb4df72a9e4109dcd34645fca31d5b7
23eb.png	2D/png/128/emoji_u23eb.png	06cb226f754b076ffc293a0b8c25a2f27b2ea5a5a9ea99e72536b98783d19e77	e03ad94359400a543c19d4845e3fd66a64ba0f0dc20402938feb5d292dc42fa7
23ec.png	2D/png/128/emoji_u23ec.png	d409858564b7f6ba579c4d211457dc8fad5e96bf33b0dc232e7c2c8688ea9956	1769d7b85aebc72d867f1af6186192c04e8d83ecd16e2305351288f3220ac338
23ed.png	2D/png/128/emoji_u23ed.png	82f0977b2fdc945d16213e0c29bd337db2ca4c6f1ae027b78d4c8cdb400e1629	db7225e716d224d1320214adfce8eafe01d9214a496a9248022a87aa9a6395c4
23ee.png	2D/png/128/emoji_u23ee.png	8f26808c87cb82539dc52828ee226800a946c38ea74992ad541f229004cad236	2e539af19c3264036bb647f9e2822202abc7c052a2fcc55c8ccbcd7fe6cb1dae
23ef.png	2D/png/128/emoji_u23ef.png	34cc63d5600e3d4f6c1dbfd44f192507b1e4b3ff95d293887d61f6225158e694	94d232cc8a4443d79684f42524addfbe6c22582113480a6bd779f70e864cf009
23f0.png	2D/png/128/emoji_u23f0.png	18d1b80c94b6c3a54a4117fd2b051c02d818bcada1e234a5f78749496b5dcb79	e160c9eade757cb7c951a9de9a1a6cca27ffe9fdcf6cdd093ef2612038d0a42a
23f1.png	2D/png/128/emoji_u23f1.png	906cf200d371a859d761ff72ff9bb0231b5c7c73686eb3019427b2a7237e5b75	ff9780da92bf025079e04486a2e3b415e1ae1cf6495f5a430a24b83e68c059f3
23f2.png	2D/png/128/emoji_u23f2.png	5f56df7403bae2eead156d05c4d1dafbfef65e120422ef73fb905805e566df47	932eda9c32dcf96269d69b20972fb90295a2389b691c8c7851c17e6b9dc658c4
23f3.png	2D/png/128/emoji_u23f3.png	ef17080c1f619921cd727080775b7797618fcef5bfc4fd426517335fdbc1abe1	bc4bb305bd566530a9ae1ac965ba9f5160b77318ee9ae0d6dd1b0df95e4990b9
23f8.png	2D/png/128/emoji_u23f8.png	21a60a0f85d40ff5a5aca2657f4715c27bafd47911d71343bcf67cd780cbb501	29bdc29b38f50cadd5cd26cdc62d38fa3237b02dac7aa3e2a681f8398a685993
23f9.png	2D/png/128/emoji_u23f9.png	e7049fde43ba0d3ff41bd1eb8b7e1fe821a2fd357c62b39a3b9ad80d38f70137	23b073bc3b9b4250f6b31e4a1196a5b931e684ca8721f0f9b3c6ef221ffd18fe
23fa.png	2D/png/128/emoji_u23fa.png	ef6a74f57012e7a2d1a91dde67ecdbe9cea11258e3735a2aecd2cd35c33b14a2	91b9ac5f27026c90e24806dfcf0103586cf5c7f2bba21bdbe293db28d9ed213e
24c2.png	2D/png/128/emoji_u24c2.png	04aab0c39d2fb6df8303029a0494fa018c4222fff3ded15eda8fc46f78bc0d94	483753f71541d66ebc73e83776888b37e986634583a0b8916563e61b8460b0fd
25aa.png	2D/png/128/emoji_u25aa.png	a785996a8e321895674379c4fc0672438626b0c22959497a180f8aefefab1403	3519ec81ba696039a01a063eed18fa53fb9d2a9b6d85468d605f916eef33753d
25ab.png	2D/png/128/emoji_u25ab.png	4d4fd135bd24b861dd762515d09c890769bf2f6c37cba1a7e6cb93f8543d6c93	53fee17cc951de4a6bf04490339b74195d99f81873969c2e9c3ae30089b1cb11
25b6.png	2D/png/128/emoji_u25b6.png	02a34660b74d73d0a077314ea55bb6714fef1bae1daa6d86d78e5aada38b070b	d9b34ac4dc84f5f14690c4ea0018bf725ff402671b17c601764e855d872b655c
25c0.png	2D/png/128/emoji_u25c0.png	750c52bcbbb445336fcb8d571220463052b84d502e293d8669ef084bee79963b	27c4b18b1f145e121dbf9ee134d88cd84d20a5dce3f13fb6ba59a7e823053d23
25fb.png	2D/png/128/emoji_u25fb.png	886d3c8395584867a1a6dc815a26e1e66f47c41475c0df7060d633929cd58090	0571ed294ee2721cb202ae6a9fe07afca41cc2d56045e85bdafd30e062c4b6b0
25fc.png	2D/png/128/emoji_u25fc.png	68e0f493bc2987a4edc5cfc7e21b8632e8dacec1cbab4ba4628cea7b28d2b3e4	9e3f3f7cf92c5a75770222278cfa0c52394626cd7707694491d1d169d5b8dd38
25fd.png	2D/png/128/emoji_u25fd.png	31d9e64d1f917c40fef1b4c44c949edbb789f842bcff183a90de671e25a01265	13a59da5dc18529a784a7ffb9dd6fc0acd07c647259d511b94c66ea5c719ec56
25fe.png	2D/png/128/emoji_u25fe.png	ece6a2f1e7cb84f31f5e13583d8f3eda1a35af79c98e820d68fa8ddba4070281	7ea58ac0d41596f1bae8208dcb7968ca9998a9ea00eb182043df685158a90626
2600.png	2D/png/128/emoji_u2600.png	60e35ea0d682e0ea787333b5952ac3e6168b2bea4d276cd74d615e0599d2f772	e531d2d8d122a56318d0e812c1c7ebbc6215dccbbb934e9b0b8aea68ba69c070
2601.png	2D/png/128/emoji_u2601.png	54d1d612d32f4174570ac7b4d7af0a8e7896d96c984e72a47329ded26614cfed	a774e96dfee7890269ecfcd8f90846c568ef2730dfca7e2f542dc28b9e9d37e1
2602.png	2D/png/128/emoji_u2602.png	bfe1f224fee55224945b1c8bc3acb20a3d1cc2c2c84169d1ca9416971dd87e31	9e94b81c8a651521738075c14ad2319139ba9827976a6a91ae2dd242cf875920
2603.png	2D/png/128/emoji_u2603.png	944216384a4db1e33e124c51572ef2afb8d7c9c97ec71806761dca04715e5f79	f1f4febc05d3fa52663d754d2c512eff05fb08ab555d1ae9a7aa69c9a2280aad
2604.png	2D/png/128/emoji_u2604.png	a7022039bcbcf44093c0158d04eaa24cc5a475a9d75d1b9d9f722c2b77a62ded	c65a332d886cc03619f2ce8e514b56c412db902276ebbb31abfe5314e6c8e981
260e.png	2D/png/128/emoji_u260e.png	d1105b320a543a2152662cb3c030fa1ad7c2027aa02e5de594458622abeacfdf	bbd26a71b7bb7c51bb3deb83a8a571de5be88474ee1285de51af0b9ee0171131
2611.png	2D/png/128/emoji_u2611.png	691c090acf48fde666b54fd160c20a116c72a80dab7e5347d0d78a92f2e53180	37c884bdaa65fc085d692bcdc4b8ad07bd221afccd47b66c303fa35e9d514336
2614.png	2D/png/128/emoji_u2614.png	ed775ceeff0b71360a6262c4a31eb991ae6bf2122f12fa5196c5a81c95dd9d72	23921bd998f0d04dd7b1a0ed887240bf24c77b1af010b2af73e35aa7df02085b
2615.png	2D/png/128/emoji_u2615.png	935f15a04ff24911bef524216559dfb5314a818fdfbd50064273c3d7fecaea35	b8ac952b0e3612e7da2c6f3d0fc9babee13d83cc3b4cf9059d4c8d843f66e969
2618.png	2D/png/128/emoji_u2618.png	331b98c5191c3b2922c25c9c8ec53e630cbc5cdb8f95645bd35930c6beded7b5	80d668b958f2cf46d00317b99eb870e70fd8b89af56287c61b64d31c148113e8
261d.png	2D/png/128/emoji_u261d.png	b429b774ee399c6c8cc62a7af4ac30e4223feadab20245075ee1749b7c39fa0c	fcfeb7252621f57a7f08ba2c021ea604f58a61cf41a59cbe27a2378ebb7b937c
261d-1f3fb.png	2D/png/128/emoji_u261d_1f3fb.png	84cefd5d896504a108269a2560cb7302aca91bdb0cacba9e8ab894d2e7c0cd0a	a719f293be36ada014f689147f7625c35e8eee8beea42c1bce642bc461946f7c
261d-1f3fc.png	2D/png/128/emoji_u261d_1f3fc.png	877bf1e6f73f7e2ea3f1e395190ed1f44f4be7a64688b80dcbf05eedd7ecae0f	c107d159c14b1efb8db20c119826fa2413d1b88e2cd06a8efbdc4135c46207ee
261d-1f3fd.png	2D/png/128/emoji_u261d_1f3fd.png	e8582056a16b9e838f925a3ee9edce13e9479b1dca41c0306485224251581106	d3939ef9fd1c2ecbb77326ab3826d22209e8d192f8a437aa3124065c122c1f09
261d-1f3fe.png	2D/png/128/emoji_u261d_1f3fe.png	0a76364caa8d2e2601fea78bbfef3e439412465d92792ea60cadeb04718913cc	85fda6ae73dbaff4f8b2711e6ae4957845dd0bacf29167f867a28bf2ac7697b2
261d-1f3ff.png	2D/png/128/emoji_u261d_1f3ff.png	cd08c2c4b5e46b78df199ed6bcf3d10e43ec8d998188c8cd4d72d085437127cc	5980a485db0a0d0c7f9476b64217d8cb28695f02f9878f5590826d1c6e211cca
2620.png	2D/png/128/emoji_u2620.png	5c0171c097b40d3c6a70fedc4e000725f7e77ad9be7cbbe5f824e8ed468c91cb	78e341ab80fbfffbcb4566649ef96a7df08004f9604f11d7122073d4979b06c8
2622.png	2D/png/128/emoji_u2622.png	3197cad01bd37b55982d14dfc4702a6eb8d163899cb673a107b4e3157bd0e52e	595f197c8bb266d44ab2c1b3352f69bbb72786d29594e7d68e5d6b4e15718454
2623.png	2D/png/128/emoji_u2623.png	f75fcf43572addc1d6230f4d103a50df92acc1a1a7d9af704525ba0392e73304	80a95e953c19e113aaf5a6b7ddc935f5e07afd4e2a545aee1e253f5fe5038e51
2626.png	2D/png/128/emoji_u2626.png	c95103a312afcec8606e694e801d7919113222224365759cf4d9f6989343da8f	2139009eba332e43e372b29c5e0fbe2ac967bac0d8ec55c099e4fe8ba32fbafa
262a.png	2D/png/128/emoji_u262a.png	8fdfdfc22008f085cebbf4438a74671a258f59b1d1072397531e10084c21d403	82a9605d96ad73b9af6e6efa473eb10a5a040c24eab12ab6b60689dd172d3422
262e.png	2D/png/128/emoji_u262e.png	7e4f76be65041f28e38c24d42b2962fb261572147be5a89282a3a95ec6ca2760	274b27103cce92ae6fac75efe41952c0779f131ad87e868e04dac92147049263
262f.png	2D/png/128/emoji_u262f.png	cc9ea23c4e50aaebe4d2ad0bb0f50132ab41b3b3b4bc6f681f457ad3cff40bac	7cc4c5d2ea2373b4ff807e1abba70810528ebf0ccc32b027af043ebd131d7f24
2638.png	2D/png/128/emoji_u2638.png	a76626c635dfff85d05270bdf9e449218053ca1290cc6ba98c7d0ccb2ecfc314	6808afe79829fe4784a6617f1759e2d4a1019f1b9fd3f4383448e8dec6989c34
2639.png	2D/png/128/emoji_u2639.png	56cb6de11a5beff8640cd4efc497ac2ca9ac1b73e1ebb4ea45a73a27c8167e07	423f87868b39f083b0313ba1eb143c0b9f07c9419f956b85ae18fec379f83fe5
263a.png	2D/png/128/emoji_u263a.png	61bcd1b5096d6c74abe00f3c1f570a865a848fa3fd5137eef27517233e6aaf27	eb6ff42a330e6571bf2d18c12537c7d63c2936e826f4363266293c7c75974938
2640.png	2D/png/128/emoji_u2640.png	aa923ae64f9b5fc2ed8d15cc1d0b41fbff8474f89f00d54ab7eff9aecd36d8a7	27a3643ab8efe298e4d14e9e2ab1d3564a93b47c9cec21dbc7c4116fc0565f3e
2642.png	2D/png/128/emoji_u2642.png	fe68da7c60f4177e8f8cb29296462a2c5af01ce8790c1585871c7c5c88e08671	f7c226b3f0268c8f95e27c4fcbac7d68b9458e9937e4f5ea2c3c131ae55702b3
2648.png	2D/png/128/emoji_u2648.png	012e6611ba96ea835f55a768609a863b3c0ac097e2028adac59b68eee88f6a27	bd26358b40852226173bf242344beb565cdbaadf2a15256962beb4b59236d845
2649.png	2D/png/128/emoji_u2649.png	11bfc19117cabc11d90264f43f24abef0133b33022204036655acb47a52ff851	4e4a7e42b286d96133a0085391bbcb0145547f180030cbd114550afa19268d43
264a.png	2D/png/128/emoji_u264a.png	923f7327f71f878bef3b77ebfb35785b913773a7c734a5289b628241e86fe1ca	f6397084d78d0506eb894693a727f84df537a8ab91d7ccecf18b7214cd20a38d
264b.png	2D/png/128/emoji_u264b.png	55bfd80ed90f2703cc23229a1acf93c4696d3dfcaa218eaa6f08ca0323f3454a	2f1f57db9ae7ba6207bd3d151d66fc2bed8c40749f30112b9d4d2c567c3d8b0c
264c.png	2D/png/128/emoji_u264c.png	9ec1e66a32302f191cb3224289a542ff6f671874016e414f2b7b3d6f39122420	701befe96ab6e1625903d6ebd828477f0d843c5da20bbcd912f6bd2c7a7886c1
264d.png	2D/png/128/emoji_u264d.png	a819d8dec8155472199db0fd815a1ae6eeb274ad51a78d8931b2915a1979763d	e085aa02c820039e144f42cd590b39b9a9a57479bbcc49bcdca58ebaaacc8f81
264e.png	2D/png/128/emoji_u264e.png	2249ee248ac1beb3a26cc390f81b2e8162e2c22a60db96807cda0fdbac66d22d	5159fe96b22386bc2e29cdfbdb7d5d2c05b6e522f5b50add034897bd1a529c5f
264f.png	2D/png/128/emoji_u264f.png	e3a2bb80cd17a99c14f0b3879e8ec4c3e73123b8fdfac576aba3101c9c87da46	d7d0f371ca95791da9e4607e3de9248403f62d534c7e820d968d7c06b15c3dcb
2650.png	2D/png/128/emoji_u2650.png	ee46b214523f64476217703f0e0e0fa346b6f9ee102f03f8bbf3090e37d3461c	d82b7a2756b64d4313b8dee3a09c03ca5a49e1e13dcd2d9ab0a5b34a819d3716
2651.png	2D/png/128/emoji_u2651.png	29eafc60c03f1894ffea0c9fb97fed0d6eb8f2217d20fcf3494da5bc0db27256	6e3546b181dbef2d267602d6c040cc06d1ec5fa1a5b6c866a1e864cddd722faf
2652.png	2D/png/128/emoji_u2652.png	989d59892c985acd31e393c9f152eaadccd5c931be14cd308dfa9e6d364786f3	92b334fe7711c37db6e7ac52a292dd63a31d427aa3ecfaa254767d1e03e967c4
2653.png	2D/png/128/emoji_u2653.png	4da8b03f080740118be1498226ad7c83e8eb28041ac47860c4b32543ae413291	d022d7c3569740b21cbaf0d4526328e1785fc59718aec98f94d534c8a6ea8d85
265f.png	2D/png/128/emoji_u265f.png	f98be8063fb15fe20d658b6e952770e909397c2895d7afb0a332c152378ac033	abec1162fe7c20b933737804f7a47164e4c54d3e18ff4abdb6e08592130bdef8
2660.png	2D/png/128/emoji_u2660.png	a31bcc8f2afd8c461bb5e92f8af2f9836deaec1ea21389f19680ebe60c52c6fc	def6969528c4c9f714defaedcd1c7ac991a3035c60f09ed7ebc889d0bf674491
2663.png	2D/png/128/emoji_u2663.png	a64abcb824d3d4b07c0d97e77e4fb0a7423edbef4897377468969747a846e15b	d5d3b1831ea62516dbbb49a6d8af9d7ac074707b52272bd1791f6d1cd2b03186
2665.png	2D/png/128/emoji_u2665.png	d1114ff65551489719bf71cf7b8adf5341d6ffe3cb71d4fcf075ef9335b3289e	0ff250493eaf0999b79fcd36fdb5bf71f429ac409f96001d914b1b531f3f4476
2666.png	2D/png/128/emoji_u2666.png	d58bb1640dd4055b6ed6f4f1c747d745f506132359a7ba60cf9ef14dfb7ab4cc	6759f342c33f59621cdfec84b7e17ad5a460570127a64db78afcec17864676dd
2668.png	2D/png/128/emoji_u2668.png	f2fb55295a35c9f57c7cda2c3570f8627d3a1f94e7b238e8c2f56f0e676a79cf	ac4ab9b64846f9f87ab0b448e03ba4af7e48e50e85abb84818061906287d98f9
267b.png	2D/png/128/emoji_u267b.png	8346a116af3860325132eb62a346abbca8f6950f7c215830189c450c266c63e1	5e41be3dab9d03d15f096e92e2c3c49e082ec5360becc64fe069d15dc79355c3
267e.png	2D/png/128/emoji_u267e.png	6fdcfefb0d87c8495634ab4ce8a38527d0d7d0bce7a3aa511338192c0874edef	77aabd64598afdf322ce2ba75af46705d11e48147a566cf6bebde136c05ecd7c
267f.png	2D/png/128/emoji_u267f.png	829aa45af1e8fdb6296cbb066ad88ccc94024896d6db815973418205596a0823	784a4c9ee9e7a0163ba5b46e8a2f65ed64882e74bc86ecfe99e8d6ace4a3143e
2692.png	2D/png/128/emoji_u2692.png	0fe649442287265cfc7e31684f8473ee89bcb199c336f1ebde727826f73551da	6c94f90732aeeb14675eec87c6e8250bdbdd1121e6aefcc34351de5d048d10d3
2693.png	2D/png/128/emoji_u2693.png	e584249e222fef2e842d38169e5b8306bec70eb3551d4bd353dc3a0f0bf1c440	6eb7a952916e89440bd4c3fde9c9ecb51bb2fd2121aad8946bbaa78ae8c45d81
2694.png	2D/png/128/emoji_u2694.png	b0383000139118b418fe2de741341d30743ed0f9f0092bdab6982d4dead7d6df	caa774852114efc972e7de1640ea7d7dff048548b5d5e53ac0f0cc3ba4e4f867
2695.png	2D/png/128/emoji_u2695.png	07d4a6b40b5c18d1011e504c1e7c26751f3c3c2362b572b749fe250092afefa2	3280e68be7c3fab5bd683f23abf5ded2b3c4d06af7ac3c31b169e8d70b6cecff
2696.png	2D/png/128/emoji_u2696.png	01ea58e7705ef2d01dc0484c348c9cebb8988c533bd1190b4a687261d8679736	7d3206fab313bf33c6284a34eb5dcf32379b961935f0a3aa593537e9565e7134
2697.png	2D/png/128/emoji_u2697.png	4a101fd2642098dd46e104e96d69ab1029fe4c47ce801360753f3343b0ec46cc	b9883a99dea88a09cc9bb00b8d5a0adf3f8b97ec55d673a9a1219ed1b8a973e8
2699.png	2D/png/128/emoji_u2699.png	a9be91aaf97236fc0ecb1c0c83f468795451f36093e9627f28f167757528a23e	6cf3a7c63824c060dc55accac65d5415e8c2a81c573f90955312c48cff611210
269b.png	2D/png/128/emoji_u269b.png	34055e9e0b31820b75c9771e4b37eb4854f06be228516c025a838f1b8d8df550	47fed63a9b49e9c9f1205e8347e8a6d54d04f4323d1b9f2458edbe7bea9bfa87
269c.png	2D/png/128/emoji_u269c.png	cf8e8acee47dea5ab56a0567ffc8eea781e5873bdd69ce68e721238fe12b9804	9c49e0e728b663af25bf110ab66da785ad60c6d1700e2a928ac9893a67128dc1
26a0.png	2D/png/128/emoji_u26a0.png	b89ee096456aa8ba6b1867e9477e9f204f14e9d0bc7df55e1271ae9ebf44816f	b3ec0f10db3245591052441d16488d8ad43b28c606d19cc9704a9912ad9aa028
26a1.png	2D/png/128/emoji_u26a1.png	20ba944c0ba2d9e067c50754d860ea58df0cfa269b8f630cf9a65e0c847bf03d	a6f4442e5fdf5c5c82c6579adbd4729441200c4f1144d0cee81028fea6b4591a
26a7.png	2D/png/128/emoji_u26a7.png	b155a74acbf13f88fa75d317618cd34e41099d2666064fe8405bbb98935d54b0	f12cc071e284e3114acaaafaa6ae5d6e585b8de798ea4aea5eeb0f77a5d7dd4e
26aa.png	2D/png/128/emoji_u26aa.png	5d437689bfe5991103fc099c12be052c9df1857d527f0b172e57a7c18e9aad04	f8f6db0ef0c86417bebb55c9f390929c5cb1e619d9278d1bc53a9772a39e83ec
26ab.png	2D/png/128/emoji_u26ab.png	aa1c5da8822da62581da8a288582d76a8031a2fb3731167b69f3dc69d3d5d0a9	8c9dd6af72d0c82ac182899ca4d5321334f12f7a8dbecbdfcb02cd16209f679b
26b0.png	2D/png/128/emoji_u26b0.png	5ecf9458e9ef9b968c38a0187ea75b4abe784658a357993890d6bb6a1650db52	c09abc92daa3559f1f8f93932857326be264950d0517885adb80f2c3111d507d
26b1.png	2D/png/128/emoji_u26b1.png	a0e94f5f72bf0b2e13d38000f97f6244a630872e22bd5b04f24e39d3e57d96e5	6c6b1175d694c832c7ab885e1c181bc7cfead004495e0d1b6f8b26b65a31549a
26bd.png	2D/png/128/emoji_u26bd.png	517e3321dbfec323eb9327dd3f5bddfc11a513705b51bef9af368107dbede1b7	69784b2e50f9c9d271352b100fae1b87b56d05a853dcc8e4ac27e743f3f92cab
26be.png	2D/png/128/emoji_u26be.png	2ff3bb7b0f9b92c8c90bd5e48b038c27c58cc39009f7e3ac6fb355f6bfb31cf9	47d6dcb21e1e34af742508dedae15a70260e7a309d483c9da29b108ae8d12ea5
26c4.png	2D/png/128/emoji_u26c4.png	be98d4987786da9e81823805c620bd8cb6c68235d36502aa86d25d517c314534	7d7994dfd0ae8615f22ee624d37214656c45f072e8ad45185013c0ff6c06af6a
26c5.png	2D/png/128/emoji_u26c5.png	e75b92e439e9ebdb4046ae92d3598aaa010157343b6aa5caf791ef20dc3882c3	38c6e1f71100ed6cfcddde65b7cf78a22a34d58b33b4cc4c06c9951a36e91c60
26c8.png	2D/png/128/emoji_u26c8.png	48d27647d1c13dd42178f80f4e723be1d12edc861f352ee2653fa7f027f6ef65	8c91e6f8c08dc31cd1bacc0fb1f958d3241a3ebcbadb5d880aef15f5babb8de9
26ce.png	2D/png/128/emoji_u26ce.png	490fd1eb75a69a74e8ca7d245f820e8040ac5a6ed92d4c6175e20c9c0960d72e	ee8b1297b7fb41b14e591f0634a0962b15ae3615385f2092c7ff5a6d560f6a86
26cf.png	2D/png/128/emoji_u26cf.png	c07020e6905429d5bcb3ddc140bba195703f8a9f780e50144e9765d4f536a08a	a0ec0a62d555184949967052c642a1764a40986cd172a5dc2ed95a3e4caf653c
26d1.png	2D/png/128/emoji_u26d1.png	844556703f177985718805666cc9532e2fa3da5d065ade32c590c5bf5c041b00	18d0676b7ead13ad926449dacdc9fed59542d38c1c62d452bce9de83f332446e
26d3.png	2D/png/128/emoji_u26d3.png	5f024b1ca26221d780f2224b3f761b93f3c2d7b637fc419c68da98b81c39961e	d34d39994a865192fd872b32fa693c0076a0a7b92bdfe70c836ef4d83a0feb59
26d3-200d-1f4a5.png	2D/png/128/emoji_u26d3_200d_1f4a5.png	d8d92e181b22fbe0e8e0a666656a5095ae53c0fce21e37d417a6af8c08ad82b1	48cef46a1e4fb579465f560ca82d991aad5032f095c7d73a5546624eb3d5e7f7
26d4.png	2D/png/128/emoji_u26d4.png	3c9c73e4e744946758d8059710c629bf5798e45a1a278fc3349a895422ddaa59	c3abd928473d34bcbdb96e49a71063731f3b5fb90cc3edd15271a9a0dc6cb35d
26e9.png	2D/png/128/emoji_u26e9.png	23107c3ed322b7bee32b6c47528264c7382fd215b7bdb1aa9511d9d51c759626	a704d7484a23ae4bff606de85480b568189c2bb8acdb07842e08aa34b1c3e9c1
26ea.png	2D/png/128/emoji_u26ea.png	f463a343ef969c415dbb480644210acbdbec3f1ef8a168bb61f881a83680f756	352577aec90342c953e6a5d8d2385332ec363c5fc65daa1bf8cb6f2e80d5a748
26f0.png	2D/png/128/emoji_u26f0.png	d81d63dcef18a4aa401fcf21a0c8c6c826bd38686f8f5ec6613a5c6354b3ce6b	25ce4c74a16e972de8130e3f137c0448de159f3ed75931c71c3ea35b893ee084
26f1.png	2D/png/128/emoji_u26f1.png	b05812be6828724a2a7a2e248707e275fbb95c9ec7f59d09f4979831dd1a7582	91384db5404c641ece581b283c882613a57b9a9594eeaad194ff34adbf29da66
26f2.png	2D/png/128/emoji_u26f2.png	63a741dc84c68b947db81434a14066db0195bb03b2c798d4d9cbd630793691b7	c61a0eba3b7dc97696c95ae1a89fdca1a045171e16b7f7e23b9a8afb9b654545
26f3.png	2D/png/128/emoji_u26f3.png	bab0badd59cb1110c422ba78ded2adce60f4e90f3565542ea3993c29db46d0ce	d59f2c869fe1be6694e9369e76b32d21163ee087ac1a961ad6234cb96d7f1799
26f4.png	2D/png/128/emoji_u26f4.png	a7eee4b01d43ca350f72cfb046e5e33b02b3f54a084f80a6b6f88ab8195f39de	2dec7a4ca0b70e051db3d6d03105369681f9fef560609b0b983356eca53ba944
26f5.png	2D/png/128/emoji_u26f5.png	63c811d77428b07f33772030cd00a0426376ef4f82d3b26d38fe51080eb1d369	8e906e1ac993944f642bf4ffbb1e57684937de398c10e3bdcc84d69ea391ce22
26f7.png	2D/png/128/emoji_u26f7.png	829de1069043489d01d890441a679d4327123083b8bf00585b6dfb04cbe4efd8	a7694081be2ad9fdf53f97dcf953cd6a54bcf8a4dd2d71eaee6e8fdb28d38581
26f8.png	2D/png/128/emoji_u26f8.png	4454ac86b4274f7a5d9782d90f85b8c2baa04c10fe998e430789f769be59c70a	90bd6e25369d8402ba61e5958576167c98b1264713ceed6a490329d9fd1ec7f2
26f9.png	2D/png/128/emoji_u26f9.png	f10eb78cb53eab9f2043482fac6b91a749d8362aa3ec376e885d03a636124e1a	ea2c64c27580f0bf29cc18d796cc1cf954d320f4859970c2b24a63e4b1057045
26f9-1f3fb.png	2D/png/128/emoji_u26f9_1f3fb.png	0a60f12ee568557ddabb533f8f561590aa816a75523d534c65ce4a0d6a9bb79e	46a55eb91b435570afb703cd11f51b35c6038ca3434711880f7c0ef18462d7ae
26f9-1f3fb-200d-2640.png	2D/png/128/emoji_u26f9_1f3fb_200d_2640.png	af4ddc7b0e2e382aa9bb0058e16ea1a714a02da7c10fdee025470e60f9a7c46b	5a265b65a733cbadd1b8636033661205e86dd3d9d218cb0b1f07bff45b11064a
26f9-1f3fb-200d-2642.png	2D/png/128/emoji_u26f9_1f3fb_200d_2642.png	1a4aad190faf43e994f6c0a554f619d9a229279a536bafa622f0ba4a6f11feaf	dcb25970bceaa43d116fa52497ddbc1472a9a6eb0268ac75c38c5f0e00621337
26f9-1f3fc.png	2D/png/128/emoji_u26f9_1f3fc.png	3ab7f7c5ba27e4983b1713f186430001e691cf854d77671f6994c401de68645c	e7bf5e24c9cfd816c87c485f900001a8cd822ef35d0c3030d1567245671ce42f
26f9-1f3fc-200d-2640.png	2D/png/128/emoji_u26f9_1f3fc_200d_2640.png	4dc147dd044b197f7584168d3e6ef4a88e5a62d77f848500c2838ab8857a4dd4	910bad322e8b388c3c4c215a21bb4ac85dffcbaec497dad7ddddd317099e4ba4
26f9-1f3fc-200d-2642.png	2D/png/128/emoji_u26f9_1f3fc_200d_2642.png	94ec17607f642da4285d14fcb0bb2354b68630e70ffe7f3e8cad6e16eb9372b0	c096678cc5bbe9684ac93118656006dee9d9e5659cba9b41cf3044cfb297df36
26f9-1f3fd.png	2D/png/128/emoji_u26f9_1f3fd.png	5079e52e39a1b7926bf77b35d94a3ad00ce614c0a1d0994450094638aa621d48	3bdb35e1c0bf20cc3195b9b292fe031ed85fdd051c05146e5ca9501a204b4ede
26f9-1f3fd-200d-2640.png	2D/png/128/emoji_u26f9_1f3fd_200d_2640.png	22d023f2db531d3e9470952ee5073dd9f8f8b9fb919c901d63d9f21bd51d65f7	bc581ea7c91f71f01c681fcf9763a16333d925154811337f3dc4eff69c89503c
26f9-1f3fd-200d-2642.png	2D/png/128/emoji_u26f9_1f3fd_200d_2642.png	10b78bb505f151b1ad7b79fb9a61662472a7239fea7f8ca686efcf843302ca92	211db0c897805990c9f9c080683caf3eb5dc5f539e74e505e1dc0d22949eaa85
26f9-1f3fe.png	2D/png/128/emoji_u26f9_1f3fe.png	e1ab20d4b497702afc12c16a8e8cddf6d85e293f2dd76f81653245f8c3dce39c	b4400947af7467f068d79f31d5163489d6c6147414657b2b623d6ab9e1f5168b
26f9-1f3fe-200d-2640.png	2D/png/128/emoji_u26f9_1f3fe_200d_2640.png	ad2eb2dbfb5e2fae2b2eea62ddb611b61297ddd57b7d6198cb55f0c91c9c6ef4	6a4a58344af5ca5d8a10854c4a883eff78a2d7b30b065ef639f86d1d4eeebbd8
26f9-1f3fe-200d-2642.png	2D/png/128/emoji_u26f9_1f3fe_200d_2642.png	09f1961cfbd58bc3cf0650f922fa0e7327dae6d1071cd9323c2b8c9dba11467b	c5564911828134fbfaf043c97afcd92696b14171fb1cec1b81a83c57b6e1434e
26f9-1f3ff.png	2D/png/128/emoji_u26f9_1f3ff.png	8904a2cc3122c7c80a37b86cf6bc144d2810bcb2e5049f3fdb4122ee0848f40a	52cad9513295a75ddea44e46465f7dbf9332be40563c24bb29880084decdfc27
26f9-1f3ff-200d-2640.png	2D/png/128/emoji_u26f9_1f3ff_200d_2640.png	904f45ef52bc7eceff4cb1d667abc7677e5957f7c3d3a850bf1ea4d6a3365619	7ab6cdc52f20d1be8443c859bff077a4db78679a58be76495072d836f5bc0ce9
26f9-1f3ff-200d-2642.png	2D/png/128/emoji_u26f9_1f3ff_200d_2642.png	76942450d6785cc7327156153ba7d87acd47a8a8db40c968734d8d415096478f	33d1174ec07d4bda9d6e7e2c8ccad7607e37564e410a192bacda5d1cc65dbf08
26f9-200d-2640.png	2D/png/128/emoji_u26f9_200d_2640.png	59462ac82e2a4feec7ead790244689988b63e71e6bb524523c3298cb0c3afd84	88cd9ad6bb7fe885711e1e164ff2b595021293c4f98eee87c1d1ff11c542c0ad
26f9-200d-2642.png	2D/png/128/emoji_u26f9_200d_2642.png	b74ef105bb45d16299fd0671f320c794b2612974cf32e322de01f31c8cd428d6	cde61f3f98c66df8426790ee3500a6ee79df65c9178e142c711626ff14d08e65
26fa.png	2D/png/128/emoji_u26fa.png	e02b7b5df878393febdde0fd8130ba94f7c8e64952618547a9ca278519dd2e3b	beb2757f71a0f7a1802ca85d5c30d6683bfd2bc634aae19fbd8fa2e7e72bde63
26fd.png	2D/png/128/emoji_u26fd.png	43c3f558a390eaa90fd5131013da638f29ea13e24065135693b8b267457b7427	7e10f93ed20c6ec10ca7f3bb31b4d9e4739200ce716512c77845956bd2ef7578
2702.png	2D/png/128/emoji_u2702.png	de8665e49d9f7a1d4abf3cdb141cd9f2bd3df74941b8526693778c232bd5e39c	c4d07365f697f599c3692c75852a8801428136f511639677bccbd385fbb07096
2705.png	2D/png/128/emoji_u2705.png	9b5a6051081eda2337cd7ce3b883de0d69f7e864c9429c1c48a0654bd6b8508d	52557845d12f6cc1bd75b7b3d0c943d9e0a07ffc9470617dcf248eaac5547fce
2708.png	2D/png/128/emoji_u2708.png	d0129aa0203a92b9de4c4c170be221fc0e24e112259a0465ec2731a051d006a2	2171d4bbf05578c273bccb96ba5631a72253eed030be7b1e68808caebb1d5f17
2709.png	2D/png/128/emoji_u2709.png	c336b8f029778da21f3ce36ef1fa9add32bba6084c18f6a4296bac44c0147484	6e7df634edb747ba535640737d6a9571fed7ab708db5fa64af2a90c92c645663
270a.png	2D/png/128/emoji_u270a.png	4147423ea09d9c615a6a8dbed827136bc858a01090fd0a09055c10dfa578a3de	ddcee6254c736814106627d5a45b845eb801b4dce76edb01975725f093f58cfc
270a-1f3fb.png	2D/png/128/emoji_u270a_1f3fb.png	e856e4e65c0bc18013cb066e805b480f6a47c4a3909fe8147e1a57019aea62a8	c6bdc8ad89a8dca338de4ed394505cbe455e6f122ed660f15522ec2eb9e11203
270a-1f3fc.png	2D/png/128/emoji_u270a_1f3fc.png	91378194e5de54cad1d68b441fd6d05d266a7c548b344bc6c8a0d8a7bde47795	51dad799c797bb072c02e2a02cf08045c3946434aba85afac2ff38e6abd9ead7
270a-1f3fd.png	2D/png/128/emoji_u270a_1f3fd.png	89539fbf5ade94daaa8e0926a8c423ca17696a0fce0806f7c02ddfecb6393f4f	df0fe841cbada1443042356196ffcf33afbe8dcc8b3f580cb3d7f2f63126bb26
270a-1f3fe.png	2D/png/128/emoji_u270a_1f3fe.png	7e7b2fb118068748865010f69e823aa5435f9b764fcb9a44b234aba4ae44ca62	2791385dd2e3d16650eec6ff79a51b3b52ea9329a1a1bdceedfcbfb2f63003af
270a-1f3ff.png	2D/png/128/emoji_u270a_1f3ff.png	793d98cbe24db5520b10777c564c567f8ba7e10a94da1e63fed9de805b61dbda	2d08ab8523d3325419b9612175f07829f2e47312c1bd0ce977cfdeb13c6a2952
270b.png	2D/png/128/emoji_u270b.png	9aff204c2de5072623df7eae25bc971b09cb2d8a3b15c6cdc5d7b6e2bf30d1ab	3d024c84992e9eed93395601ff4c8bde42674ef73740ac206404780585bc1560
270b-1f3fb.png	2D/png/128/emoji_u270b_1f3fb.png	d37a804bdea63f6461bf0c27fa68f954e56b5467c81ab00f3ce801f4ab676eca	b8f2b15680ba3ac9ff99677fc86aaf8df40ceb14059e8fccf5fe36e5266a860d
270b-1f3fc.png	2D/png/128/emoji_u270b_1f3fc.png	7914f08c23fa3bd2b21d2e797c13ff96e5a1aa291ae5b6cae5ec7070a7a4d8c7	06a94ab60cdb5e72a315731054f998da58ebf3a1667661c5d1824a6541c31a3b
270b-1f3fd.png	2D/png/128/emoji_u270b_1f3fd.png	bf94350b57880d04e42c712b8edcd48e340e6b1fbff99c8b7c4a2cef089e1ed6	c95e4f3718d641e47bfb80c57544e7b3ad805d2fa7e30ffe259b3c02ab632855
270b-1f3fe.png	2D/png/128/emoji_u270b_1f3fe.png	a5e3cbab8e649678252c7fdf5288ce5749a1f94707cb64fe48ba7db05ada34a5	d87023cfbecab8549b808e787d6adae8296e985826c0c9143b510971873a94aa
270b-1f3ff.png	2D/png/128/emoji_u270b_1f3ff.png	8c4aae07980f0ba051d8c432ed3d348dae32ce61acb0366576b9ff2831e0dd53	39dcea861e6d866ea3e6932aab9d3f92327d61758f0f74981dada7d350b23e72
270c.png	2D/png/128/emoji_u270c.png	0f30ec99a703f3ad82cc8c2033ff9983e441c0191603f6cc98245db0dcf99685	7a2f5ddbcf83fd0059383444e72a4e9c4a2de71d4fc06500ddfababf8f6c36b1
270c-1f3fb.png	2D/png/128/emoji_u270c_1f3fb.png	d1b1858c7aff2e601adba2f321596a3b6db86ea6f9aa9eb4984f97b4081f4c20	65bad1631af6b061b2e3ee20c2d9c5739e168aebee1bd8df1364a0dda020d5f7
270c-1f3fc.png	2D/png/128/emoji_u270c_1f3fc.png	45032efcc74936b8bfa00dad4e43b3982fb5a54e3bd5cdf155926ff6b96c11dc	709e7df96a82220391a35c563ddb0f33bf85959047809315ff43685ee030e4e9
270c-1f3fd.png	2D/png/128/emoji_u270c_1f3fd.png	c26dc145c1c7c654b9d5f266dd87b3cfbeea683acbafaf2efec0108e47635dda	0b8eecc6c29b5bf985c63a9600ed07c7a074ce97c54915ac517eb2f978c8d743
270c-1f3fe.png	2D/png/128/emoji_u270c_1f3fe.png	f276fd1a9b8b25e581aac2f96bf4350e5e75380e526c922971c3e5097b13af1e	fec94960468e50700095ba8cf588f9078240e6117c012b262e6f108e06ef22f0
270c-1f3ff.png	2D/png/128/emoji_u270c_1f3ff.png	5d62321301543a207d8fba153f7f5182f4246b065f34535ce56718cbfec59896	573a1a13170076e92e2b41a7ddb7c4efc576145fa32f8171a91651f98fca05b2
270d.png	2D/png/128/emoji_u270d.png	90db600b818cbc17649e0a7c087f8c0f99a47e00e2b70b1b27df9f97846b84b3	6d65cf1b05ea7f0c00acc846a5ab50ee2455072f3b86d7a162a8f35367a728e9
270d-1f3fb.png	2D/png/128/emoji_u270d_1f3fb.png	91a87f91e07e1cb87cad1305b7f2ac0f6f6cf4e3a4572bd5f2af56c3c9453a2b	b7e880f80cc946785d9362c05c22ee10be033194f204ad481523e54c75faf9c8
270d-1f3fc.png	2D/png/128/emoji_u270d_1f3fc.png	bb87f22c4703514b8158cce9098d4e1af0abb157d927dd1e17ee5faddafa134b	df11ccf4ac7959772511b51bec007dabec4f979084abe86cade2e55082b76c9a
270d-1f3fd.png	2D/png/128/emoji_u270d_1f3fd.png	e0ed7784b68ff53101e8ffb4286caec49ae41640d990495cd8f32e45f4f010ce	27d279d9f2e6edf975f8bd1055643df2bae0dd0d1508359581c40a8c1c249183
270d-1f3fe.png	2D/png/128/emoji_u270d_1f3fe.png	b940247bd7c75328d48c7322daa62df870606889b9a88825199fc6f484ba5347	52828283aa2369cf27c9380cf9c26defef82ef5ebe62d93418d33786645429ff
270d-1f3ff.png	2D/png/128/emoji_u270d_1f3ff.png	bb86be97464f41ecc06a62f514ca5863f1246d06ce526e2bddf19db962ec853f	f20238664e13f0d6126ae383de51188ba85fafaa605dddf7ce60dc139b5acfe5
270f.png	2D/png/128/emoji_u270f.png	01766899ede0a34b13132faed154318d8d8765846de34ad7f504322e445acd3f	c6af43d2fa66a6bfc0b6bcc1e3a0d0f9ac3750d37cc198c6c5eaf2446014135e
2712.png	2D/png/128/emoji_u2712.png	c88fd24b6aa24a41745c205ff920330591a36465f2a33505644d5d94c5e15de1	f516b05bd913dee3342603947fab045e38e98531ffa4097e8b1dea5ffac141bd
2714.png	2D/png/128/emoji_u2714.png	f2d0be6b703ea0e436b78fb093869e87f590327f21c2fb7398a5a1b84fdeec5b	d0e31b41119a954ddb3aa43c21faaee6b1b23ebef3e54b1cdf68289bf0b77dcc
2716.png	2D/png/128/emoji_u2716.png	0b87c667b264bd80c53fff82be622aa553b186b52d15bfdb187d808c433c756d	4ecd5dcbfc0154cac224bb1103cd61d7207d68a2d177b0a6f294d5cae84002a4
271d.png	2D/png/128/emoji_u271d.png	0629a710b5e3693a2859c47991bcd0809b4b0720ec0a08bbcdc922e12d604e54	bc261ab3e03c9b25f63e6750ce3b76f2aeeb2092d92230bfab501b9673770cef
2721.png	2D/png/128/emoji_u2721.png	d92bdf415ba6f7ff4036f7ded7045ada924b72db3e019e5a37c75448fa78abb0	615b8e7b335000e5030e4f5fa77c618ff6fc5bdb710c998143ebee585c44ef3b
2728.png	2D/png/128/emoji_u2728.png	b2b75dce4ea6dc9790fa424285f92781b2e06394682350a943b1fea8ea411d84	4643668bdccf5f1f21cf801a135ded7fdefdae47f9cda4e896c87035066fa758
2733.png	2D/png/128/emoji_u2733.png	df512e89258abcd8eecb3664208620ad7183b20d7b7c07b56fbda6ef8f4a702c	1332efaff1da2a0635a044cfb118d7c74aaba9f3079e896294d0e5cb5afb933f
2734.png	2D/png/128/emoji_u2734.png	f42ed1a92c3325acf28b05de35f50b25d4070c505d28b4f816bd7f06c1163442	36a483d3a0573ceab37cc92c7d1fe361d2ce3bed9e4413f24fe5db0a6226f639
2744.png	2D/png/128/emoji_u2744.png	214b9ff47c06649fbe87b19ca12d2dbc5387dc19119b38737708cbc729e64320	3f2d652020b4c280adc11aa2b5c75da872fa56c75c019234452b4eb26fd445e8
2747.png	2D/png/128/emoji_u2747.png	a418af7f4a3155fc1dd6ffa849981958fdfb765b75398140f2edc917d1290599	fbbb97b8def26c4b57cd332bd84073960d763bf284eb4f6a12b17c6d6e92d47a
274c.png	2D/png/128/emoji_u274c.png	aa88eafec6c432b5939c502fceec3b72a4b759bac4e50ee750644facc455e380	e6252d1d9650c665ba3ac32a198f8122fc4eff05b30a1c0a4a1566edbf52dce6
274e.png	2D/png/128/emoji_u274e.png	366a670305a2de5b1e8f452f608d174d5f7ce79f159b0216ff218cd2e0d6bad6	ca43e0a28e60be5ecc54adb5c24e34f4f10392211f8298012ce97b91131cbfc3
2753.png	2D/png/128/emoji_u2753.png	6fa0420b0f17380e9964925b7e4fee02abe08642010b5377339f3084c64840ca	f726a4f4d9ff7d8f689f14e31f55902facc53d1c0e191dc6f9fa4f357f57f618
2754.png	2D/png/128/emoji_u2754.png	61e12d3e0d2fc7a302d3ee4dfd184f9a2a6e2e1a42d43bd26201706bb6091358	d25d46702f2908c8d28d8ec8c9e5474c43a57ddbf8ec73d1a5755c9782481df7
2755.png	2D/png/128/emoji_u2755.png	399beff73a14c101eaf5948c58e9576339ead9e47c8b9041c05faaea8d83eed5	a7953b9f2634ca704072d251d9958604dcc9c8f6ec13f27709c1143428553a80
2757.png	2D/png/128/emoji_u2757.png	9e8825eda5227a34b3ad4e73411a6cea9d2b3a775234bf52d2934a20cda33f86	ca9eda8364e4f920170cdfa35ecec2ac338701cabc3f7ca11c2d640ca3e22e3e
2763.png	2D/png/128/emoji_u2763.png	15a91484b469a3e1d7703de7a9ff6cad5209a56b18a69616a0182bf6317d67c8	265646892cea317d782c7c1f19b3b51a824ecb3e4a3142cc66290b042ea47d42
2764.png	2D/png/128/emoji_u2764.png	1d41a1bc85be895f01f0b07997e3a5619ab3f685e3edbf8c0ad6853d378e6fe0	3e2a26e58c1300494937133f62421267b5934a2d34ff381d5979eff56f811bf4
2764-200d-1f525.png	2D/png/128/emoji_u2764_200d_1f525.png	d953dd3393a235f4b857aa9a0a79935a67568a1142939a421355860e407a1bf2	7781aeda4dd306e45a5976326b4dc8986cef136f8c15515ef62d39d176457dfd
2764-200d-1fa79.png	2D/png/128/emoji_u2764_200d_1fa79.png	bf442a151d7858e34ca9958d5e72d7d890aeb2d462f54343f734b8f6b22938d5	36e408a10fc1927359258f0f495e28bfdb4244f7d3d6343b3d96e78e8605f809
2795.png	2D/png/128/emoji_u2795.png	552feba5dbabad0a0219767784ba28eb48fc5027191b75fa64122545ec0fa90f	708760c3898baef36c9df88cf2e6c20eb97f35a8647d0d4e8f546594885415cc
2796.png	2D/png/128/emoji_u2796.png	9bb8ef1e2b77a632c53a1699944c6595b8941da817155786e5a38d0ca4ef257b	37ec81239d9f8a954539655ba9727c14969ae26c700715b2f43e45ab0abb00ad
2797.png	2D/png/128/emoji_u2797.png	1e7df04c958541c59e1d3ea229157c324a4e7137f5c8b6d244278af90d27ead1	7e89bf1420792b4ecbb2bd5fe34c54d5f3b563d05c179022b29c108cbb91969f
27a1.png	2D/png/128/emoji_u27a1.png	2d526555626e80c83d125425cfed131d9dc7310c03c3b2e4141b8bb23039c914	77ff824da446382754a41fbabff1c7c72834d308a7242accf4aeac126fd486e9
27b0.png	2D/png/128/emoji_u27b0.png	940e3875be664cfbce516d4dea9438ffe75c93fb24b8660ce710c095f0008572	b0376fe324c9858d6cb5abbe5503842dd37952dc122b3495451be9f53043b864
27bf.png	2D/png/128/emoji_u27bf.png	9b1164dfe064b014459b4e407658bab12f78c09271da4b80ea6ea3392715f520	9c23a3138eff8c74a55eafbd115d3b5fdf31f4245542d49d2fbd559bf413f635
2934.png	2D/png/128/emoji_u2934.png	8b33b87a60b72c56261e9d8d595f1d8ddadd3276427fc1e9009e4563751517b7	41db9efabfe8012ce0a1dabd8e55186874baa0b3cd3eddbb66cece3c226f8fb3
2935.png	2D/png/128/emoji_u2935.png	8888ebda2864a4aa0a948264f2667a3e8e8ee47b6228ef280c754769bab0327b	9c3803d268882d43ca304fe02099a0925325ea740113ed83b422c4ce08e28fc0
2a-20e3.png	2D/png/128/emoji_u002a_20e3.png	494b51a6253265e7bf18d85e33ddd65dc96b04a8342b7ebe82893dafae65f6f3	410e0a30569dc72829773441049c001b501b5daab9e854eb11ce3197a28e3fd5
2b05.png	2D/png/128/emoji_u2b05.png	cab9a36b4b97202a1e9bb8696e73194a0cdc609d027ca11f176c5b0a7114647b	c4b18f2e71d99ebba802684a4e5efd34a7a2c4a430bb6410cee19d7ee1ea5fb7
2b06.png	2D/png/128/emoji_u2b06.png	4f24dfef956f708d91fc14cd1fb00d525c95eda4072e9b52cd02f5815de7ba9e	3e537165e5b43a35eea5bbb7a1fe3c3142c4e862a2f4373a144d4b5c9ab370b0
2b07.png	2D/png/128/emoji_u2b07.png	85e274a8705cf447b2d9edfcbbf0d4dc53e0ad2dc87aaebdfa143d7c4bfb4648	bd45355317b9fc4ed88650ffa117011ebb0d90a1a7404665d8e24532c92aa631
2b1b.png	2D/png/128/emoji_u2b1b.png	e1c086a0fca7914e5f234de5cfe363d0d86c976de7dc9d7c5bb300b749416605	b49aafb4877199c775b2d88f7c226fafb289c2d0060b2ab5f2470d5acac6602c
2b1c.png	2D/png/128/emoji_u2b1c.png	956996b3a216a92c6e59a129cd1135e642411da3751fedcb270e703c1aa25a83	1e605922e9859d126864625246fa2bcf7eb61f7a0e9d610947211eccc27a98c5
2b50.png	2D/png/128/emoji_u2b50.png	34e9cfe858de23b7643b21c8b58872c9c0099b8160a6bff42c79dc0d26e8f497	405202291579aac2b8dd3cf55a2b2c78c34976407038dd88bec2cabc5d87950f
2b55.png	2D/png/128/emoji_u2b55.png	0e45ba70c4fea7c0da5996ce0b49e92aeb38c0f5d5712add6c144d5a273cb048	56c7daafda0674f699ea5562eda63acdcdb95e3ec35915d6eeb35f1fb8c8ba9e
30-20e3.png	2D/png/128/emoji_u0030_20e3.png	ca584d95d5e627ac33d4c34cee7a69daa965dab0dfb7af7da29c0598f084b631	f25c9263646cc9f40667da30b77278705a08bf9a1e7bc197d941382b2655c0c9
3030.png	2D/png/128/emoji_u3030.png	12ff9ab1ca29874f8edbfbeeb302d207b56ff9faaaa0ba5348bc01044a73781b	434191db9950d6220312e085f859549adf37757a17b9a3c7364630221745c559
303d.png	2D/png/128/emoji_u303d.png	6861d17c186a093d990143f9729aaf00317477818c6d57472daf7ef4532f4297	1958a61e6d4553ace838f2af347a579ac6f2777a6e27a51a99369829a4496a41
31-20e3.png	2D/png/128/emoji_u0031_20e3.png	204a2795d5612a55de73fe2730003f8485d870b7e95dd69c949be2b30b1aebad	a31757c9e8ba8e019e6879da87d10f0c43cd0e97227856d1a01574488e38774c
32-20e3.png	2D/png/128/emoji_u0032_20e3.png	86b86264cc01d9d62c9729256fded46e2da08b576d0ddbfb316ab3b4ca154f6d	3f34f106af17b4658a7510b707af9259ef239b02c989b2c9344f381d2b08588f
3297.png	2D/png/128/emoji_u3297.png	241a05e5301bf233da300430345bf634386b4d8d0276a07ce5951a40e72b7605	1c20f4ac29fd9fb9c6984f4175f7f0b2019b1920a87a5a237812e786789387c2
3299.png	2D/png/128/emoji_u3299.png	0543b375db55ddd5df7970df5c2e59f6d91e8538683c2367105d208b7587d7e1	eaffde5b46b81c297fb3c79f730a69cc3b28cc0aad42eaa067c865b4ae1c30d4
33-20e3.png	2D/png/128/emoji_u0033_20e3.png	640ba43363d1883b66b33a1dd445c4c76312520399b6afadb7c179d91307e08f	e271ab81eef2d47a45b262628ab5fc668e113ed57f4e04b83d623d5105adfed7
34-20e3.png	2D/png/128/emoji_u0034_20e3.png	a71cc599998fd2aad16cbe8ae8d3a65c59ffd31fa976ea128f0c28b4af8ce35f	05401f19440fff8a34e0b96da41bbd1c76365e84c2844485872fd9c80657cb50
35-20e3.png	2D/png/128/emoji_u0035_20e3.png	9e98a8c03e913cbff31ee4acb01a01efbe334070ceedca90ad139906c3b049a0	dd8365ed2004a2c914cb573d433c403b1d3d19912229ce361a546644879c154d
36-20e3.png	2D/png/128/emoji_u0036_20e3.png	7a0cc92bbb38a10a36023aadb8e0a403f6a18fc5c7f521531d92af9eb3d4eb39	f809caf91bcd3209c0c3c21866ef0090468dc4b8401398c65a93f31f163cfe81
37-20e3.png	2D/png/128/emoji_u0037_20e3.png	6bb5cc04b2121b50b1d03f95ef6e1aef8458a5e0f46e4b6ef9d0872d634217b2	674c6b5ce1c3651ee320150d60329621b1bb410fdbfd141a9e94756baf7e0798
38-20e3.png	2D/png/128/emoji_u0038_20e3.png	84c5859291caf101e50f510fa5f6b9d928e089373c626180e61c426bafc5476d	ebb5f6cec7eddbcb0e6dca499dafdcad561e7b9c74fe3290041734c923d3d226
39-20e3.png	2D/png/128/emoji_u0039_20e3.png	cc1d0bd4c32a9601fb756026ce12eddcc3d98a84f4727e69c0ecd9e2f757e848	39465fa758d9f8ac49877f542d950d66072320027581cb310452357dea77b95b
a9.png	2D/png/128/emoji_u00a9.png	cf102df4a0f12cf668f69f6a2a1139cb384eb17fd2d17f1f1108fedb4c4406c9	ee0bed16c3dfc957db7a498c7865acedc5688006450f10ddfb50ce8956f985c8
ae.png	2D/png/128/emoji_u00ae.png	8b2332fe5076b887e409be00a5f850356dea5e1a94ff2d2d971f49efba69762f	95472be46aa4d3e02d8804826f595ac3037bc70ecc9303ee104df6c07f7f4350
